[2026-07-26T00:07:22.505+0200][213193.818s][info][gc,start      ] GC(10662) Pause Young (Normal) (G1 Evacuation Pause)
[2026-07-26T00:07:22.505+0200][213193.818s][info][gc,task       ] GC(10662) Using 13 workers of 13 for evacuation
[2026-07-26T00:07:22.515+0200][213193.827s][info][gc,phases     ] GC(10662)   Pre Evacuate Collection Set: 0.1ms
[2026-07-26T00:07:22.515+0200][213193.827s][info][gc,phases     ] GC(10662)   Evacuate Collection Set: 6.0ms
[2026-07-26T00:07:22.515+0200][213193.827s][info][gc,phases     ] GC(10662)   Post Evacuate Collection Set: 3.0ms
[2026-07-26T00:07:22.515+0200][213193.827s][info][gc,phases     ] GC(10662)   Other: 0.5ms
[2026-07-26T00:07:22.515+0200][213193.827s][info][gc,heap       ] GC(10662) Eden regions: 448->0(484)
[2026-07-26T00:07:22.515+0200][213193.827s][info][gc,heap       ] GC(10662) Survivor regions: 8->7(57)
[2026-07-26T00:07:22.515+0200][213193.827s][info][gc,heap       ] GC(10662) Old regions: 1271->1272
[2026-07-26T00:07:22.515+0200][213193.827s][info][gc,heap       ] GC(10662) Humongous regions: 43->16
[2026-07-26T00:07:22.515+0200][213193.827s][info][gc,metaspace  ] GC(10662) Metaspace: 922901K(1393280K)->922901K(1393280K) NonClass: 814264K(1265152K)->814264K(1265152K) Class: 108636K(128128K)->108636K(128128K)
[2026-07-26T00:07:22.515+0200][213193.827s][info][gc            ] GC(10662) Pause Young (Normal) (G1 Evacuation Pause) 1769M->1293M(2159M) 9.671ms
[2026-07-26T00:07:22.515+0200][213193.828s][info][gc,cpu        ] GC(10662) User=0.08s Sys=0.00s Real=0.01s
[2026-07-26T00:14:29.128+0200][213620.441s][info][gc,start      ] GC(10663) Pause Young (Normal) (G1 Evacuation Pause)
[2026-07-26T00:14:29.128+0200][213620.441s][info][gc,task       ] GC(10663) Using 13 workers of 13 for evacuation
[2026-07-26T00:14:29.139+0200][213620.451s][info][gc,phases     ] GC(10663)   Pre Evacuate Collection Set: 0.2ms
[2026-07-26T00:14:29.139+0200][213620.451s][info][gc,phases     ] GC(10663)   Evacuate Collection Set: 6.2ms
[2026-07-26T00:14:29.139+0200][213620.451s][info][gc,phases     ] GC(10663)   Post Evacuate Collection Set: 3.6ms
[2026-07-26T00:14:29.139+0200][213620.451s][info][gc,phases     ] GC(10663)   Other: 0.5ms
[2026-07-26T00:14:29.139+0200][213620.451s][info][gc,heap       ] GC(10663) Eden regions: 484->0(557)
[2026-07-26T00:14:29.139+0200][213620.451s][info][gc,heap       ] GC(10663) Survivor regions: 7->7(62)
[2026-07-26T00:14:29.139+0200][213620.451s][info][gc,heap       ] GC(10663) Old regions: 1272->1272
[2026-07-26T00:14:29.139+0200][213620.451s][info][gc,heap       ] GC(10663) Humongous regions: 16->16
[2026-07-26T00:14:29.139+0200][213620.451s][info][gc,metaspace  ] GC(10663) Metaspace: 922901K(1393280K)->922901K(1393280K) NonClass: 814264K(1265152K)->814264K(1265152K) Class: 108636K(128128K)->108636K(128128K)
[2026-07-26T00:14:29.139+0200][213620.451s][info][gc            ] GC(10663) Pause Young (Normal) (G1 Evacuation Pause) 1777M->1294M(2159M) 10.657ms
[2026-07-26T00:14:29.139+0200][213620.452s][info][gc,cpu        ] GC(10663) User=0.07s Sys=0.00s Real=0.01s
[2026-07-26T00:18:20.581+0200][213851.893s][info][gc,start      ] GC(10664) Pause Young (Normal) (G1 Evacuation Pause)
[2026-07-26T00:18:20.581+0200][213851.893s][info][gc,task       ] GC(10664) Using 13 workers of 13 for evacuation
[2026-07-26T00:18:20.596+0200][213851.908s][info][gc,phases     ] GC(10664)   Pre Evacuate Collection Set: 0.2ms
[2026-07-26T00:18:20.596+0200][213851.908s][info][gc,phases     ] GC(10664)   Evacuate Collection Set: 8.4ms
[2026-07-26T00:18:20.596+0200][213851.908s][info][gc,phases     ] GC(10664)   Post Evacuate Collection Set: 5.9ms
[2026-07-26T00:18:20.596+0200][213851.909s][info][gc,phases     ] GC(10664)   Other: 0.6ms
[2026-07-26T00:18:20.596+0200][213851.909s][info][gc,heap       ] GC(10664) Eden regions: 557->0(565)
[2026-07-26T00:18:20.596+0200][213851.909s][info][gc,heap       ] GC(10664) Survivor regions: 7->10(71)
[2026-07-26T00:18:20.596+0200][213851.909s][info][gc,heap       ] GC(10664) Old regions: 1272->1273
[2026-07-26T00:18:20.596+0200][213851.909s][info][gc,heap       ] GC(10664) Humongous regions: 16->16
[2026-07-26T00:18:20.596+0200][213851.909s][info][gc,metaspace  ] GC(10664) Metaspace: 922901K(1393280K)->922901K(1393280K) NonClass: 814264K(1265152K)->814264K(1265152K) Class: 108636K(128128K)->108636K(128128K)
[2026-07-26T00:18:20.596+0200][213851.909s][info][gc            ] GC(10664) Pause Young (Normal) (G1 Evacuation Pause) 1851M->1298M(2159M) 15.384ms
[2026-07-26T00:18:20.596+0200][213851.909s][info][gc,cpu        ] GC(10664) User=0.11s Sys=0.00s Real=0.02s
[2026-07-26T00:18:21.493+0200][213852.805s][info][gc,start      ] GC(10665) Pause Young (Normal) (G1 Evacuation Pause)
[2026-07-26T00:18:21.493+0200][213852.805s][info][gc,task       ] GC(10665) Using 13 workers of 13 for evacuation
[2026-07-26T00:18:21.507+0200][213852.819s][info][gc,phases     ] GC(10665)   Pre Evacuate Collection Set: 0.1ms
[2026-07-26T00:18:21.507+0200][213852.819s][info][gc,phases     ] GC(10665)   Evacuate Collection Set: 8.4ms
[2026-07-26T00:18:21.507+0200][213852.819s][info][gc,phases     ] GC(10665)   Post Evacuate Collection Set: 5.1ms
[2026-07-26T00:18:21.507+0200][213852.819s][info][gc,phases     ] GC(10665)   Other: 0.5ms
[2026-07-26T00:18:21.507+0200][213852.820s][info][gc,heap       ] GC(10665) Eden regions: 565->0(575)
[2026-07-26T00:18:21.507+0200][213852.820s][info][gc,heap       ] GC(10665) Survivor regions: 10->10(72)
[2026-07-26T00:18:21.507+0200][213852.820s][info][gc,heap       ] GC(10665) Old regions: 1273->1273
[2026-07-26T00:18:21.507+0200][213852.820s][info][gc,heap       ] GC(10665) Humongous regions: 16->16
[2026-07-26T00:18:21.507+0200][213852.820s][info][gc,metaspace  ] GC(10665) Metaspace: 922901K(1393280K)->922901K(1393280K) NonClass: 814264K(1265152K)->814264K(1265152K) Class: 108636K(128128K)->108636K(128128K)
[2026-07-26T00:18:21.507+0200][213852.820s][info][gc            ] GC(10665) Pause Young (Normal) (G1 Evacuation Pause) 1863M->1298M(2159M) 14.404ms
[2026-07-26T00:18:21.507+0200][213852.820s][info][gc,cpu        ] GC(10665) User=0.09s Sys=0.00s Real=0.02s
[2026-07-26T00:23:34.670+0200][214165.983s][info][gc,start      ] GC(10666) Pause Young (Normal) (G1 Evacuation Pause)
[2026-07-26T00:23:34.670+0200][214165.983s][info][gc,task       ] GC(10666) Using 13 workers of 13 for evacuation
[2026-07-26T00:23:34.683+0200][214165.996s][info][gc,phases     ] GC(10666)   Pre Evacuate Collection Set: 0.1ms
[2026-07-26T00:23:34.683+0200][214165.996s][info][gc,phases     ] GC(10666)   Evacuate Collection Set: 8.0ms
[2026-07-26T00:23:34.683+0200][214165.996s][info][gc,phases     ] GC(10666)   Post Evacuate Collection Set: 4.6ms
[2026-07-26T00:23:34.683+0200][214165.996s][info][gc,phases     ] GC(10666)   Other: 0.5ms
[2026-07-26T00:23:34.683+0200][214165.996s][info][gc,heap       ] GC(10666) Eden regions: 575->0(583)
[2026-07-26T00:23:34.683+0200][214165.996s][info][gc,heap       ] GC(10666) Survivor regions: 10->11(74)
[2026-07-26T00:23:34.683+0200][214165.996s][info][gc,heap       ] GC(10666) Old regions: 1273->1274
[2026-07-26T00:23:34.683+0200][214165.996s][info][gc,heap       ] GC(10666) Humongous regions: 16->16
[2026-07-26T00:23:34.683+0200][214165.996s][info][gc,metaspace  ] GC(10666) Metaspace: 922901K(1393280K)->922901K(1393280K) NonClass: 814264K(1265152K)->814264K(1265152K) Class: 108636K(128128K)->108636K(128128K)
[2026-07-26T00:23:34.683+0200][214165.996s][info][gc            ] GC(10666) Pause Young (Normal) (G1 Evacuation Pause) 1873M->1299M(2159M) 13.253ms
[2026-07-26T00:23:34.683+0200][214165.996s][info][gc,cpu        ] GC(10666) User=0.11s Sys=0.00s Real=0.02s
[2026-07-26T00:29:29.564+0200][214520.877s][info][gc,start      ] GC(10667) Pause Young (Normal) (G1 Evacuation Pause)
[2026-07-26T00:29:29.564+0200][214520.877s][info][gc,task       ] GC(10667) Using 13 workers of 13 for evacuation
[2026-07-26T00:29:29.580+0200][214520.893s][info][gc,phases     ] GC(10667)   Pre Evacuate Collection Set: 0.1ms
[2026-07-26T00:29:29.580+0200][214520.893s][info][gc,phases     ] GC(10667)   Evacuate Collection Set: 10.1ms
[2026-07-26T00:29:29.580+0200][214520.893s][info][gc,phases     ] GC(10667)   Post Evacuate Collection Set: 5.4ms
[2026-07-26T00:29:29.580+0200][214520.893s][info][gc,phases     ] GC(10667)   Other: 0.4ms
[2026-07-26T00:29:29.580+0200][214520.893s][info][gc,heap       ] GC(10667) Eden regions: 583->0(594)
[2026-07-26T00:29:29.580+0200][214520.893s][info][gc,heap       ] GC(10667) Survivor regions: 11->9(75)
[2026-07-26T00:29:29.580+0200][214520.893s][info][gc,heap       ] GC(10667) Old regions: 1274->1274
[2026-07-26T00:29:29.580+0200][214520.893s][info][gc,heap       ] GC(10667) Humongous regions: 16->16
[2026-07-26T00:29:29.580+0200][214520.893s][info][gc,metaspace  ] GC(10667) Metaspace: 922901K(1393280K)->922901K(1393280K) NonClass: 814264K(1265152K)->814264K(1265152K) Class: 108636K(128128K)->108636K(128128K)
[2026-07-26T00:29:29.580+0200][214520.893s][info][gc            ] GC(10667) Pause Young (Normal) (G1 Evacuation Pause) 1882M->1298M(2159M) 16.190ms
[2026-07-26T00:29:29.580+0200][214520.893s][info][gc,cpu        ] GC(10667) User=0.10s Sys=0.00s Real=0.01s
[2026-07-26T00:37:03.475+0200][214974.788s][info][gc,start      ] GC(10668) Pause Young (Normal) (G1 Evacuation Pause)
[2026-07-26T00:37:03.475+0200][214974.788s][info][gc,task       ] GC(10668) Using 13 workers of 13 for evacuation
[2026-07-26T00:37:03.487+0200][214974.800s][info][gc,phases     ] GC(10668)   Pre Evacuate Collection Set: 0.1ms
[2026-07-26T00:37:03.487+0200][214974.800s][info][gc,phases     ] GC(10668)   Evacuate Collection Set: 7.7ms
[2026-07-26T00:37:03.487+0200][214974.800s][info][gc,phases     ] GC(10668)   Post Evacuate Collection Set: 3.9ms
[2026-07-26T00:37:03.487+0200][214974.800s][info][gc,phases     ] GC(10668)   Other: 0.5ms
[2026-07-26T00:37:03.487+0200][214974.800s][info][gc,heap       ] GC(10668) Eden regions: 594->0(596)
[2026-07-26T00:37:03.487+0200][214974.800s][info][gc,heap       ] GC(10668) Survivor regions: 9->12(76)
[2026-07-26T00:37:03.487+0200][214974.800s][info][gc,heap       ] GC(10668) Old regions: 1274->1274
[2026-07-26T00:37:03.487+0200][214974.800s][info][gc,heap       ] GC(10668) Humongous regions: 16->16
[2026-07-26T00:37:03.487+0200][214974.800s][info][gc,metaspace  ] GC(10668) Metaspace: 922901K(1393280K)->922901K(1393280K) NonClass: 814264K(1265152K)->814264K(1265152K) Class: 108636K(128128K)->108636K(128128K)
[2026-07-26T00:37:03.487+0200][214974.800s][info][gc            ] GC(10668) Pause Young (Normal) (G1 Evacuation Pause) 1892M->1301M(2159M) 12.305ms
[2026-07-26T00:37:03.487+0200][214974.800s][info][gc,cpu        ] GC(10668) User=0.01s Sys=0.09s Real=0.01s
[2026-07-26T00:37:04.429+0200][214975.742s][info][gc,start      ] GC(10669) Pause Young (Normal) (G1 Evacuation Pause)
[2026-07-26T00:37:04.429+0200][214975.742s][info][gc,task       ] GC(10669) Using 13 workers of 13 for evacuation
[2026-07-26T00:37:04.442+0200][214975.754s][info][gc,phases     ] GC(10669)   Pre Evacuate Collection Set: 0.1ms
[2026-07-26T00:37:04.442+0200][214975.754s][info][gc,phases     ] GC(10669)   Evacuate Collection Set: 7.3ms
[2026-07-26T00:37:04.442+0200][214975.754s][info][gc,phases     ] GC(10669)   Post Evacuate Collection Set: 4.6ms
[2026-07-26T00:37:04.442+0200][214975.754s][info][gc,phases     ] GC(10669)   Other: 0.3ms
[2026-07-26T00:37:04.442+0200][214975.754s][info][gc,heap       ] GC(10669) Eden regions: 596->0(601)
[2026-07-26T00:37:04.442+0200][214975.754s][info][gc,heap       ] GC(10669) Survivor regions: 12->12(76)
[2026-07-26T00:37:04.442+0200][214975.754s][info][gc,heap       ] GC(10669) Old regions: 1274->1275
[2026-07-26T00:37:04.442+0200][214975.754s][info][gc,heap       ] GC(10669) Humongous regions: 16->16
[2026-07-26T00:37:04.442+0200][214975.754s][info][gc,metaspace  ] GC(10669) Metaspace: 922901K(1393280K)->922901K(1393280K) NonClass: 814264K(1265152K)->814264K(1265152K) Class: 108636K(128128K)->108636K(128128K)
[2026-07-26T00:37:04.442+0200][214975.754s][info][gc            ] GC(10669) Pause Young (Normal) (G1 Evacuation Pause) 1897M->1301M(2159M) 12.409ms
[2026-07-26T00:37:04.442+0200][214975.754s][info][gc,cpu        ] GC(10669) User=0.10s Sys=0.00s Real=0.01s
[2026-07-26T00:41:59.545+0200][215270.858s][info][gc,start      ] GC(10670) Pause Young (Normal) (G1 Evacuation Pause)
[2026-07-26T00:41:59.545+0200][215270.858s][info][gc,task       ] GC(10670) Using 13 workers of 13 for evacuation
[2026-07-26T00:41:59.558+0200][215270.871s][info][gc,phases     ] GC(10670)   Pre Evacuate Collection Set: 0.1ms
[2026-07-26T00:41:59.558+0200][215270.871s][info][gc,phases     ] GC(10670)   Evacuate Collection Set: 8.6ms
[2026-07-26T00:41:59.558+0200][215270.871s][info][gc,phases     ] GC(10670)   Post Evacuate Collection Set: 4.2ms
[2026-07-26T00:41:59.558+0200][215270.871s][info][gc,phases     ] GC(10670)   Other: 0.4ms
[2026-07-26T00:41:59.558+0200][215270.871s][info][gc,heap       ] GC(10670) Eden regions: 601->0(604)
[2026-07-26T00:41:59.558+0200][215270.871s][info][gc,heap       ] GC(10670) Survivor regions: 12->12(77)
[2026-07-26T00:41:59.558+0200][215270.871s][info][gc,heap       ] GC(10670) Old regions: 1275->1275
[2026-07-26T00:41:59.558+0200][215270.871s][info][gc,heap       ] GC(10670) Humongous regions: 16->16
[2026-07-26T00:41:59.558+0200][215270.871s][info][gc,metaspace  ] GC(10670) Metaspace: 922901K(1393280K)->922901K(1393280K) NonClass: 814264K(1265152K)->814264K(1265152K) Class: 108636K(128128K)->108636K(128128K)
[2026-07-26T00:41:59.558+0200][215270.871s][info][gc            ] GC(10670) Pause Young (Normal) (G1 Evacuation Pause) 1902M->1302M(2159M) 13.311ms
[2026-07-26T00:41:59.558+0200][215270.871s][info][gc,cpu        ] GC(10670) User=0.11s Sys=0.00s Real=0.01s
[2026-07-26T00:42:01.127+0200][215272.440s][info][gc,start      ] GC(10671) Pause Young (Normal) (G1 Evacuation Pause)
[2026-07-26T00:42:01.127+0200][215272.440s][info][gc,task       ] GC(10671) Using 13 workers of 13 for evacuation
[2026-07-26T00:42:01.136+0200][215272.449s][info][gc,phases     ] GC(10671)   Pre Evacuate Collection Set: 0.1ms
[2026-07-26T00:42:01.136+0200][215272.449s][info][gc,phases     ] GC(10671)   Evacuate Collection Set: 4.8ms
[2026-07-26T00:42:01.136+0200][215272.449s][info][gc,phases     ] GC(10671)   Post Evacuate Collection Set: 3.9ms
[2026-07-26T00:42:01.136+0200][215272.449s][info][gc,phases     ] GC(10671)   Other: 0.3ms
[2026-07-26T00:42:01.136+0200][215272.449s][info][gc,heap       ] GC(10671) Eden regions: 604->0(615)
[2026-07-26T00:42:01.136+0200][215272.449s][info][gc,heap       ] GC(10671) Survivor regions: 12->7(77)
[2026-07-26T00:42:01.136+0200][215272.449s][info][gc,heap       ] GC(10671) Old regions: 1275->1275
[2026-07-26T00:42:01.136+0200][215272.449s][info][gc,heap       ] GC(10671) Humongous regions: 16->16
[2026-07-26T00:42:01.136+0200][215272.449s][info][gc,metaspace  ] GC(10671) Metaspace: 922901K(1393280K)->922901K(1393280K) NonClass: 814264K(1265152K)->814264K(1265152K) Class: 108636K(128128K)->108636K(128128K)
[2026-07-26T00:42:01.137+0200][215272.449s][info][gc            ] GC(10671) Pause Young (Normal) (G1 Evacuation Pause) 1906M->1297M(2159M) 9.204ms
[2026-07-26T00:42:01.137+0200][215272.449s][info][gc,cpu        ] GC(10671) User=0.06s Sys=0.00s Real=0.01s
[2026-07-26T00:46:01.222+0200][215512.534s][info][gc,start      ] GC(10672) Pause Young (Normal) (G1 Evacuation Pause)
[2026-07-26T00:46:01.222+0200][215512.534s][info][gc,task       ] GC(10672) Using 13 workers of 13 for evacuation
[2026-07-26T00:46:01.230+0200][215512.543s][info][gc,phases     ] GC(10672)   Pre Evacuate Collection Set: 0.1ms
[2026-07-26T00:46:01.230+0200][215512.543s][info][gc,phases     ] GC(10672)   Evacuate Collection Set: 5.3ms
[2026-07-26T00:46:01.230+0200][215512.543s][info][gc,phases     ] GC(10672)   Post Evacuate Collection Set: 2.9ms
[2026-07-26T00:46:01.230+0200][215512.543s][info][gc,phases     ] GC(10672)   Other: 0.4ms
[2026-07-26T00:46:01.230+0200][215512.543s][info][gc,heap       ] GC(10672) Eden regions: 615->0(619)
[2026-07-26T00:46:01.230+0200][215512.543s][info][gc,heap       ] GC(10672) Survivor regions: 7->7(78)
[2026-07-26T00:46:01.230+0200][215512.543s][info][gc,heap       ] GC(10672) Old regions: 1275->1275
[2026-07-26T00:46:01.230+0200][215512.543s][info][gc,heap       ] GC(10672) Humongous regions: 16->16
[2026-07-26T00:46:01.230+0200][215512.543s][info][gc,metaspace  ] GC(10672) Metaspace: 922901K(1393280K)->922901K(1393280K) NonClass: 814264K(1265152K)->814264K(1265152K) Class: 108636K(128128K)->108636K(128128K)
[2026-07-26T00:46:01.230+0200][215512.543s][info][gc            ] GC(10672) Pause Young (Normal) (G1 Evacuation Pause) 1912M->1297M(2159M) 8.884ms
[2026-07-26T00:46:01.230+0200][215512.543s][info][gc,cpu        ] GC(10672) User=0.07s Sys=0.00s Real=0.01s
[2026-07-26T00:58:41.667+0200][216272.980s][info][gc,start      ] GC(10673) Pause Young (Normal) (G1 Evacuation Pause)
[2026-07-26T00:58:41.667+0200][216272.980s][info][gc,task       ] GC(10673) Using 13 workers of 13 for evacuation
[2026-07-26T00:58:41.676+0200][216272.989s][info][gc,phases     ] GC(10673)   Pre Evacuate Collection Set: 0.1ms
[2026-07-26T00:58:41.676+0200][216272.989s][info][gc,phases     ] GC(10673)   Evacuate Collection Set: 5.2ms
[2026-07-26T00:58:41.676+0200][216272.989s][info][gc,phases     ] GC(10673)   Post Evacuate Collection Set: 3.8ms
[2026-07-26T00:58:41.676+0200][216272.989s][info][gc,phases     ] GC(10673)   Other: 0.4ms
[2026-07-26T00:58:41.676+0200][216272.989s][info][gc,heap       ] GC(10673) Eden regions: 619->0(621)
[2026-07-26T00:58:41.676+0200][216272.989s][info][gc,heap       ] GC(10673) Survivor regions: 7->7(79)
[2026-07-26T00:58:41.676+0200][216272.989s][info][gc,heap       ] GC(10673) Old regions: 1275->1276
[2026-07-26T00:58:41.676+0200][216272.989s][info][gc,heap       ] GC(10673) Humongous regions: 16->16
[2026-07-26T00:58:41.676+0200][216272.989s][info][gc,metaspace  ] GC(10673) Metaspace: 922901K(1393280K)->922901K(1393280K) NonClass: 814264K(1265152K)->814264K(1265152K) Class: 108636K(128128K)->108636K(128128K)
[2026-07-26T00:58:41.676+0200][216272.989s][info][gc            ] GC(10673) Pause Young (Normal) (G1 Evacuation Pause) 1916M->1297M(2159M) 9.609ms
[2026-07-26T00:58:41.677+0200][216272.989s][info][gc,cpu        ] GC(10673) User=0.07s Sys=0.00s Real=0.01s
[2026-07-26T01:04:18.078+0200][216609.391s][info][gc,start      ] GC(10674) Pause Young (Normal) (G1 Evacuation Pause)
[2026-07-26T01:04:18.078+0200][216609.391s][info][gc,task       ] GC(10674) Using 13 workers of 13 for evacuation
[2026-07-26T01:04:18.088+0200][216609.401s][info][gc,phases     ] GC(10674)   Pre Evacuate Collection Set: 0.1ms
[2026-07-26T01:04:18.089+0200][216609.401s][info][gc,phases     ] GC(10674)   Evacuate Collection Set: 6.2ms
[2026-07-26T01:04:18.089+0200][216609.401s][info][gc,phases     ] GC(10674)   Post Evacuate Collection Set: 3.6ms
[2026-07-26T01:04:18.089+0200][216609.401s][info][gc,phases     ] GC(10674)   Other: 0.5ms
[2026-07-26T01:04:18.089+0200][216609.401s][info][gc,heap       ] GC(10674) Eden regions: 621->0(621)
[2026-07-26T01:04:18.089+0200][216609.401s][info][gc,heap       ] GC(10674) Survivor regions: 7->9(79)
[2026-07-26T01:04:18.089+0200][216609.401s][info][gc,heap       ] GC(10674) Old regions: 1276->1276
[2026-07-26T01:04:18.089+0200][216609.401s][info][gc,heap       ] GC(10674) Humongous regions: 16->16
[2026-07-26T01:04:18.089+0200][216609.401s][info][gc,metaspace  ] GC(10674) Metaspace: 922901K(1393280K)->922901K(1393280K) NonClass: 814264K(1265152K)->814264K(1265152K) Class: 108636K(128128K)->108636K(128128K)
[2026-07-26T01:04:18.089+0200][216609.401s][info][gc            ] GC(10674) Pause Young (Normal) (G1 Evacuation Pause) 1918M->1299M(2159M) 10.511ms
[2026-07-26T01:04:18.089+0200][216609.401s][info][gc,cpu        ] GC(10674) User=0.08s Sys=0.00s Real=0.01s
[2026-07-26T01:04:23.038+0200][216614.351s][info][gc,start      ] GC(10675) Pause Young (Normal) (G1 Evacuation Pause)
[2026-07-26T01:04:23.038+0200][216614.351s][info][gc,task       ] GC(10675) Using 13 workers of 13 for evacuation
[2026-07-26T01:04:23.049+0200][216614.362s][info][gc,phases     ] GC(10675)   Pre Evacuate Collection Set: 0.1ms
[2026-07-26T01:04:23.049+0200][216614.362s][info][gc,phases     ] GC(10675)   Evacuate Collection Set: 7.1ms
[2026-07-26T01:04:23.049+0200][216614.362s][info][gc,phases     ] GC(10675)   Post Evacuate Collection Set: 4.1ms
[2026-07-26T01:04:23.049+0200][216614.362s][info][gc,phases     ] GC(10675)   Other: 0.3ms
[2026-07-26T01:04:23.049+0200][216614.362s][info][gc,heap       ] GC(10675) Eden regions: 621->0(619)
[2026-07-26T01:04:23.049+0200][216614.362s][info][gc,heap       ] GC(10675) Survivor regions: 9->11(79)
[2026-07-26T01:04:23.050+0200][216614.362s][info][gc,heap       ] GC(10675) Old regions: 1276->1276
[2026-07-26T01:04:23.050+0200][216614.362s][info][gc,heap       ] GC(10675) Humongous regions: 16->16
[2026-07-26T01:04:23.050+0200][216614.362s][info][gc,metaspace  ] GC(10675) Metaspace: 922901K(1393280K)->922901K(1393280K) NonClass: 814264K(1265152K)->814264K(1265152K) Class: 108636K(128128K)->108636K(128128K)
[2026-07-26T01:04:23.050+0200][216614.362s][info][gc            ] GC(10675) Pause Young (Normal) (G1 Evacuation Pause) 1920M->1301M(2159M) 11.698ms
[2026-07-26T01:04:23.050+0200][216614.362s][info][gc,cpu        ] GC(10675) User=0.09s Sys=0.00s Real=0.01s
[2026-07-26T01:07:48.399+0200][216819.712s][info][gc,start      ] GC(10676) Pause Young (Normal) (G1 Evacuation Pause)
[2026-07-26T01:07:48.399+0200][216819.712s][info][gc,task       ] GC(10676) Using 13 workers of 13 for evacuation
[2026-07-26T01:07:48.408+0200][216819.721s][info][gc,phases     ] GC(10676)   Pre Evacuate Collection Set: 0.1ms
[2026-07-26T01:07:48.409+0200][216819.721s][info][gc,phases     ] GC(10676)   Evacuate Collection Set: 4.7ms
[2026-07-26T01:07:48.409+0200][216819.721s][info][gc,phases     ] GC(10676)   Post Evacuate Collection Set: 3.8ms
[2026-07-26T01:07:48.409+0200][216819.721s][info][gc,phases     ] GC(10676)   Other: 0.5ms
[2026-07-26T01:07:48.409+0200][216819.721s][info][gc,heap       ] GC(10676) Eden regions: 619->0(627)
[2026-07-26T01:07:48.409+0200][216819.721s][info][gc,heap       ] GC(10676) Survivor regions: 11->6(79)
[2026-07-26T01:07:48.409+0200][216819.721s][info][gc,heap       ] GC(10676) Old regions: 1276->1276
[2026-07-26T01:07:48.409+0200][216819.721s][info][gc,heap       ] GC(10676) Humongous regions: 16->16
[2026-07-26T01:07:48.409+0200][216819.721s][info][gc,metaspace  ] GC(10676) Metaspace: 922901K(1393280K)->922901K(1393280K) NonClass: 814264K(1265152K)->814264K(1265152K) Class: 108636K(128128K)->108636K(128128K)
[2026-07-26T01:07:48.409+0200][216819.721s][info][gc            ] GC(10676) Pause Young (Normal) (G1 Evacuation Pause) 1920M->1297M(2159M) 9.259ms
[2026-07-26T01:07:48.409+0200][216819.721s][info][gc,cpu        ] GC(10676) User=0.08s Sys=0.00s Real=0.01s
[2026-07-26T01:14:29.148+0200][217220.460s][info][gc,start      ] GC(10677) Pause Young (Normal) (G1 Evacuation Pause)
[2026-07-26T01:14:29.148+0200][217220.460s][info][gc,task       ] GC(10677) Using 13 workers of 13 for evacuation
[2026-07-26T01:14:29.158+0200][217220.471s][info][gc,phases     ] GC(10677)   Pre Evacuate Collection Set: 0.1ms
[2026-07-26T01:14:29.158+0200][217220.471s][info][gc,phases     ] GC(10677)   Evacuate Collection Set: 4.9ms
[2026-07-26T01:14:29.158+0200][217220.471s][info][gc,phases     ] GC(10677)   Post Evacuate Collection Set: 5.1ms
[2026-07-26T01:14:29.158+0200][217220.471s][info][gc,phases     ] GC(10677)   Other: 0.5ms
[2026-07-26T01:14:29.158+0200][217220.471s][info][gc,heap       ] GC(10677) Eden regions: 627->0(628)
[2026-07-26T01:14:29.158+0200][217220.471s][info][gc,heap       ] GC(10677) Survivor regions: 6->6(80)
[2026-07-26T01:14:29.158+0200][217220.471s][info][gc,heap       ] GC(10677) Old regions: 1276->1277
[2026-07-26T01:14:29.158+0200][217220.471s][info][gc,heap       ] GC(10677) Humongous regions: 16->16
[2026-07-26T01:14:29.158+0200][217220.471s][info][gc,metaspace  ] GC(10677) Metaspace: 922901K(1393280K)->922901K(1393280K) NonClass: 814264K(1265152K)->814264K(1265152K) Class: 108636K(128128K)->108636K(128128K)
[2026-07-26T01:14:29.158+0200][217220.471s][info][gc            ] GC(10677) Pause Young (Normal) (G1 Evacuation Pause) 1924M->1297M(2159M) 10.875ms
[2026-07-26T01:14:29.158+0200][217220.471s][info][gc,cpu        ] GC(10677) User=0.06s Sys=0.01s Real=0.01s
[2026-07-26T01:19:09.032+0200][217500.345s][info][gc,start      ] GC(10678) Pause Young (Normal) (G1 Evacuation Pause)
[2026-07-26T01:19:09.032+0200][217500.345s][info][gc,task       ] GC(10678) Using 13 workers of 13 for evacuation
[2026-07-26T01:19:09.043+0200][217500.356s][info][gc,phases     ] GC(10678)   Pre Evacuate Collection Set: 0.1ms
[2026-07-26T01:19:09.043+0200][217500.356s][info][gc,phases     ] GC(10678)   Evacuate Collection Set: 7.0ms
[2026-07-26T01:19:09.043+0200][217500.356s][info][gc,phases     ] GC(10678)   Post Evacuate Collection Set: 3.5ms
[2026-07-26T01:19:09.043+0200][217500.356s][info][gc,phases     ] GC(10678)   Other: 0.4ms
[2026-07-26T01:19:09.043+0200][217500.356s][info][gc,heap       ] GC(10678) Eden regions: 628->0(627)
[2026-07-26T01:19:09.043+0200][217500.356s][info][gc,heap       ] GC(10678) Survivor regions: 6->8(80)
[2026-07-26T01:19:09.043+0200][217500.356s][info][gc,heap       ] GC(10678) Old regions: 1277->1277
[2026-07-26T01:19:09.043+0200][217500.356s][info][gc,heap       ] GC(10678) Humongous regions: 16->16
[2026-07-26T01:19:09.043+0200][217500.356s][info][gc,metaspace  ] GC(10678) Metaspace: 922933K(1393280K)->922933K(1393280K) NonClass: 814293K(1265152K)->814293K(1265152K) Class: 108639K(128128K)->108639K(128128K)
[2026-07-26T01:19:09.043+0200][217500.356s][info][gc            ] GC(10678) Pause Young (Normal) (G1 Evacuation Pause) 1925M->1300M(2159M) 11.128ms
[2026-07-26T01:19:09.043+0200][217500.356s][info][gc,cpu        ] GC(10678) User=0.08s Sys=0.00s Real=0.02s
[2026-07-26T01:24:42.465+0200][217833.778s][info][gc,start      ] GC(10679) Pause Young (Normal) (G1 Evacuation Pause)
[2026-07-26T01:24:42.465+0200][217833.778s][info][gc,task       ] GC(10679) Using 13 workers of 13 for evacuation
[2026-07-26T01:24:42.479+0200][217833.792s][info][gc,phases     ] GC(10679)   Pre Evacuate Collection Set: 0.1ms
[2026-07-26T01:24:42.479+0200][217833.792s][info][gc,phases     ] GC(10679)   Evacuate Collection Set: 8.8ms
[2026-07-26T01:24:42.479+0200][217833.792s][info][gc,phases     ] GC(10679)   Post Evacuate Collection Set: 4.4ms
[2026-07-26T01:24:42.479+0200][217833.792s][info][gc,phases     ] GC(10679)   Other: 0.4ms
[2026-07-26T01:24:42.479+0200][217833.792s][info][gc,heap       ] GC(10679) Eden regions: 627->0(621)
[2026-07-26T01:24:42.479+0200][217833.792s][info][gc,heap       ] GC(10679) Survivor regions: 8->10(80)
[2026-07-26T01:24:42.479+0200][217833.792s][info][gc,heap       ] GC(10679) Old regions: 1277->1279
[2026-07-26T01:24:42.479+0200][217833.792s][info][gc,heap       ] GC(10679) Humongous regions: 16->16
[2026-07-26T01:24:42.479+0200][217833.792s][info][gc,metaspace  ] GC(10679) Metaspace: 922933K(1393280K)->922933K(1393280K) NonClass: 814293K(1265152K)->814293K(1265152K) Class: 108639K(128128K)->108639K(128128K)
[2026-07-26T01:24:42.479+0200][217833.792s][info][gc            ] GC(10679) Pause Young (Normal) (G1 Evacuation Pause) 1927M->1304M(2159M) 13.918ms
[2026-07-26T01:24:42.479+0200][217833.792s][info][gc,cpu        ] GC(10679) User=0.12s Sys=0.00s Real=0.01s
[2026-07-26T01:28:49.016+0200][218080.329s][info][gc,start      ] GC(10680) Pause Young (Normal) (G1 Evacuation Pause)
[2026-07-26T01:28:49.017+0200][218080.329s][info][gc,task       ] GC(10680) Using 13 workers of 13 for evacuation
[2026-07-26T01:28:49.025+0200][218080.337s][info][gc,phases     ] GC(10680)   Pre Evacuate Collection Set: 0.1ms
[2026-07-26T01:28:49.025+0200][218080.337s][info][gc,phases     ] GC(10680)   Evacuate Collection Set: 4.7ms
[2026-07-26T01:28:49.025+0200][218080.338s][info][gc,phases     ] GC(10680)   Post Evacuate Collection Set: 3.1ms
[2026-07-26T01:28:49.025+0200][218080.338s][info][gc,phases     ] GC(10680)   Other: 0.5ms
[2026-07-26T01:28:49.025+0200][218080.338s][info][gc,heap       ] GC(10680) Eden regions: 621->0(627)
[2026-07-26T01:28:49.025+0200][218080.338s][info][gc,heap       ] GC(10680) Survivor regions: 10->5(79)
[2026-07-26T01:28:49.025+0200][218080.338s][info][gc,heap       ] GC(10680) Old regions: 1279->1280
[2026-07-26T01:28:49.025+0200][218080.338s][info][gc,heap       ] GC(10680) Humongous regions: 16->16
[2026-07-26T01:28:49.025+0200][218080.338s][info][gc,metaspace  ] GC(10680) Metaspace: 922933K(1393280K)->922933K(1393280K) NonClass: 814293K(1265152K)->814293K(1265152K) Class: 108639K(128128K)->108639K(128128K)
[2026-07-26T01:28:49.025+0200][218080.338s][info][gc            ] GC(10680) Pause Young (Normal) (G1 Evacuation Pause) 1925M->1300M(2159M) 8.582ms
[2026-07-26T01:28:49.025+0200][218080.338s][info][gc,cpu        ] GC(10680) User=0.07s Sys=0.00s Real=0.01s
[2026-07-26T01:35:09.040+0200][218460.353s][info][gc,start      ] GC(10681) Pause Young (Normal) (G1 Evacuation Pause)
[2026-07-26T01:35:09.040+0200][218460.353s][info][gc,task       ] GC(10681) Using 13 workers of 13 for evacuation
[2026-07-26T01:35:09.049+0200][218460.362s][info][gc,phases     ] GC(10681)   Pre Evacuate Collection Set: 0.1ms
[2026-07-26T01:35:09.049+0200][218460.362s][info][gc,phases     ] GC(10681)   Evacuate Collection Set: 4.8ms
[2026-07-26T01:35:09.049+0200][218460.362s][info][gc,phases     ] GC(10681)   Post Evacuate Collection Set: 3.7ms
[2026-07-26T01:35:09.049+0200][218460.362s][info][gc,phases     ] GC(10681)   Other: 0.4ms
[2026-07-26T01:35:09.049+0200][218460.362s][info][gc,heap       ] GC(10681) Eden regions: 627->0(629)
[2026-07-26T01:35:09.049+0200][218460.362s][info][gc,heap       ] GC(10681) Survivor regions: 5->4(79)
[2026-07-26T01:35:09.049+0200][218460.362s][info][gc,heap       ] GC(10681) Old regions: 1280->1281
[2026-07-26T01:35:09.049+0200][218460.362s][info][gc,heap       ] GC(10681) Humongous regions: 16->16
[2026-07-26T01:35:09.049+0200][218460.362s][info][gc,metaspace  ] GC(10681) Metaspace: 922933K(1393280K)->922933K(1393280K) NonClass: 814293K(1265152K)->814293K(1265152K) Class: 108639K(128128K)->108639K(128128K)
[2026-07-26T01:35:09.049+0200][218460.362s][info][gc            ] GC(10681) Pause Young (Normal) (G1 Evacuation Pause) 1927M->1300M(2159M) 9.063ms
[2026-07-26T01:35:09.049+0200][218460.362s][info][gc,cpu        ] GC(10681) User=0.05s Sys=0.00s Real=0.01s
[2026-07-26T01:44:29.445+0200][219020.758s][info][gc,start      ] GC(10682) Pause Young (Normal) (G1 Evacuation Pause)
[2026-07-26T01:44:29.445+0200][219020.758s][info][gc,task       ] GC(10682) Using 13 workers of 13 for evacuation
[2026-07-26T01:44:29.454+0200][219020.767s][info][gc,phases     ] GC(10682)   Pre Evacuate Collection Set: 0.1ms
[2026-07-26T01:44:29.454+0200][219020.767s][info][gc,phases     ] GC(10682)   Evacuate Collection Set: 4.1ms
[2026-07-26T01:44:29.454+0200][219020.767s][info][gc,phases     ] GC(10682)   Post Evacuate Collection Set: 4.6ms
[2026-07-26T01:44:29.454+0200][219020.767s][info][gc,phases     ] GC(10682)   Other: 0.4ms
[2026-07-26T01:44:29.454+0200][219020.767s][info][gc,heap       ] GC(10682) Eden regions: 629->0(631)
[2026-07-26T01:44:29.454+0200][219020.767s][info][gc,heap       ] GC(10682) Survivor regions: 4->4(80)
[2026-07-26T01:44:29.454+0200][219020.767s][info][gc,heap       ] GC(10682) Old regions: 1281->1281
[2026-07-26T01:44:29.454+0200][219020.767s][info][gc,heap       ] GC(10682) Humongous regions: 16->16
[2026-07-26T01:44:29.454+0200][219020.767s][info][gc,metaspace  ] GC(10682) Metaspace: 922933K(1393280K)->922933K(1393280K) NonClass: 814293K(1265152K)->814293K(1265152K) Class: 108639K(128128K)->108639K(128128K)
[2026-07-26T01:44:29.454+0200][219020.767s][info][gc            ] GC(10682) Pause Young (Normal) (G1 Evacuation Pause) 1929M->1300M(2159M) 9.249ms
[2026-07-26T01:44:29.455+0200][219020.767s][info][gc,cpu        ] GC(10682) User=0.06s Sys=0.00s Real=0.01s
[2026-07-26T01:52:52.404+0200][219523.716s][info][gc,start      ] GC(10683) Pause Young (Normal) (G1 Evacuation Pause)
[2026-07-26T01:52:52.404+0200][219523.716s][info][gc,task       ] GC(10683) Using 13 workers of 13 for evacuation
[2026-07-26T01:52:52.413+0200][219523.726s][info][gc,phases     ] GC(10683)   Pre Evacuate Collection Set: 0.1ms
[2026-07-26T01:52:52.413+0200][219523.726s][info][gc,phases     ] GC(10683)   Evacuate Collection Set: 4.7ms
[2026-07-26T01:52:52.413+0200][219523.726s][info][gc,phases     ] GC(10683)   Post Evacuate Collection Set: 4.3ms
[2026-07-26T01:52:52.413+0200][219523.726s][info][gc,phases     ] GC(10683)   Other: 0.5ms
[2026-07-26T01:52:52.413+0200][219523.726s][info][gc,heap       ] GC(10683) Eden regions: 631->0(632)
[2026-07-26T01:52:52.413+0200][219523.726s][info][gc,heap       ] GC(10683) Survivor regions: 4->4(80)
[2026-07-26T01:52:52.413+0200][219523.726s][info][gc,heap       ] GC(10683) Old regions: 1281->1281
[2026-07-26T01:52:52.413+0200][219523.726s][info][gc,heap       ] GC(10683) Humongous regions: 16->16
[2026-07-26T01:52:52.413+0200][219523.726s][info][gc,metaspace  ] GC(10683) Metaspace: 922933K(1393280K)->922933K(1393280K) NonClass: 814293K(1265152K)->814293K(1265152K) Class: 108639K(128128K)->108639K(128128K)
[2026-07-26T01:52:52.413+0200][219523.726s][info][gc            ] GC(10683) Pause Young (Normal) (G1 Evacuation Pause) 1931M->1300M(2159M) 9.731ms
[2026-07-26T01:52:52.413+0200][219523.726s][info][gc,cpu        ] GC(10683) User=0.04s Sys=0.00s Real=0.01s
[2026-07-26T02:00:09.035+0200][219960.348s][info][gc,start      ] GC(10684) Pause Young (Normal) (G1 Evacuation Pause)
[2026-07-26T02:00:09.035+0200][219960.348s][info][gc,task       ] GC(10684) Using 13 workers of 13 for evacuation
[2026-07-26T02:00:09.048+0200][219960.361s][info][gc,phases     ] GC(10684)   Pre Evacuate Collection Set: 0.1ms
[2026-07-26T02:00:09.048+0200][219960.361s][info][gc,phases     ] GC(10684)   Evacuate Collection Set: 5.8ms
[2026-07-26T02:00:09.048+0200][219960.361s][info][gc,phases     ] GC(10684)   Post Evacuate Collection Set: 6.8ms
[2026-07-26T02:00:09.048+0200][219960.361s][info][gc,phases     ] GC(10684)   Other: 0.6ms
[2026-07-26T02:00:09.048+0200][219960.361s][info][gc,heap       ] GC(10684) Eden regions: 632->0(633)
[2026-07-26T02:00:09.048+0200][219960.361s][info][gc,heap       ] GC(10684) Survivor regions: 4->4(80)
[2026-07-26T02:00:09.048+0200][219960.361s][info][gc,heap       ] GC(10684) Old regions: 1281->1281
[2026-07-26T02:00:09.048+0200][219960.361s][info][gc,heap       ] GC(10684) Humongous regions: 16->16
[2026-07-26T02:00:09.048+0200][219960.361s][info][gc,metaspace  ] GC(10684) Metaspace: 922933K(1393280K)->922933K(1393280K) NonClass: 814293K(1265152K)->814293K(1265152K) Class: 108639K(128128K)->108639K(128128K)
[2026-07-26T02:00:09.048+0200][219960.361s][info][gc            ] GC(10684) Pause Young (Normal) (G1 Evacuation Pause) 1932M->1299M(2159M) 13.569ms
[2026-07-26T02:00:09.049+0200][219960.361s][info][gc,cpu        ] GC(10684) User=0.06s Sys=0.00s Real=0.01s
[2026-07-26T02:14:09.051+0200][220800.364s][info][gc,start      ] GC(10685) Pause Young (Normal) (G1 Evacuation Pause)
[2026-07-26T02:14:09.052+0200][220800.364s][info][gc,task       ] GC(10685) Using 13 workers of 13 for evacuation
[2026-07-26T02:14:09.061+0200][220800.373s][info][gc,phases     ] GC(10685)   Pre Evacuate Collection Set: 0.1ms
[2026-07-26T02:14:09.061+0200][220800.373s][info][gc,phases     ] GC(10685)   Evacuate Collection Set: 4.4ms
[2026-07-26T02:14:09.061+0200][220800.373s][info][gc,phases     ] GC(10685)   Post Evacuate Collection Set: 4.4ms
[2026-07-26T02:14:09.061+0200][220800.374s][info][gc,phases     ] GC(10685)   Other: 0.4ms
[2026-07-26T02:14:09.061+0200][220800.374s][info][gc,heap       ] GC(10685) Eden regions: 633->0(634)
[2026-07-26T02:14:09.061+0200][220800.374s][info][gc,heap       ] GC(10685) Survivor regions: 4->4(80)
[2026-07-26T02:14:09.061+0200][220800.374s][info][gc,heap       ] GC(10685) Old regions: 1281->1281
[2026-07-26T02:14:09.061+0200][220800.374s][info][gc,heap       ] GC(10685) Humongous regions: 16->16
[2026-07-26T02:14:09.061+0200][220800.374s][info][gc,metaspace  ] GC(10685) Metaspace: 922933K(1393280K)->922933K(1393280K) NonClass: 814293K(1265152K)->814293K(1265152K) Class: 108639K(128128K)->108639K(128128K)
[2026-07-26T02:14:09.061+0200][220800.374s][info][gc            ] GC(10685) Pause Young (Normal) (G1 Evacuation Pause) 1932M->1300M(2159M) 9.472ms
[2026-07-26T02:14:09.061+0200][220800.374s][info][gc,cpu        ] GC(10685) User=0.06s Sys=0.00s Real=0.01s
[2026-07-26T02:20:23.552+0200][221174.865s][info][gc,start      ] GC(10686) Pause Young (Normal) (G1 Evacuation Pause)
[2026-07-26T02:20:23.552+0200][221174.865s][info][gc,task       ] GC(10686) Using 13 workers of 13 for evacuation
[2026-07-26T02:20:23.560+0200][221174.873s][info][gc,phases     ] GC(10686)   Pre Evacuate Collection Set: 0.1ms
[2026-07-26T02:20:23.560+0200][221174.873s][info][gc,phases     ] GC(10686)   Evacuate Collection Set: 4.2ms
[2026-07-26T02:20:23.560+0200][221174.873s][info][gc,phases     ] GC(10686)   Post Evacuate Collection Set: 3.5ms
[2026-07-26T02:20:23.560+0200][221174.873s][info][gc,phases     ] GC(10686)   Other: 0.3ms
[2026-07-26T02:20:23.560+0200][221174.873s][info][gc,heap       ] GC(10686) Eden regions: 634->0(636)
[2026-07-26T02:20:23.560+0200][221174.873s][info][gc,heap       ] GC(10686) Survivor regions: 4->3(80)
[2026-07-26T02:20:23.560+0200][221174.873s][info][gc,heap       ] GC(10686) Old regions: 1281->1281
[2026-07-26T02:20:23.560+0200][221174.873s][info][gc,heap       ] GC(10686) Humongous regions: 16->16
[2026-07-26T02:20:23.560+0200][221174.873s][info][gc,metaspace  ] GC(10686) Metaspace: 922933K(1393280K)->922933K(1393280K) NonClass: 814293K(1265152K)->814293K(1265152K) Class: 108639K(128128K)->108639K(128128K)
[2026-07-26T02:20:23.560+0200][221174.873s][info][gc            ] GC(10686) Pause Young (Normal) (G1 Evacuation Pause) 1934M->1299M(2159M) 8.263ms
[2026-07-26T02:20:23.560+0200][221174.873s][info][gc,cpu        ] GC(10686) User=0.05s Sys=0.01s Real=0.01s
[2026-07-26T02:29:29.194+0200][221720.507s][info][gc,start      ] GC(10687) Pause Young (Normal) (G1 Evacuation Pause)
[2026-07-26T02:29:29.194+0200][221720.507s][info][gc,task       ] GC(10687) Using 13 workers of 13 for evacuation
[2026-07-26T02:29:29.202+0200][221720.514s][info][gc,phases     ] GC(10687)   Pre Evacuate Collection Set: 0.1ms
[2026-07-26T02:29:29.202+0200][221720.515s][info][gc,phases     ] GC(10687)   Evacuate Collection Set: 3.7ms
[2026-07-26T02:29:29.202+0200][221720.515s][info][gc,phases     ] GC(10687)   Post Evacuate Collection Set: 3.6ms
[2026-07-26T02:29:29.202+0200][221720.515s][info][gc,phases     ] GC(10687)   Other: 0.4ms
[2026-07-26T02:29:29.202+0200][221720.515s][info][gc,heap       ] GC(10687) Eden regions: 636->0(637)
[2026-07-26T02:29:29.202+0200][221720.515s][info][gc,heap       ] GC(10687) Survivor regions: 3->3(80)
[2026-07-26T02:29:29.202+0200][221720.515s][info][gc,heap       ] GC(10687) Old regions: 1281->1281
[2026-07-26T02:29:29.202+0200][221720.515s][info][gc,heap       ] GC(10687) Humongous regions: 16->16
[2026-07-26T02:29:29.202+0200][221720.515s][info][gc,metaspace  ] GC(10687) Metaspace: 922933K(1393280K)->922933K(1393280K) NonClass: 814293K(1265152K)->814293K(1265152K) Class: 108639K(128128K)->108639K(128128K)
[2026-07-26T02:29:29.202+0200][221720.515s][info][gc            ] GC(10687) Pause Young (Normal) (G1 Evacuation Pause) 1935M->1299M(2159M) 8.019ms
[2026-07-26T02:29:29.202+0200][221720.515s][info][gc,cpu        ] GC(10687) User=0.05s Sys=0.01s Real=0.00s
[2026-07-26T02:37:29.020+0200][222200.332s][info][gc,start      ] GC(10688) Pause Young (Normal) (G1 Evacuation Pause)
[2026-07-26T02:37:29.020+0200][222200.332s][info][gc,task       ] GC(10688) Using 13 workers of 13 for evacuation
[2026-07-26T02:37:29.029+0200][222200.341s][info][gc,phases     ] GC(10688)   Pre Evacuate Collection Set: 0.1ms
[2026-07-26T02:37:29.029+0200][222200.341s][info][gc,phases     ] GC(10688)   Evacuate Collection Set: 5.4ms
[2026-07-26T02:37:29.029+0200][222200.341s][info][gc,phases     ] GC(10688)   Post Evacuate Collection Set: 3.0ms
[2026-07-26T02:37:29.029+0200][222200.341s][info][gc,phases     ] GC(10688)   Other: 0.4ms
[2026-07-26T02:37:29.029+0200][222200.341s][info][gc,heap       ] GC(10688) Eden regions: 637->0(637)
[2026-07-26T02:37:29.029+0200][222200.341s][info][gc,heap       ] GC(10688) Survivor regions: 3->3(80)
[2026-07-26T02:37:29.029+0200][222200.341s][info][gc,heap       ] GC(10688) Old regions: 1281->1281
[2026-07-26T02:37:29.029+0200][222200.341s][info][gc,heap       ] GC(10688) Humongous regions: 16->16
[2026-07-26T02:37:29.029+0200][222200.341s][info][gc,metaspace  ] GC(10688) Metaspace: 922933K(1393280K)->922933K(1393280K) NonClass: 814293K(1265152K)->814293K(1265152K) Class: 108639K(128128K)->108639K(128128K)
[2026-07-26T02:37:29.029+0200][222200.341s][info][gc            ] GC(10688) Pause Young (Normal) (G1 Evacuation Pause) 1936M->1299M(2159M) 9.063ms
[2026-07-26T02:37:29.029+0200][222200.341s][info][gc,cpu        ] GC(10688) User=0.04s Sys=0.01s Real=0.01s
[2026-07-26T02:45:09.030+0200][222660.343s][info][gc,start      ] GC(10689) Pause Young (Normal) (G1 Evacuation Pause)
[2026-07-26T02:45:09.030+0200][222660.343s][info][gc,task       ] GC(10689) Using 13 workers of 13 for evacuation
[2026-07-26T02:45:09.040+0200][222660.352s][info][gc,phases     ] GC(10689)   Pre Evacuate Collection Set: 0.1ms
[2026-07-26T02:45:09.040+0200][222660.352s][info][gc,phases     ] GC(10689)   Evacuate Collection Set: 4.4ms
[2026-07-26T02:45:09.040+0200][222660.352s][info][gc,phases     ] GC(10689)   Post Evacuate Collection Set: 4.5ms
[2026-07-26T02:45:09.040+0200][222660.352s][info][gc,phases     ] GC(10689)   Other: 0.4ms
[2026-07-26T02:45:09.040+0200][222660.352s][info][gc,heap       ] GC(10689) Eden regions: 637->0(637)
[2026-07-26T02:45:09.040+0200][222660.352s][info][gc,heap       ] GC(10689) Survivor regions: 3->3(80)
[2026-07-26T02:45:09.040+0200][222660.352s][info][gc,heap       ] GC(10689) Old regions: 1281->1281
[2026-07-26T02:45:09.040+0200][222660.352s][info][gc,heap       ] GC(10689) Humongous regions: 16->16
[2026-07-26T02:45:09.040+0200][222660.352s][info][gc,metaspace  ] GC(10689) Metaspace: 922933K(1393280K)->922933K(1393280K) NonClass: 814293K(1265152K)->814293K(1265152K) Class: 108639K(128128K)->108639K(128128K)
[2026-07-26T02:45:09.040+0200][222660.352s][info][gc            ] GC(10689) Pause Young (Normal) (G1 Evacuation Pause) 1936M->1299M(2159M) 9.553ms
[2026-07-26T02:45:09.040+0200][222660.353s][info][gc,cpu        ] GC(10689) User=0.06s Sys=0.00s Real=0.01s
[2026-07-26T02:54:56.305+0200][223247.618s][info][gc,start      ] GC(10690) Pause Young (Normal) (G1 Evacuation Pause)
[2026-07-26T02:54:56.305+0200][223247.618s][info][gc,task       ] GC(10690) Using 13 workers of 13 for evacuation
[2026-07-26T02:54:56.314+0200][223247.626s][info][gc,phases     ] GC(10690)   Pre Evacuate Collection Set: 0.2ms
[2026-07-26T02:54:56.314+0200][223247.626s][info][gc,phases     ] GC(10690)   Evacuate Collection Set: 4.1ms
[2026-07-26T02:54:56.314+0200][223247.626s][info][gc,phases     ] GC(10690)   Post Evacuate Collection Set: 4.0ms
[2026-07-26T02:54:56.314+0200][223247.626s][info][gc,phases     ] GC(10690)   Other: 0.4ms
[2026-07-26T02:54:56.314+0200][223247.626s][info][gc,heap       ] GC(10690) Eden regions: 637->0(636)
[2026-07-26T02:54:56.314+0200][223247.626s][info][gc,heap       ] GC(10690) Survivor regions: 3->4(80)
[2026-07-26T02:54:56.314+0200][223247.626s][info][gc,heap       ] GC(10690) Old regions: 1281->1281
[2026-07-26T02:54:56.314+0200][223247.626s][info][gc,heap       ] GC(10690) Humongous regions: 16->16
[2026-07-26T02:54:56.314+0200][223247.626s][info][gc,metaspace  ] GC(10690) Metaspace: 922934K(1393280K)->922934K(1393280K) NonClass: 814294K(1265152K)->814294K(1265152K) Class: 108639K(128128K)->108639K(128128K)
[2026-07-26T02:54:56.314+0200][223247.626s][info][gc            ] GC(10690) Pause Young (Normal) (G1 Evacuation Pause) 1936M->1300M(2159M) 8.732ms
[2026-07-26T02:54:56.314+0200][223247.626s][info][gc,cpu        ] GC(10690) User=0.06s Sys=0.01s Real=0.01s
[2026-07-26T02:57:12.570+0200][223383.882s][info][gc,start      ] GC(10691) Pause Young (Normal) (G1 Evacuation Pause)
[2026-07-26T02:57:12.570+0200][223383.883s][info][gc,task       ] GC(10691) Using 13 workers of 13 for evacuation
[2026-07-26T02:57:12.580+0200][223383.893s][info][gc,phases     ] GC(10691)   Pre Evacuate Collection Set: 0.1ms
[2026-07-26T02:57:12.580+0200][223383.893s][info][gc,phases     ] GC(10691)   Evacuate Collection Set: 6.6ms
[2026-07-26T02:57:12.580+0200][223383.893s][info][gc,phases     ] GC(10691)   Post Evacuate Collection Set: 3.3ms
[2026-07-26T02:57:12.580+0200][223383.893s][info][gc,phases     ] GC(10691)   Other: 0.4ms
[2026-07-26T02:57:12.580+0200][223383.893s][info][gc,heap       ] GC(10691) Eden regions: 636->0(629)
[2026-07-26T02:57:12.580+0200][223383.893s][info][gc,heap       ] GC(10691) Survivor regions: 4->8(80)
[2026-07-26T02:57:12.580+0200][223383.893s][info][gc,heap       ] GC(10691) Old regions: 1281->1281
[2026-07-26T02:57:12.580+0200][223383.893s][info][gc,heap       ] GC(10691) Humongous regions: 16->16
[2026-07-26T02:57:12.580+0200][223383.893s][info][gc,metaspace  ] GC(10691) Metaspace: 922934K(1393280K)->922934K(1393280K) NonClass: 814294K(1265152K)->814294K(1265152K) Class: 108639K(128128K)->108639K(128128K)
[2026-07-26T02:57:12.580+0200][223383.893s][info][gc            ] GC(10691) Pause Young (Normal) (G1 Evacuation Pause) 1936M->1304M(2159M) 10.527ms
[2026-07-26T02:57:12.580+0200][223383.893s][info][gc,cpu        ] GC(10691) User=0.08s Sys=0.00s Real=0.01s
[2026-07-26T02:57:13.458+0200][223384.770s][info][gc,start      ] GC(10692) Pause Young (Normal) (G1 Evacuation Pause)
[2026-07-26T02:57:13.458+0200][223384.770s][info][gc,task       ] GC(10692) Using 13 workers of 13 for evacuation
[2026-07-26T02:57:13.468+0200][223384.781s][info][gc,phases     ] GC(10692)   Pre Evacuate Collection Set: 0.1ms
[2026-07-26T02:57:13.468+0200][223384.781s][info][gc,phases     ] GC(10692)   Evacuate Collection Set: 6.0ms
[2026-07-26T02:57:13.468+0200][223384.781s][info][gc,phases     ] GC(10692)   Post Evacuate Collection Set: 3.8ms
[2026-07-26T02:57:13.468+0200][223384.781s][info][gc,phases     ] GC(10692)   Other: 0.3ms
[2026-07-26T02:57:13.468+0200][223384.781s][info][gc,heap       ] GC(10692) Eden regions: 629->0(628)
[2026-07-26T02:57:13.468+0200][223384.781s][info][gc,heap       ] GC(10692) Survivor regions: 8->8(80)
[2026-07-26T02:57:13.468+0200][223384.781s][info][gc,heap       ] GC(10692) Old regions: 1281->1281
[2026-07-26T02:57:13.468+0200][223384.781s][info][gc,heap       ] GC(10692) Humongous regions: 16->16
[2026-07-26T02:57:13.468+0200][223384.781s][info][gc,metaspace  ] GC(10692) Metaspace: 922934K(1393280K)->922934K(1393280K) NonClass: 814294K(1265152K)->814294K(1265152K) Class: 108639K(128128K)->108639K(128128K)
[2026-07-26T02:57:13.468+0200][223384.781s][info][gc            ] GC(10692) Pause Young (Normal) (G1 Evacuation Pause) 1933M->1304M(2159M) 10.381ms
[2026-07-26T02:57:13.468+0200][223384.781s][info][gc,cpu        ] GC(10692) User=0.07s Sys=0.00s Real=0.01s
[2026-07-26T02:59:57.838+0200][223549.151s][info][gc,start      ] GC(10693) Pause Young (Normal) (G1 Evacuation Pause)
[2026-07-26T02:59:57.839+0200][223549.151s][info][gc,task       ] GC(10693) Using 13 workers of 13 for evacuation
[2026-07-26T02:59:57.847+0200][223549.160s][info][gc,phases     ] GC(10693)   Pre Evacuate Collection Set: 0.1ms
[2026-07-26T02:59:57.847+0200][223549.160s][info][gc,phases     ] GC(10693)   Evacuate Collection Set: 5.3ms
[2026-07-26T02:59:57.847+0200][223549.160s][info][gc,phases     ] GC(10693)   Post Evacuate Collection Set: 3.2ms
[2026-07-26T02:59:57.848+0200][223549.160s][info][gc,phases     ] GC(10693)   Other: 0.4ms
[2026-07-26T02:59:57.848+0200][223549.160s][info][gc,heap       ] GC(10693) Eden regions: 628->0(627)
[2026-07-26T02:59:57.848+0200][223549.160s][info][gc,heap       ] GC(10693) Survivor regions: 8->6(80)
[2026-07-26T02:59:57.848+0200][223549.160s][info][gc,heap       ] GC(10693) Old regions: 1281->1283
[2026-07-26T02:59:57.848+0200][223549.160s][info][gc,heap       ] GC(10693) Humongous regions: 16->16
[2026-07-26T02:59:57.848+0200][223549.160s][info][gc,metaspace  ] GC(10693) Metaspace: 922934K(1393280K)->922934K(1393280K) NonClass: 814294K(1265152K)->814294K(1265152K) Class: 108639K(128128K)->108639K(128128K)
[2026-07-26T02:59:57.848+0200][223549.160s][info][gc            ] GC(10693) Pause Young (Normal) (G1 Evacuation Pause) 1932M->1303M(2159M) 9.091ms
[2026-07-26T02:59:57.848+0200][223549.160s][info][gc,cpu        ] GC(10693) User=0.07s Sys=0.00s Real=0.01s
[2026-07-26T03:10:09.015+0200][224160.328s][info][gc,start      ] GC(10694) Pause Young (Normal) (G1 Evacuation Pause)
[2026-07-26T03:10:09.015+0200][224160.328s][info][gc,task       ] GC(10694) Using 13 workers of 13 for evacuation
[2026-07-26T03:10:09.023+0200][224160.335s][info][gc,phases     ] GC(10694)   Pre Evacuate Collection Set: 0.1ms
[2026-07-26T03:10:09.023+0200][224160.335s][info][gc,phases     ] GC(10694)   Evacuate Collection Set: 3.9ms
[2026-07-26T03:10:09.023+0200][224160.335s][info][gc,phases     ] GC(10694)   Post Evacuate Collection Set: 3.3ms
[2026-07-26T03:10:09.023+0200][224160.335s][info][gc,phases     ] GC(10694)   Other: 0.4ms
[2026-07-26T03:10:09.023+0200][224160.335s][info][gc,heap       ] GC(10694) Eden regions: 627->0(632)
[2026-07-26T03:10:09.023+0200][224160.335s][info][gc,heap       ] GC(10694) Survivor regions: 6->3(80)
[2026-07-26T03:10:09.023+0200][224160.335s][info][gc,heap       ] GC(10694) Old regions: 1283->1283
[2026-07-26T03:10:09.023+0200][224160.335s][info][gc,heap       ] GC(10694) Humongous regions: 16->16
[2026-07-26T03:10:09.023+0200][224160.335s][info][gc,metaspace  ] GC(10694) Metaspace: 922934K(1393280K)->922934K(1393280K) NonClass: 814294K(1265152K)->814294K(1265152K) Class: 108639K(128128K)->108639K(128128K)
[2026-07-26T03:10:09.023+0200][224160.335s][info][gc            ] GC(10694) Pause Young (Normal) (G1 Evacuation Pause) 1930M->1301M(2159M) 7.782ms
[2026-07-26T03:10:09.023+0200][224160.335s][info][gc,cpu        ] GC(10694) User=0.05s Sys=0.00s Real=0.00s
[2026-07-26T03:14:29.420+0200][224420.733s][info][gc,start      ] GC(10695) Pause Young (Normal) (G1 Evacuation Pause)
[2026-07-26T03:14:29.420+0200][224420.733s][info][gc,task       ] GC(10695) Using 13 workers of 13 for evacuation
[2026-07-26T03:14:29.429+0200][224420.742s][info][gc,phases     ] GC(10695)   Pre Evacuate Collection Set: 0.1ms
[2026-07-26T03:14:29.430+0200][224420.742s][info][gc,phases     ] GC(10695)   Evacuate Collection Set: 4.0ms
[2026-07-26T03:14:29.430+0200][224420.742s][info][gc,phases     ] GC(10695)   Post Evacuate Collection Set: 4.7ms
[2026-07-26T03:14:29.430+0200][224420.742s][info][gc,phases     ] GC(10695)   Other: 0.4ms
[2026-07-26T03:14:29.430+0200][224420.742s][info][gc,heap       ] GC(10695) Eden regions: 632->0(633)
[2026-07-26T03:14:29.430+0200][224420.742s][info][gc,heap       ] GC(10695) Survivor regions: 3->3(80)
[2026-07-26T03:14:29.430+0200][224420.742s][info][gc,heap       ] GC(10695) Old regions: 1283->1283
[2026-07-26T03:14:29.430+0200][224420.742s][info][gc,heap       ] GC(10695) Humongous regions: 16->16
[2026-07-26T03:14:29.430+0200][224420.742s][info][gc,metaspace  ] GC(10695) Metaspace: 922934K(1393280K)->922934K(1393280K) NonClass: 814294K(1265152K)->814294K(1265152K) Class: 108639K(128128K)->108639K(128128K)
[2026-07-26T03:14:29.430+0200][224420.742s][info][gc            ] GC(10695) Pause Young (Normal) (G1 Evacuation Pause) 1933M->1300M(2159M) 9.378ms
[2026-07-26T03:14:29.430+0200][224420.742s][info][gc,cpu        ] GC(10695) User=0.05s Sys=0.00s Real=0.01s
[2026-07-26T03:21:49.482+0200][224860.795s][info][gc,start      ] GC(10696) Pause Young (Normal) (G1 Evacuation Pause)
[2026-07-26T03:21:49.482+0200][224860.795s][info][gc,task       ] GC(10696) Using 13 workers of 13 for evacuation
[2026-07-26T03:21:49.493+0200][224860.805s][info][gc,phases     ] GC(10696)   Pre Evacuate Collection Set: 0.1ms
[2026-07-26T03:21:49.493+0200][224860.805s][info][gc,phases     ] GC(10696)   Evacuate Collection Set: 5.8ms
[2026-07-26T03:21:49.493+0200][224860.805s][info][gc,phases     ] GC(10696)   Post Evacuate Collection Set: 4.5ms
[2026-07-26T03:21:49.493+0200][224860.805s][info][gc,phases     ] GC(10696)   Other: 0.5ms
[2026-07-26T03:21:49.493+0200][224860.805s][info][gc,heap       ] GC(10696) Eden regions: 633->0(628)
[2026-07-26T03:21:49.493+0200][224860.805s][info][gc,heap       ] GC(10696) Survivor regions: 3->6(80)
[2026-07-26T03:21:49.493+0200][224860.805s][info][gc,heap       ] GC(10696) Old regions: 1283->1283
[2026-07-26T03:21:49.493+0200][224860.805s][info][gc,heap       ] GC(10696) Humongous regions: 16->16
[2026-07-26T03:21:49.493+0200][224860.806s][info][gc,metaspace  ] GC(10696) Metaspace: 922949K(1393280K)->922949K(1393280K) NonClass: 814309K(1265152K)->814309K(1265152K) Class: 108640K(128128K)->108640K(128128K)
[2026-07-26T03:21:49.493+0200][224860.806s][info][gc            ] GC(10696) Pause Young (Normal) (G1 Evacuation Pause) 1933M->1304M(2159M) 10.989ms
[2026-07-26T03:21:49.493+0200][224860.806s][info][gc,cpu        ] GC(10696) User=0.09s Sys=0.00s Real=0.01s
[2026-07-26T03:21:59.580+0200][224870.893s][info][gc,start      ] GC(10697) Pause Young (Normal) (G1 Evacuation Pause)
[2026-07-26T03:21:59.580+0200][224870.893s][info][gc,task       ] GC(10697) Using 13 workers of 13 for evacuation
[2026-07-26T03:21:59.592+0200][224870.904s][info][gc,phases     ] GC(10697)   Pre Evacuate Collection Set: 0.1ms
[2026-07-26T03:21:59.592+0200][224870.904s][info][gc,phases     ] GC(10697)   Evacuate Collection Set: 5.0ms
[2026-07-26T03:21:59.592+0200][224870.904s][info][gc,phases     ] GC(10697)   Post Evacuate Collection Set: 6.0ms
[2026-07-26T03:21:59.592+0200][224870.904s][info][gc,phases     ] GC(10697)   Other: 0.3ms
[2026-07-26T03:21:59.592+0200][224870.904s][info][gc,heap       ] GC(10697) Eden regions: 628->0(616)
[2026-07-26T03:21:59.592+0200][224870.904s][info][gc,heap       ] GC(10697) Survivor regions: 6->12(80)
[2026-07-26T03:21:59.592+0200][224870.905s][info][gc,heap       ] GC(10697) Old regions: 1283->1283
[2026-07-26T03:21:59.592+0200][224870.905s][info][gc,heap       ] GC(10697) Humongous regions: 16->16
[2026-07-26T03:21:59.592+0200][224870.905s][info][gc,metaspace  ] GC(10697) Metaspace: 922976K(1393280K)->922976K(1393280K) NonClass: 814331K(1265152K)->814331K(1265152K) Class: 108644K(128128K)->108644K(128128K)
[2026-07-26T03:21:59.592+0200][224870.905s][info][gc            ] GC(10697) Pause Young (Normal) (G1 Evacuation Pause) 1932M->1310M(2159M) 11.573ms
[2026-07-26T03:21:59.592+0200][224870.905s][info][gc,cpu        ] GC(10697) User=0.09s Sys=0.00s Real=0.01s
[2026-07-26T03:22:09.529+0200][224880.841s][info][gc,start      ] GC(10698) Pause Young (Normal) (G1 Evacuation Pause)
[2026-07-26T03:22:09.529+0200][224880.841s][info][gc,task       ] GC(10698) Using 13 workers of 13 for evacuation
[2026-07-26T03:22:09.538+0200][224880.851s][info][gc,phases     ] GC(10698)   Pre Evacuate Collection Set: 0.1ms
[2026-07-26T03:22:09.538+0200][224880.851s][info][gc,phases     ] GC(10698)   Evacuate Collection Set: 4.5ms
[2026-07-26T03:22:09.538+0200][224880.851s][info][gc,phases     ] GC(10698)   Post Evacuate Collection Set: 4.2ms
[2026-07-26T03:22:09.538+0200][224880.851s][info][gc,phases     ] GC(10698)   Other: 0.4ms
[2026-07-26T03:22:09.538+0200][224880.851s][info][gc,heap       ] GC(10698) Eden regions: 616->0(614)
[2026-07-26T03:22:09.538+0200][224880.851s][info][gc,heap       ] GC(10698) Survivor regions: 12->11(79)
[2026-07-26T03:22:09.538+0200][224880.851s][info][gc,heap       ] GC(10698) Old regions: 1283->1283
[2026-07-26T03:22:09.538+0200][224880.851s][info][gc,heap       ] GC(10698) Humongous regions: 16->16
[2026-07-26T03:22:09.538+0200][224880.851s][info][gc,metaspace  ] GC(10698) Metaspace: 922985K(1393280K)->922985K(1393280K) NonClass: 814339K(1265152K)->814339K(1265152K) Class: 108645K(128128K)->108645K(128128K)
[2026-07-26T03:22:09.538+0200][224880.851s][info][gc            ] GC(10698) Pause Young (Normal) (G1 Evacuation Pause) 1926M->1308M(2159M) 9.310ms
[2026-07-26T03:22:09.538+0200][224880.851s][info][gc,cpu        ] GC(10698) User=0.07s Sys=0.00s Real=0.01s
[2026-07-26T03:27:38.729+0200][225210.042s][info][gc,start      ] GC(10699) Pause Young (Normal) (G1 Evacuation Pause)
[2026-07-26T03:27:38.729+0200][225210.042s][info][gc,task       ] GC(10699) Using 13 workers of 13 for evacuation
[2026-07-26T03:27:38.738+0200][225210.051s][info][gc,phases     ] GC(10699)   Pre Evacuate Collection Set: 0.1ms
[2026-07-26T03:27:38.738+0200][225210.051s][info][gc,phases     ] GC(10699)   Evacuate Collection Set: 4.3ms
[2026-07-26T03:27:38.738+0200][225210.051s][info][gc,phases     ] GC(10699)   Post Evacuate Collection Set: 4.4ms
[2026-07-26T03:27:38.738+0200][225210.051s][info][gc,phases     ] GC(10699)   Other: 0.4ms
[2026-07-26T03:27:38.738+0200][225210.051s][info][gc,heap       ] GC(10699) Eden regions: 614->0(621)
[2026-07-26T03:27:38.738+0200][225210.051s][info][gc,heap       ] GC(10699) Survivor regions: 11->6(79)
[2026-07-26T03:27:38.738+0200][225210.051s][info][gc,heap       ] GC(10699) Old regions: 1283->1283
[2026-07-26T03:27:38.738+0200][225210.051s][info][gc,heap       ] GC(10699) Humongous regions: 16->16
[2026-07-26T03:27:38.738+0200][225210.051s][info][gc,metaspace  ] GC(10699) Metaspace: 923010K(1393280K)->923010K(1393280K) NonClass: 814363K(1265152K)->814363K(1265152K) Class: 108646K(128128K)->108646K(128128K)
[2026-07-26T03:27:38.738+0200][225210.051s][info][gc            ] GC(10699) Pause Young (Normal) (G1 Evacuation Pause) 1922M->1303M(2159M) 9.292ms
[2026-07-26T03:27:38.738+0200][225210.051s][info][gc,cpu        ] GC(10699) User=0.06s Sys=0.00s Real=0.01s
[2026-07-26T03:29:29.324+0200][225320.637s][info][gc,start      ] GC(10700) Pause Young (Normal) (G1 Evacuation Pause)
[2026-07-26T03:29:29.324+0200][225320.637s][info][gc,task       ] GC(10700) Using 13 workers of 13 for evacuation
[2026-07-26T03:29:29.332+0200][225320.645s][info][gc,phases     ] GC(10700)   Pre Evacuate Collection Set: 0.1ms
[2026-07-26T03:29:29.332+0200][225320.645s][info][gc,phases     ] GC(10700)   Evacuate Collection Set: 4.2ms
[2026-07-26T03:29:29.332+0200][225320.645s][info][gc,phases     ] GC(10700)   Post Evacuate Collection Set: 3.2ms
[2026-07-26T03:29:29.332+0200][225320.645s][info][gc,phases     ] GC(10700)   Other: 0.4ms
[2026-07-26T03:29:29.332+0200][225320.645s][info][gc,heap       ] GC(10700) Eden regions: 621->0(626)
[2026-07-26T03:29:29.332+0200][225320.645s][info][gc,heap       ] GC(10700) Survivor regions: 6->4(79)
[2026-07-26T03:29:29.332+0200][225320.645s][info][gc,heap       ] GC(10700) Old regions: 1283->1283
[2026-07-26T03:29:29.332+0200][225320.645s][info][gc,heap       ] GC(10700) Humongous regions: 16->16
[2026-07-26T03:29:29.332+0200][225320.645s][info][gc,metaspace  ] GC(10700) Metaspace: 923010K(1393280K)->923010K(1393280K) NonClass: 814363K(1265152K)->814363K(1265152K) Class: 108646K(128128K)->108646K(128128K)
[2026-07-26T03:29:29.332+0200][225320.645s][info][gc            ] GC(10700) Pause Young (Normal) (G1 Evacuation Pause) 1924M->1302M(2159M) 8.100ms
[2026-07-26T03:29:29.332+0200][225320.645s][info][gc,cpu        ] GC(10700) User=0.06s Sys=0.00s Real=0.00s
[2026-07-26T03:40:14.608+0200][225965.920s][info][gc,start      ] GC(10701) Pause Young (Normal) (G1 Evacuation Pause)
[2026-07-26T03:40:14.608+0200][225965.920s][info][gc,task       ] GC(10701) Using 13 workers of 13 for evacuation
[2026-07-26T03:40:14.616+0200][225965.928s][info][gc,phases     ] GC(10701)   Pre Evacuate Collection Set: 0.1ms
[2026-07-26T03:40:14.616+0200][225965.928s][info][gc,phases     ] GC(10701)   Evacuate Collection Set: 4.5ms
[2026-07-26T03:40:14.616+0200][225965.928s][info][gc,phases     ] GC(10701)   Post Evacuate Collection Set: 3.2ms
[2026-07-26T03:40:14.616+0200][225965.928s][info][gc,phases     ] GC(10701)   Other: 0.4ms
[2026-07-26T03:40:14.616+0200][225965.928s][info][gc,heap       ] GC(10701) Eden regions: 626->0(628)
[2026-07-26T03:40:14.616+0200][225965.928s][info][gc,heap       ] GC(10701) Survivor regions: 4->4(79)
[2026-07-26T03:40:14.616+0200][225965.928s][info][gc,heap       ] GC(10701) Old regions: 1283->1283
[2026-07-26T03:40:14.616+0200][225965.928s][info][gc,heap       ] GC(10701) Humongous regions: 16->16
[2026-07-26T03:40:14.616+0200][225965.928s][info][gc,metaspace  ] GC(10701) Metaspace: 923010K(1393280K)->923010K(1393280K) NonClass: 814363K(1265152K)->814363K(1265152K) Class: 108646K(128128K)->108646K(128128K)
[2026-07-26T03:40:14.616+0200][225965.929s][info][gc            ] GC(10701) Pause Young (Normal) (G1 Evacuation Pause) 1928M->1302M(2159M) 8.347ms
[2026-07-26T03:40:14.616+0200][225965.929s][info][gc,cpu        ] GC(10701) User=0.06s Sys=0.00s Real=0.01s
[2026-07-26T03:45:04.665+0200][226255.977s][info][gc,start      ] GC(10702) Pause Young (Normal) (G1 Evacuation Pause)
[2026-07-26T03:45:04.665+0200][226255.977s][info][gc,task       ] GC(10702) Using 13 workers of 13 for evacuation
[2026-07-26T03:45:04.700+0200][226256.013s][info][gc,phases     ] GC(10702)   Pre Evacuate Collection Set: 0.1ms
[2026-07-26T03:45:04.700+0200][226256.013s][info][gc,phases     ] GC(10702)   Evacuate Collection Set: 26.9ms
[2026-07-26T03:45:04.700+0200][226256.013s][info][gc,phases     ] GC(10702)   Post Evacuate Collection Set: 7.7ms
[2026-07-26T03:45:04.700+0200][226256.013s][info][gc,phases     ] GC(10702)   Other: 0.5ms
[2026-07-26T03:45:04.700+0200][226256.013s][info][gc,heap       ] GC(10702) Eden regions: 628->0(581)
[2026-07-26T03:45:04.700+0200][226256.013s][info][gc,heap       ] GC(10702) Survivor regions: 4->29(79)
[2026-07-26T03:45:04.700+0200][226256.013s][info][gc,heap       ] GC(10702) Old regions: 1283->1283
[2026-07-26T03:45:04.700+0200][226256.013s][info][gc,heap       ] GC(10702) Humongous regions: 16->16
[2026-07-26T03:45:04.700+0200][226256.013s][info][gc,metaspace  ] GC(10702) Metaspace: 923013K(1393280K)->923013K(1393280K) NonClass: 814367K(1265152K)->814367K(1265152K) Class: 108646K(128128K)->108646K(128128K)
[2026-07-26T03:45:04.700+0200][226256.013s][info][gc            ] GC(10702) Pause Young (Normal) (G1 Evacuation Pause) 1930M->1326M(2159M) 35.444ms
[2026-07-26T03:45:04.700+0200][226256.013s][info][gc,cpu        ] GC(10702) User=0.40s Sys=0.00s Real=0.03s
[2026-07-26T03:45:06.987+0200][226258.299s][info][gc,start      ] GC(10703) Pause Young (Normal) (G1 Evacuation Pause)
[2026-07-26T03:45:06.987+0200][226258.299s][info][gc,task       ] GC(10703) Using 13 workers of 13 for evacuation
[2026-07-26T03:45:07.014+0200][226258.326s][info][gc,phases     ] GC(10703)   Pre Evacuate Collection Set: 0.2ms
[2026-07-26T03:45:07.014+0200][226258.326s][info][gc,phases     ] GC(10703)   Evacuate Collection Set: 21.0ms
[2026-07-26T03:45:07.014+0200][226258.326s][info][gc,phases     ] GC(10703)   Post Evacuate Collection Set: 5.0ms
[2026-07-26T03:45:07.014+0200][226258.326s][info][gc,phases     ] GC(10703)   Other: 0.7ms
[2026-07-26T03:45:07.014+0200][226258.326s][info][gc,heap       ] GC(10703) Eden regions: 581->0(584)
[2026-07-26T03:45:07.014+0200][226258.326s][info][gc,heap       ] GC(10703) Survivor regions: 29->30(77)
[2026-07-26T03:45:07.014+0200][226258.326s][info][gc,heap       ] GC(10703) Old regions: 1283->1283
[2026-07-26T03:45:07.014+0200][226258.326s][info][gc,heap       ] GC(10703) Humongous regions: 16->16
[2026-07-26T03:45:07.014+0200][226258.326s][info][gc,metaspace  ] GC(10703) Metaspace: 923013K(1393280K)->923013K(1393280K) NonClass: 814367K(1265152K)->814367K(1265152K) Class: 108646K(128128K)->108646K(128128K)
[2026-07-26T03:45:07.014+0200][226258.326s][info][gc            ] GC(10703) Pause Young (Normal) (G1 Evacuation Pause) 1907M->1327M(2159M) 27.113ms
[2026-07-26T03:45:07.014+0200][226258.327s][info][gc,cpu        ] GC(10703) User=0.28s Sys=0.00s Real=0.03s
[2026-07-26T03:45:07.901+0200][226259.213s][info][gc,start      ] GC(10704) Pause Young (Normal) (G1 Evacuation Pause)
[2026-07-26T03:45:07.901+0200][226259.213s][info][gc,task       ] GC(10704) Using 13 workers of 13 for evacuation
[2026-07-26T03:45:07.929+0200][226259.241s][info][gc,phases     ] GC(10704)   Pre Evacuate Collection Set: 0.1ms
[2026-07-26T03:45:07.929+0200][226259.241s][info][gc,phases     ] GC(10704)   Evacuate Collection Set: 23.8ms
[2026-07-26T03:45:07.929+0200][226259.241s][info][gc,phases     ] GC(10704)   Post Evacuate Collection Set: 3.7ms
[2026-07-26T03:45:07.929+0200][226259.241s][info][gc,phases     ] GC(10704)   Other: 0.4ms
[2026-07-26T03:45:07.929+0200][226259.241s][info][gc,heap       ] GC(10704) Eden regions: 584->0(584)
[2026-07-26T03:45:07.929+0200][226259.241s][info][gc,heap       ] GC(10704) Survivor regions: 30->30(77)
[2026-07-26T03:45:07.929+0200][226259.241s][info][gc,heap       ] GC(10704) Old regions: 1283->1283
[2026-07-26T03:45:07.929+0200][226259.241s][info][gc,heap       ] GC(10704) Humongous regions: 16->16
[2026-07-26T03:45:07.929+0200][226259.242s][info][gc,metaspace  ] GC(10704) Metaspace: 923013K(1393280K)->923013K(1393280K) NonClass: 814367K(1265152K)->814367K(1265152K) Class: 108646K(128128K)->108646K(128128K)
[2026-07-26T03:45:07.929+0200][226259.242s][info][gc            ] GC(10704) Pause Young (Normal) (G1 Evacuation Pause) 1911M->1328M(2159M) 28.142ms
[2026-07-26T03:45:07.929+0200][226259.242s][info][gc,cpu        ] GC(10704) User=0.27s Sys=0.00s Real=0.03s
[2026-07-26T03:45:08.462+0200][226259.775s][info][gc,start      ] GC(10705) Pause Young (Normal) (G1 Evacuation Pause)
[2026-07-26T03:45:08.462+0200][226259.775s][info][gc,task       ] GC(10705) Using 13 workers of 13 for evacuation
[2026-07-26T03:45:08.491+0200][226259.803s][info][gc,phases     ] GC(10705)   Pre Evacuate Collection Set: 0.2ms
[2026-07-26T03:45:08.491+0200][226259.803s][info][gc,phases     ] GC(10705)   Evacuate Collection Set: 22.2ms
[2026-07-26T03:45:08.491+0200][226259.803s][info][gc,phases     ] GC(10705)   Post Evacuate Collection Set: 5.4ms
[2026-07-26T03:45:08.491+0200][226259.803s][info][gc,phases     ] GC(10705)   Other: 0.7ms
[2026-07-26T03:45:08.491+0200][226259.803s][info][gc,heap       ] GC(10705) Eden regions: 584->0(584)
[2026-07-26T03:45:08.491+0200][226259.803s][info][gc,heap       ] GC(10705) Survivor regions: 30->30(77)
[2026-07-26T03:45:08.491+0200][226259.803s][info][gc,heap       ] GC(10705) Old regions: 1283->1283
[2026-07-26T03:45:08.491+0200][226259.803s][info][gc,heap       ] GC(10705) Humongous regions: 16->16
[2026-07-26T03:45:08.491+0200][226259.803s][info][gc,metaspace  ] GC(10705) Metaspace: 923013K(1393280K)->923013K(1393280K) NonClass: 814367K(1265152K)->814367K(1265152K) Class: 108646K(128128K)->108646K(128128K)
[2026-07-26T03:45:08.491+0200][226259.804s][info][gc            ] GC(10705) Pause Young (Normal) (G1 Evacuation Pause) 1912M->1328M(2159M) 28.791ms
[2026-07-26T03:45:08.491+0200][226259.804s][info][gc,cpu        ] GC(10705) User=0.28s Sys=0.00s Real=0.03s
[2026-07-26T03:51:23.091+0200][226634.404s][info][gc,start      ] GC(10706) Pause Young (Normal) (G1 Evacuation Pause)
[2026-07-26T03:51:23.091+0200][226634.404s][info][gc,task       ] GC(10706) Using 13 workers of 13 for evacuation
[2026-07-26T03:51:23.136+0200][226634.449s][info][gc,phases     ] GC(10706)   Pre Evacuate Collection Set: 0.1ms
[2026-07-26T03:51:23.137+0200][226634.449s][info][gc,phases     ] GC(10706)   Evacuate Collection Set: 41.4ms
[2026-07-26T03:51:23.137+0200][226634.449s][info][gc,phases     ] GC(10706)   Post Evacuate Collection Set: 3.6ms
[2026-07-26T03:51:23.137+0200][226634.449s][info][gc,phases     ] GC(10706)   Other: 0.4ms
[2026-07-26T03:51:23.137+0200][226634.449s][info][gc,heap       ] GC(10706) Eden regions: 584->0(532)
[2026-07-26T03:51:23.137+0200][226634.449s][info][gc,heap       ] GC(10706) Survivor regions: 30->56(77)
[2026-07-26T03:51:23.137+0200][226634.449s][info][gc,heap       ] GC(10706) Old regions: 1283->1283
[2026-07-26T03:51:23.137+0200][226634.449s][info][gc,heap       ] GC(10706) Humongous regions: 16->16
[2026-07-26T03:51:23.137+0200][226634.449s][info][gc,metaspace  ] GC(10706) Metaspace: 923045K(1393280K)->923045K(1393280K) NonClass: 814394K(1265152K)->814394K(1265152K) Class: 108650K(128128K)->108650K(128128K)
[2026-07-26T03:51:23.137+0200][226634.449s][info][gc            ] GC(10706) Pause Young (Normal) (G1 Evacuation Pause) 1912M->1354M(2159M) 45.697ms
[2026-07-26T03:51:23.137+0200][226634.449s][info][gc,cpu        ] GC(10706) User=0.53s Sys=0.00s Real=0.05s
[2026-07-26T03:59:29.409+0200][227120.722s][info][gc,start      ] GC(10707) Pause Young (Normal) (G1 Evacuation Pause)
[2026-07-26T03:59:29.409+0200][227120.722s][info][gc,task       ] GC(10707) Using 13 workers of 13 for evacuation
[2026-07-26T03:59:29.455+0200][227120.768s][info][gc,phases     ] GC(10707)   Pre Evacuate Collection Set: 0.1ms
[2026-07-26T03:59:29.456+0200][227120.768s][info][gc,phases     ] GC(10707)   Evacuate Collection Set: 40.9ms
[2026-07-26T03:59:29.456+0200][227120.768s][info][gc,phases     ] GC(10707)   Post Evacuate Collection Set: 4.8ms
[2026-07-26T03:59:29.456+0200][227120.768s][info][gc,phases     ] GC(10707)   Other: 0.4ms
[2026-07-26T03:59:29.456+0200][227120.768s][info][gc,heap       ] GC(10707) Eden regions: 532->0(554)
[2026-07-26T03:59:29.456+0200][227120.768s][info][gc,heap       ] GC(10707) Survivor regions: 56->30(74)
[2026-07-26T03:59:29.456+0200][227120.768s][info][gc,heap       ] GC(10707) Old regions: 1283->1310
[2026-07-26T03:59:29.456+0200][227120.768s][info][gc,heap       ] GC(10707) Humongous regions: 16->16
[2026-07-26T03:59:29.456+0200][227120.768s][info][gc,metaspace  ] GC(10707) Metaspace: 923045K(1393280K)->923045K(1393280K) NonClass: 814394K(1265152K)->814394K(1265152K) Class: 108650K(128128K)->108650K(128128K)
[2026-07-26T03:59:29.456+0200][227120.768s][info][gc            ] GC(10707) Pause Young (Normal) (G1 Evacuation Pause) 1886M->1355M(2159M) 46.389ms
[2026-07-26T03:59:29.456+0200][227120.768s][info][gc,cpu        ] GC(10707) User=0.54s Sys=0.00s Real=0.05s
[2026-07-26T04:05:22.704+0200][227474.017s][info][gc,start      ] GC(10708) Pause Young (Normal) (G1 Evacuation Pause)
[2026-07-26T04:05:22.704+0200][227474.017s][info][gc,task       ] GC(10708) Using 13 workers of 13 for evacuation
[2026-07-26T04:05:22.737+0200][227474.050s][info][gc,phases     ] GC(10708)   Pre Evacuate Collection Set: 0.1ms
[2026-07-26T04:05:22.737+0200][227474.050s][info][gc,phases     ] GC(10708)   Evacuate Collection Set: 28.6ms
[2026-07-26T04:05:22.737+0200][227474.050s][info][gc,phases     ] GC(10708)   Post Evacuate Collection Set: 3.6ms
[2026-07-26T04:05:22.737+0200][227474.050s][info][gc,phases     ] GC(10708)   Other: 0.5ms
[2026-07-26T04:05:22.737+0200][227474.050s][info][gc,heap       ] GC(10708) Eden regions: 554->0(557)
[2026-07-26T04:05:22.737+0200][227474.050s][info][gc,heap       ] GC(10708) Survivor regions: 30->30(73)
[2026-07-26T04:05:22.737+0200][227474.050s][info][gc,heap       ] GC(10708) Old regions: 1310->1310
[2026-07-26T04:05:22.737+0200][227474.050s][info][gc,heap       ] GC(10708) Humongous regions: 16->16
[2026-07-26T04:05:22.737+0200][227474.050s][info][gc,metaspace  ] GC(10708) Metaspace: 923045K(1393280K)->923045K(1393280K) NonClass: 814394K(1265152K)->814394K(1265152K) Class: 108650K(128128K)->108650K(128128K)
[2026-07-26T04:05:22.737+0200][227474.050s][info][gc            ] GC(10708) Pause Young (Normal) (G1 Evacuation Pause) 1909M->1355M(2159M) 33.045ms
[2026-07-26T04:05:22.737+0200][227474.050s][info][gc,cpu        ] GC(10708) User=0.34s Sys=0.00s Real=0.03s
[2026-07-26T04:05:24.596+0200][227475.909s][info][gc,start      ] GC(10709) Pause Young (Normal) (G1 Evacuation Pause)
[2026-07-26T04:05:24.596+0200][227475.909s][info][gc,task       ] GC(10709) Using 13 workers of 13 for evacuation
[2026-07-26T04:05:24.631+0200][227475.944s][info][gc,phases     ] GC(10709)   Pre Evacuate Collection Set: 0.1ms
[2026-07-26T04:05:24.631+0200][227475.944s][info][gc,phases     ] GC(10709)   Evacuate Collection Set: 30.2ms
[2026-07-26T04:05:24.631+0200][227475.944s][info][gc,phases     ] GC(10709)   Post Evacuate Collection Set: 4.5ms
[2026-07-26T04:05:24.631+0200][227475.944s][info][gc,phases     ] GC(10709)   Other: 0.4ms
[2026-07-26T04:05:24.631+0200][227475.944s][info][gc,heap       ] GC(10709) Eden regions: 557->0(535)
[2026-07-26T04:05:24.631+0200][227475.944s][info][gc,heap       ] GC(10709) Survivor regions: 30->41(74)
[2026-07-26T04:05:24.631+0200][227475.944s][info][gc,heap       ] GC(10709) Old regions: 1310->1310
[2026-07-26T04:05:24.631+0200][227475.944s][info][gc,heap       ] GC(10709) Humongous regions: 16->16
[2026-07-26T04:05:24.631+0200][227475.944s][info][gc,metaspace  ] GC(10709) Metaspace: 923047K(1393280K)->923047K(1393280K) NonClass: 814396K(1265152K)->814396K(1265152K) Class: 108650K(128128K)->108650K(128128K)
[2026-07-26T04:05:24.631+0200][227475.944s][info][gc            ] GC(10709) Pause Young (Normal) (G1 Evacuation Pause) 1912M->1366M(2159M) 35.386ms
[2026-07-26T04:05:24.631+0200][227475.944s][info][gc,cpu        ] GC(10709) User=0.39s Sys=0.00s Real=0.03s
[2026-07-26T04:09:05.132+0200][227696.445s][info][gc,start      ] GC(10710) Pause Young (Normal) (G1 Evacuation Pause)
[2026-07-26T04:09:05.133+0200][227696.445s][info][gc,task       ] GC(10710) Using 13 workers of 13 for evacuation
[2026-07-26T04:09:05.168+0200][227696.480s][info][gc,phases     ] GC(10710)   Pre Evacuate Collection Set: 0.1ms
[2026-07-26T04:09:05.168+0200][227696.480s][info][gc,phases     ] GC(10710)   Evacuate Collection Set: 31.2ms
[2026-07-26T04:09:05.168+0200][227696.480s][info][gc,phases     ] GC(10710)   Post Evacuate Collection Set: 3.6ms
[2026-07-26T04:09:05.168+0200][227696.481s][info][gc,phases     ] GC(10710)   Other: 0.4ms
[2026-07-26T04:09:05.168+0200][227696.481s][info][gc,heap       ] GC(10710) Eden regions: 535->0(545)
[2026-07-26T04:09:05.168+0200][227696.481s][info][gc,heap       ] GC(10710) Survivor regions: 41->19(72)
[2026-07-26T04:09:05.168+0200][227696.481s][info][gc,heap       ] GC(10710) Old regions: 1310->1336
[2026-07-26T04:09:05.168+0200][227696.481s][info][gc,heap       ] GC(10710) Humongous regions: 16->16
[2026-07-26T04:09:05.168+0200][227696.481s][info][gc,metaspace  ] GC(10710) Metaspace: 923047K(1393280K)->923047K(1393280K) NonClass: 814396K(1265152K)->814396K(1265152K) Class: 108650K(128128K)->108650K(128128K)
[2026-07-26T04:09:05.168+0200][227696.481s][info][gc            ] GC(10710) Pause Young (Normal) (G1 Evacuation Pause) 1901M->1369M(2159M) 35.481ms
[2026-07-26T04:09:05.168+0200][227696.481s][info][gc,cpu        ] GC(10710) User=0.40s Sys=0.00s Real=0.04s
[2026-07-26T04:14:29.461+0200][228020.774s][info][gc,start      ] GC(10711) Pause Young (Normal) (G1 Evacuation Pause)
[2026-07-26T04:14:29.461+0200][228020.774s][info][gc,task       ] GC(10711) Using 13 workers of 13 for evacuation
[2026-07-26T04:14:29.474+0200][228020.787s][info][gc,phases     ] GC(10711)   Pre Evacuate Collection Set: 0.1ms
[2026-07-26T04:14:29.474+0200][228020.787s][info][gc,phases     ] GC(10711)   Evacuate Collection Set: 8.9ms
[2026-07-26T04:14:29.474+0200][228020.787s][info][gc,phases     ] GC(10711)   Post Evacuate Collection Set: 4.1ms
[2026-07-26T04:14:29.474+0200][228020.787s][info][gc,phases     ] GC(10711)   Other: 0.4ms
[2026-07-26T04:14:29.474+0200][228020.787s][info][gc,heap       ] GC(10711) Eden regions: 545->0(553)
[2026-07-26T04:14:29.474+0200][228020.787s][info][gc,heap       ] GC(10711) Survivor regions: 19->14(71)
[2026-07-26T04:14:29.474+0200][228020.787s][info][gc,heap       ] GC(10711) Old regions: 1336->1336
[2026-07-26T04:14:29.474+0200][228020.787s][info][gc,heap       ] GC(10711) Humongous regions: 16->16
[2026-07-26T04:14:29.474+0200][228020.787s][info][gc,metaspace  ] GC(10711) Metaspace: 923047K(1393280K)->923047K(1393280K) NonClass: 814396K(1265152K)->814396K(1265152K) Class: 108650K(128128K)->108650K(128128K)
[2026-07-26T04:14:29.475+0200][228020.787s][info][gc            ] GC(10711) Pause Young (Normal) (G1 Evacuation Pause) 1914M->1365M(2159M) 13.531ms
[2026-07-26T04:14:29.475+0200][228020.787s][info][gc,cpu        ] GC(10711) User=0.12s Sys=0.00s Real=0.02s
[2026-07-26T04:24:39.016+0200][228630.329s][info][gc,start      ] GC(10712) Pause Young (Normal) (G1 Evacuation Pause)
[2026-07-26T04:24:39.016+0200][228630.329s][info][gc,task       ] GC(10712) Using 13 workers of 13 for evacuation
[2026-07-26T04:24:39.029+0200][228630.341s][info][gc,phases     ] GC(10712)   Pre Evacuate Collection Set: 0.1ms
[2026-07-26T04:24:39.029+0200][228630.341s][info][gc,phases     ] GC(10712)   Evacuate Collection Set: 9.0ms
[2026-07-26T04:24:39.029+0200][228630.341s][info][gc,phases     ] GC(10712)   Post Evacuate Collection Set: 3.2ms
[2026-07-26T04:24:39.029+0200][228630.341s][info][gc,phases     ] GC(10712)   Other: 0.4ms
[2026-07-26T04:24:39.029+0200][228630.341s][info][gc,heap       ] GC(10712) Eden regions: 553->0(557)
[2026-07-26T04:24:39.029+0200][228630.341s][info][gc,heap       ] GC(10712) Survivor regions: 14->14(71)
[2026-07-26T04:24:39.029+0200][228630.341s][info][gc,heap       ] GC(10712) Old regions: 1336->1336
[2026-07-26T04:24:39.029+0200][228630.341s][info][gc,heap       ] GC(10712) Humongous regions: 16->16
[2026-07-26T04:24:39.029+0200][228630.341s][info][gc,metaspace  ] GC(10712) Metaspace: 923047K(1393280K)->923047K(1393280K) NonClass: 814396K(1265152K)->814396K(1265152K) Class: 108650K(128128K)->108650K(128128K)
[2026-07-26T04:24:39.029+0200][228630.341s][info][gc            ] GC(10712) Pause Young (Normal) (G1 Evacuation Pause) 1918M->1365M(2159M) 12.839ms
[2026-07-26T04:24:39.029+0200][228630.341s][info][gc,cpu        ] GC(10712) User=0.11s Sys=0.00s Real=0.01s
[2026-07-26T04:30:09.035+0200][228960.348s][info][gc,start      ] GC(10713) Pause Young (Normal) (G1 Evacuation Pause)
[2026-07-26T04:30:09.035+0200][228960.348s][info][gc,task       ] GC(10713) Using 13 workers of 13 for evacuation
[2026-07-26T04:30:09.052+0200][228960.365s][info][gc,phases     ] GC(10713)   Pre Evacuate Collection Set: 0.1ms
[2026-07-26T04:30:09.052+0200][228960.365s][info][gc,phases     ] GC(10713)   Evacuate Collection Set: 11.5ms
[2026-07-26T04:30:09.052+0200][228960.365s][info][gc,phases     ] GC(10713)   Post Evacuate Collection Set: 4.8ms
[2026-07-26T04:30:09.052+0200][228960.365s][info][gc,phases     ] GC(10713)   Other: 0.6ms
[2026-07-26T04:30:09.052+0200][228960.365s][info][gc,heap       ] GC(10713) Eden regions: 557->0(560)
[2026-07-26T04:30:09.052+0200][228960.365s][info][gc,heap       ] GC(10713) Survivor regions: 14->14(72)
[2026-07-26T04:30:09.052+0200][228960.365s][info][gc,heap       ] GC(10713) Old regions: 1336->1336
[2026-07-26T04:30:09.052+0200][228960.365s][info][gc,heap       ] GC(10713) Humongous regions: 16->16
[2026-07-26T04:30:09.052+0200][228960.365s][info][gc,metaspace  ] GC(10713) Metaspace: 923047K(1393280K)->923047K(1393280K) NonClass: 814396K(1265152K)->814396K(1265152K) Class: 108650K(128128K)->108650K(128128K)
[2026-07-26T04:30:09.052+0200][228960.365s][info][gc            ] GC(10713) Pause Young (Normal) (G1 Evacuation Pause) 1922M->1364M(2159M) 17.265ms
[2026-07-26T04:30:09.052+0200][228960.365s][info][gc,cpu        ] GC(10713) User=0.13s Sys=0.00s Real=0.01s
[2026-07-26T04:42:36.419+0200][229707.731s][info][gc,start      ] GC(10714) Pause Young (Normal) (G1 Evacuation Pause)
[2026-07-26T04:42:36.419+0200][229707.731s][info][gc,task       ] GC(10714) Using 13 workers of 13 for evacuation
[2026-07-26T04:42:36.432+0200][229707.745s][info][gc,phases     ] GC(10714)   Pre Evacuate Collection Set: 0.1ms
[2026-07-26T04:42:36.432+0200][229707.745s][info][gc,phases     ] GC(10714)   Evacuate Collection Set: 10.3ms
[2026-07-26T04:42:36.432+0200][229707.745s][info][gc,phases     ] GC(10714)   Post Evacuate Collection Set: 3.0ms
[2026-07-26T04:42:36.432+0200][229707.745s][info][gc,phases     ] GC(10714)   Other: 0.5ms
[2026-07-26T04:42:36.433+0200][229707.745s][info][gc,heap       ] GC(10714) Eden regions: 560->0(564)
[2026-07-26T04:42:36.433+0200][229707.745s][info][gc,heap       ] GC(10714) Survivor regions: 14->13(72)
[2026-07-26T04:42:36.433+0200][229707.745s][info][gc,heap       ] GC(10714) Old regions: 1336->1336
[2026-07-26T04:42:36.433+0200][229707.745s][info][gc,heap       ] GC(10714) Humongous regions: 16->16
[2026-07-26T04:42:36.433+0200][229707.745s][info][gc,metaspace  ] GC(10714) Metaspace: 923047K(1393280K)->923047K(1393280K) NonClass: 814396K(1265152K)->814396K(1265152K) Class: 108650K(128128K)->108650K(128128K)
[2026-07-26T04:42:36.433+0200][229707.745s][info][gc            ] GC(10714) Pause Young (Normal) (G1 Evacuation Pause) 1924M->1364M(2159M) 14.138ms
[2026-07-26T04:42:36.433+0200][229707.745s][info][gc,cpu        ] GC(10714) User=0.13s Sys=0.00s Real=0.01s
[2026-07-26T04:48:29.112+0200][230060.425s][info][gc,start      ] GC(10715) Pause Young (Normal) (G1 Evacuation Pause)
[2026-07-26T04:48:29.112+0200][230060.425s][info][gc,task       ] GC(10715) Using 13 workers of 13 for evacuation
[2026-07-26T04:48:29.128+0200][230060.441s][info][gc,phases     ] GC(10715)   Pre Evacuate Collection Set: 0.1ms
[2026-07-26T04:48:29.128+0200][230060.441s][info][gc,phases     ] GC(10715)   Evacuate Collection Set: 10.0ms
[2026-07-26T04:48:29.128+0200][230060.441s][info][gc,phases     ] GC(10715)   Post Evacuate Collection Set: 5.4ms
[2026-07-26T04:48:29.128+0200][230060.441s][info][gc,phases     ] GC(10715)   Other: 0.4ms
[2026-07-26T04:48:29.128+0200][230060.441s][info][gc,heap       ] GC(10715) Eden regions: 564->0(565)
[2026-07-26T04:48:29.128+0200][230060.441s][info][gc,heap       ] GC(10715) Survivor regions: 13->13(73)
[2026-07-26T04:48:29.128+0200][230060.441s][info][gc,heap       ] GC(10715) Old regions: 1336->1336
[2026-07-26T04:48:29.128+0200][230060.441s][info][gc,heap       ] GC(10715) Humongous regions: 16->16
[2026-07-26T04:48:29.128+0200][230060.441s][info][gc,metaspace  ] GC(10715) Metaspace: 923047K(1393280K)->923047K(1393280K) NonClass: 814396K(1265152K)->814396K(1265152K) Class: 108650K(128128K)->108650K(128128K)
[2026-07-26T04:48:29.128+0200][230060.441s][info][gc            ] GC(10715) Pause Young (Normal) (G1 Evacuation Pause) 1928M->1364M(2159M) 15.993ms
[2026-07-26T04:48:29.128+0200][230060.441s][info][gc,cpu        ] GC(10715) User=0.12s Sys=0.02s Real=0.02s
[2026-07-26T04:59:29.191+0200][230720.504s][info][gc,start      ] GC(10716) Pause Young (Normal) (G1 Evacuation Pause)
[2026-07-26T04:59:29.191+0200][230720.504s][info][gc,task       ] GC(10716) Using 13 workers of 13 for evacuation
[2026-07-26T04:59:29.204+0200][230720.516s][info][gc,phases     ] GC(10716)   Pre Evacuate Collection Set: 0.1ms
[2026-07-26T04:59:29.204+0200][230720.517s][info][gc,phases     ] GC(10716)   Evacuate Collection Set: 8.6ms
[2026-07-26T04:59:29.204+0200][230720.517s][info][gc,phases     ] GC(10716)   Post Evacuate Collection Set: 3.8ms
[2026-07-26T04:59:29.204+0200][230720.517s][info][gc,phases     ] GC(10716)   Other: 0.4ms
[2026-07-26T04:59:29.204+0200][230720.517s][info][gc,heap       ] GC(10716) Eden regions: 565->0(563)
[2026-07-26T04:59:29.204+0200][230720.517s][info][gc,heap       ] GC(10716) Survivor regions: 13->14(73)
[2026-07-26T04:59:29.204+0200][230720.517s][info][gc,heap       ] GC(10716) Old regions: 1336->1336
[2026-07-26T04:59:29.204+0200][230720.517s][info][gc,heap       ] GC(10716) Humongous regions: 16->16
[2026-07-26T04:59:29.204+0200][230720.517s][info][gc,metaspace  ] GC(10716) Metaspace: 923047K(1393280K)->923047K(1393280K) NonClass: 814396K(1265152K)->814396K(1265152K) Class: 108650K(128128K)->108650K(128128K)
[2026-07-26T04:59:29.204+0200][230720.517s][info][gc            ] GC(10716) Pause Young (Normal) (G1 Evacuation Pause) 1929M->1364M(2159M) 13.064ms
[2026-07-26T04:59:29.204+0200][230720.517s][info][gc,cpu        ] GC(10716) User=0.11s Sys=0.00s Real=0.02s
[2026-07-26T05:06:43.577+0200][231154.890s][info][gc,start      ] GC(10717) Pause Young (Normal) (G1 Evacuation Pause)
[2026-07-26T05:06:43.578+0200][231154.890s][info][gc,task       ] GC(10717) Using 13 workers of 13 for evacuation
[2026-07-26T05:06:43.591+0200][231154.904s][info][gc,phases     ] GC(10717)   Pre Evacuate Collection Set: 0.1ms
[2026-07-26T05:06:43.591+0200][231154.904s][info][gc,phases     ] GC(10717)   Evacuate Collection Set: 10.1ms
[2026-07-26T05:06:43.591+0200][231154.904s][info][gc,phases     ] GC(10717)   Post Evacuate Collection Set: 3.1ms
[2026-07-26T05:06:43.591+0200][231154.904s][info][gc,phases     ] GC(10717)   Other: 0.4ms
[2026-07-26T05:06:43.591+0200][231154.904s][info][gc,heap       ] GC(10717) Eden regions: 563->0(565)
[2026-07-26T05:06:43.591+0200][231154.904s][info][gc,heap       ] GC(10717) Survivor regions: 14->13(73)
[2026-07-26T05:06:43.591+0200][231154.904s][info][gc,heap       ] GC(10717) Old regions: 1336->1336
[2026-07-26T05:06:43.591+0200][231154.904s][info][gc,heap       ] GC(10717) Humongous regions: 16->16
[2026-07-26T05:06:43.591+0200][231154.904s][info][gc,metaspace  ] GC(10717) Metaspace: 923047K(1393280K)->923047K(1393280K) NonClass: 814396K(1265152K)->814396K(1265152K) Class: 108650K(128128K)->108650K(128128K)
[2026-07-26T05:06:43.591+0200][231154.904s][info][gc            ] GC(10717) Pause Young (Normal) (G1 Evacuation Pause) 1927M->1364M(2159M) 13.818ms
[2026-07-26T05:06:43.591+0200][231154.904s][info][gc,cpu        ] GC(10717) User=0.12s Sys=0.00s Real=0.01s
[2026-07-26T05:08:57.683+0200][231288.995s][info][gc,start      ] GC(10718) Pause Young (Normal) (G1 Evacuation Pause)
[2026-07-26T05:08:57.683+0200][231288.996s][info][gc,task       ] GC(10718) Using 13 workers of 13 for evacuation
[2026-07-26T05:08:57.697+0200][231289.010s][info][gc,phases     ] GC(10718)   Pre Evacuate Collection Set: 0.1ms
[2026-07-26T05:08:57.697+0200][231289.010s][info][gc,phases     ] GC(10718)   Evacuate Collection Set: 9.2ms
[2026-07-26T05:08:57.697+0200][231289.010s][info][gc,phases     ] GC(10718)   Post Evacuate Collection Set: 4.7ms
[2026-07-26T05:08:57.697+0200][231289.010s][info][gc,phases     ] GC(10718)   Other: 0.5ms
[2026-07-26T05:08:57.697+0200][231289.010s][info][gc,heap       ] GC(10718) Eden regions: 565->0(561)
[2026-07-26T05:08:57.697+0200][231289.010s][info][gc,heap       ] GC(10718) Survivor regions: 13->15(73)
[2026-07-26T05:08:57.697+0200][231289.010s][info][gc,heap       ] GC(10718) Old regions: 1336->1336
[2026-07-26T05:08:57.697+0200][231289.010s][info][gc,heap       ] GC(10718) Humongous regions: 16->16
[2026-07-26T05:08:57.697+0200][231289.010s][info][gc,metaspace  ] GC(10718) Metaspace: 923047K(1393280K)->923047K(1393280K) NonClass: 814396K(1265152K)->814396K(1265152K) Class: 108650K(128128K)->108650K(128128K)
[2026-07-26T05:08:57.697+0200][231289.010s][info][gc            ] GC(10718) Pause Young (Normal) (G1 Evacuation Pause) 1929M->1365M(2159M) 14.527ms
[2026-07-26T05:08:57.697+0200][231289.010s][info][gc,cpu        ] GC(10718) User=0.12s Sys=0.00s Real=0.02s
[2026-07-26T05:14:29.282+0200][231620.595s][info][gc,start      ] GC(10719) Pause Young (Normal) (G1 Evacuation Pause)
[2026-07-26T05:14:29.282+0200][231620.595s][info][gc,task       ] GC(10719) Using 13 workers of 13 for evacuation
[2026-07-26T05:14:29.297+0200][231620.610s][info][gc,phases     ] GC(10719)   Pre Evacuate Collection Set: 0.1ms
[2026-07-26T05:14:29.297+0200][231620.610s][info][gc,phases     ] GC(10719)   Evacuate Collection Set: 10.1ms
[2026-07-26T05:14:29.297+0200][231620.610s][info][gc,phases     ] GC(10719)   Post Evacuate Collection Set: 4.2ms
[2026-07-26T05:14:29.297+0200][231620.610s][info][gc,phases     ] GC(10719)   Other: 0.4ms
[2026-07-26T05:14:29.297+0200][231620.610s][info][gc,heap       ] GC(10719) Eden regions: 561->0(563)
[2026-07-26T05:14:29.297+0200][231620.610s][info][gc,heap       ] GC(10719) Survivor regions: 15->14(72)
[2026-07-26T05:14:29.297+0200][231620.610s][info][gc,heap       ] GC(10719) Old regions: 1336->1336
[2026-07-26T05:14:29.297+0200][231620.610s][info][gc,heap       ] GC(10719) Humongous regions: 16->16
[2026-07-26T05:14:29.297+0200][231620.610s][info][gc,metaspace  ] GC(10719) Metaspace: 923047K(1393280K)->923047K(1393280K) NonClass: 814396K(1265152K)->814396K(1265152K) Class: 108650K(128128K)->108650K(128128K)
[2026-07-26T05:14:29.297+0200][231620.610s][info][gc            ] GC(10719) Pause Young (Normal) (G1 Evacuation Pause) 1926M->1365M(2159M) 14.826ms
[2026-07-26T05:14:29.297+0200][231620.610s][info][gc,cpu        ] GC(10719) User=0.11s Sys=0.02s Real=0.02s
[2026-07-26T05:22:59.053+0200][232130.366s][info][gc,start      ] GC(10720) Pause Young (Normal) (G1 Evacuation Pause)
[2026-07-26T05:22:59.053+0200][232130.366s][info][gc,task       ] GC(10720) Using 13 workers of 13 for evacuation
[2026-07-26T05:22:59.067+0200][232130.380s][info][gc,phases     ] GC(10720)   Pre Evacuate Collection Set: 0.1ms
[2026-07-26T05:22:59.067+0200][232130.380s][info][gc,phases     ] GC(10720)   Evacuate Collection Set: 10.0ms
[2026-07-26T05:22:59.067+0200][232130.380s][info][gc,phases     ] GC(10720)   Post Evacuate Collection Set: 3.2ms
[2026-07-26T05:22:59.067+0200][232130.380s][info][gc,phases     ] GC(10720)   Other: 0.4ms
[2026-07-26T05:22:59.067+0200][232130.380s][info][gc,heap       ] GC(10720) Eden regions: 563->0(561)
[2026-07-26T05:22:59.067+0200][232130.380s][info][gc,heap       ] GC(10720) Survivor regions: 14->15(73)
[2026-07-26T05:22:59.067+0200][232130.380s][info][gc,heap       ] GC(10720) Old regions: 1336->1336
[2026-07-26T05:22:59.067+0200][232130.380s][info][gc,heap       ] GC(10720) Humongous regions: 16->16
[2026-07-26T05:22:59.067+0200][232130.380s][info][gc,metaspace  ] GC(10720) Metaspace: 923047K(1393280K)->923047K(1393280K) NonClass: 814396K(1265152K)->814396K(1265152K) Class: 108650K(128128K)->108650K(128128K)
[2026-07-26T05:22:59.067+0200][232130.380s][info][gc            ] GC(10720) Pause Young (Normal) (G1 Evacuation Pause) 1928M->1365M(2159M) 13.781ms
[2026-07-26T05:22:59.067+0200][232130.380s][info][gc,cpu        ] GC(10720) User=0.12s Sys=0.00s Real=0.01s
[2026-07-26T05:29:29.543+0200][232520.855s][info][gc,start      ] GC(10721) Pause Young (Normal) (G1 Evacuation Pause)
[2026-07-26T05:29:29.543+0200][232520.855s][info][gc,task       ] GC(10721) Using 13 workers of 13 for evacuation
[2026-07-26T05:29:29.557+0200][232520.870s][info][gc,phases     ] GC(10721)   Pre Evacuate Collection Set: 0.1ms
[2026-07-26T05:29:29.557+0200][232520.870s][info][gc,phases     ] GC(10721)   Evacuate Collection Set: 9.7ms
[2026-07-26T05:29:29.557+0200][232520.870s][info][gc,phases     ] GC(10721)   Post Evacuate Collection Set: 4.1ms
[2026-07-26T05:29:29.557+0200][232520.870s][info][gc,phases     ] GC(10721)   Other: 0.5ms
[2026-07-26T05:29:29.557+0200][232520.870s][info][gc,heap       ] GC(10721) Eden regions: 561->0(561)
[2026-07-26T05:29:29.557+0200][232520.870s][info][gc,heap       ] GC(10721) Survivor regions: 15->15(72)
[2026-07-26T05:29:29.557+0200][232520.870s][info][gc,heap       ] GC(10721) Old regions: 1336->1336
[2026-07-26T05:29:29.557+0200][232520.870s][info][gc,heap       ] GC(10721) Humongous regions: 16->16
[2026-07-26T05:29:29.557+0200][232520.870s][info][gc,metaspace  ] GC(10721) Metaspace: 923047K(1393280K)->923047K(1393280K) NonClass: 814396K(1265152K)->814396K(1265152K) Class: 108650K(128128K)->108650K(128128K)
[2026-07-26T05:29:29.557+0200][232520.870s][info][gc            ] GC(10721) Pause Young (Normal) (G1 Evacuation Pause) 1926M->1365M(2159M) 14.488ms
[2026-07-26T05:29:29.557+0200][232520.870s][info][gc,cpu        ] GC(10721) User=0.12s Sys=0.00s Real=0.02s
[2026-07-26T05:36:12.754+0200][232924.067s][info][gc,start      ] GC(10722) Pause Young (Normal) (G1 Evacuation Pause)
[2026-07-26T05:36:12.754+0200][232924.067s][info][gc,task       ] GC(10722) Using 13 workers of 13 for evacuation
[2026-07-26T05:36:12.774+0200][232924.087s][info][gc,phases     ] GC(10722)   Pre Evacuate Collection Set: 0.2ms
[2026-07-26T05:36:12.774+0200][232924.087s][info][gc,phases     ] GC(10722)   Evacuate Collection Set: 14.0ms
[2026-07-26T05:36:12.774+0200][232924.087s][info][gc,phases     ] GC(10722)   Post Evacuate Collection Set: 5.0ms
[2026-07-26T05:36:12.774+0200][232924.087s][info][gc,phases     ] GC(10722)   Other: 0.6ms
[2026-07-26T05:36:12.774+0200][232924.087s][info][gc,heap       ] GC(10722) Eden regions: 561->0(549)
[2026-07-26T05:36:12.774+0200][232924.087s][info][gc,heap       ] GC(10722) Survivor regions: 15->21(72)
[2026-07-26T05:36:12.774+0200][232924.087s][info][gc,heap       ] GC(10722) Old regions: 1336->1336
[2026-07-26T05:36:12.774+0200][232924.087s][info][gc,heap       ] GC(10722) Humongous regions: 16->16
[2026-07-26T05:36:12.774+0200][232924.087s][info][gc,metaspace  ] GC(10722) Metaspace: 923047K(1393280K)->923047K(1393280K) NonClass: 814396K(1265152K)->814396K(1265152K) Class: 108650K(128128K)->108650K(128128K)
[2026-07-26T05:36:12.774+0200][232924.087s][info][gc            ] GC(10722) Pause Young (Normal) (G1 Evacuation Pause) 1926M->1372M(2159M) 20.025ms
[2026-07-26T05:36:12.774+0200][232924.087s][info][gc,cpu        ] GC(10722) User=0.18s Sys=0.00s Real=0.02s
[2026-07-26T05:36:13.692+0200][232925.005s][info][gc,start      ] GC(10723) Pause Young (Normal) (G1 Evacuation Pause)
[2026-07-26T05:36:13.692+0200][232925.005s][info][gc,task       ] GC(10723) Using 13 workers of 13 for evacuation
[2026-07-26T05:36:13.709+0200][232925.022s][info][gc,phases     ] GC(10723)   Pre Evacuate Collection Set: 0.1ms
[2026-07-26T05:36:13.709+0200][232925.022s][info][gc,phases     ] GC(10723)   Evacuate Collection Set: 12.9ms
[2026-07-26T05:36:13.709+0200][232925.022s][info][gc,phases     ] GC(10723)   Post Evacuate Collection Set: 3.5ms
[2026-07-26T05:36:13.709+0200][232925.022s][info][gc,phases     ] GC(10723)   Other: 0.3ms
[2026-07-26T05:36:13.709+0200][232925.022s][info][gc,heap       ] GC(10723) Eden regions: 549->0(554)
[2026-07-26T05:36:13.709+0200][232925.022s][info][gc,heap       ] GC(10723) Survivor regions: 21->18(72)
[2026-07-26T05:36:13.709+0200][232925.022s][info][gc,heap       ] GC(10723) Old regions: 1336->1337
[2026-07-26T05:36:13.709+0200][232925.022s][info][gc,heap       ] GC(10723) Humongous regions: 16->16
[2026-07-26T05:36:13.709+0200][232925.022s][info][gc,metaspace  ] GC(10723) Metaspace: 923047K(1393280K)->923047K(1393280K) NonClass: 814396K(1265152K)->814396K(1265152K) Class: 108650K(128128K)->108650K(128128K)
[2026-07-26T05:36:13.709+0200][232925.022s][info][gc            ] GC(10723) Pause Young (Normal) (G1 Evacuation Pause) 1921M->1370M(2159M) 16.973ms
[2026-07-26T05:36:13.709+0200][232925.022s][info][gc,cpu        ] GC(10723) User=0.15s Sys=0.00s Real=0.02s
[2026-07-26T05:36:18.960+0200][232930.273s][info][gc,start      ] GC(10724) Pause Young (Normal) (G1 Evacuation Pause)
[2026-07-26T05:36:18.960+0200][232930.273s][info][gc,task       ] GC(10724) Using 13 workers of 13 for evacuation
[2026-07-26T05:36:18.976+0200][232930.289s][info][gc,phases     ] GC(10724)   Pre Evacuate Collection Set: 0.1ms
[2026-07-26T05:36:18.976+0200][232930.289s][info][gc,phases     ] GC(10724)   Evacuate Collection Set: 11.1ms
[2026-07-26T05:36:18.976+0200][232930.289s][info][gc,phases     ] GC(10724)   Post Evacuate Collection Set: 4.0ms
[2026-07-26T05:36:18.976+0200][232930.289s][info][gc,phases     ] GC(10724)   Other: 0.4ms
[2026-07-26T05:36:18.976+0200][232930.289s][info][gc,heap       ] GC(10724) Eden regions: 554->0(557)
[2026-07-26T05:36:18.976+0200][232930.289s][info][gc,heap       ] GC(10724) Survivor regions: 18->9(72)
[2026-07-26T05:36:18.976+0200][232930.289s][info][gc,heap       ] GC(10724) Old regions: 1337->1347
[2026-07-26T05:36:18.976+0200][232930.289s][info][gc,heap       ] GC(10724) Humongous regions: 16->16
[2026-07-26T05:36:18.976+0200][232930.289s][info][gc,metaspace  ] GC(10724) Metaspace: 923047K(1393280K)->923047K(1393280K) NonClass: 814396K(1265152K)->814396K(1265152K) Class: 108650K(128128K)->108650K(128128K)
[2026-07-26T05:36:18.976+0200][232930.289s][info][gc            ] GC(10724) Pause Young (Normal) (G1 Evacuation Pause) 1924M->1370M(2159M) 15.773ms
[2026-07-26T05:36:18.976+0200][232930.289s][info][gc,cpu        ] GC(10724) User=0.15s Sys=0.00s Real=0.02s
[2026-07-26T05:38:18.028+0200][233049.340s][info][gc,start      ] GC(10725) Pause Young (Normal) (G1 Evacuation Pause)
[2026-07-26T05:38:18.028+0200][233049.340s][info][gc,task       ] GC(10725) Using 13 workers of 13 for evacuation
[2026-07-26T05:38:18.037+0200][233049.349s][info][gc,phases     ] GC(10725)   Pre Evacuate Collection Set: 0.1ms
[2026-07-26T05:38:18.037+0200][233049.349s][info][gc,phases     ] GC(10725)   Evacuate Collection Set: 4.2ms
[2026-07-26T05:38:18.037+0200][233049.349s][info][gc,phases     ] GC(10725)   Post Evacuate Collection Set: 4.2ms
[2026-07-26T05:38:18.037+0200][233049.349s][info][gc,phases     ] GC(10725)   Other: 0.4ms
[2026-07-26T05:38:18.037+0200][233049.349s][info][gc,heap       ] GC(10725) Eden regions: 557->0(565)
[2026-07-26T05:38:18.037+0200][233049.349s][info][gc,heap       ] GC(10725) Survivor regions: 9->3(71)
[2026-07-26T05:38:18.037+0200][233049.349s][info][gc,heap       ] GC(10725) Old regions: 1347->1348
[2026-07-26T05:38:18.037+0200][233049.349s][info][gc,heap       ] GC(10725) Humongous regions: 16->16
[2026-07-26T05:38:18.037+0200][233049.349s][info][gc,metaspace  ] GC(10725) Metaspace: 923047K(1393280K)->923047K(1393280K) NonClass: 814396K(1265152K)->814396K(1265152K) Class: 108650K(128128K)->108650K(128128K)
[2026-07-26T05:38:18.037+0200][233049.349s][info][gc            ] GC(10725) Pause Young (Normal) (G1 Evacuation Pause) 1927M->1366M(2159M) 9.138ms
[2026-07-26T05:38:18.037+0200][233049.350s][info][gc,cpu        ] GC(10725) User=0.05s Sys=0.00s Real=0.01s
[2026-07-26T05:44:29.398+0200][233420.711s][info][gc,start      ] GC(10726) Pause Young (Normal) (G1 Evacuation Pause)
[2026-07-26T05:44:29.399+0200][233420.711s][info][gc,task       ] GC(10726) Using 13 workers of 13 for evacuation
[2026-07-26T05:44:29.409+0200][233420.721s][info][gc,phases     ] GC(10726)   Pre Evacuate Collection Set: 0.1ms
[2026-07-26T05:44:29.409+0200][233420.721s][info][gc,phases     ] GC(10726)   Evacuate Collection Set: 4.1ms
[2026-07-26T05:44:29.409+0200][233420.721s][info][gc,phases     ] GC(10726)   Post Evacuate Collection Set: 5.7ms
[2026-07-26T05:44:29.409+0200][233420.722s][info][gc,phases     ] GC(10726)   Other: 0.4ms
[2026-07-26T05:44:29.409+0200][233420.722s][info][gc,heap       ] GC(10726) Eden regions: 565->0(567)
[2026-07-26T05:44:29.409+0200][233420.722s][info][gc,heap       ] GC(10726) Survivor regions: 3->2(71)
[2026-07-26T05:44:29.409+0200][233420.722s][info][gc,heap       ] GC(10726) Old regions: 1348->1348
[2026-07-26T05:44:29.409+0200][233420.722s][info][gc,heap       ] GC(10726) Humongous regions: 16->16
[2026-07-26T05:44:29.409+0200][233420.722s][info][gc,metaspace  ] GC(10726) Metaspace: 923047K(1393280K)->923047K(1393280K) NonClass: 814396K(1265152K)->814396K(1265152K) Class: 108650K(128128K)->108650K(128128K)
[2026-07-26T05:44:29.409+0200][233420.722s][info][gc            ] GC(10726) Pause Young (Normal) (G1 Evacuation Pause) 1931M->1365M(2159M) 10.461ms
[2026-07-26T05:44:29.409+0200][233420.722s][info][gc,cpu        ] GC(10726) User=0.02s Sys=0.03s Real=0.01s
[2026-07-26T05:53:50.487+0200][233981.799s][info][gc,start      ] GC(10727) Pause Young (Normal) (G1 Evacuation Pause)
[2026-07-26T05:53:50.487+0200][233981.799s][info][gc,task       ] GC(10727) Using 13 workers of 13 for evacuation
[2026-07-26T05:53:50.494+0200][233981.807s][info][gc,phases     ] GC(10727)   Pre Evacuate Collection Set: 0.1ms
[2026-07-26T05:53:50.494+0200][233981.807s][info][gc,phases     ] GC(10727)   Evacuate Collection Set: 4.0ms
[2026-07-26T05:53:50.494+0200][233981.807s][info][gc,phases     ] GC(10727)   Post Evacuate Collection Set: 2.9ms
[2026-07-26T05:53:50.494+0200][233981.807s][info][gc,phases     ] GC(10727)   Other: 0.4ms
[2026-07-26T05:53:50.494+0200][233981.807s][info][gc,heap       ] GC(10727) Eden regions: 567->0(569)
[2026-07-26T05:53:50.494+0200][233981.807s][info][gc,heap       ] GC(10727) Survivor regions: 2->2(72)
[2026-07-26T05:53:50.494+0200][233981.807s][info][gc,heap       ] GC(10727) Old regions: 1348->1348
[2026-07-26T05:53:50.494+0200][233981.807s][info][gc,heap       ] GC(10727) Humongous regions: 16->16
[2026-07-26T05:53:50.494+0200][233981.807s][info][gc,metaspace  ] GC(10727) Metaspace: 923047K(1393280K)->923047K(1393280K) NonClass: 814396K(1265152K)->814396K(1265152K) Class: 108650K(128128K)->108650K(128128K)
[2026-07-26T05:53:50.494+0200][233981.807s][info][gc            ] GC(10727) Pause Young (Normal) (G1 Evacuation Pause) 1932M->1364M(2159M) 7.522ms
[2026-07-26T05:53:50.494+0200][233981.807s][info][gc,cpu        ] GC(10727) User=0.04s Sys=0.00s Real=0.01s
[2026-07-26T05:59:29.526+0200][234320.838s][info][gc,start      ] GC(10728) Pause Young (Normal) (G1 Evacuation Pause)
[2026-07-26T05:59:29.526+0200][234320.839s][info][gc,task       ] GC(10728) Using 13 workers of 13 for evacuation
[2026-07-26T05:59:29.534+0200][234320.847s][info][gc,phases     ] GC(10728)   Pre Evacuate Collection Set: 0.1ms
[2026-07-26T05:59:29.534+0200][234320.847s][info][gc,phases     ] GC(10728)   Evacuate Collection Set: 4.0ms
[2026-07-26T05:59:29.534+0200][234320.847s][info][gc,phases     ] GC(10728)   Post Evacuate Collection Set: 4.0ms
[2026-07-26T05:59:29.534+0200][234320.847s][info][gc,phases     ] GC(10728)   Other: 0.4ms
[2026-07-26T05:59:29.534+0200][234320.847s][info][gc,heap       ] GC(10728) Eden regions: 569->0(570)
[2026-07-26T05:59:29.534+0200][234320.847s][info][gc,heap       ] GC(10728) Survivor regions: 2->2(72)
[2026-07-26T05:59:29.534+0200][234320.847s][info][gc,heap       ] GC(10728) Old regions: 1348->1348
[2026-07-26T05:59:29.534+0200][234320.847s][info][gc,heap       ] GC(10728) Humongous regions: 16->16
[2026-07-26T05:59:29.534+0200][234320.847s][info][gc,metaspace  ] GC(10728) Metaspace: 923047K(1393280K)->923047K(1393280K) NonClass: 814396K(1265152K)->814396K(1265152K) Class: 108650K(128128K)->108650K(128128K)
[2026-07-26T05:59:29.534+0200][234320.847s][info][gc            ] GC(10728) Pause Young (Normal) (G1 Evacuation Pause) 1933M->1365M(2159M) 8.656ms
[2026-07-26T05:59:29.534+0200][234320.847s][info][gc,cpu        ] GC(10728) User=0.05s Sys=0.01s Real=0.01s
[2026-07-26T06:05:03.309+0200][234654.621s][info][gc,start      ] GC(10729) Pause Young (Normal) (G1 Evacuation Pause)
[2026-07-26T06:05:03.309+0200][234654.621s][info][gc,task       ] GC(10729) Using 13 workers of 13 for evacuation
[2026-07-26T06:05:03.321+0200][234654.634s][info][gc,phases     ] GC(10729)   Pre Evacuate Collection Set: 0.1ms
[2026-07-26T06:05:03.321+0200][234654.634s][info][gc,phases     ] GC(10729)   Evacuate Collection Set: 7.1ms
[2026-07-26T06:05:03.321+0200][234654.634s][info][gc,phases     ] GC(10729)   Post Evacuate Collection Set: 4.8ms
[2026-07-26T06:05:03.321+0200][234654.634s][info][gc,phases     ] GC(10729)   Other: 0.4ms
[2026-07-26T06:05:03.321+0200][234654.634s][info][gc,heap       ] GC(10729) Eden regions: 570->0(559)
[2026-07-26T06:05:03.321+0200][234654.634s][info][gc,heap       ] GC(10729) Survivor regions: 2->8(72)
[2026-07-26T06:05:03.321+0200][234654.634s][info][gc,heap       ] GC(10729) Old regions: 1348->1348
[2026-07-26T06:05:03.321+0200][234654.634s][info][gc,heap       ] GC(10729) Humongous regions: 16->16
[2026-07-26T06:05:03.321+0200][234654.634s][info][gc,metaspace  ] GC(10729) Metaspace: 923047K(1393280K)->923047K(1393280K) NonClass: 814396K(1265152K)->814396K(1265152K) Class: 108650K(128128K)->108650K(128128K)
[2026-07-26T06:05:03.321+0200][234654.634s][info][gc            ] GC(10729) Pause Young (Normal) (G1 Evacuation Pause) 1935M->1370M(2159M) 12.620ms
[2026-07-26T06:05:03.321+0200][234654.634s][info][gc,cpu        ] GC(10729) User=0.09s Sys=0.00s Real=0.01s
[2026-07-26T06:05:04.184+0200][234655.497s][info][gc,start      ] GC(10730) Pause Young (Normal) (G1 Evacuation Pause)
[2026-07-26T06:05:04.184+0200][234655.497s][info][gc,task       ] GC(10730) Using 13 workers of 13 for evacuation
[2026-07-26T06:05:04.198+0200][234655.511s][info][gc,phases     ] GC(10730)   Pre Evacuate Collection Set: 0.2ms
[2026-07-26T06:05:04.198+0200][234655.511s][info][gc,phases     ] GC(10730)   Evacuate Collection Set: 5.1ms
[2026-07-26T06:05:04.198+0200][234655.511s][info][gc,phases     ] GC(10730)   Post Evacuate Collection Set: 8.0ms
[2026-07-26T06:05:04.198+0200][234655.511s][info][gc,phases     ] GC(10730)   Other: 0.7ms
[2026-07-26T06:05:04.198+0200][234655.511s][info][gc,heap       ] GC(10730) Eden regions: 559->0(562)
[2026-07-26T06:05:04.198+0200][234655.511s][info][gc,heap       ] GC(10730) Survivor regions: 8->5(71)
[2026-07-26T06:05:04.198+0200][234655.511s][info][gc,heap       ] GC(10730) Old regions: 1348->1348
[2026-07-26T06:05:04.198+0200][234655.511s][info][gc,heap       ] GC(10730) Humongous regions: 16->16
[2026-07-26T06:05:04.198+0200][234655.511s][info][gc,metaspace  ] GC(10730) Metaspace: 923047K(1393280K)->923047K(1393280K) NonClass: 814396K(1265152K)->814396K(1265152K) Class: 108650K(128128K)->108650K(128128K)
[2026-07-26T06:05:04.198+0200][234655.511s][info][gc            ] GC(10730) Pause Young (Normal) (G1 Evacuation Pause) 1929M->1368M(2159M) 14.259ms
[2026-07-26T06:05:04.198+0200][234655.511s][info][gc,cpu        ] GC(10730) User=0.07s Sys=0.00s Real=0.01s
[2026-07-26T06:05:09.337+0200][234660.649s][info][gc,start      ] GC(10731) Pause Young (Normal) (G1 Evacuation Pause)
[2026-07-26T06:05:09.337+0200][234660.649s][info][gc,task       ] GC(10731) Using 13 workers of 13 for evacuation
[2026-07-26T06:05:09.351+0200][234660.663s][info][gc,phases     ] GC(10731)   Pre Evacuate Collection Set: 0.2ms
[2026-07-26T06:05:09.351+0200][234660.664s][info][gc,phases     ] GC(10731)   Evacuate Collection Set: 5.8ms
[2026-07-26T06:05:09.351+0200][234660.664s][info][gc,phases     ] GC(10731)   Post Evacuate Collection Set: 7.5ms
[2026-07-26T06:05:09.351+0200][234660.664s][info][gc,phases     ] GC(10731)   Other: 0.7ms
[2026-07-26T06:05:09.351+0200][234660.664s][info][gc,heap       ] GC(10731) Eden regions: 562->0(559)
[2026-07-26T06:05:09.351+0200][234660.664s][info][gc,heap       ] GC(10731) Survivor regions: 5->6(71)
[2026-07-26T06:05:09.351+0200][234660.664s][info][gc,heap       ] GC(10731) Old regions: 1348->1348
[2026-07-26T06:05:09.351+0200][234660.664s][info][gc,heap       ] GC(10731) Humongous regions: 16->16
[2026-07-26T06:05:09.351+0200][234660.664s][info][gc,metaspace  ] GC(10731) Metaspace: 923047K(1393280K)->923047K(1393280K) NonClass: 814396K(1265152K)->814396K(1265152K) Class: 108650K(128128K)->108650K(128128K)
[2026-07-26T06:05:09.351+0200][234660.664s][info][gc            ] GC(10731) Pause Young (Normal) (G1 Evacuation Pause) 1930M->1368M(2159M) 14.555ms
[2026-07-26T06:05:09.351+0200][234660.664s][info][gc,cpu        ] GC(10731) User=0.07s Sys=0.02s Real=0.01s
[2026-07-26T06:06:28.498+0200][234739.811s][info][gc,start      ] GC(10732) Pause Young (Normal) (G1 Evacuation Pause)
[2026-07-26T06:06:28.498+0200][234739.811s][info][gc,task       ] GC(10732) Using 13 workers of 13 for evacuation
[2026-07-26T06:06:28.506+0200][234739.818s][info][gc,phases     ] GC(10732)   Pre Evacuate Collection Set: 0.1ms
[2026-07-26T06:06:28.506+0200][234739.818s][info][gc,phases     ] GC(10732)   Evacuate Collection Set: 4.2ms
[2026-07-26T06:06:28.506+0200][234739.818s][info][gc,phases     ] GC(10732)   Post Evacuate Collection Set: 2.8ms
[2026-07-26T06:06:28.506+0200][234739.818s][info][gc,phases     ] GC(10732)   Other: 0.5ms
[2026-07-26T06:06:28.506+0200][234739.818s][info][gc,heap       ] GC(10732) Eden regions: 559->0(566)
[2026-07-26T06:06:28.506+0200][234739.818s][info][gc,heap       ] GC(10732) Survivor regions: 6->2(71)
[2026-07-26T06:06:28.506+0200][234739.818s][info][gc,heap       ] GC(10732) Old regions: 1348->1348
[2026-07-26T06:06:28.506+0200][234739.818s][info][gc,heap       ] GC(10732) Humongous regions: 16->16
[2026-07-26T06:06:28.506+0200][234739.818s][info][gc,metaspace  ] GC(10732) Metaspace: 923047K(1393280K)->923047K(1393280K) NonClass: 814396K(1265152K)->814396K(1265152K) Class: 108650K(128128K)->108650K(128128K)
[2026-07-26T06:06:28.506+0200][234739.819s][info][gc            ] GC(10732) Pause Young (Normal) (G1 Evacuation Pause) 1927M->1365M(2159M) 7.757ms
[2026-07-26T06:06:28.506+0200][234739.819s][info][gc,cpu        ] GC(10732) User=0.03s Sys=0.01s Real=0.01s
[2026-07-26T06:14:29.455+0200][235220.767s][info][gc,start      ] GC(10733) Pause Young (Normal) (G1 Evacuation Pause)
[2026-07-26T06:14:29.455+0200][235220.768s][info][gc,task       ] GC(10733) Using 13 workers of 13 for evacuation
[2026-07-26T06:14:29.463+0200][235220.776s][info][gc,phases     ] GC(10733)   Pre Evacuate Collection Set: 0.1ms
[2026-07-26T06:14:29.463+0200][235220.776s][info][gc,phases     ] GC(10733)   Evacuate Collection Set: 4.0ms
[2026-07-26T06:14:29.463+0200][235220.776s][info][gc,phases     ] GC(10733)   Post Evacuate Collection Set: 4.0ms
[2026-07-26T06:14:29.463+0200][235220.776s][info][gc,phases     ] GC(10733)   Other: 0.4ms
[2026-07-26T06:14:29.463+0200][235220.776s][info][gc,heap       ] GC(10733) Eden regions: 566->0(567)
[2026-07-26T06:14:29.463+0200][235220.776s][info][gc,heap       ] GC(10733) Survivor regions: 2->2(71)
[2026-07-26T06:14:29.463+0200][235220.776s][info][gc,heap       ] GC(10733) Old regions: 1348->1348
[2026-07-26T06:14:29.463+0200][235220.776s][info][gc,heap       ] GC(10733) Humongous regions: 16->16
[2026-07-26T06:14:29.463+0200][235220.776s][info][gc,metaspace  ] GC(10733) Metaspace: 923047K(1393280K)->923047K(1393280K) NonClass: 814396K(1265152K)->814396K(1265152K) Class: 108650K(128128K)->108650K(128128K)
[2026-07-26T06:14:29.463+0200][235220.776s][info][gc            ] GC(10733) Pause Young (Normal) (G1 Evacuation Pause) 1931M->1364M(2159M) 8.610ms
[2026-07-26T06:14:29.463+0200][235220.776s][info][gc,cpu        ] GC(10733) User=0.06s Sys=0.00s Real=0.01s
[2026-07-26T06:17:32.934+0200][235404.247s][info][gc,start      ] GC(10734) Pause Young (Normal) (G1 Evacuation Pause)
[2026-07-26T06:17:32.934+0200][235404.247s][info][gc,task       ] GC(10734) Using 13 workers of 13 for evacuation
[2026-07-26T06:17:32.943+0200][235404.256s][info][gc,phases     ] GC(10734)   Pre Evacuate Collection Set: 0.1ms
[2026-07-26T06:17:32.943+0200][235404.256s][info][gc,phases     ] GC(10734)   Evacuate Collection Set: 4.9ms
[2026-07-26T06:17:32.943+0200][235404.256s][info][gc,phases     ] GC(10734)   Post Evacuate Collection Set: 4.1ms
[2026-07-26T06:17:32.943+0200][235404.256s][info][gc,phases     ] GC(10734)   Other: 0.4ms
[2026-07-26T06:17:32.943+0200][235404.256s][info][gc,heap       ] GC(10734) Eden regions: 567->0(561)
[2026-07-26T06:17:32.943+0200][235404.256s][info][gc,heap       ] GC(10734) Survivor regions: 2->6(72)
[2026-07-26T06:17:32.943+0200][235404.256s][info][gc,heap       ] GC(10734) Old regions: 1348->1348
[2026-07-26T06:17:32.943+0200][235404.256s][info][gc,heap       ] GC(10734) Humongous regions: 16->16
[2026-07-26T06:17:32.943+0200][235404.256s][info][gc,metaspace  ] GC(10734) Metaspace: 923047K(1393280K)->923047K(1393280K) NonClass: 814396K(1265152K)->814396K(1265152K) Class: 108650K(128128K)->108650K(128128K)
[2026-07-26T06:17:32.943+0200][235404.256s][info][gc            ] GC(10734) Pause Young (Normal) (G1 Evacuation Pause) 1931M->1369M(2159M) 9.591ms
[2026-07-26T06:17:32.943+0200][235404.256s][info][gc,cpu        ] GC(10734) User=0.07s Sys=0.00s Real=0.01s
[2026-07-26T06:17:33.620+0200][235404.932s][info][gc,start      ] GC(10735) Pause Young (Normal) (G1 Evacuation Pause)
[2026-07-26T06:17:33.620+0200][235404.932s][info][gc,task       ] GC(10735) Using 13 workers of 13 for evacuation
[2026-07-26T06:17:33.628+0200][235404.941s][info][gc,phases     ] GC(10735)   Pre Evacuate Collection Set: 0.1ms
[2026-07-26T06:17:33.628+0200][235404.941s][info][gc,phases     ] GC(10735)   Evacuate Collection Set: 4.8ms
[2026-07-26T06:17:33.628+0200][235404.941s][info][gc,phases     ] GC(10735)   Post Evacuate Collection Set: 3.3ms
[2026-07-26T06:17:33.628+0200][235404.941s][info][gc,phases     ] GC(10735)   Other: 0.3ms
[2026-07-26T06:17:33.628+0200][235404.941s][info][gc,heap       ] GC(10735) Eden regions: 561->0(559)
[2026-07-26T06:17:33.628+0200][235404.941s][info][gc,heap       ] GC(10735) Survivor regions: 6->7(71)
[2026-07-26T06:17:33.628+0200][235404.941s][info][gc,heap       ] GC(10735) Old regions: 1348->1348
[2026-07-26T06:17:33.628+0200][235404.941s][info][gc,heap       ] GC(10735) Humongous regions: 16->16
[2026-07-26T06:17:33.628+0200][235404.941s][info][gc,metaspace  ] GC(10735) Metaspace: 923047K(1393280K)->923047K(1393280K) NonClass: 814396K(1265152K)->814396K(1265152K) Class: 108650K(128128K)->108650K(128128K)
[2026-07-26T06:17:33.628+0200][235404.941s][info][gc            ] GC(10735) Pause Young (Normal) (G1 Evacuation Pause) 1930M->1369M(2159M) 8.596ms
[2026-07-26T06:17:33.628+0200][235404.941s][info][gc,cpu        ] GC(10735) User=0.07s Sys=0.00s Real=0.01s
[2026-07-26T06:19:45.080+0200][235536.393s][info][gc,start      ] GC(10736) Pause Young (Normal) (G1 Evacuation Pause)
[2026-07-26T06:19:45.080+0200][235536.393s][info][gc,task       ] GC(10736) Using 13 workers of 13 for evacuation
[2026-07-26T06:19:45.089+0200][235536.401s][info][gc,phases     ] GC(10736)   Pre Evacuate Collection Set: 0.1ms
[2026-07-26T06:19:45.089+0200][235536.401s][info][gc,phases     ] GC(10736)   Evacuate Collection Set: 5.2ms
[2026-07-26T06:19:45.089+0200][235536.401s][info][gc,phases     ] GC(10736)   Post Evacuate Collection Set: 3.2ms
[2026-07-26T06:19:45.089+0200][235536.401s][info][gc,phases     ] GC(10736)   Other: 0.4ms
[2026-07-26T06:19:45.089+0200][235536.401s][info][gc,heap       ] GC(10736) Eden regions: 559->0(558)
[2026-07-26T06:19:45.089+0200][235536.401s][info][gc,heap       ] GC(10736) Survivor regions: 7->6(71)
[2026-07-26T06:19:45.089+0200][235536.401s][info][gc,heap       ] GC(10736) Old regions: 1348->1348
[2026-07-26T06:19:45.089+0200][235536.401s][info][gc,heap       ] GC(10736) Humongous regions: 16->16
[2026-07-26T06:19:45.089+0200][235536.401s][info][gc,metaspace  ] GC(10736) Metaspace: 923047K(1393280K)->923047K(1393280K) NonClass: 814396K(1265152K)->814396K(1265152K) Class: 108650K(128128K)->108650K(128128K)
[2026-07-26T06:19:45.089+0200][235536.402s][info][gc            ] GC(10736) Pause Young (Normal) (G1 Evacuation Pause) 1928M->1369M(2159M) 9.000ms
[2026-07-26T06:19:45.089+0200][235536.402s][info][gc,cpu        ] GC(10736) User=0.07s Sys=0.00s Real=0.01s
[2026-07-26T06:19:47.789+0200][235539.102s][info][gc,start      ] GC(10737) Pause Young (Normal) (G1 Evacuation Pause)
[2026-07-26T06:19:47.789+0200][235539.102s][info][gc,task       ] GC(10737) Using 13 workers of 13 for evacuation
[2026-07-26T06:19:47.797+0200][235539.110s][info][gc,phases     ] GC(10737)   Pre Evacuate Collection Set: 0.1ms
[2026-07-26T06:19:47.797+0200][235539.110s][info][gc,phases     ] GC(10737)   Evacuate Collection Set: 3.9ms
[2026-07-26T06:19:47.797+0200][235539.110s][info][gc,phases     ] GC(10737)   Post Evacuate Collection Set: 4.3ms
[2026-07-26T06:19:47.797+0200][235539.110s][info][gc,phases     ] GC(10737)   Other: 0.3ms
[2026-07-26T06:19:47.797+0200][235539.110s][info][gc,heap       ] GC(10737) Eden regions: 558->0(562)
[2026-07-26T06:19:47.797+0200][235539.110s][info][gc,heap       ] GC(10737) Survivor regions: 6->3(71)
[2026-07-26T06:19:47.798+0200][235539.110s][info][gc,heap       ] GC(10737) Old regions: 1348->1348
[2026-07-26T06:19:47.798+0200][235539.110s][info][gc,heap       ] GC(10737) Humongous regions: 16->16
[2026-07-26T06:19:47.798+0200][235539.110s][info][gc,metaspace  ] GC(10737) Metaspace: 923047K(1393280K)->923047K(1393280K) NonClass: 814396K(1265152K)->814396K(1265152K) Class: 108650K(128128K)->108650K(128128K)
[2026-07-26T06:19:47.798+0200][235539.110s][info][gc            ] GC(10737) Pause Young (Normal) (G1 Evacuation Pause) 1927M->1366M(2159M) 8.674ms
[2026-07-26T06:19:47.798+0200][235539.110s][info][gc,cpu        ] GC(10737) User=0.06s Sys=0.00s Real=0.01s
[2026-07-26T06:19:48.651+0200][235539.963s][info][gc,start      ] GC(10738) Pause Young (Normal) (G1 Evacuation Pause)
[2026-07-26T06:19:48.651+0200][235539.963s][info][gc,task       ] GC(10738) Using 13 workers of 13 for evacuation
[2026-07-26T06:19:48.659+0200][235539.972s][info][gc,phases     ] GC(10738)   Pre Evacuate Collection Set: 0.1ms
[2026-07-26T06:19:48.659+0200][235539.972s][info][gc,phases     ] GC(10738)   Evacuate Collection Set: 4.8ms
[2026-07-26T06:19:48.659+0200][235539.972s][info][gc,phases     ] GC(10738)   Post Evacuate Collection Set: 3.7ms
[2026-07-26T06:19:48.659+0200][235539.972s][info][gc,phases     ] GC(10738)   Other: 0.3ms
[2026-07-26T06:19:48.659+0200][235539.972s][info][gc,heap       ] GC(10738) Eden regions: 562->0(560)
[2026-07-26T06:19:48.659+0200][235539.972s][info][gc,heap       ] GC(10738) Survivor regions: 3->5(71)
[2026-07-26T06:19:48.659+0200][235539.972s][info][gc,heap       ] GC(10738) Old regions: 1348->1348
[2026-07-26T06:19:48.660+0200][235539.972s][info][gc,heap       ] GC(10738) Humongous regions: 16->16
[2026-07-26T06:19:48.660+0200][235539.972s][info][gc,metaspace  ] GC(10738) Metaspace: 923047K(1393280K)->923047K(1393280K) NonClass: 814396K(1265152K)->814396K(1265152K) Class: 108650K(128128K)->108650K(128128K)
[2026-07-26T06:19:48.660+0200][235539.972s][info][gc            ] GC(10738) Pause Young (Normal) (G1 Evacuation Pause) 1928M->1368M(2159M) 9.053ms
[2026-07-26T06:19:48.660+0200][235539.972s][info][gc,cpu        ] GC(10738) User=0.07s Sys=0.00s Real=0.01s
[2026-07-26T06:24:09.062+0200][235800.375s][info][gc,start      ] GC(10739) Pause Young (Normal) (G1 Evacuation Pause)
[2026-07-26T06:24:09.063+0200][235800.375s][info][gc,task       ] GC(10739) Using 13 workers of 13 for evacuation
[2026-07-26T06:24:09.072+0200][235800.385s][info][gc,phases     ] GC(10739)   Pre Evacuate Collection Set: 0.2ms
[2026-07-26T06:24:09.072+0200][235800.385s][info][gc,phases     ] GC(10739)   Evacuate Collection Set: 4.3ms
[2026-07-26T06:24:09.072+0200][235800.385s][info][gc,phases     ] GC(10739)   Post Evacuate Collection Set: 4.7ms
[2026-07-26T06:24:09.072+0200][235800.385s][info][gc,phases     ] GC(10739)   Other: 0.7ms
[2026-07-26T06:24:09.072+0200][235800.385s][info][gc,heap       ] GC(10739) Eden regions: 560->0(565)
[2026-07-26T06:24:09.072+0200][235800.385s][info][gc,heap       ] GC(10739) Survivor regions: 5->2(71)
[2026-07-26T06:24:09.072+0200][235800.385s][info][gc,heap       ] GC(10739) Old regions: 1348->1348
[2026-07-26T06:24:09.072+0200][235800.385s][info][gc,heap       ] GC(10739) Humongous regions: 16->16
[2026-07-26T06:24:09.072+0200][235800.385s][info][gc,metaspace  ] GC(10739) Metaspace: 923047K(1393280K)->923047K(1393280K) NonClass: 814396K(1265152K)->814396K(1265152K) Class: 108650K(128128K)->108650K(128128K)
[2026-07-26T06:24:09.073+0200][235800.385s][info][gc            ] GC(10739) Pause Young (Normal) (G1 Evacuation Pause) 1928M->1365M(2159M) 10.108ms
[2026-07-26T06:24:09.073+0200][235800.385s][info][gc,cpu        ] GC(10739) User=0.04s Sys=0.00s Real=0.01s
[2026-07-26T06:30:09.032+0200][236160.345s][info][gc,start      ] GC(10740) Pause Young (Normal) (G1 Evacuation Pause)
[2026-07-26T06:30:09.032+0200][236160.345s][info][gc,task       ] GC(10740) Using 13 workers of 13 for evacuation
[2026-07-26T06:30:09.045+0200][236160.357s][info][gc,phases     ] GC(10740)   Pre Evacuate Collection Set: 0.1ms
[2026-07-26T06:30:09.045+0200][236160.357s][info][gc,phases     ] GC(10740)   Evacuate Collection Set: 4.6ms
[2026-07-26T06:30:09.045+0200][236160.357s][info][gc,phases     ] GC(10740)   Post Evacuate Collection Set: 7.3ms
[2026-07-26T06:30:09.045+0200][236160.358s][info][gc,phases     ] GC(10740)   Other: 0.6ms
[2026-07-26T06:30:09.045+0200][236160.358s][info][gc,heap       ] GC(10740) Eden regions: 565->0(568)
[2026-07-26T06:30:09.045+0200][236160.358s][info][gc,heap       ] GC(10740) Survivor regions: 2->1(71)
[2026-07-26T06:30:09.045+0200][236160.358s][info][gc,heap       ] GC(10740) Old regions: 1348->1348
[2026-07-26T06:30:09.045+0200][236160.358s][info][gc,heap       ] GC(10740) Humongous regions: 16->16
[2026-07-26T06:30:09.045+0200][236160.358s][info][gc,metaspace  ] GC(10740) Metaspace: 923047K(1393280K)->923047K(1393280K) NonClass: 814396K(1265152K)->814396K(1265152K) Class: 108650K(128128K)->108650K(128128K)
[2026-07-26T06:30:09.045+0200][236160.358s][info][gc            ] GC(10740) Pause Young (Normal) (G1 Evacuation Pause) 1930M->1364M(2159M) 12.884ms
[2026-07-26T06:30:09.045+0200][236160.358s][info][gc,cpu        ] GC(10740) User=0.06s Sys=0.00s Real=0.02s
[2026-07-26T06:41:08.471+0200][236819.783s][info][gc,start      ] GC(10741) Pause Young (Normal) (G1 Evacuation Pause)
[2026-07-26T06:41:08.471+0200][236819.783s][info][gc,task       ] GC(10741) Using 13 workers of 13 for evacuation
[2026-07-26T06:41:08.479+0200][236819.792s][info][gc,phases     ] GC(10741)   Pre Evacuate Collection Set: 0.1ms
[2026-07-26T06:41:08.479+0200][236819.792s][info][gc,phases     ] GC(10741)   Evacuate Collection Set: 4.2ms
[2026-07-26T06:41:08.479+0200][236819.792s][info][gc,phases     ] GC(10741)   Post Evacuate Collection Set: 3.7ms
[2026-07-26T06:41:08.479+0200][236819.792s][info][gc,phases     ] GC(10741)   Other: 0.4ms
[2026-07-26T06:41:08.479+0200][236819.792s][info][gc,heap       ] GC(10741) Eden regions: 568->0(566)
[2026-07-26T06:41:08.479+0200][236819.792s][info][gc,heap       ] GC(10741) Survivor regions: 1->3(72)
[2026-07-26T06:41:08.479+0200][236819.792s][info][gc,heap       ] GC(10741) Old regions: 1348->1348
[2026-07-26T06:41:08.479+0200][236819.792s][info][gc,heap       ] GC(10741) Humongous regions: 16->16
[2026-07-26T06:41:08.479+0200][236819.792s][info][gc,metaspace  ] GC(10741) Metaspace: 923047K(1393280K)->923047K(1393280K) NonClass: 814396K(1265152K)->814396K(1265152K) Class: 108650K(128128K)->108650K(128128K)
[2026-07-26T06:41:08.479+0200][236819.792s][info][gc            ] GC(10741) Pause Young (Normal) (G1 Evacuation Pause) 1932M->1366M(2159M) 8.479ms
[2026-07-26T06:41:08.479+0200][236819.792s][info][gc,cpu        ] GC(10741) User=0.06s Sys=0.00s Real=0.01s
[2026-07-26T06:41:09.965+0200][236821.277s][info][gc,start      ] GC(10742) Pause Young (Normal) (G1 Evacuation Pause)
[2026-07-26T06:41:09.965+0200][236821.277s][info][gc,task       ] GC(10742) Using 13 workers of 13 for evacuation
[2026-07-26T06:41:09.972+0200][236821.285s][info][gc,phases     ] GC(10742)   Pre Evacuate Collection Set: 0.1ms
[2026-07-26T06:41:09.972+0200][236821.285s][info][gc,phases     ] GC(10742)   Evacuate Collection Set: 4.0ms
[2026-07-26T06:41:09.972+0200][236821.285s][info][gc,phases     ] GC(10742)   Post Evacuate Collection Set: 2.9ms
[2026-07-26T06:41:09.972+0200][236821.285s][info][gc,phases     ] GC(10742)   Other: 0.3ms
[2026-07-26T06:41:09.972+0200][236821.285s][info][gc,heap       ] GC(10742) Eden regions: 566->0(568)
[2026-07-26T06:41:09.972+0200][236821.285s][info][gc,heap       ] GC(10742) Survivor regions: 3->3(72)
[2026-07-26T06:41:09.972+0200][236821.285s][info][gc,heap       ] GC(10742) Old regions: 1348->1348
[2026-07-26T06:41:09.972+0200][236821.285s][info][gc,heap       ] GC(10742) Humongous regions: 16->16
[2026-07-26T06:41:09.972+0200][236821.285s][info][gc,metaspace  ] GC(10742) Metaspace: 923047K(1393280K)->923047K(1393280K) NonClass: 814396K(1265152K)->814396K(1265152K) Class: 108650K(128128K)->108650K(128128K)
[2026-07-26T06:41:09.972+0200][236821.285s][info][gc            ] GC(10742) Pause Young (Normal) (G1 Evacuation Pause) 1932M->1365M(2159M) 7.405ms
[2026-07-26T06:41:09.972+0200][236821.285s][info][gc,cpu        ] GC(10742) User=0.05s Sys=0.01s Real=0.00s
[2026-07-26T06:46:09.033+0200][237120.346s][info][gc,start      ] GC(10743) Pause Young (Normal) (G1 Evacuation Pause)
[2026-07-26T06:46:09.033+0200][237120.346s][info][gc,task       ] GC(10743) Using 13 workers of 13 for evacuation
[2026-07-26T06:46:09.041+0200][237120.354s][info][gc,phases     ] GC(10743)   Pre Evacuate Collection Set: 0.1ms
[2026-07-26T06:46:09.041+0200][237120.354s][info][gc,phases     ] GC(10743)   Evacuate Collection Set: 4.2ms
[2026-07-26T06:46:09.041+0200][237120.354s][info][gc,phases     ] GC(10743)   Post Evacuate Collection Set: 3.1ms
[2026-07-26T06:46:09.041+0200][237120.354s][info][gc,phases     ] GC(10743)   Other: 0.5ms
[2026-07-26T06:46:09.041+0200][237120.354s][info][gc,heap       ] GC(10743) Eden regions: 568->0(570)
[2026-07-26T06:46:09.041+0200][237120.354s][info][gc,heap       ] GC(10743) Survivor regions: 3->2(72)
[2026-07-26T06:46:09.042+0200][237120.354s][info][gc,heap       ] GC(10743) Old regions: 1348->1348
[2026-07-26T06:46:09.042+0200][237120.354s][info][gc,heap       ] GC(10743) Humongous regions: 16->16
[2026-07-26T06:46:09.042+0200][237120.354s][info][gc,metaspace  ] GC(10743) Metaspace: 923047K(1393280K)->923047K(1393280K) NonClass: 814396K(1265152K)->814396K(1265152K) Class: 108650K(128128K)->108650K(128128K)
[2026-07-26T06:46:09.042+0200][237120.354s][info][gc            ] GC(10743) Pause Young (Normal) (G1 Evacuation Pause) 1933M->1365M(2159M) 8.175ms
[2026-07-26T06:46:09.042+0200][237120.354s][info][gc,cpu        ] GC(10743) User=0.05s Sys=0.01s Real=0.00s
[2026-07-26T06:57:09.043+0200][237780.356s][info][gc,start      ] GC(10744) Pause Young (Normal) (G1 Evacuation Pause)
[2026-07-26T06:57:09.043+0200][237780.356s][info][gc,task       ] GC(10744) Using 13 workers of 13 for evacuation
[2026-07-26T06:57:09.052+0200][237780.364s][info][gc,phases     ] GC(10744)   Pre Evacuate Collection Set: 0.1ms
[2026-07-26T06:57:09.052+0200][237780.364s][info][gc,phases     ] GC(10744)   Evacuate Collection Set: 4.2ms
[2026-07-26T06:57:09.052+0200][237780.364s][info][gc,phases     ] GC(10744)   Post Evacuate Collection Set: 3.6ms
[2026-07-26T06:57:09.052+0200][237780.364s][info][gc,phases     ] GC(10744)   Other: 0.4ms
[2026-07-26T06:57:09.052+0200][237780.364s][info][gc,heap       ] GC(10744) Eden regions: 570->0(569)
[2026-07-26T06:57:09.052+0200][237780.364s][info][gc,heap       ] GC(10744) Survivor regions: 2->3(72)
[2026-07-26T06:57:09.052+0200][237780.364s][info][gc,heap       ] GC(10744) Old regions: 1348->1348
[2026-07-26T06:57:09.052+0200][237780.364s][info][gc,heap       ] GC(10744) Humongous regions: 16->16
[2026-07-26T06:57:09.052+0200][237780.364s][info][gc,metaspace  ] GC(10744) Metaspace: 923047K(1393280K)->923047K(1393280K) NonClass: 814396K(1265152K)->814396K(1265152K) Class: 108650K(128128K)->108650K(128128K)
[2026-07-26T06:57:09.052+0200][237780.364s][info][gc            ] GC(10744) Pause Young (Normal) (G1 Evacuation Pause) 1935M->1366M(2159M) 8.419ms
[2026-07-26T06:57:09.052+0200][237780.364s][info][gc,cpu        ] GC(10744) User=0.05s Sys=0.00s Real=0.00s
[2026-07-26T07:02:09.019+0200][238080.332s][info][gc,start      ] GC(10745) Pause Young (Normal) (G1 Evacuation Pause)
[2026-07-26T07:02:09.020+0200][238080.332s][info][gc,task       ] GC(10745) Using 13 workers of 13 for evacuation
[2026-07-26T07:02:09.029+0200][238080.342s][info][gc,phases     ] GC(10745)   Pre Evacuate Collection Set: 0.2ms
[2026-07-26T07:02:09.029+0200][238080.342s][info][gc,phases     ] GC(10745)   Evacuate Collection Set: 4.3ms
[2026-07-26T07:02:09.029+0200][238080.342s][info][gc,phases     ] GC(10745)   Post Evacuate Collection Set: 4.7ms
[2026-07-26T07:02:09.029+0200][238080.342s][info][gc,phases     ] GC(10745)   Other: 0.7ms
[2026-07-26T07:02:09.029+0200][238080.342s][info][gc,heap       ] GC(10745) Eden regions: 569->0(570)
[2026-07-26T07:02:09.029+0200][238080.342s][info][gc,heap       ] GC(10745) Survivor regions: 3->3(72)
[2026-07-26T07:02:09.029+0200][238080.342s][info][gc,heap       ] GC(10745) Old regions: 1348->1348
[2026-07-26T07:02:09.030+0200][238080.342s][info][gc,heap       ] GC(10745) Humongous regions: 16->16
[2026-07-26T07:02:09.030+0200][238080.342s][info][gc,metaspace  ] GC(10745) Metaspace: 923048K(1393280K)->923048K(1393280K) NonClass: 814397K(1265152K)->814397K(1265152K) Class: 108650K(128128K)->108650K(128128K)
[2026-07-26T07:02:09.030+0200][238080.342s][info][gc            ] GC(10745) Pause Young (Normal) (G1 Evacuation Pause) 1935M->1366M(2159M) 10.099ms
[2026-07-26T07:02:09.030+0200][238080.342s][info][gc,cpu        ] GC(10745) User=0.04s Sys=0.00s Real=0.01s
[2026-07-26T07:11:22.816+0200][238634.129s][info][gc,start      ] GC(10746) Pause Young (Normal) (G1 Evacuation Pause)
[2026-07-26T07:11:22.816+0200][238634.129s][info][gc,task       ] GC(10746) Using 13 workers of 13 for evacuation
[2026-07-26T07:11:22.824+0200][238634.137s][info][gc,phases     ] GC(10746)   Pre Evacuate Collection Set: 0.1ms
[2026-07-26T07:11:22.824+0200][238634.137s][info][gc,phases     ] GC(10746)   Evacuate Collection Set: 4.0ms
[2026-07-26T07:11:22.824+0200][238634.137s][info][gc,phases     ] GC(10746)   Post Evacuate Collection Set: 3.4ms
[2026-07-26T07:11:22.824+0200][238634.137s][info][gc,phases     ] GC(10746)   Other: 0.4ms
[2026-07-26T07:11:22.824+0200][238634.137s][info][gc,heap       ] GC(10746) Eden regions: 570->0(566)
[2026-07-26T07:11:22.824+0200][238634.137s][info][gc,heap       ] GC(10746) Survivor regions: 3->5(72)
[2026-07-26T07:11:22.824+0200][238634.137s][info][gc,heap       ] GC(10746) Old regions: 1348->1348
[2026-07-26T07:11:22.824+0200][238634.137s][info][gc,heap       ] GC(10746) Humongous regions: 16->16
[2026-07-26T07:11:22.824+0200][238634.137s][info][gc,metaspace  ] GC(10746) Metaspace: 923048K(1393280K)->923048K(1393280K) NonClass: 814397K(1265152K)->814397K(1265152K) Class: 108650K(128128K)->108650K(128128K)
[2026-07-26T07:11:22.824+0200][238634.137s][info][gc            ] GC(10746) Pause Young (Normal) (G1 Evacuation Pause) 1936M->1368M(2159M) 8.043ms
[2026-07-26T07:11:22.824+0200][238634.137s][info][gc,cpu        ] GC(10746) User=0.06s Sys=0.00s Real=0.01s
[2026-07-26T07:11:34.272+0200][238645.585s][info][gc,start      ] GC(10747) Pause Young (Normal) (G1 Evacuation Pause)
[2026-07-26T07:11:34.273+0200][238645.585s][info][gc,task       ] GC(10747) Using 13 workers of 13 for evacuation
[2026-07-26T07:11:34.281+0200][238645.594s][info][gc,phases     ] GC(10747)   Pre Evacuate Collection Set: 0.1ms
[2026-07-26T07:11:34.281+0200][238645.594s][info][gc,phases     ] GC(10747)   Evacuate Collection Set: 4.1ms
[2026-07-26T07:11:34.281+0200][238645.594s][info][gc,phases     ] GC(10747)   Post Evacuate Collection Set: 4.0ms
[2026-07-26T07:11:34.281+0200][238645.594s][info][gc,phases     ] GC(10747)   Other: 0.3ms
[2026-07-26T07:11:34.281+0200][238645.594s][info][gc,heap       ] GC(10747) Eden regions: 566->0(568)
[2026-07-26T07:11:34.281+0200][238645.594s][info][gc,heap       ] GC(10747) Survivor regions: 5->3(72)
[2026-07-26T07:11:34.281+0200][238645.594s][info][gc,heap       ] GC(10747) Old regions: 1348->1348
[2026-07-26T07:11:34.281+0200][238645.594s][info][gc,heap       ] GC(10747) Humongous regions: 16->16
[2026-07-26T07:11:34.281+0200][238645.594s][info][gc,metaspace  ] GC(10747) Metaspace: 923053K(1393280K)->923053K(1393280K) NonClass: 814402K(1265152K)->814402K(1265152K) Class: 108650K(128128K)->108650K(128128K)
[2026-07-26T07:11:34.281+0200][238645.594s][info][gc            ] GC(10747) Pause Young (Normal) (G1 Evacuation Pause) 1934M->1366M(2159M) 8.644ms
[2026-07-26T07:11:34.281+0200][238645.594s][info][gc,cpu        ] GC(10747) User=0.06s Sys=0.00s Real=0.01s
[2026-07-26T07:14:29.344+0200][238820.656s][info][gc,start      ] GC(10748) Pause Young (Normal) (G1 Evacuation Pause)
[2026-07-26T07:14:29.344+0200][238820.656s][info][gc,task       ] GC(10748) Using 13 workers of 13 for evacuation
[2026-07-26T07:14:29.351+0200][238820.664s][info][gc,phases     ] GC(10748)   Pre Evacuate Collection Set: 0.1ms
[2026-07-26T07:14:29.351+0200][238820.664s][info][gc,phases     ] GC(10748)   Evacuate Collection Set: 3.9ms
[2026-07-26T07:14:29.351+0200][238820.664s][info][gc,phases     ] GC(10748)   Post Evacuate Collection Set: 3.3ms
[2026-07-26T07:14:29.351+0200][238820.664s][info][gc,phases     ] GC(10748)   Other: 0.4ms
[2026-07-26T07:14:29.351+0200][238820.664s][info][gc,heap       ] GC(10748) Eden regions: 568->0(569)
[2026-07-26T07:14:29.351+0200][238820.664s][info][gc,heap       ] GC(10748) Survivor regions: 3->3(72)
[2026-07-26T07:14:29.351+0200][238820.664s][info][gc,heap       ] GC(10748) Old regions: 1348->1348
[2026-07-26T07:14:29.351+0200][238820.664s][info][gc,heap       ] GC(10748) Humongous regions: 16->16
[2026-07-26T07:14:29.351+0200][238820.664s][info][gc,metaspace  ] GC(10748) Metaspace: 923053K(1393280K)->923053K(1393280K) NonClass: 814402K(1265152K)->814402K(1265152K) Class: 108650K(128128K)->108650K(128128K)
[2026-07-26T07:14:29.351+0200][238820.664s][info][gc            ] GC(10748) Pause Young (Normal) (G1 Evacuation Pause) 1934M->1365M(2159M) 7.799ms
[2026-07-26T07:14:29.351+0200][238820.664s][info][gc,cpu        ] GC(10748) User=0.03s Sys=0.00s Real=0.00s
[2026-07-26T07:20:09.074+0200][239160.387s][info][gc,start      ] GC(10749) Pause Young (Normal) (G1 Evacuation Pause)
[2026-07-26T07:20:09.074+0200][239160.387s][info][gc,task       ] GC(10749) Using 13 workers of 13 for evacuation
[2026-07-26T07:20:09.087+0200][239160.400s][info][gc,phases     ] GC(10749)   Pre Evacuate Collection Set: 0.2ms
[2026-07-26T07:20:09.087+0200][239160.400s][info][gc,phases     ] GC(10749)   Evacuate Collection Set: 5.2ms
[2026-07-26T07:20:09.088+0200][239160.400s][info][gc,phases     ] GC(10749)   Post Evacuate Collection Set: 7.0ms
[2026-07-26T07:20:09.088+0200][239160.400s][info][gc,phases     ] GC(10749)   Other: 0.7ms
[2026-07-26T07:20:09.088+0200][239160.400s][info][gc,heap       ] GC(10749) Eden regions: 569->0(570)
[2026-07-26T07:20:09.088+0200][239160.400s][info][gc,heap       ] GC(10749) Survivor regions: 3->3(72)
[2026-07-26T07:20:09.088+0200][239160.400s][info][gc,heap       ] GC(10749) Old regions: 1348->1348
[2026-07-26T07:20:09.088+0200][239160.400s][info][gc,heap       ] GC(10749) Humongous regions: 16->16
[2026-07-26T07:20:09.088+0200][239160.400s][info][gc,metaspace  ] GC(10749) Metaspace: 923053K(1393280K)->923053K(1393280K) NonClass: 814402K(1265152K)->814402K(1265152K) Class: 108650K(128128K)->108650K(128128K)
[2026-07-26T07:20:09.088+0200][239160.400s][info][gc            ] GC(10749) Pause Young (Normal) (G1 Evacuation Pause) 1934M->1366M(2159M) 13.355ms
[2026-07-26T07:20:09.088+0200][239160.400s][info][gc,cpu        ] GC(10749) User=0.06s Sys=0.00s Real=0.01s
[2026-07-26T07:27:39.998+0200][239611.311s][info][gc,start      ] GC(10750) Pause Young (Normal) (G1 Evacuation Pause)
[2026-07-26T07:27:39.998+0200][239611.311s][info][gc,task       ] GC(10750) Using 13 workers of 13 for evacuation
[2026-07-26T07:27:40.007+0200][239611.320s][info][gc,phases     ] GC(10750)   Pre Evacuate Collection Set: 0.1ms
[2026-07-26T07:27:40.007+0200][239611.320s][info][gc,phases     ] GC(10750)   Evacuate Collection Set: 3.9ms
[2026-07-26T07:27:40.007+0200][239611.320s][info][gc,phases     ] GC(10750)   Post Evacuate Collection Set: 4.8ms
[2026-07-26T07:27:40.007+0200][239611.320s][info][gc,phases     ] GC(10750)   Other: 0.4ms
[2026-07-26T07:27:40.007+0200][239611.320s][info][gc,heap       ] GC(10750) Eden regions: 570->0(570)
[2026-07-26T07:27:40.007+0200][239611.320s][info][gc,heap       ] GC(10750) Survivor regions: 3->3(72)
[2026-07-26T07:27:40.007+0200][239611.320s][info][gc,heap       ] GC(10750) Old regions: 1348->1348
[2026-07-26T07:27:40.007+0200][239611.320s][info][gc,heap       ] GC(10750) Humongous regions: 16->16
[2026-07-26T07:27:40.007+0200][239611.320s][info][gc,metaspace  ] GC(10750) Metaspace: 923053K(1393280K)->923053K(1393280K) NonClass: 814402K(1265152K)->814402K(1265152K) Class: 108650K(128128K)->108650K(128128K)
[2026-07-26T07:27:40.007+0200][239611.320s][info][gc            ] GC(10750) Pause Young (Normal) (G1 Evacuation Pause) 1936M->1365M(2159M) 9.432ms
[2026-07-26T07:27:40.007+0200][239611.320s][info][gc,cpu        ] GC(10750) User=0.07s Sys=0.00s Real=0.01s
[2026-07-26T07:29:06.949+0200][239698.262s][info][gc,start      ] GC(10751) Pause Young (Normal) (G1 Evacuation Pause)
[2026-07-26T07:29:06.949+0200][239698.262s][info][gc,task       ] GC(10751) Using 13 workers of 13 for evacuation
[2026-07-26T07:29:06.971+0200][239698.284s][info][gc,phases     ] GC(10751)   Pre Evacuate Collection Set: 0.1ms
[2026-07-26T07:29:06.971+0200][239698.284s][info][gc,phases     ] GC(10751)   Evacuate Collection Set: 6.6ms
[2026-07-26T07:29:06.971+0200][239698.284s][info][gc,phases     ] GC(10751)   Post Evacuate Collection Set: 15.1ms
[2026-07-26T07:29:06.971+0200][239698.284s][info][gc,phases     ] GC(10751)   Other: 0.4ms
[2026-07-26T07:29:06.971+0200][239698.284s][info][gc,heap       ] GC(10751) Eden regions: 570->0(563)
[2026-07-26T07:29:06.971+0200][239698.284s][info][gc,heap       ] GC(10751) Survivor regions: 3->6(72)
[2026-07-26T07:29:06.971+0200][239698.284s][info][gc,heap       ] GC(10751) Old regions: 1348->1348
[2026-07-26T07:29:06.971+0200][239698.284s][info][gc,heap       ] GC(10751) Humongous regions: 16->16
[2026-07-26T07:29:06.972+0200][239698.284s][info][gc,metaspace  ] GC(10751) Metaspace: 923053K(1393280K)->923053K(1393280K) NonClass: 814402K(1265152K)->814402K(1265152K) Class: 108650K(128128K)->108650K(128128K)
[2026-07-26T07:29:06.972+0200][239698.284s][info][gc            ] GC(10751) Pause Young (Normal) (G1 Evacuation Pause) 1935M->1369M(2159M) 22.318ms
[2026-07-26T07:29:06.972+0200][239698.284s][info][gc,cpu        ] GC(10751) User=0.14s Sys=0.00s Real=0.02s
[2026-07-26T07:29:09.531+0200][239700.844s][info][gc,start      ] GC(10752) Pause Young (Normal) (G1 Evacuation Pause)
[2026-07-26T07:29:09.531+0200][239700.844s][info][gc,task       ] GC(10752) Using 13 workers of 13 for evacuation
[2026-07-26T07:29:09.539+0200][239700.852s][info][gc,phases     ] GC(10752)   Pre Evacuate Collection Set: 0.1ms
[2026-07-26T07:29:09.539+0200][239700.852s][info][gc,phases     ] GC(10752)   Evacuate Collection Set: 4.6ms
[2026-07-26T07:29:09.539+0200][239700.852s][info][gc,phases     ] GC(10752)   Post Evacuate Collection Set: 3.0ms
[2026-07-26T07:29:09.539+0200][239700.852s][info][gc,phases     ] GC(10752)   Other: 0.3ms
[2026-07-26T07:29:09.539+0200][239700.852s][info][gc,heap       ] GC(10752) Eden regions: 563->0(560)
[2026-07-26T07:29:09.539+0200][239700.852s][info][gc,heap       ] GC(10752) Survivor regions: 6->6(72)
[2026-07-26T07:29:09.539+0200][239700.852s][info][gc,heap       ] GC(10752) Old regions: 1348->1348
[2026-07-26T07:29:09.539+0200][239700.852s][info][gc,heap       ] GC(10752) Humongous regions: 16->16
[2026-07-26T07:29:09.539+0200][239700.852s][info][gc,metaspace  ] GC(10752) Metaspace: 923053K(1393280K)->923053K(1393280K) NonClass: 814402K(1265152K)->814402K(1265152K) Class: 108650K(128128K)->108650K(128128K)
[2026-07-26T07:29:09.539+0200][239700.852s][info][gc            ] GC(10752) Pause Young (Normal) (G1 Evacuation Pause) 1932M->1369M(2159M) 8.156ms
[2026-07-26T07:29:09.539+0200][239700.852s][info][gc,cpu        ] GC(10752) User=0.07s Sys=0.00s Real=0.01s
[2026-07-26T07:29:10.221+0200][239701.534s][info][gc,start      ] GC(10753) Pause Young (Normal) (G1 Evacuation Pause)
[2026-07-26T07:29:10.221+0200][239701.534s][info][gc,task       ] GC(10753) Using 13 workers of 13 for evacuation
[2026-07-26T07:29:10.229+0200][239701.542s][info][gc,phases     ] GC(10753)   Pre Evacuate Collection Set: 0.1ms
[2026-07-26T07:29:10.229+0200][239701.542s][info][gc,phases     ] GC(10753)   Evacuate Collection Set: 4.8ms
[2026-07-26T07:29:10.230+0200][239701.542s][info][gc,phases     ] GC(10753)   Post Evacuate Collection Set: 3.3ms
[2026-07-26T07:29:10.230+0200][239701.542s][info][gc,phases     ] GC(10753)   Other: 0.3ms
[2026-07-26T07:29:10.230+0200][239701.542s][info][gc,heap       ] GC(10753) Eden regions: 560->0(561)
[2026-07-26T07:29:10.230+0200][239701.542s][info][gc,heap       ] GC(10753) Survivor regions: 6->5(71)
[2026-07-26T07:29:10.230+0200][239701.542s][info][gc,heap       ] GC(10753) Old regions: 1348->1348
[2026-07-26T07:29:10.230+0200][239701.542s][info][gc,heap       ] GC(10753) Humongous regions: 16->16
[2026-07-26T07:29:10.230+0200][239701.542s][info][gc,metaspace  ] GC(10753) Metaspace: 923053K(1393280K)->923053K(1393280K) NonClass: 814402K(1265152K)->814402K(1265152K) Class: 108650K(128128K)->108650K(128128K)
[2026-07-26T07:29:10.230+0200][239701.542s][info][gc            ] GC(10753) Pause Young (Normal) (G1 Evacuation Pause) 1929M->1368M(2159M) 8.730ms
[2026-07-26T07:29:10.230+0200][239701.542s][info][gc,cpu        ] GC(10753) User=0.06s Sys=0.00s Real=0.01s
[2026-07-26T07:31:09.022+0200][239820.334s][info][gc,start      ] GC(10754) Pause Young (Normal) (G1 Evacuation Pause)
[2026-07-26T07:31:09.022+0200][239820.334s][info][gc,task       ] GC(10754) Using 13 workers of 13 for evacuation
[2026-07-26T07:31:09.029+0200][239820.342s][info][gc,phases     ] GC(10754)   Pre Evacuate Collection Set: 0.1ms
[2026-07-26T07:31:09.029+0200][239820.342s][info][gc,phases     ] GC(10754)   Evacuate Collection Set: 4.0ms
[2026-07-26T07:31:09.029+0200][239820.342s][info][gc,phases     ] GC(10754)   Post Evacuate Collection Set: 2.9ms
[2026-07-26T07:31:09.029+0200][239820.342s][info][gc,phases     ] GC(10754)   Other: 0.4ms
[2026-07-26T07:31:09.029+0200][239820.342s][info][gc,heap       ] GC(10754) Eden regions: 561->0(566)
[2026-07-26T07:31:09.029+0200][239820.342s][info][gc,heap       ] GC(10754) Survivor regions: 5->2(71)
[2026-07-26T07:31:09.029+0200][239820.342s][info][gc,heap       ] GC(10754) Old regions: 1348->1348
[2026-07-26T07:31:09.029+0200][239820.342s][info][gc,heap       ] GC(10754) Humongous regions: 16->16
[2026-07-26T07:31:09.029+0200][239820.342s][info][gc,metaspace  ] GC(10754) Metaspace: 923053K(1393280K)->923053K(1393280K) NonClass: 814402K(1265152K)->814402K(1265152K) Class: 108650K(128128K)->108650K(128128K)
[2026-07-26T07:31:09.029+0200][239820.342s][info][gc            ] GC(10754) Pause Young (Normal) (G1 Evacuation Pause) 1929M->1365M(2159M) 7.570ms
[2026-07-26T07:31:09.029+0200][239820.342s][info][gc,cpu        ] GC(10754) User=0.05s Sys=0.00s Real=0.01s
[2026-07-26T07:34:59.211+0200][240050.523s][info][gc,start      ] GC(10755) Pause Young (Normal) (G1 Evacuation Pause)
[2026-07-26T07:34:59.211+0200][240050.523s][info][gc,task       ] GC(10755) Using 13 workers of 13 for evacuation
[2026-07-26T07:34:59.220+0200][240050.533s][info][gc,phases     ] GC(10755)   Pre Evacuate Collection Set: 0.1ms
[2026-07-26T07:34:59.220+0200][240050.533s][info][gc,phases     ] GC(10755)   Evacuate Collection Set: 4.8ms
[2026-07-26T07:34:59.220+0200][240050.533s][info][gc,phases     ] GC(10755)   Post Evacuate Collection Set: 4.4ms
[2026-07-26T07:34:59.220+0200][240050.533s][info][gc,phases     ] GC(10755)   Other: 0.4ms
[2026-07-26T07:34:59.220+0200][240050.533s][info][gc,heap       ] GC(10755) Eden regions: 566->0(562)
[2026-07-26T07:34:59.220+0200][240050.533s][info][gc,heap       ] GC(10755) Survivor regions: 2->5(71)
[2026-07-26T07:34:59.220+0200][240050.533s][info][gc,heap       ] GC(10755) Old regions: 1348->1348
[2026-07-26T07:34:59.220+0200][240050.533s][info][gc,heap       ] GC(10755) Humongous regions: 16->16
[2026-07-26T07:34:59.220+0200][240050.533s][info][gc,metaspace  ] GC(10755) Metaspace: 923053K(1393280K)->923053K(1393280K) NonClass: 814402K(1265152K)->814402K(1265152K) Class: 108650K(128128K)->108650K(128128K)
[2026-07-26T07:34:59.220+0200][240050.533s][info][gc            ] GC(10755) Pause Young (Normal) (G1 Evacuation Pause) 1931M->1368M(2159M) 9.895ms
[2026-07-26T07:34:59.220+0200][240050.533s][info][gc,cpu        ] GC(10755) User=0.05s Sys=0.00s Real=0.01s
[2026-07-26T07:36:52.290+0200][240163.603s][info][gc,start      ] GC(10756) Pause Young (Normal) (G1 Evacuation Pause)
[2026-07-26T07:36:52.290+0200][240163.603s][info][gc,task       ] GC(10756) Using 13 workers of 13 for evacuation
[2026-07-26T07:36:52.300+0200][240163.613s][info][gc,phases     ] GC(10756)   Pre Evacuate Collection Set: 0.1ms
[2026-07-26T07:36:52.300+0200][240163.613s][info][gc,phases     ] GC(10756)   Evacuate Collection Set: 5.1ms
[2026-07-26T07:36:52.300+0200][240163.613s][info][gc,phases     ] GC(10756)   Post Evacuate Collection Set: 3.9ms
[2026-07-26T07:36:52.300+0200][240163.613s][info][gc,phases     ] GC(10756)   Other: 0.5ms
[2026-07-26T07:36:52.300+0200][240163.613s][info][gc,heap       ] GC(10756) Eden regions: 562->0(558)
[2026-07-26T07:36:52.300+0200][240163.613s][info][gc,heap       ] GC(10756) Survivor regions: 5->6(71)
[2026-07-26T07:36:52.300+0200][240163.613s][info][gc,heap       ] GC(10756) Old regions: 1348->1349
[2026-07-26T07:36:52.300+0200][240163.613s][info][gc,heap       ] GC(10756) Humongous regions: 16->16
[2026-07-26T07:36:52.300+0200][240163.613s][info][gc,metaspace  ] GC(10756) Metaspace: 923053K(1393280K)->923053K(1393280K) NonClass: 814402K(1265152K)->814402K(1265152K) Class: 108650K(128128K)->108650K(128128K)
[2026-07-26T07:36:52.300+0200][240163.613s][info][gc            ] GC(10756) Pause Young (Normal) (G1 Evacuation Pause) 1930M->1369M(2159M) 9.785ms
[2026-07-26T07:36:52.300+0200][240163.613s][info][gc,cpu        ] GC(10756) User=0.08s Sys=0.00s Real=0.01s
[2026-07-26T07:36:53.050+0200][240164.363s][info][gc,start      ] GC(10757) Pause Young (Normal) (G1 Evacuation Pause)
[2026-07-26T07:36:53.050+0200][240164.363s][info][gc,task       ] GC(10757) Using 13 workers of 13 for evacuation
[2026-07-26T07:36:53.059+0200][240164.371s][info][gc,phases     ] GC(10757)   Pre Evacuate Collection Set: 0.1ms
[2026-07-26T07:36:53.059+0200][240164.371s][info][gc,phases     ] GC(10757)   Evacuate Collection Set: 4.5ms
[2026-07-26T07:36:53.059+0200][240164.371s][info][gc,phases     ] GC(10757)   Post Evacuate Collection Set: 3.9ms
[2026-07-26T07:36:53.059+0200][240164.371s][info][gc,phases     ] GC(10757)   Other: 0.3ms
[2026-07-26T07:36:53.059+0200][240164.371s][info][gc,heap       ] GC(10757) Eden regions: 558->0(560)
[2026-07-26T07:36:53.059+0200][240164.371s][info][gc,heap       ] GC(10757) Survivor regions: 6->5(71)
[2026-07-26T07:36:53.059+0200][240164.371s][info][gc,heap       ] GC(10757) Old regions: 1349->1349
[2026-07-26T07:36:53.059+0200][240164.371s][info][gc,heap       ] GC(10757) Humongous regions: 16->16
[2026-07-26T07:36:53.059+0200][240164.371s][info][gc,metaspace  ] GC(10757) Metaspace: 923053K(1393280K)->923053K(1393280K) NonClass: 814402K(1265152K)->814402K(1265152K) Class: 108650K(128128K)->108650K(128128K)
[2026-07-26T07:36:53.059+0200][240164.372s][info][gc            ] GC(10757) Pause Young (Normal) (G1 Evacuation Pause) 1927M->1368M(2159M) 8.932ms
[2026-07-26T07:36:53.059+0200][240164.372s][info][gc,cpu        ] GC(10757) User=0.05s Sys=0.00s Real=0.01s
[2026-07-26T07:36:57.700+0200][240169.013s][info][gc,start      ] GC(10758) Pause Young (Normal) (G1 Evacuation Pause)
[2026-07-26T07:36:57.700+0200][240169.013s][info][gc,task       ] GC(10758) Using 13 workers of 13 for evacuation
[2026-07-26T07:36:57.709+0200][240169.022s][info][gc,phases     ] GC(10758)   Pre Evacuate Collection Set: 0.1ms
[2026-07-26T07:36:57.709+0200][240169.022s][info][gc,phases     ] GC(10758)   Evacuate Collection Set: 4.8ms
[2026-07-26T07:36:57.709+0200][240169.022s][info][gc,phases     ] GC(10758)   Post Evacuate Collection Set: 3.4ms
[2026-07-26T07:36:57.709+0200][240169.022s][info][gc,phases     ] GC(10758)   Other: 0.3ms
[2026-07-26T07:36:57.709+0200][240169.022s][info][gc,heap       ] GC(10758) Eden regions: 560->0(557)
[2026-07-26T07:36:57.709+0200][240169.022s][info][gc,heap       ] GC(10758) Survivor regions: 5->6(71)
[2026-07-26T07:36:57.709+0200][240169.022s][info][gc,heap       ] GC(10758) Old regions: 1349->1349
[2026-07-26T07:36:57.709+0200][240169.022s][info][gc,heap       ] GC(10758) Humongous regions: 16->16
[2026-07-26T07:36:57.709+0200][240169.022s][info][gc,metaspace  ] GC(10758) Metaspace: 923053K(1393280K)->923053K(1393280K) NonClass: 814402K(1265152K)->814402K(1265152K) Class: 108650K(128128K)->108650K(128128K)
[2026-07-26T07:36:57.709+0200][240169.022s][info][gc            ] GC(10758) Pause Young (Normal) (G1 Evacuation Pause) 1928M->1369M(2159M) 8.825ms
[2026-07-26T07:36:57.709+0200][240169.022s][info][gc,cpu        ] GC(10758) User=0.06s Sys=0.00s Real=0.01s
[2026-07-26T07:36:58.416+0200][240169.729s][info][gc,start      ] GC(10759) Pause Young (Normal) (G1 Evacuation Pause)
[2026-07-26T07:36:58.416+0200][240169.729s][info][gc,task       ] GC(10759) Using 13 workers of 13 for evacuation
[2026-07-26T07:36:58.424+0200][240169.737s][info][gc,phases     ] GC(10759)   Pre Evacuate Collection Set: 0.1ms
[2026-07-26T07:36:58.425+0200][240169.737s][info][gc,phases     ] GC(10759)   Evacuate Collection Set: 4.8ms
[2026-07-26T07:36:58.425+0200][240169.737s][info][gc,phases     ] GC(10759)   Post Evacuate Collection Set: 3.1ms
[2026-07-26T07:36:58.425+0200][240169.737s][info][gc,phases     ] GC(10759)   Other: 0.3ms
[2026-07-26T07:36:58.425+0200][240169.737s][info][gc,heap       ] GC(10759) Eden regions: 557->0(555)
[2026-07-26T07:36:58.425+0200][240169.737s][info][gc,heap       ] GC(10759) Survivor regions: 6->7(71)
[2026-07-26T07:36:58.425+0200][240169.737s][info][gc,heap       ] GC(10759) Old regions: 1349->1349
[2026-07-26T07:36:58.425+0200][240169.737s][info][gc,heap       ] GC(10759) Humongous regions: 16->16
[2026-07-26T07:36:58.425+0200][240169.737s][info][gc,metaspace  ] GC(10759) Metaspace: 923053K(1393280K)->923053K(1393280K) NonClass: 814402K(1265152K)->814402K(1265152K) Class: 108650K(128128K)->108650K(128128K)
[2026-07-26T07:36:58.425+0200][240169.737s][info][gc            ] GC(10759) Pause Young (Normal) (G1 Evacuation Pause) 1926M->1370M(2159M) 8.549ms
[2026-07-26T07:36:58.425+0200][240169.737s][info][gc,cpu        ] GC(10759) User=0.06s Sys=0.00s Real=0.01s
[2026-07-26T07:37:58.757+0200][240230.069s][info][gc,start      ] GC(10760) Pause Young (Normal) (G1 Evacuation Pause)
[2026-07-26T07:37:58.757+0200][240230.070s][info][gc,task       ] GC(10760) Using 13 workers of 13 for evacuation
[2026-07-26T07:37:58.765+0200][240230.078s][info][gc,phases     ] GC(10760)   Pre Evacuate Collection Set: 0.1ms
[2026-07-26T07:37:58.765+0200][240230.078s][info][gc,phases     ] GC(10760)   Evacuate Collection Set: 4.7ms
[2026-07-26T07:37:58.765+0200][240230.078s][info][gc,phases     ] GC(10760)   Post Evacuate Collection Set: 3.2ms
[2026-07-26T07:37:58.765+0200][240230.078s][info][gc,phases     ] GC(10760)   Other: 0.3ms
[2026-07-26T07:37:58.765+0200][240230.078s][info][gc,heap       ] GC(10760) Eden regions: 555->0(555)
[2026-07-26T07:37:58.765+0200][240230.078s][info][gc,heap       ] GC(10760) Survivor regions: 7->6(71)
[2026-07-26T07:37:58.765+0200][240230.078s][info][gc,heap       ] GC(10760) Old regions: 1349->1349
[2026-07-26T07:37:58.765+0200][240230.078s][info][gc,heap       ] GC(10760) Humongous regions: 16->16
[2026-07-26T07:37:58.765+0200][240230.078s][info][gc,metaspace  ] GC(10760) Metaspace: 923053K(1393280K)->923053K(1393280K) NonClass: 814402K(1265152K)->814402K(1265152K) Class: 108650K(128128K)->108650K(128128K)
[2026-07-26T07:37:58.765+0200][240230.078s][info][gc            ] GC(10760) Pause Young (Normal) (G1 Evacuation Pause) 1925M->1369M(2159M) 8.409ms
[2026-07-26T07:37:58.765+0200][240230.078s][info][gc,cpu        ] GC(10760) User=0.07s Sys=0.01s Real=0.01s
[2026-07-26T07:38:29.016+0200][240260.329s][info][gc,start      ] GC(10761) Pause Young (Normal) (G1 Evacuation Pause)
[2026-07-26T07:38:29.016+0200][240260.329s][info][gc,task       ] GC(10761) Using 13 workers of 13 for evacuation
[2026-07-26T07:38:29.023+0200][240260.336s][info][gc,phases     ] GC(10761)   Pre Evacuate Collection Set: 0.1ms
[2026-07-26T07:38:29.023+0200][240260.336s][info][gc,phases     ] GC(10761)   Evacuate Collection Set: 4.0ms
[2026-07-26T07:38:29.024+0200][240260.336s][info][gc,phases     ] GC(10761)   Post Evacuate Collection Set: 2.8ms
[2026-07-26T07:38:29.024+0200][240260.336s][info][gc,phases     ] GC(10761)   Other: 0.4ms
[2026-07-26T07:38:29.024+0200][240260.336s][info][gc,heap       ] GC(10761) Eden regions: 555->0(562)
[2026-07-26T07:38:29.024+0200][240260.336s][info][gc,heap       ] GC(10761) Survivor regions: 6->2(71)
[2026-07-26T07:38:29.024+0200][240260.336s][info][gc,heap       ] GC(10761) Old regions: 1349->1349
[2026-07-26T07:38:29.024+0200][240260.336s][info][gc,heap       ] GC(10761) Humongous regions: 16->16
[2026-07-26T07:38:29.024+0200][240260.336s][info][gc,metaspace  ] GC(10761) Metaspace: 923053K(1393280K)->923053K(1393280K) NonClass: 814402K(1265152K)->814402K(1265152K) Class: 108650K(128128K)->108650K(128128K)
[2026-07-26T07:38:29.024+0200][240260.336s][info][gc            ] GC(10761) Pause Young (Normal) (G1 Evacuation Pause) 1924M->1365M(2159M) 7.442ms
[2026-07-26T07:38:29.024+0200][240260.336s][info][gc,cpu        ] GC(10761) User=0.04s Sys=0.00s Real=0.01s
[2026-07-26T07:42:43.175+0200][240514.488s][info][gc,start      ] GC(10762) Pause Young (Normal) (G1 Evacuation Pause)
[2026-07-26T07:42:43.175+0200][240514.488s][info][gc,task       ] GC(10762) Using 13 workers of 13 for evacuation
[2026-07-26T07:42:43.187+0200][240514.499s][info][gc,phases     ] GC(10762)   Pre Evacuate Collection Set: 0.1ms
[2026-07-26T07:42:43.187+0200][240514.499s][info][gc,phases     ] GC(10762)   Evacuate Collection Set: 7.2ms
[2026-07-26T07:42:43.187+0200][240514.499s][info][gc,phases     ] GC(10762)   Post Evacuate Collection Set: 4.2ms
[2026-07-26T07:42:43.187+0200][240514.499s][info][gc,phases     ] GC(10762)   Other: 0.3ms
[2026-07-26T07:42:43.187+0200][240514.499s][info][gc,heap       ] GC(10762) Eden regions: 562->0(555)
[2026-07-26T07:42:43.187+0200][240514.500s][info][gc,heap       ] GC(10762) Survivor regions: 2->7(71)
[2026-07-26T07:42:43.187+0200][240514.500s][info][gc,heap       ] GC(10762) Old regions: 1349->1349
[2026-07-26T07:42:43.187+0200][240514.500s][info][gc,heap       ] GC(10762) Humongous regions: 16->16
[2026-07-26T07:42:43.187+0200][240514.500s][info][gc,metaspace  ] GC(10762) Metaspace: 923139K(1393280K)->923139K(1393280K) NonClass: 814477K(1265152K)->814477K(1265152K) Class: 108662K(128128K)->108662K(128128K)
[2026-07-26T07:42:43.187+0200][240514.500s][info][gc            ] GC(10762) Pause Young (Normal) (G1 Evacuation Pause) 1927M->1370M(2159M) 11.963ms
[2026-07-26T07:42:43.187+0200][240514.500s][info][gc,cpu        ] GC(10762) User=0.07s Sys=0.00s Real=0.01s
[2026-07-26T07:42:43.914+0200][240515.226s][info][gc,start      ] GC(10763) Pause Young (Normal) (G1 Evacuation Pause)
[2026-07-26T07:42:43.914+0200][240515.226s][info][gc,task       ] GC(10763) Using 13 workers of 13 for evacuation
[2026-07-26T07:42:43.923+0200][240515.235s][info][gc,phases     ] GC(10763)   Pre Evacuate Collection Set: 0.1ms
[2026-07-26T07:42:43.923+0200][240515.236s][info][gc,phases     ] GC(10763)   Evacuate Collection Set: 5.1ms
[2026-07-26T07:42:43.923+0200][240515.236s][info][gc,phases     ] GC(10763)   Post Evacuate Collection Set: 3.6ms
[2026-07-26T07:42:43.923+0200][240515.236s][info][gc,phases     ] GC(10763)   Other: 0.3ms
[2026-07-26T07:42:43.923+0200][240515.236s][info][gc,heap       ] GC(10763) Eden regions: 555->0(555)
[2026-07-26T07:42:43.923+0200][240515.236s][info][gc,heap       ] GC(10763) Survivor regions: 7->7(71)
[2026-07-26T07:42:43.923+0200][240515.236s][info][gc,heap       ] GC(10763) Old regions: 1349->1349
[2026-07-26T07:42:43.923+0200][240515.236s][info][gc,heap       ] GC(10763) Humongous regions: 16->16
[2026-07-26T07:42:43.923+0200][240515.236s][info][gc,metaspace  ] GC(10763) Metaspace: 923139K(1393280K)->923139K(1393280K) NonClass: 814477K(1265152K)->814477K(1265152K) Class: 108662K(128128K)->108662K(128128K)
[2026-07-26T07:42:43.923+0200][240515.236s][info][gc            ] GC(10763) Pause Young (Normal) (G1 Evacuation Pause) 1925M->1370M(2159M) 9.257ms
[2026-07-26T07:42:43.923+0200][240515.236s][info][gc,cpu        ] GC(10763) User=0.05s Sys=0.01s Real=0.01s
[2026-07-26T07:43:54.670+0200][240585.982s][info][gc,start      ] GC(10764) Pause Young (Normal) (G1 Evacuation Pause)
[2026-07-26T07:43:54.670+0200][240585.982s][info][gc,task       ] GC(10764) Using 13 workers of 13 for evacuation
[2026-07-26T07:43:54.679+0200][240585.991s][info][gc,phases     ] GC(10764)   Pre Evacuate Collection Set: 0.1ms
[2026-07-26T07:43:54.679+0200][240585.991s][info][gc,phases     ] GC(10764)   Evacuate Collection Set: 5.4ms
[2026-07-26T07:43:54.679+0200][240585.991s][info][gc,phases     ] GC(10764)   Post Evacuate Collection Set: 3.2ms
[2026-07-26T07:43:54.679+0200][240585.991s][info][gc,phases     ] GC(10764)   Other: 0.4ms
[2026-07-26T07:43:54.679+0200][240585.991s][info][gc,heap       ] GC(10764) Eden regions: 555->0(554)
[2026-07-26T07:43:54.679+0200][240585.991s][info][gc,heap       ] GC(10764) Survivor regions: 7->7(71)
[2026-07-26T07:43:54.679+0200][240585.991s][info][gc,heap       ] GC(10764) Old regions: 1349->1349
[2026-07-26T07:43:54.679+0200][240585.991s][info][gc,heap       ] GC(10764) Humongous regions: 16->16
[2026-07-26T07:43:54.679+0200][240585.991s][info][gc,metaspace  ] GC(10764) Metaspace: 923139K(1393280K)->923139K(1393280K) NonClass: 814477K(1265152K)->814477K(1265152K) Class: 108662K(128128K)->108662K(128128K)
[2026-07-26T07:43:54.679+0200][240585.991s][info][gc            ] GC(10764) Pause Young (Normal) (G1 Evacuation Pause) 1925M->1370M(2159M) 9.201ms
[2026-07-26T07:43:54.679+0200][240585.992s][info][gc,cpu        ] GC(10764) User=0.07s Sys=0.00s Real=0.01s
[2026-07-26T07:43:57.659+0200][240588.971s][info][gc,start      ] GC(10765) Pause Young (Normal) (G1 Evacuation Pause)
[2026-07-26T07:43:57.659+0200][240588.972s][info][gc,task       ] GC(10765) Using 13 workers of 13 for evacuation
[2026-07-26T07:43:57.666+0200][240588.979s][info][gc,phases     ] GC(10765)   Pre Evacuate Collection Set: 0.1ms
[2026-07-26T07:43:57.666+0200][240588.979s][info][gc,phases     ] GC(10765)   Evacuate Collection Set: 4.1ms
[2026-07-26T07:43:57.666+0200][240588.979s][info][gc,phases     ] GC(10765)   Post Evacuate Collection Set: 3.1ms
[2026-07-26T07:43:57.666+0200][240588.979s][info][gc,phases     ] GC(10765)   Other: 0.3ms
[2026-07-26T07:43:57.666+0200][240588.979s][info][gc,heap       ] GC(10765) Eden regions: 554->0(560)
[2026-07-26T07:43:57.666+0200][240588.979s][info][gc,heap       ] GC(10765) Survivor regions: 7->3(71)
[2026-07-26T07:43:57.666+0200][240588.979s][info][gc,heap       ] GC(10765) Old regions: 1349->1349
[2026-07-26T07:43:57.666+0200][240588.979s][info][gc,heap       ] GC(10765) Humongous regions: 16->16
[2026-07-26T07:43:57.667+0200][240588.979s][info][gc,metaspace  ] GC(10765) Metaspace: 923139K(1393280K)->923139K(1393280K) NonClass: 814477K(1265152K)->814477K(1265152K) Class: 108662K(128128K)->108662K(128128K)
[2026-07-26T07:43:57.667+0200][240588.979s][info][gc            ] GC(10765) Pause Young (Normal) (G1 Evacuation Pause) 1924M->1367M(2159M) 7.712ms
[2026-07-26T07:43:57.667+0200][240588.979s][info][gc,cpu        ] GC(10765) User=0.06s Sys=0.00s Real=0.01s
[2026-07-26T07:43:58.324+0200][240589.637s][info][gc,start      ] GC(10766) Pause Young (Normal) (G1 Evacuation Pause)
[2026-07-26T07:43:58.324+0200][240589.637s][info][gc,task       ] GC(10766) Using 13 workers of 13 for evacuation
[2026-07-26T07:43:58.332+0200][240589.645s][info][gc,phases     ] GC(10766)   Pre Evacuate Collection Set: 0.1ms
[2026-07-26T07:43:58.332+0200][240589.645s][info][gc,phases     ] GC(10766)   Evacuate Collection Set: 4.3ms
[2026-07-26T07:43:58.332+0200][240589.645s][info][gc,phases     ] GC(10766)   Post Evacuate Collection Set: 3.2ms
[2026-07-26T07:43:58.332+0200][240589.645s][info][gc,phases     ] GC(10766)   Other: 0.3ms
[2026-07-26T07:43:58.332+0200][240589.645s][info][gc,heap       ] GC(10766) Eden regions: 560->0(557)
[2026-07-26T07:43:58.332+0200][240589.645s][info][gc,heap       ] GC(10766) Survivor regions: 3->5(71)
[2026-07-26T07:43:58.332+0200][240589.645s][info][gc,heap       ] GC(10766) Old regions: 1349->1349
[2026-07-26T07:43:58.332+0200][240589.645s][info][gc,heap       ] GC(10766) Humongous regions: 16->16
[2026-07-26T07:43:58.332+0200][240589.645s][info][gc,metaspace  ] GC(10766) Metaspace: 923139K(1393280K)->923139K(1393280K) NonClass: 814477K(1265152K)->814477K(1265152K) Class: 108662K(128128K)->108662K(128128K)
[2026-07-26T07:43:58.332+0200][240589.645s][info][gc            ] GC(10766) Pause Young (Normal) (G1 Evacuation Pause) 1927M->1368M(2159M) 8.051ms
[2026-07-26T07:43:58.333+0200][240589.645s][info][gc,cpu        ] GC(10766) User=0.06s Sys=0.00s Real=0.00s
[2026-07-26T07:44:29.317+0200][240620.629s][info][gc,start      ] GC(10767) Pause Young (Normal) (G1 Evacuation Pause)
[2026-07-26T07:44:29.317+0200][240620.629s][info][gc,task       ] GC(10767) Using 13 workers of 13 for evacuation
[2026-07-26T07:44:29.324+0200][240620.636s][info][gc,phases     ] GC(10767)   Pre Evacuate Collection Set: 0.1ms
[2026-07-26T07:44:29.324+0200][240620.637s][info][gc,phases     ] GC(10767)   Evacuate Collection Set: 4.0ms
[2026-07-26T07:44:29.324+0200][240620.637s][info][gc,phases     ] GC(10767)   Post Evacuate Collection Set: 2.8ms
[2026-07-26T07:44:29.324+0200][240620.637s][info][gc,phases     ] GC(10767)   Other: 0.4ms
[2026-07-26T07:44:29.324+0200][240620.637s][info][gc,heap       ] GC(10767) Eden regions: 557->0(563)
[2026-07-26T07:44:29.324+0200][240620.637s][info][gc,heap       ] GC(10767) Survivor regions: 5->2(71)
[2026-07-26T07:44:29.324+0200][240620.637s][info][gc,heap       ] GC(10767) Old regions: 1349->1349
[2026-07-26T07:44:29.324+0200][240620.637s][info][gc,heap       ] GC(10767) Humongous regions: 16->16
[2026-07-26T07:44:29.324+0200][240620.637s][info][gc,metaspace  ] GC(10767) Metaspace: 923139K(1393280K)->923139K(1393280K) NonClass: 814477K(1265152K)->814477K(1265152K) Class: 108662K(128128K)->108662K(128128K)
[2026-07-26T07:44:29.324+0200][240620.637s][info][gc            ] GC(10767) Pause Young (Normal) (G1 Evacuation Pause) 1925M->1365M(2159M) 7.452ms
[2026-07-26T07:44:29.324+0200][240620.637s][info][gc,cpu        ] GC(10767) User=0.05s Sys=0.00s Real=0.01s
[2026-07-26T07:45:22.816+0200][240674.128s][info][gc,start      ] GC(10768) Pause Young (Normal) (G1 Evacuation Pause)
[2026-07-26T07:45:22.816+0200][240674.128s][info][gc,task       ] GC(10768) Using 13 workers of 13 for evacuation
[2026-07-26T07:45:22.824+0200][240674.137s][info][gc,phases     ] GC(10768)   Pre Evacuate Collection Set: 0.1ms
[2026-07-26T07:45:22.824+0200][240674.137s][info][gc,phases     ] GC(10768)   Evacuate Collection Set: 4.8ms
[2026-07-26T07:45:22.824+0200][240674.137s][info][gc,phases     ] GC(10768)   Post Evacuate Collection Set: 3.2ms
[2026-07-26T07:45:22.824+0200][240674.137s][info][gc,phases     ] GC(10768)   Other: 0.5ms
[2026-07-26T07:45:22.824+0200][240674.137s][info][gc,heap       ] GC(10768) Eden regions: 563->0(557)
[2026-07-26T07:45:22.824+0200][240674.137s][info][gc,heap       ] GC(10768) Survivor regions: 2->6(71)
[2026-07-26T07:45:22.824+0200][240674.137s][info][gc,heap       ] GC(10768) Old regions: 1349->1349
[2026-07-26T07:45:22.824+0200][240674.137s][info][gc,heap       ] GC(10768) Humongous regions: 16->16
[2026-07-26T07:45:22.824+0200][240674.137s][info][gc,metaspace  ] GC(10768) Metaspace: 923139K(1393280K)->923139K(1393280K) NonClass: 814477K(1265152K)->814477K(1265152K) Class: 108662K(128128K)->108662K(128128K)
[2026-07-26T07:45:22.824+0200][240674.137s][info][gc            ] GC(10768) Pause Young (Normal) (G1 Evacuation Pause) 1928M->1369M(2159M) 8.813ms
[2026-07-26T07:45:22.824+0200][240674.137s][info][gc,cpu        ] GC(10768) User=0.06s Sys=0.00s Real=0.01s
[2026-07-26T07:46:45.156+0200][240756.469s][info][gc,start      ] GC(10769) Pause Young (Normal) (G1 Evacuation Pause)
[2026-07-26T07:46:45.156+0200][240756.469s][info][gc,task       ] GC(10769) Using 13 workers of 13 for evacuation
[2026-07-26T07:46:45.163+0200][240756.476s][info][gc,phases     ] GC(10769)   Pre Evacuate Collection Set: 0.1ms
[2026-07-26T07:46:45.163+0200][240756.476s][info][gc,phases     ] GC(10769)   Evacuate Collection Set: 4.0ms
[2026-07-26T07:46:45.163+0200][240756.476s][info][gc,phases     ] GC(10769)   Post Evacuate Collection Set: 3.0ms
[2026-07-26T07:46:45.163+0200][240756.476s][info][gc,phases     ] GC(10769)   Other: 0.3ms
[2026-07-26T07:46:45.163+0200][240756.476s][info][gc,heap       ] GC(10769) Eden regions: 557->0(560)
[2026-07-26T07:46:45.163+0200][240756.476s][info][gc,heap       ] GC(10769) Survivor regions: 6->4(71)
[2026-07-26T07:46:45.163+0200][240756.476s][info][gc,heap       ] GC(10769) Old regions: 1349->1349
[2026-07-26T07:46:45.163+0200][240756.476s][info][gc,heap       ] GC(10769) Humongous regions: 16->16
[2026-07-26T07:46:45.163+0200][240756.476s][info][gc,metaspace  ] GC(10769) Metaspace: 923139K(1393280K)->923139K(1393280K) NonClass: 814477K(1265152K)->814477K(1265152K) Class: 108662K(128128K)->108662K(128128K)
[2026-07-26T07:46:45.163+0200][240756.476s][info][gc            ] GC(10769) Pause Young (Normal) (G1 Evacuation Pause) 1926M->1368M(2159M) 7.554ms
[2026-07-26T07:46:45.163+0200][240756.476s][info][gc,cpu        ] GC(10769) User=0.05s Sys=0.01s Real=0.01s
[2026-07-26T07:46:45.834+0200][240757.147s][info][gc,start      ] GC(10770) Pause Young (Normal) (G1 Evacuation Pause)
[2026-07-26T07:46:45.834+0200][240757.147s][info][gc,task       ] GC(10770) Using 13 workers of 13 for evacuation
[2026-07-26T07:46:45.842+0200][240757.155s][info][gc,phases     ] GC(10770)   Pre Evacuate Collection Set: 0.1ms
[2026-07-26T07:46:45.842+0200][240757.155s][info][gc,phases     ] GC(10770)   Evacuate Collection Set: 4.2ms
[2026-07-26T07:46:45.842+0200][240757.155s][info][gc,phases     ] GC(10770)   Post Evacuate Collection Set: 3.1ms
[2026-07-26T07:46:45.842+0200][240757.155s][info][gc,phases     ] GC(10770)   Other: 0.3ms
[2026-07-26T07:46:45.842+0200][240757.155s][info][gc,heap       ] GC(10770) Eden regions: 560->0(559)
[2026-07-26T07:46:45.842+0200][240757.155s][info][gc,heap       ] GC(10770) Survivor regions: 4->5(71)
[2026-07-26T07:46:45.842+0200][240757.155s][info][gc,heap       ] GC(10770) Old regions: 1349->1349
[2026-07-26T07:46:45.842+0200][240757.155s][info][gc,heap       ] GC(10770) Humongous regions: 16->16
[2026-07-26T07:46:45.842+0200][240757.155s][info][gc,metaspace  ] GC(10770) Metaspace: 923139K(1393280K)->923139K(1393280K) NonClass: 814477K(1265152K)->814477K(1265152K) Class: 108662K(128128K)->108662K(128128K)
[2026-07-26T07:46:45.842+0200][240757.155s][info][gc            ] GC(10770) Pause Young (Normal) (G1 Evacuation Pause) 1928M->1369M(2159M) 7.853ms
[2026-07-26T07:46:45.842+0200][240757.155s][info][gc,cpu        ] GC(10770) User=0.06s Sys=0.00s Real=0.00s
[2026-07-26T07:47:13.961+0200][240785.273s][info][gc,start      ] GC(10771) Pause Young (Normal) (G1 Evacuation Pause)
[2026-07-26T07:47:13.961+0200][240785.274s][info][gc,task       ] GC(10771) Using 13 workers of 13 for evacuation
[2026-07-26T07:47:13.970+0200][240785.283s][info][gc,phases     ] GC(10771)   Pre Evacuate Collection Set: 0.1ms
[2026-07-26T07:47:13.970+0200][240785.283s][info][gc,phases     ] GC(10771)   Evacuate Collection Set: 5.7ms
[2026-07-26T07:47:13.970+0200][240785.283s][info][gc,phases     ] GC(10771)   Post Evacuate Collection Set: 2.9ms
[2026-07-26T07:47:13.970+0200][240785.283s][info][gc,phases     ] GC(10771)   Other: 0.5ms
[2026-07-26T07:47:13.970+0200][240785.283s][info][gc,heap       ] GC(10771) Eden regions: 559->0(556)
[2026-07-26T07:47:13.970+0200][240785.283s][info][gc,heap       ] GC(10771) Survivor regions: 5->6(71)
[2026-07-26T07:47:13.970+0200][240785.283s][info][gc,heap       ] GC(10771) Old regions: 1349->1349
[2026-07-26T07:47:13.970+0200][240785.283s][info][gc,heap       ] GC(10771) Humongous regions: 16->16
[2026-07-26T07:47:13.970+0200][240785.283s][info][gc,metaspace  ] GC(10771) Metaspace: 923139K(1393280K)->923139K(1393280K) NonClass: 814477K(1265152K)->814477K(1265152K) Class: 108662K(128128K)->108662K(128128K)
[2026-07-26T07:47:13.970+0200][240785.283s][info][gc            ] GC(10771) Pause Young (Normal) (G1 Evacuation Pause) 1928M->1370M(2159M) 9.326ms
[2026-07-26T07:47:13.970+0200][240785.283s][info][gc,cpu        ] GC(10771) User=0.07s Sys=0.00s Real=0.01s
[2026-07-26T07:47:14.606+0200][240785.919s][info][gc,start      ] GC(10772) Pause Young (Normal) (G1 Evacuation Pause)
[2026-07-26T07:47:14.606+0200][240785.919s][info][gc,task       ] GC(10772) Using 13 workers of 13 for evacuation
[2026-07-26T07:47:14.615+0200][240785.928s][info][gc,phases     ] GC(10772)   Pre Evacuate Collection Set: 0.1ms
[2026-07-26T07:47:14.615+0200][240785.928s][info][gc,phases     ] GC(10772)   Evacuate Collection Set: 5.0ms
[2026-07-26T07:47:14.615+0200][240785.928s][info][gc,phases     ] GC(10772)   Post Evacuate Collection Set: 3.1ms
[2026-07-26T07:47:14.615+0200][240785.928s][info][gc,phases     ] GC(10772)   Other: 0.3ms
[2026-07-26T07:47:14.615+0200][240785.928s][info][gc,heap       ] GC(10772) Eden regions: 556->0(557)
[2026-07-26T07:47:14.615+0200][240785.928s][info][gc,heap       ] GC(10772) Survivor regions: 6->6(71)
[2026-07-26T07:47:14.615+0200][240785.928s][info][gc,heap       ] GC(10772) Old regions: 1349->1349
[2026-07-26T07:47:14.615+0200][240785.928s][info][gc,heap       ] GC(10772) Humongous regions: 16->16
[2026-07-26T07:47:14.615+0200][240785.928s][info][gc,metaspace  ] GC(10772) Metaspace: 923139K(1393280K)->923139K(1393280K) NonClass: 814477K(1265152K)->814477K(1265152K) Class: 108662K(128128K)->108662K(128128K)
[2026-07-26T07:47:14.615+0200][240785.928s][info][gc            ] GC(10772) Pause Young (Normal) (G1 Evacuation Pause) 1926M->1369M(2159M) 8.687ms
[2026-07-26T07:47:14.615+0200][240785.928s][info][gc,cpu        ] GC(10772) User=0.06s Sys=0.00s Real=0.01s
[2026-07-26T07:52:36.588+0200][241107.901s][info][gc,start      ] GC(10773) Pause Young (Normal) (G1 Evacuation Pause)
[2026-07-26T07:52:36.588+0200][241107.901s][info][gc,task       ] GC(10773) Using 13 workers of 13 for evacuation
[2026-07-26T07:52:36.596+0200][241107.909s][info][gc,phases     ] GC(10773)   Pre Evacuate Collection Set: 0.1ms
[2026-07-26T07:52:36.596+0200][241107.909s][info][gc,phases     ] GC(10773)   Evacuate Collection Set: 4.4ms
[2026-07-26T07:52:36.596+0200][241107.909s][info][gc,phases     ] GC(10773)   Post Evacuate Collection Set: 3.3ms
[2026-07-26T07:52:36.596+0200][241107.909s][info][gc,phases     ] GC(10773)   Other: 0.4ms
[2026-07-26T07:52:36.596+0200][241107.909s][info][gc,heap       ] GC(10773) Eden regions: 557->0(556)
[2026-07-26T07:52:36.596+0200][241107.909s][info][gc,heap       ] GC(10773) Survivor regions: 6->6(71)
[2026-07-26T07:52:36.596+0200][241107.909s][info][gc,heap       ] GC(10773) Old regions: 1349->1349
[2026-07-26T07:52:36.596+0200][241107.909s][info][gc,heap       ] GC(10773) Humongous regions: 16->16
[2026-07-26T07:52:36.596+0200][241107.909s][info][gc,metaspace  ] GC(10773) Metaspace: 923145K(1393280K)->923145K(1393280K) NonClass: 814481K(1265152K)->814481K(1265152K) Class: 108663K(128128K)->108663K(128128K)
[2026-07-26T07:52:36.596+0200][241107.909s][info][gc            ] GC(10773) Pause Young (Normal) (G1 Evacuation Pause) 1926M->1370M(2159M) 8.311ms
[2026-07-26T07:52:36.596+0200][241107.909s][info][gc,cpu        ] GC(10773) User=0.06s Sys=0.00s Real=0.01s
[2026-07-26T07:52:37.185+0200][241108.498s][info][gc,start      ] GC(10774) Pause Young (Normal) (G1 Evacuation Pause)
[2026-07-26T07:52:37.185+0200][241108.498s][info][gc,task       ] GC(10774) Using 13 workers of 13 for evacuation
[2026-07-26T07:52:37.195+0200][241108.507s][info][gc,phases     ] GC(10774)   Pre Evacuate Collection Set: 0.1ms
[2026-07-26T07:52:37.195+0200][241108.507s][info][gc,phases     ] GC(10774)   Evacuate Collection Set: 5.0ms
[2026-07-26T07:52:37.195+0200][241108.507s][info][gc,phases     ] GC(10774)   Post Evacuate Collection Set: 3.9ms
[2026-07-26T07:52:37.195+0200][241108.507s][info][gc,phases     ] GC(10774)   Other: 0.3ms
[2026-07-26T07:52:37.195+0200][241108.507s][info][gc,heap       ] GC(10774) Eden regions: 556->0(556)
[2026-07-26T07:52:37.195+0200][241108.507s][info][gc,heap       ] GC(10774) Survivor regions: 6->6(71)
[2026-07-26T07:52:37.195+0200][241108.507s][info][gc,heap       ] GC(10774) Old regions: 1349->1349
[2026-07-26T07:52:37.195+0200][241108.507s][info][gc,heap       ] GC(10774) Humongous regions: 16->16
[2026-07-26T07:52:37.195+0200][241108.507s][info][gc,metaspace  ] GC(10774) Metaspace: 923145K(1393280K)->923145K(1393280K) NonClass: 814481K(1265152K)->814481K(1265152K) Class: 108663K(128128K)->108663K(128128K)
[2026-07-26T07:52:37.195+0200][241108.507s][info][gc            ] GC(10774) Pause Young (Normal) (G1 Evacuation Pause) 1926M->1370M(2159M) 9.492ms
[2026-07-26T07:52:37.195+0200][241108.507s][info][gc,cpu        ] GC(10774) User=0.05s Sys=0.00s Real=0.01s
[2026-07-26T07:53:09.036+0200][241140.348s][info][gc,start      ] GC(10775) Pause Young (Normal) (G1 Evacuation Pause)
[2026-07-26T07:53:09.036+0200][241140.349s][info][gc,task       ] GC(10775) Using 13 workers of 13 for evacuation
[2026-07-26T07:53:09.048+0200][241140.361s][info][gc,phases     ] GC(10775)   Pre Evacuate Collection Set: 0.1ms
[2026-07-26T07:53:09.048+0200][241140.361s][info][gc,phases     ] GC(10775)   Evacuate Collection Set: 4.4ms
[2026-07-26T07:53:09.048+0200][241140.361s][info][gc,phases     ] GC(10775)   Post Evacuate Collection Set: 7.6ms
[2026-07-26T07:53:09.048+0200][241140.361s][info][gc,phases     ] GC(10775)   Other: 0.4ms
[2026-07-26T07:53:09.048+0200][241140.361s][info][gc,heap       ] GC(10775) Eden regions: 556->0(562)
[2026-07-26T07:53:09.048+0200][241140.361s][info][gc,heap       ] GC(10775) Survivor regions: 6->2(71)
[2026-07-26T07:53:09.048+0200][241140.361s][info][gc,heap       ] GC(10775) Old regions: 1349->1349
[2026-07-26T07:53:09.048+0200][241140.361s][info][gc,heap       ] GC(10775) Humongous regions: 16->16
[2026-07-26T07:53:09.048+0200][241140.361s][info][gc,metaspace  ] GC(10775) Metaspace: 923145K(1393280K)->923145K(1393280K) NonClass: 814481K(1265152K)->814481K(1265152K) Class: 108663K(128128K)->108663K(128128K)
[2026-07-26T07:53:09.048+0200][241140.361s][info][gc            ] GC(10775) Pause Young (Normal) (G1 Evacuation Pause) 1926M->1366M(2159M) 12.618ms
[2026-07-26T07:53:09.048+0200][241140.361s][info][gc,cpu        ] GC(10775) User=0.06s Sys=0.02s Real=0.01s
[2026-07-26T07:53:17.010+0200][241148.322s][info][gc,start      ] GC(10776) Pause Young (Normal) (G1 Evacuation Pause)
[2026-07-26T07:53:17.010+0200][241148.322s][info][gc,task       ] GC(10776) Using 13 workers of 13 for evacuation
[2026-07-26T07:53:17.022+0200][241148.335s][info][gc,phases     ] GC(10776)   Pre Evacuate Collection Set: 0.1ms
[2026-07-26T07:53:17.022+0200][241148.335s][info][gc,phases     ] GC(10776)   Evacuate Collection Set: 8.3ms
[2026-07-26T07:53:17.022+0200][241148.335s][info][gc,phases     ] GC(10776)   Post Evacuate Collection Set: 3.4ms
[2026-07-26T07:53:17.022+0200][241148.335s][info][gc,phases     ] GC(10776)   Other: 0.4ms
[2026-07-26T07:53:17.022+0200][241148.335s][info][gc,heap       ] GC(10776) Eden regions: 562->0(547)
[2026-07-26T07:53:17.022+0200][241148.335s][info][gc,heap       ] GC(10776) Survivor regions: 2->11(71)
[2026-07-26T07:53:17.022+0200][241148.335s][info][gc,heap       ] GC(10776) Old regions: 1349->1349
[2026-07-26T07:53:17.022+0200][241148.335s][info][gc,heap       ] GC(10776) Humongous regions: 16->16
[2026-07-26T07:53:17.022+0200][241148.335s][info][gc,metaspace  ] GC(10776) Metaspace: 923145K(1393280K)->923145K(1393280K) NonClass: 814481K(1265152K)->814481K(1265152K) Class: 108663K(128128K)->108663K(128128K)
[2026-07-26T07:53:17.022+0200][241148.335s][info][gc            ] GC(10776) Pause Young (Normal) (G1 Evacuation Pause) 1928M->1375M(2159M) 12.400ms
[2026-07-26T07:53:17.022+0200][241148.335s][info][gc,cpu        ] GC(10776) User=0.11s Sys=0.00s Real=0.01s
[2026-07-26T07:53:17.527+0200][241148.840s][info][gc,start      ] GC(10777) Pause Young (Normal) (G1 Evacuation Pause)
[2026-07-26T07:53:17.527+0200][241148.840s][info][gc,task       ] GC(10777) Using 13 workers of 13 for evacuation
[2026-07-26T07:53:17.536+0200][241148.849s][info][gc,phases     ] GC(10777)   Pre Evacuate Collection Set: 0.1ms
[2026-07-26T07:53:17.537+0200][241148.849s][info][gc,phases     ] GC(10777)   Evacuate Collection Set: 5.8ms
[2026-07-26T07:53:17.537+0200][241148.849s][info][gc,phases     ] GC(10777)   Post Evacuate Collection Set: 3.2ms
[2026-07-26T07:53:17.537+0200][241148.849s][info][gc,phases     ] GC(10777)   Other: 0.3ms
[2026-07-26T07:53:17.537+0200][241148.849s][info][gc,heap       ] GC(10777) Eden regions: 547->0(548)
[2026-07-26T07:53:17.537+0200][241148.849s][info][gc,heap       ] GC(10777) Survivor regions: 11->9(70)
[2026-07-26T07:53:17.537+0200][241148.849s][info][gc,heap       ] GC(10777) Old regions: 1349->1349
[2026-07-26T07:53:17.537+0200][241148.849s][info][gc,heap       ] GC(10777) Humongous regions: 16->16
[2026-07-26T07:53:17.537+0200][241148.849s][info][gc,metaspace  ] GC(10777) Metaspace: 923145K(1393280K)->923145K(1393280K) NonClass: 814481K(1265152K)->814481K(1265152K) Class: 108663K(128128K)->108663K(128128K)
[2026-07-26T07:53:17.537+0200][241148.849s][info][gc            ] GC(10777) Pause Young (Normal) (G1 Evacuation Pause) 1922M->1373M(2159M) 9.557ms
[2026-07-26T07:53:17.537+0200][241148.849s][info][gc,cpu        ] GC(10777) User=0.07s Sys=0.00s Real=0.01s
[2026-07-26T07:53:18.148+0200][241149.460s][info][gc,start      ] GC(10778) Pause Young (Normal) (G1 Evacuation Pause)
[2026-07-26T07:53:18.148+0200][241149.460s][info][gc,task       ] GC(10778) Using 13 workers of 13 for evacuation
[2026-07-26T07:53:18.156+0200][241149.469s][info][gc,phases     ] GC(10778)   Pre Evacuate Collection Set: 0.1ms
[2026-07-26T07:53:18.157+0200][241149.469s][info][gc,phases     ] GC(10778)   Evacuate Collection Set: 5.1ms
[2026-07-26T07:53:18.157+0200][241149.469s][info][gc,phases     ] GC(10778)   Post Evacuate Collection Set: 3.2ms
[2026-07-26T07:53:18.157+0200][241149.469s][info][gc,phases     ] GC(10778)   Other: 0.3ms
[2026-07-26T07:53:18.157+0200][241149.469s][info][gc,heap       ] GC(10778) Eden regions: 548->0(550)
[2026-07-26T07:53:18.157+0200][241149.469s][info][gc,heap       ] GC(10778) Survivor regions: 9->7(70)
[2026-07-26T07:53:18.157+0200][241149.469s][info][gc,heap       ] GC(10778) Old regions: 1349->1349
[2026-07-26T07:53:18.157+0200][241149.469s][info][gc,heap       ] GC(10778) Humongous regions: 16->16
[2026-07-26T07:53:18.157+0200][241149.469s][info][gc,metaspace  ] GC(10778) Metaspace: 923145K(1393280K)->923145K(1393280K) NonClass: 814481K(1265152K)->814481K(1265152K) Class: 108663K(128128K)->108663K(128128K)
[2026-07-26T07:53:18.157+0200][241149.469s][info][gc            ] GC(10778) Pause Young (Normal) (G1 Evacuation Pause) 1921M->1371M(2159M) 8.906ms
[2026-07-26T07:53:18.157+0200][241149.469s][info][gc,cpu        ] GC(10778) User=0.07s Sys=0.00s Real=0.01s
[2026-07-26T07:54:43.965+0200][241235.278s][info][gc,start      ] GC(10779) Pause Young (Normal) (G1 Evacuation Pause)
[2026-07-26T07:54:43.965+0200][241235.278s][info][gc,task       ] GC(10779) Using 13 workers of 13 for evacuation
[2026-07-26T07:54:43.973+0200][241235.285s][info][gc,phases     ] GC(10779)   Pre Evacuate Collection Set: 0.1ms
[2026-07-26T07:54:43.973+0200][241235.285s][info][gc,phases     ] GC(10779)   Evacuate Collection Set: 4.4ms
[2026-07-26T07:54:43.973+0200][241235.285s][info][gc,phases     ] GC(10779)   Post Evacuate Collection Set: 2.9ms
[2026-07-26T07:54:43.973+0200][241235.285s][info][gc,phases     ] GC(10779)   Other: 0.4ms
[2026-07-26T07:54:43.973+0200][241235.285s][info][gc,heap       ] GC(10779) Eden regions: 550->0(553)
[2026-07-26T07:54:43.973+0200][241235.285s][info][gc,heap       ] GC(10779) Survivor regions: 7->5(70)
[2026-07-26T07:54:43.973+0200][241235.285s][info][gc,heap       ] GC(10779) Old regions: 1349->1349
[2026-07-26T07:54:43.973+0200][241235.285s][info][gc,heap       ] GC(10779) Humongous regions: 16->16
[2026-07-26T07:54:43.973+0200][241235.285s][info][gc,metaspace  ] GC(10779) Metaspace: 923145K(1393280K)->923145K(1393280K) NonClass: 814481K(1265152K)->814481K(1265152K) Class: 108663K(128128K)->108663K(128128K)
[2026-07-26T07:54:43.973+0200][241235.285s][info][gc            ] GC(10779) Pause Young (Normal) (G1 Evacuation Pause) 1921M->1369M(2159M) 7.920ms
[2026-07-26T07:54:43.973+0200][241235.285s][info][gc,cpu        ] GC(10779) User=0.06s Sys=0.01s Real=0.00s
[2026-07-26T07:55:30.504+0200][241281.817s][info][gc,start      ] GC(10780) Pause Young (Normal) (G1 Evacuation Pause)
[2026-07-26T07:55:30.504+0200][241281.817s][info][gc,task       ] GC(10780) Using 13 workers of 13 for evacuation
[2026-07-26T07:55:30.515+0200][241281.828s][info][gc,phases     ] GC(10780)   Pre Evacuate Collection Set: 0.1ms
[2026-07-26T07:55:30.515+0200][241281.828s][info][gc,phases     ] GC(10780)   Evacuate Collection Set: 7.4ms
[2026-07-26T07:55:30.515+0200][241281.828s][info][gc,phases     ] GC(10780)   Post Evacuate Collection Set: 3.2ms
[2026-07-26T07:55:30.515+0200][241281.828s][info][gc,phases     ] GC(10780)   Other: 0.4ms
[2026-07-26T07:55:30.515+0200][241281.828s][info][gc,heap       ] GC(10780) Eden regions: 553->0(548)
[2026-07-26T07:55:30.515+0200][241281.828s][info][gc,heap       ] GC(10780) Survivor regions: 5->8(70)
[2026-07-26T07:55:30.515+0200][241281.828s][info][gc,heap       ] GC(10780) Old regions: 1349->1349
[2026-07-26T07:55:30.515+0200][241281.828s][info][gc,heap       ] GC(10780) Humongous regions: 16->16
[2026-07-26T07:55:30.515+0200][241281.828s][info][gc,metaspace  ] GC(10780) Metaspace: 923145K(1393280K)->923145K(1393280K) NonClass: 814481K(1265152K)->814481K(1265152K) Class: 108663K(128128K)->108663K(128128K)
[2026-07-26T07:55:30.515+0200][241281.828s][info][gc            ] GC(10780) Pause Young (Normal) (G1 Evacuation Pause) 1922M->1372M(2159M) 11.246ms
[2026-07-26T07:55:30.515+0200][241281.828s][info][gc,cpu        ] GC(10780) User=0.09s Sys=0.00s Real=0.01s
[2026-07-26T07:55:31.215+0200][241282.528s][info][gc,start      ] GC(10781) Pause Young (Normal) (G1 Evacuation Pause)
[2026-07-26T07:55:31.215+0200][241282.528s][info][gc,task       ] GC(10781) Using 13 workers of 13 for evacuation
[2026-07-26T07:55:31.224+0200][241282.537s][info][gc,phases     ] GC(10781)   Pre Evacuate Collection Set: 0.1ms
[2026-07-26T07:55:31.224+0200][241282.537s][info][gc,phases     ] GC(10781)   Evacuate Collection Set: 6.0ms
[2026-07-26T07:55:31.224+0200][241282.537s][info][gc,phases     ] GC(10781)   Post Evacuate Collection Set: 3.1ms
[2026-07-26T07:55:31.224+0200][241282.537s][info][gc,phases     ] GC(10781)   Other: 0.3ms
[2026-07-26T07:55:31.224+0200][241282.537s][info][gc,heap       ] GC(10781) Eden regions: 548->0(548)
[2026-07-26T07:55:31.224+0200][241282.537s][info][gc,heap       ] GC(10781) Survivor regions: 8->8(70)
[2026-07-26T07:55:31.224+0200][241282.537s][info][gc,heap       ] GC(10781) Old regions: 1349->1349
[2026-07-26T07:55:31.225+0200][241282.537s][info][gc,heap       ] GC(10781) Humongous regions: 16->16
[2026-07-26T07:55:31.225+0200][241282.537s][info][gc,metaspace  ] GC(10781) Metaspace: 923145K(1393280K)->923145K(1393280K) NonClass: 814481K(1265152K)->814481K(1265152K) Class: 108663K(128128K)->108663K(128128K)
[2026-07-26T07:55:31.225+0200][241282.537s][info][gc            ] GC(10781) Pause Young (Normal) (G1 Evacuation Pause) 1920M->1372M(2159M) 9.596ms
[2026-07-26T07:55:31.225+0200][241282.537s][info][gc,cpu        ] GC(10781) User=0.06s Sys=0.01s Real=0.01s
[2026-07-26T07:55:31.763+0200][241283.076s][info][gc,start      ] GC(10782) Pause Young (Normal) (G1 Evacuation Pause)
[2026-07-26T07:55:31.764+0200][241283.076s][info][gc,task       ] GC(10782) Using 13 workers of 13 for evacuation
[2026-07-26T07:55:31.773+0200][241283.086s][info][gc,phases     ] GC(10782)   Pre Evacuate Collection Set: 0.1ms
[2026-07-26T07:55:31.773+0200][241283.086s][info][gc,phases     ] GC(10782)   Evacuate Collection Set: 6.0ms
[2026-07-26T07:55:31.773+0200][241283.086s][info][gc,phases     ] GC(10782)   Post Evacuate Collection Set: 3.1ms
[2026-07-26T07:55:31.773+0200][241283.086s][info][gc,phases     ] GC(10782)   Other: 0.3ms
[2026-07-26T07:55:31.773+0200][241283.086s][info][gc,heap       ] GC(10782) Eden regions: 548->0(548)
[2026-07-26T07:55:31.773+0200][241283.086s][info][gc,heap       ] GC(10782) Survivor regions: 8->9(70)
[2026-07-26T07:55:31.773+0200][241283.086s][info][gc,heap       ] GC(10782) Old regions: 1349->1349
[2026-07-26T07:55:31.773+0200][241283.086s][info][gc,heap       ] GC(10782) Humongous regions: 16->16
[2026-07-26T07:55:31.773+0200][241283.086s][info][gc,metaspace  ] GC(10782) Metaspace: 923145K(1393280K)->923145K(1393280K) NonClass: 814481K(1265152K)->814481K(1265152K) Class: 108663K(128128K)->108663K(128128K)
[2026-07-26T07:55:31.773+0200][241283.086s][info][gc            ] GC(10782) Pause Young (Normal) (G1 Evacuation Pause) 1920M->1373M(2159M) 9.643ms
[2026-07-26T07:55:31.773+0200][241283.086s][info][gc,cpu        ] GC(10782) User=0.07s Sys=0.01s Real=0.01s
[2026-07-26T07:59:29.392+0200][241520.705s][info][gc,start      ] GC(10783) Pause Young (Normal) (G1 Evacuation Pause)
[2026-07-26T07:59:29.392+0200][241520.705s][info][gc,task       ] GC(10783) Using 13 workers of 13 for evacuation
[2026-07-26T07:59:29.400+0200][241520.713s][info][gc,phases     ] GC(10783)   Pre Evacuate Collection Set: 0.1ms
[2026-07-26T07:59:29.400+0200][241520.713s][info][gc,phases     ] GC(10783)   Evacuate Collection Set: 3.9ms
[2026-07-26T07:59:29.400+0200][241520.713s][info][gc,phases     ] GC(10783)   Post Evacuate Collection Set: 3.6ms
[2026-07-26T07:59:29.400+0200][241520.713s][info][gc,phases     ] GC(10783)   Other: 0.3ms
[2026-07-26T07:59:29.400+0200][241520.713s][info][gc,heap       ] GC(10783) Eden regions: 548->0(555)
[2026-07-26T07:59:29.400+0200][241520.713s][info][gc,heap       ] GC(10783) Survivor regions: 9->3(70)
[2026-07-26T07:59:29.400+0200][241520.713s][info][gc,heap       ] GC(10783) Old regions: 1349->1349
[2026-07-26T07:59:29.400+0200][241520.713s][info][gc,heap       ] GC(10783) Humongous regions: 16->16
[2026-07-26T07:59:29.400+0200][241520.713s][info][gc,metaspace  ] GC(10783) Metaspace: 923145K(1393280K)->923145K(1393280K) NonClass: 814481K(1265152K)->814481K(1265152K) Class: 108663K(128128K)->108663K(128128K)
[2026-07-26T07:59:29.400+0200][241520.713s][info][gc            ] GC(10783) Pause Young (Normal) (G1 Evacuation Pause) 1921M->1366M(2159M) 8.044ms
[2026-07-26T07:59:29.400+0200][241520.713s][info][gc,cpu        ] GC(10783) User=0.05s Sys=0.00s Real=0.01s
[2026-07-26T08:01:43.845+0200][241655.158s][info][gc,start      ] GC(10784) Pause Young (Normal) (G1 Evacuation Pause)
[2026-07-26T08:01:43.845+0200][241655.158s][info][gc,task       ] GC(10784) Using 13 workers of 13 for evacuation
[2026-07-26T08:01:43.856+0200][241655.169s][info][gc,phases     ] GC(10784)   Pre Evacuate Collection Set: 0.1ms
[2026-07-26T08:01:43.856+0200][241655.169s][info][gc,phases     ] GC(10784)   Evacuate Collection Set: 6.4ms
[2026-07-26T08:01:43.856+0200][241655.169s][info][gc,phases     ] GC(10784)   Post Evacuate Collection Set: 3.8ms
[2026-07-26T08:01:43.856+0200][241655.169s][info][gc,phases     ] GC(10784)   Other: 0.3ms
[2026-07-26T08:01:43.856+0200][241655.169s][info][gc,heap       ] GC(10784) Eden regions: 555->0(549)
[2026-07-26T08:01:43.856+0200][241655.169s][info][gc,heap       ] GC(10784) Survivor regions: 3->9(70)
[2026-07-26T08:01:43.856+0200][241655.169s][info][gc,heap       ] GC(10784) Old regions: 1349->1349
[2026-07-26T08:01:43.856+0200][241655.169s][info][gc,heap       ] GC(10784) Humongous regions: 16->16
[2026-07-26T08:01:43.856+0200][241655.169s][info][gc,metaspace  ] GC(10784) Metaspace: 923145K(1393280K)->923145K(1393280K) NonClass: 814481K(1265152K)->814481K(1265152K) Class: 108663K(128128K)->108663K(128128K)
[2026-07-26T08:01:43.856+0200][241655.169s][info][gc            ] GC(10784) Pause Young (Normal) (G1 Evacuation Pause) 1921M->1373M(2159M) 10.767ms
[2026-07-26T08:01:43.856+0200][241655.169s][info][gc,cpu        ] GC(10784) User=0.08s Sys=0.00s Real=0.01s
[2026-07-26T08:01:44.562+0200][241655.875s][info][gc,start      ] GC(10785) Pause Young (Normal) (G1 Evacuation Pause)
[2026-07-26T08:01:44.562+0200][241655.875s][info][gc,task       ] GC(10785) Using 13 workers of 13 for evacuation
[2026-07-26T08:01:44.571+0200][241655.884s][info][gc,phases     ] GC(10785)   Pre Evacuate Collection Set: 0.1ms
[2026-07-26T08:01:44.571+0200][241655.884s][info][gc,phases     ] GC(10785)   Evacuate Collection Set: 5.0ms
[2026-07-26T08:01:44.571+0200][241655.884s][info][gc,phases     ] GC(10785)   Post Evacuate Collection Set: 3.7ms
[2026-07-26T08:01:44.571+0200][241655.884s][info][gc,phases     ] GC(10785)   Other: 0.3ms
[2026-07-26T08:01:44.571+0200][241655.884s][info][gc,heap       ] GC(10785) Eden regions: 549->0(553)
[2026-07-26T08:01:44.571+0200][241655.884s][info][gc,heap       ] GC(10785) Survivor regions: 9->6(70)
[2026-07-26T08:01:44.571+0200][241655.884s][info][gc,heap       ] GC(10785) Old regions: 1349->1349
[2026-07-26T08:01:44.571+0200][241655.884s][info][gc,heap       ] GC(10785) Humongous regions: 16->16
[2026-07-26T08:01:44.571+0200][241655.884s][info][gc,metaspace  ] GC(10785) Metaspace: 923145K(1393280K)->923145K(1393280K) NonClass: 814481K(1265152K)->814481K(1265152K) Class: 108663K(128128K)->108663K(128128K)
[2026-07-26T08:01:44.571+0200][241655.884s][info][gc            ] GC(10785) Pause Young (Normal) (G1 Evacuation Pause) 1922M->1370M(2159M) 9.358ms
[2026-07-26T08:01:44.571+0200][241655.884s][info][gc,cpu        ] GC(10785) User=0.07s Sys=0.00s Real=0.01s
[2026-07-26T08:09:03.563+0200][242094.875s][info][gc,start      ] GC(10786) Pause Young (Normal) (G1 Evacuation Pause)
[2026-07-26T08:09:03.563+0200][242094.875s][info][gc,task       ] GC(10786) Using 13 workers of 13 for evacuation
[2026-07-26T08:09:03.570+0200][242094.883s][info][gc,phases     ] GC(10786)   Pre Evacuate Collection Set: 0.1ms
[2026-07-26T08:09:03.570+0200][242094.883s][info][gc,phases     ] GC(10786)   Evacuate Collection Set: 4.1ms
[2026-07-26T08:09:03.570+0200][242094.883s][info][gc,phases     ] GC(10786)   Post Evacuate Collection Set: 3.1ms
[2026-07-26T08:09:03.570+0200][242094.883s][info][gc,phases     ] GC(10786)   Other: 0.5ms
[2026-07-26T08:09:03.570+0200][242094.883s][info][gc,heap       ] GC(10786) Eden regions: 553->0(558)
[2026-07-26T08:09:03.570+0200][242094.883s][info][gc,heap       ] GC(10786) Survivor regions: 6->3(70)
[2026-07-26T08:09:03.570+0200][242094.883s][info][gc,heap       ] GC(10786) Old regions: 1349->1349
[2026-07-26T08:09:03.570+0200][242094.883s][info][gc,heap       ] GC(10786) Humongous regions: 16->16
[2026-07-26T08:09:03.570+0200][242094.883s][info][gc,metaspace  ] GC(10786) Metaspace: 923170K(1393280K)->923170K(1393280K) NonClass: 814504K(1265152K)->814504K(1265152K) Class: 108665K(128128K)->108665K(128128K)
[2026-07-26T08:09:03.570+0200][242094.883s][info][gc            ] GC(10786) Pause Young (Normal) (G1 Evacuation Pause) 1923M->1367M(2159M) 7.954ms
[2026-07-26T08:09:03.571+0200][242094.883s][info][gc,cpu        ] GC(10786) User=0.06s Sys=0.00s Real=0.01s
[2026-07-26T08:11:05.447+0200][242216.759s][info][gc,start      ] GC(10787) Pause Young (Normal) (G1 Evacuation Pause)
[2026-07-26T08:11:05.447+0200][242216.759s][info][gc,task       ] GC(10787) Using 13 workers of 13 for evacuation
[2026-07-26T08:11:05.458+0200][242216.771s][info][gc,phases     ] GC(10787)   Pre Evacuate Collection Set: 0.1ms
[2026-07-26T08:11:05.459+0200][242216.771s][info][gc,phases     ] GC(10787)   Evacuate Collection Set: 5.4ms
[2026-07-26T08:11:05.459+0200][242216.771s][info][gc,phases     ] GC(10787)   Post Evacuate Collection Set: 6.0ms
[2026-07-26T08:11:05.459+0200][242216.771s][info][gc,phases     ] GC(10787)   Other: 0.4ms
[2026-07-26T08:11:05.459+0200][242216.771s][info][gc,heap       ] GC(10787) Eden regions: 558->0(554)
[2026-07-26T08:11:05.459+0200][242216.771s][info][gc,heap       ] GC(10787) Survivor regions: 3->6(71)
[2026-07-26T08:11:05.459+0200][242216.771s][info][gc,heap       ] GC(10787) Old regions: 1349->1349
[2026-07-26T08:11:05.459+0200][242216.771s][info][gc,heap       ] GC(10787) Humongous regions: 16->16
[2026-07-26T08:11:05.459+0200][242216.771s][info][gc,metaspace  ] GC(10787) Metaspace: 923173K(1393280K)->923173K(1393280K) NonClass: 814506K(1265152K)->814506K(1265152K) Class: 108666K(128128K)->108666K(128128K)
[2026-07-26T08:11:05.459+0200][242216.771s][info][gc            ] GC(10787) Pause Young (Normal) (G1 Evacuation Pause) 1925M->1370M(2159M) 11.951ms
[2026-07-26T08:11:05.459+0200][242216.771s][info][gc,cpu        ] GC(10787) User=0.06s Sys=0.00s Real=0.01s
[2026-07-26T08:12:07.357+0200][242278.670s][info][gc,start      ] GC(10788) Pause Young (Normal) (G1 Evacuation Pause)
[2026-07-26T08:12:07.357+0200][242278.670s][info][gc,task       ] GC(10788) Using 13 workers of 13 for evacuation
[2026-07-26T08:12:07.370+0200][242278.683s][info][gc,phases     ] GC(10788)   Pre Evacuate Collection Set: 0.1ms
[2026-07-26T08:12:07.370+0200][242278.683s][info][gc,phases     ] GC(10788)   Evacuate Collection Set: 6.3ms
[2026-07-26T08:12:07.370+0200][242278.683s][info][gc,phases     ] GC(10788)   Post Evacuate Collection Set: 5.7ms
[2026-07-26T08:12:07.370+0200][242278.683s][info][gc,phases     ] GC(10788)   Other: 0.6ms
[2026-07-26T08:12:07.370+0200][242278.683s][info][gc,heap       ] GC(10788) Eden regions: 554->0(552)
[2026-07-26T08:12:07.370+0200][242278.683s][info][gc,heap       ] GC(10788) Survivor regions: 6->6(70)
[2026-07-26T08:12:07.370+0200][242278.683s][info][gc,heap       ] GC(10788) Old regions: 1349->1350
[2026-07-26T08:12:07.370+0200][242278.683s][info][gc,heap       ] GC(10788) Humongous regions: 16->16
[2026-07-26T08:12:07.370+0200][242278.683s][info][gc,metaspace  ] GC(10788) Metaspace: 923173K(1393280K)->923173K(1393280K) NonClass: 814506K(1265152K)->814506K(1265152K) Class: 108666K(128128K)->108666K(128128K)
[2026-07-26T08:12:07.370+0200][242278.683s][info][gc            ] GC(10788) Pause Young (Normal) (G1 Evacuation Pause) 1924M->1371M(2159M) 12.890ms
[2026-07-26T08:12:07.370+0200][242278.683s][info][gc,cpu        ] GC(10788) User=0.08s Sys=0.00s Real=0.01s
[2026-07-26T08:12:08.271+0200][242279.584s][info][gc,start      ] GC(10789) Pause Young (Normal) (G1 Evacuation Pause)
[2026-07-26T08:12:08.271+0200][242279.584s][info][gc,task       ] GC(10789) Using 13 workers of 13 for evacuation
[2026-07-26T08:12:08.281+0200][242279.593s][info][gc,phases     ] GC(10789)   Pre Evacuate Collection Set: 0.1ms
[2026-07-26T08:12:08.281+0200][242279.593s][info][gc,phases     ] GC(10789)   Evacuate Collection Set: 5.0ms
[2026-07-26T08:12:08.281+0200][242279.593s][info][gc,phases     ] GC(10789)   Post Evacuate Collection Set: 4.2ms
[2026-07-26T08:12:08.281+0200][242279.593s][info][gc,phases     ] GC(10789)   Other: 0.4ms
[2026-07-26T08:12:08.281+0200][242279.593s][info][gc,heap       ] GC(10789) Eden regions: 552->0(553)
[2026-07-26T08:12:08.281+0200][242279.593s][info][gc,heap       ] GC(10789) Survivor regions: 6->6(70)
[2026-07-26T08:12:08.281+0200][242279.594s][info][gc,heap       ] GC(10789) Old regions: 1350->1350
[2026-07-26T08:12:08.281+0200][242279.594s][info][gc,heap       ] GC(10789) Humongous regions: 16->16
[2026-07-26T08:12:08.281+0200][242279.594s][info][gc,metaspace  ] GC(10789) Metaspace: 923173K(1393280K)->923173K(1393280K) NonClass: 814506K(1265152K)->814506K(1265152K) Class: 108666K(128128K)->108666K(128128K)
[2026-07-26T08:12:08.281+0200][242279.594s][info][gc            ] GC(10789) Pause Young (Normal) (G1 Evacuation Pause) 1923M->1370M(2159M) 9.921ms
[2026-07-26T08:12:08.281+0200][242279.594s][info][gc,cpu        ] GC(10789) User=0.07s Sys=0.00s Real=0.01s
[2026-07-26T08:12:11.135+0200][242282.448s][info][gc,start      ] GC(10790) Pause Young (Normal) (G1 Evacuation Pause)
[2026-07-26T08:12:11.136+0200][242282.448s][info][gc,task       ] GC(10790) Using 13 workers of 13 for evacuation
[2026-07-26T08:12:11.147+0200][242282.459s][info][gc,phases     ] GC(10790)   Pre Evacuate Collection Set: 0.1ms
[2026-07-26T08:12:11.147+0200][242282.460s][info][gc,phases     ] GC(10790)   Evacuate Collection Set: 5.7ms
[2026-07-26T08:12:11.147+0200][242282.460s][info][gc,phases     ] GC(10790)   Post Evacuate Collection Set: 5.2ms
[2026-07-26T08:12:11.147+0200][242282.460s][info][gc,phases     ] GC(10790)   Other: 0.4ms
[2026-07-26T08:12:11.147+0200][242282.460s][info][gc,heap       ] GC(10790) Eden regions: 553->0(554)
[2026-07-26T08:12:11.147+0200][242282.460s][info][gc,heap       ] GC(10790) Survivor regions: 6->5(70)
[2026-07-26T08:12:11.147+0200][242282.460s][info][gc,heap       ] GC(10790) Old regions: 1350->1350
[2026-07-26T08:12:11.147+0200][242282.460s][info][gc,heap       ] GC(10790) Humongous regions: 16->16
[2026-07-26T08:12:11.147+0200][242282.460s][info][gc,metaspace  ] GC(10790) Metaspace: 923173K(1393280K)->923173K(1393280K) NonClass: 814506K(1265152K)->814506K(1265152K) Class: 108666K(128128K)->108666K(128128K)
[2026-07-26T08:12:11.147+0200][242282.460s][info][gc            ] GC(10790) Pause Young (Normal) (G1 Evacuation Pause) 1923M->1370M(2159M) 11.644ms
[2026-07-26T08:12:11.147+0200][242282.460s][info][gc,cpu        ] GC(10790) User=0.06s Sys=0.01s Real=0.01s
[2026-07-26T08:14:29.030+0200][242420.342s][info][gc,start      ] GC(10791) Pause Young (Normal) (G1 Evacuation Pause)
[2026-07-26T08:14:29.030+0200][242420.342s][info][gc,task       ] GC(10791) Using 13 workers of 13 for evacuation
[2026-07-26T08:14:29.037+0200][242420.350s][info][gc,phases     ] GC(10791)   Pre Evacuate Collection Set: 0.1ms
[2026-07-26T08:14:29.037+0200][242420.350s][info][gc,phases     ] GC(10791)   Evacuate Collection Set: 4.1ms
[2026-07-26T08:14:29.037+0200][242420.350s][info][gc,phases     ] GC(10791)   Post Evacuate Collection Set: 2.9ms
[2026-07-26T08:14:29.037+0200][242420.350s][info][gc,phases     ] GC(10791)   Other: 0.3ms
[2026-07-26T08:14:29.037+0200][242420.350s][info][gc,heap       ] GC(10791) Eden regions: 554->0(560)
[2026-07-26T08:14:29.037+0200][242420.350s][info][gc,heap       ] GC(10791) Survivor regions: 5->2(70)
[2026-07-26T08:14:29.037+0200][242420.350s][info][gc,heap       ] GC(10791) Old regions: 1350->1350
[2026-07-26T08:14:29.037+0200][242420.350s][info][gc,heap       ] GC(10791) Humongous regions: 16->16
[2026-07-26T08:14:29.037+0200][242420.350s][info][gc,metaspace  ] GC(10791) Metaspace: 923174K(1393280K)->923174K(1393280K) NonClass: 814507K(1265152K)->814507K(1265152K) Class: 108666K(128128K)->108666K(128128K)
[2026-07-26T08:14:29.037+0200][242420.350s][info][gc            ] GC(10791) Pause Young (Normal) (G1 Evacuation Pause) 1924M->1366M(2159M) 7.496ms
[2026-07-26T08:14:29.037+0200][242420.350s][info][gc,cpu        ] GC(10791) User=0.05s Sys=0.00s Real=0.01s
[2026-07-26T08:20:09.035+0200][242760.347s][info][gc,start      ] GC(10792) Pause Young (Normal) (G1 Evacuation Pause)
[2026-07-26T08:20:09.035+0200][242760.347s][info][gc,task       ] GC(10792) Using 13 workers of 13 for evacuation
[2026-07-26T08:20:09.046+0200][242760.359s][info][gc,phases     ] GC(10792)   Pre Evacuate Collection Set: 0.2ms
[2026-07-26T08:20:09.046+0200][242760.359s][info][gc,phases     ] GC(10792)   Evacuate Collection Set: 4.4ms
[2026-07-26T08:20:09.046+0200][242760.359s][info][gc,phases     ] GC(10792)   Post Evacuate Collection Set: 6.1ms
[2026-07-26T08:20:09.046+0200][242760.359s][info][gc,phases     ] GC(10792)   Other: 0.8ms
[2026-07-26T08:20:09.046+0200][242760.359s][info][gc,heap       ] GC(10792) Eden regions: 560->0(562)
[2026-07-26T08:20:09.046+0200][242760.359s][info][gc,heap       ] GC(10792) Survivor regions: 2->2(71)
[2026-07-26T08:20:09.046+0200][242760.359s][info][gc,heap       ] GC(10792) Old regions: 1350->1350
[2026-07-26T08:20:09.046+0200][242760.359s][info][gc,heap       ] GC(10792) Humongous regions: 16->16
[2026-07-26T08:20:09.046+0200][242760.359s][info][gc,metaspace  ] GC(10792) Metaspace: 923174K(1393280K)->923174K(1393280K) NonClass: 814507K(1265152K)->814507K(1265152K) Class: 108666K(128128K)->108666K(128128K)
[2026-07-26T08:20:09.046+0200][242760.359s][info][gc            ] GC(10792) Pause Young (Normal) (G1 Evacuation Pause) 1926M->1366M(2159M) 11.762ms
[2026-07-26T08:20:09.046+0200][242760.359s][info][gc,cpu        ] GC(10792) User=0.06s Sys=0.01s Real=0.01s
[2026-07-26T08:25:02.256+0200][243053.568s][info][gc,start      ] GC(10793) Pause Young (Normal) (G1 Evacuation Pause)
[2026-07-26T08:25:02.256+0200][243053.568s][info][gc,task       ] GC(10793) Using 13 workers of 13 for evacuation
[2026-07-26T08:25:02.267+0200][243053.580s][info][gc,phases     ] GC(10793)   Pre Evacuate Collection Set: 0.1ms
[2026-07-26T08:25:02.267+0200][243053.580s][info][gc,phases     ] GC(10793)   Evacuate Collection Set: 4.8ms
[2026-07-26T08:25:02.267+0200][243053.580s][info][gc,phases     ] GC(10793)   Post Evacuate Collection Set: 5.9ms
[2026-07-26T08:25:02.267+0200][243053.580s][info][gc,phases     ] GC(10793)   Other: 0.5ms
[2026-07-26T08:25:02.267+0200][243053.580s][info][gc,heap       ] GC(10793) Eden regions: 562->0(558)
[2026-07-26T08:25:02.267+0200][243053.580s][info][gc,heap       ] GC(10793) Survivor regions: 2->5(71)
[2026-07-26T08:25:02.267+0200][243053.580s][info][gc,heap       ] GC(10793) Old regions: 1350->1350
[2026-07-26T08:25:02.267+0200][243053.580s][info][gc,heap       ] GC(10793) Humongous regions: 16->16
[2026-07-26T08:25:02.267+0200][243053.580s][info][gc,metaspace  ] GC(10793) Metaspace: 923174K(1393280K)->923174K(1393280K) NonClass: 814507K(1265152K)->814507K(1265152K) Class: 108666K(128128K)->108666K(128128K)
[2026-07-26T08:25:02.267+0200][243053.580s][info][gc            ] GC(10793) Pause Young (Normal) (G1 Evacuation Pause) 1928M->1369M(2159M) 11.519ms
[2026-07-26T08:25:02.267+0200][243053.580s][info][gc,cpu        ] GC(10793) User=0.06s Sys=0.00s Real=0.01s
[2026-07-26T08:25:23.489+0200][243074.802s][info][gc,start      ] GC(10794) Pause Young (Normal) (G1 Evacuation Pause)
[2026-07-26T08:25:23.489+0200][243074.802s][info][gc,task       ] GC(10794) Using 13 workers of 13 for evacuation
[2026-07-26T08:25:23.500+0200][243074.813s][info][gc,phases     ] GC(10794)   Pre Evacuate Collection Set: 0.2ms
[2026-07-26T08:25:23.500+0200][243074.813s][info][gc,phases     ] GC(10794)   Evacuate Collection Set: 6.1ms
[2026-07-26T08:25:23.500+0200][243074.813s][info][gc,phases     ] GC(10794)   Post Evacuate Collection Set: 4.2ms
[2026-07-26T08:25:23.500+0200][243074.813s][info][gc,phases     ] GC(10794)   Other: 0.5ms
[2026-07-26T08:25:23.500+0200][243074.813s][info][gc,heap       ] GC(10794) Eden regions: 558->0(555)
[2026-07-26T08:25:23.500+0200][243074.813s][info][gc,heap       ] GC(10794) Survivor regions: 5->6(71)
[2026-07-26T08:25:23.500+0200][243074.813s][info][gc,heap       ] GC(10794) Old regions: 1350->1350
[2026-07-26T08:25:23.500+0200][243074.813s][info][gc,heap       ] GC(10794) Humongous regions: 16->16
[2026-07-26T08:25:23.500+0200][243074.813s][info][gc,metaspace  ] GC(10794) Metaspace: 923174K(1393280K)->923174K(1393280K) NonClass: 814507K(1265152K)->814507K(1265152K) Class: 108666K(128128K)->108666K(128128K)
[2026-07-26T08:25:23.500+0200][243074.813s][info][gc            ] GC(10794) Pause Young (Normal) (G1 Evacuation Pause) 1927M->1371M(2159M) 11.164ms
[2026-07-26T08:25:23.500+0200][243074.813s][info][gc,cpu        ] GC(10794) User=0.07s Sys=0.00s Real=0.01s
[2026-07-26T08:25:25.722+0200][243077.034s][info][gc,start      ] GC(10795) Pause Young (Normal) (G1 Evacuation Pause)
[2026-07-26T08:25:25.722+0200][243077.034s][info][gc,task       ] GC(10795) Using 13 workers of 13 for evacuation
[2026-07-26T08:25:25.734+0200][243077.047s][info][gc,phases     ] GC(10795)   Pre Evacuate Collection Set: 0.1ms
[2026-07-26T08:25:25.734+0200][243077.047s][info][gc,phases     ] GC(10795)   Evacuate Collection Set: 6.4ms
[2026-07-26T08:25:25.734+0200][243077.047s][info][gc,phases     ] GC(10795)   Post Evacuate Collection Set: 5.6ms
[2026-07-26T08:25:25.734+0200][243077.047s][info][gc,phases     ] GC(10795)   Other: 0.3ms
[2026-07-26T08:25:25.734+0200][243077.047s][info][gc,heap       ] GC(10795) Eden regions: 555->0(554)
[2026-07-26T08:25:25.734+0200][243077.047s][info][gc,heap       ] GC(10795) Survivor regions: 6->6(71)
[2026-07-26T08:25:25.734+0200][243077.047s][info][gc,heap       ] GC(10795) Old regions: 1350->1350
[2026-07-26T08:25:25.734+0200][243077.047s][info][gc,heap       ] GC(10795) Humongous regions: 16->16
[2026-07-26T08:25:25.734+0200][243077.047s][info][gc,metaspace  ] GC(10795) Metaspace: 923174K(1393280K)->923174K(1393280K) NonClass: 814507K(1265152K)->814507K(1265152K) Class: 108666K(128128K)->108666K(128128K)
[2026-07-26T08:25:25.734+0200][243077.047s][info][gc            ] GC(10795) Pause Young (Normal) (G1 Evacuation Pause) 1926M->1371M(2159M) 12.554ms
[2026-07-26T08:25:25.734+0200][243077.047s][info][gc,cpu        ] GC(10795) User=0.09s Sys=0.00s Real=0.02s
[2026-07-26T08:25:26.338+0200][243077.651s][info][gc,start      ] GC(10796) Pause Young (Normal) (G1 Evacuation Pause)
[2026-07-26T08:25:26.338+0200][243077.651s][info][gc,task       ] GC(10796) Using 13 workers of 13 for evacuation
[2026-07-26T08:25:26.349+0200][243077.661s][info][gc,phases     ] GC(10796)   Pre Evacuate Collection Set: 0.1ms
[2026-07-26T08:25:26.349+0200][243077.661s][info][gc,phases     ] GC(10796)   Evacuate Collection Set: 6.9ms
[2026-07-26T08:25:26.349+0200][243077.661s][info][gc,phases     ] GC(10796)   Post Evacuate Collection Set: 2.9ms
[2026-07-26T08:25:26.349+0200][243077.661s][info][gc,phases     ] GC(10796)   Other: 0.4ms
[2026-07-26T08:25:26.349+0200][243077.661s][info][gc,heap       ] GC(10796) Eden regions: 554->0(553)
[2026-07-26T08:25:26.349+0200][243077.661s][info][gc,heap       ] GC(10796) Survivor regions: 6->7(70)
[2026-07-26T08:25:26.349+0200][243077.661s][info][gc,heap       ] GC(10796) Old regions: 1350->1350
[2026-07-26T08:25:26.349+0200][243077.661s][info][gc,heap       ] GC(10796) Humongous regions: 16->16
[2026-07-26T08:25:26.349+0200][243077.661s][info][gc,metaspace  ] GC(10796) Metaspace: 923174K(1393280K)->923174K(1393280K) NonClass: 814507K(1265152K)->814507K(1265152K) Class: 108666K(128128K)->108666K(128128K)
[2026-07-26T08:25:26.349+0200][243077.662s][info][gc            ] GC(10796) Pause Young (Normal) (G1 Evacuation Pause) 1925M->1371M(2159M) 10.427ms
[2026-07-26T08:25:26.349+0200][243077.662s][info][gc,cpu        ] GC(10796) User=0.06s Sys=0.00s Real=0.01s
[2026-07-26T08:26:05.189+0200][243116.502s][info][gc,start      ] GC(10797) Pause Young (Normal) (G1 Evacuation Pause)
[2026-07-26T08:26:05.189+0200][243116.502s][info][gc,task       ] GC(10797) Using 13 workers of 13 for evacuation
[2026-07-26T08:26:05.199+0200][243116.512s][info][gc,phases     ] GC(10797)   Pre Evacuate Collection Set: 0.2ms
[2026-07-26T08:26:05.199+0200][243116.512s][info][gc,phases     ] GC(10797)   Evacuate Collection Set: 5.8ms
[2026-07-26T08:26:05.199+0200][243116.512s][info][gc,phases     ] GC(10797)   Post Evacuate Collection Set: 3.3ms
[2026-07-26T08:26:05.199+0200][243116.512s][info][gc,phases     ] GC(10797)   Other: 0.7ms
[2026-07-26T08:26:05.199+0200][243116.512s][info][gc,heap       ] GC(10797) Eden regions: 553->0(553)
[2026-07-26T08:26:05.199+0200][243116.512s][info][gc,heap       ] GC(10797) Survivor regions: 7->6(70)
[2026-07-26T08:26:05.199+0200][243116.512s][info][gc,heap       ] GC(10797) Old regions: 1350->1350
[2026-07-26T08:26:05.199+0200][243116.512s][info][gc,heap       ] GC(10797) Humongous regions: 16->16
[2026-07-26T08:26:05.199+0200][243116.512s][info][gc,metaspace  ] GC(10797) Metaspace: 923174K(1393280K)->923174K(1393280K) NonClass: 814507K(1265152K)->814507K(1265152K) Class: 108666K(128128K)->108666K(128128K)
[2026-07-26T08:26:05.199+0200][243116.512s][info][gc            ] GC(10797) Pause Young (Normal) (G1 Evacuation Pause) 1924M->1371M(2159M) 10.164ms
[2026-07-26T08:26:05.199+0200][243116.512s][info][gc,cpu        ] GC(10797) User=0.07s Sys=0.00s Real=0.01s
[2026-07-26T08:28:36.101+0200][243267.414s][info][gc,start      ] GC(10798) Pause Young (Normal) (G1 Evacuation Pause)
[2026-07-26T08:28:36.101+0200][243267.414s][info][gc,task       ] GC(10798) Using 13 workers of 13 for evacuation
[2026-07-26T08:28:36.108+0200][243267.421s][info][gc,phases     ] GC(10798)   Pre Evacuate Collection Set: 0.1ms
[2026-07-26T08:28:36.108+0200][243267.421s][info][gc,phases     ] GC(10798)   Evacuate Collection Set: 4.0ms
[2026-07-26T08:28:36.108+0200][243267.421s][info][gc,phases     ] GC(10798)   Post Evacuate Collection Set: 2.9ms
[2026-07-26T08:28:36.108+0200][243267.421s][info][gc,phases     ] GC(10798)   Other: 0.3ms
[2026-07-26T08:28:36.108+0200][243267.421s][info][gc,heap       ] GC(10798) Eden regions: 553->0(559)
[2026-07-26T08:28:36.108+0200][243267.421s][info][gc,heap       ] GC(10798) Survivor regions: 6->2(70)
[2026-07-26T08:28:36.108+0200][243267.421s][info][gc,heap       ] GC(10798) Old regions: 1350->1350
[2026-07-26T08:28:36.108+0200][243267.421s][info][gc,heap       ] GC(10798) Humongous regions: 16->16
[2026-07-26T08:28:36.108+0200][243267.421s][info][gc,metaspace  ] GC(10798) Metaspace: 923177K(1393280K)->923177K(1393280K) NonClass: 814509K(1265152K)->814509K(1265152K) Class: 108668K(128128K)->108668K(128128K)
[2026-07-26T08:28:36.108+0200][243267.421s][info][gc            ] GC(10798) Pause Young (Normal) (G1 Evacuation Pause) 1924M->1367M(2159M) 7.410ms
[2026-07-26T08:28:36.108+0200][243267.421s][info][gc,cpu        ] GC(10798) User=0.06s Sys=0.00s Real=0.01s
[2026-07-26T08:30:24.133+0200][243375.446s][info][gc,start      ] GC(10799) Pause Young (Normal) (G1 Evacuation Pause)
[2026-07-26T08:30:24.133+0200][243375.446s][info][gc,task       ] GC(10799) Using 13 workers of 13 for evacuation
[2026-07-26T08:30:24.145+0200][243375.457s][info][gc,phases     ] GC(10799)   Pre Evacuate Collection Set: 0.2ms
[2026-07-26T08:30:24.145+0200][243375.457s][info][gc,phases     ] GC(10799)   Evacuate Collection Set: 4.4ms
[2026-07-26T08:30:24.145+0200][243375.457s][info][gc,phases     ] GC(10799)   Post Evacuate Collection Set: 6.4ms
[2026-07-26T08:30:24.145+0200][243375.458s][info][gc,phases     ] GC(10799)   Other: 0.8ms
[2026-07-26T08:30:24.145+0200][243375.458s][info][gc,heap       ] GC(10799) Eden regions: 559->0(561)
[2026-07-26T08:30:24.145+0200][243375.458s][info][gc,heap       ] GC(10799) Survivor regions: 2->2(71)
[2026-07-26T08:30:24.145+0200][243375.458s][info][gc,heap       ] GC(10799) Old regions: 1350->1350
[2026-07-26T08:30:24.145+0200][243375.458s][info][gc,heap       ] GC(10799) Humongous regions: 16->16
[2026-07-26T08:30:24.145+0200][243375.458s][info][gc,metaspace  ] GC(10799) Metaspace: 923177K(1393280K)->923177K(1393280K) NonClass: 814509K(1265152K)->814509K(1265152K) Class: 108668K(128128K)->108668K(128128K)
[2026-07-26T08:30:24.145+0200][243375.458s][info][gc            ] GC(10799) Pause Young (Normal) (G1 Evacuation Pause) 1926M->1366M(2159M) 11.929ms
[2026-07-26T08:30:24.145+0200][243375.458s][info][gc,cpu        ] GC(10799) User=0.05s Sys=0.00s Real=0.01s
[2026-07-26T08:32:36.250+0200][243507.562s][info][gc,start      ] GC(10800) Pause Young (Normal) (G1 Evacuation Pause)
[2026-07-26T08:32:36.250+0200][243507.562s][info][gc,task       ] GC(10800) Using 13 workers of 13 for evacuation
[2026-07-26T08:32:36.261+0200][243507.574s][info][gc,phases     ] GC(10800)   Pre Evacuate Collection Set: 0.1ms
[2026-07-26T08:32:36.261+0200][243507.574s][info][gc,phases     ] GC(10800)   Evacuate Collection Set: 5.4ms
[2026-07-26T08:32:36.261+0200][243507.574s][info][gc,phases     ] GC(10800)   Post Evacuate Collection Set: 5.5ms
[2026-07-26T08:32:36.261+0200][243507.574s][info][gc,phases     ] GC(10800)   Other: 0.4ms
[2026-07-26T08:32:36.261+0200][243507.574s][info][gc,heap       ] GC(10800) Eden regions: 561->0(555)
[2026-07-26T08:32:36.261+0200][243507.574s][info][gc,heap       ] GC(10800) Survivor regions: 2->7(71)
[2026-07-26T08:32:36.261+0200][243507.574s][info][gc,heap       ] GC(10800) Old regions: 1350->1350
[2026-07-26T08:32:36.261+0200][243507.574s][info][gc,heap       ] GC(10800) Humongous regions: 16->16
[2026-07-26T08:32:36.261+0200][243507.574s][info][gc,metaspace  ] GC(10800) Metaspace: 923177K(1393280K)->923177K(1393280K) NonClass: 814509K(1265152K)->814509K(1265152K) Class: 108668K(128128K)->108668K(128128K)
[2026-07-26T08:32:36.261+0200][243507.574s][info][gc            ] GC(10800) Pause Young (Normal) (G1 Evacuation Pause) 1927M->1371M(2159M) 11.582ms
[2026-07-26T08:32:36.261+0200][243507.574s][info][gc,cpu        ] GC(10800) User=0.06s Sys=0.00s Real=0.01s
[2026-07-26T08:33:21.229+0200][243552.541s][info][gc,start      ] GC(10801) Pause Young (Normal) (G1 Evacuation Pause)
[2026-07-26T08:33:21.229+0200][243552.541s][info][gc,task       ] GC(10801) Using 13 workers of 13 for evacuation
[2026-07-26T08:33:21.237+0200][243552.550s][info][gc,phases     ] GC(10801)   Pre Evacuate Collection Set: 0.1ms
[2026-07-26T08:33:21.237+0200][243552.550s][info][gc,phases     ] GC(10801)   Evacuate Collection Set: 4.7ms
[2026-07-26T08:33:21.237+0200][243552.550s][info][gc,phases     ] GC(10801)   Post Evacuate Collection Set: 3.2ms
[2026-07-26T08:33:21.237+0200][243552.550s][info][gc,phases     ] GC(10801)   Other: 0.3ms
[2026-07-26T08:33:21.237+0200][243552.550s][info][gc,heap       ] GC(10801) Eden regions: 555->0(558)
[2026-07-26T08:33:21.237+0200][243552.550s][info][gc,heap       ] GC(10801) Survivor regions: 7->4(71)
[2026-07-26T08:33:21.237+0200][243552.550s][info][gc,heap       ] GC(10801) Old regions: 1350->1350
[2026-07-26T08:33:21.237+0200][243552.550s][info][gc,heap       ] GC(10801) Humongous regions: 16->16
[2026-07-26T08:33:21.237+0200][243552.550s][info][gc,metaspace  ] GC(10801) Metaspace: 923177K(1393280K)->923177K(1393280K) NonClass: 814509K(1265152K)->814509K(1265152K) Class: 108668K(128128K)->108668K(128128K)
[2026-07-26T08:33:21.237+0200][243552.550s][info][gc            ] GC(10801) Pause Young (Normal) (G1 Evacuation Pause) 1926M->1369M(2159M) 8.478ms
[2026-07-26T08:33:21.237+0200][243552.550s][info][gc,cpu        ] GC(10801) User=0.05s Sys=0.00s Real=0.01s
[2026-07-26T08:33:24.928+0200][243556.240s][info][gc,start      ] GC(10802) Pause Young (Normal) (G1 Evacuation Pause)
[2026-07-26T08:33:24.928+0200][243556.240s][info][gc,task       ] GC(10802) Using 13 workers of 13 for evacuation
[2026-07-26T08:33:24.938+0200][243556.251s][info][gc,phases     ] GC(10802)   Pre Evacuate Collection Set: 0.1ms
[2026-07-26T08:33:24.938+0200][243556.251s][info][gc,phases     ] GC(10802)   Evacuate Collection Set: 6.6ms
[2026-07-26T08:33:24.938+0200][243556.251s][info][gc,phases     ] GC(10802)   Post Evacuate Collection Set: 3.6ms
[2026-07-26T08:33:24.938+0200][243556.251s][info][gc,phases     ] GC(10802)   Other: 0.3ms
[2026-07-26T08:33:24.938+0200][243556.251s][info][gc,heap       ] GC(10802) Eden regions: 558->0(546)
[2026-07-26T08:33:24.938+0200][243556.251s][info][gc,heap       ] GC(10802) Survivor regions: 4->10(71)
[2026-07-26T08:33:24.938+0200][243556.251s][info][gc,heap       ] GC(10802) Old regions: 1350->1350
[2026-07-26T08:33:24.938+0200][243556.251s][info][gc,heap       ] GC(10802) Humongous regions: 16->16
[2026-07-26T08:33:24.938+0200][243556.251s][info][gc,metaspace  ] GC(10802) Metaspace: 923177K(1393280K)->923177K(1393280K) NonClass: 814509K(1265152K)->814509K(1265152K) Class: 108668K(128128K)->108668K(128128K)
[2026-07-26T08:33:24.938+0200][243556.251s][info][gc            ] GC(10802) Pause Young (Normal) (G1 Evacuation Pause) 1927M->1375M(2159M) 10.776ms
[2026-07-26T08:33:24.938+0200][243556.251s][info][gc,cpu        ] GC(10802) User=0.09s Sys=0.00s Real=0.01s
[2026-07-26T08:33:25.354+0200][243556.667s][info][gc,start      ] GC(10803) Pause Young (Normal) (G1 Evacuation Pause)
[2026-07-26T08:33:25.354+0200][243556.667s][info][gc,task       ] GC(10803) Using 13 workers of 13 for evacuation
[2026-07-26T08:33:25.365+0200][243556.678s][info][gc,phases     ] GC(10803)   Pre Evacuate Collection Set: 0.1ms
[2026-07-26T08:33:25.365+0200][243556.678s][info][gc,phases     ] GC(10803)   Evacuate Collection Set: 7.2ms
[2026-07-26T08:33:25.365+0200][243556.678s][info][gc,phases     ] GC(10803)   Post Evacuate Collection Set: 3.2ms
[2026-07-26T08:33:25.365+0200][243556.678s][info][gc,phases     ] GC(10803)   Other: 0.3ms
[2026-07-26T08:33:25.365+0200][243556.678s][info][gc,heap       ] GC(10803) Eden regions: 546->0(543)
[2026-07-26T08:33:25.365+0200][243556.678s][info][gc,heap       ] GC(10803) Survivor regions: 10->11(70)
[2026-07-26T08:33:25.365+0200][243556.678s][info][gc,heap       ] GC(10803) Old regions: 1350->1350
[2026-07-26T08:33:25.365+0200][243556.678s][info][gc,heap       ] GC(10803) Humongous regions: 16->16
[2026-07-26T08:33:25.365+0200][243556.678s][info][gc,metaspace  ] GC(10803) Metaspace: 923177K(1393280K)->923177K(1393280K) NonClass: 814509K(1265152K)->814509K(1265152K) Class: 108668K(128128K)->108668K(128128K)
[2026-07-26T08:33:25.365+0200][243556.678s][info][gc            ] GC(10803) Pause Young (Normal) (G1 Evacuation Pause) 1921M->1376M(2159M) 10.968ms
[2026-07-26T08:33:25.365+0200][243556.678s][info][gc,cpu        ] GC(10803) User=0.08s Sys=0.00s Real=0.01s
[2026-07-26T08:33:25.668+0200][243556.981s][info][gc,start      ] GC(10804) Pause Young (Normal) (G1 Evacuation Pause)
[2026-07-26T08:33:25.668+0200][243556.981s][info][gc,task       ] GC(10804) Using 13 workers of 13 for evacuation
[2026-07-26T08:33:25.679+0200][243556.992s][info][gc,phases     ] GC(10804)   Pre Evacuate Collection Set: 0.1ms
[2026-07-26T08:33:25.679+0200][243556.992s][info][gc,phases     ] GC(10804)   Evacuate Collection Set: 7.4ms
[2026-07-26T08:33:25.679+0200][243556.992s][info][gc,phases     ] GC(10804)   Post Evacuate Collection Set: 3.1ms
[2026-07-26T08:33:25.679+0200][243556.992s][info][gc,phases     ] GC(10804)   Other: 0.3ms
[2026-07-26T08:33:25.679+0200][243556.992s][info][gc,heap       ] GC(10804) Eden regions: 543->0(544)
[2026-07-26T08:33:25.679+0200][243556.992s][info][gc,heap       ] GC(10804) Survivor regions: 11->12(70)
[2026-07-26T08:33:25.679+0200][243556.992s][info][gc,heap       ] GC(10804) Old regions: 1350->1350
[2026-07-26T08:33:25.679+0200][243556.992s][info][gc,heap       ] GC(10804) Humongous regions: 16->16
[2026-07-26T08:33:25.679+0200][243556.992s][info][gc,metaspace  ] GC(10804) Metaspace: 923177K(1393280K)->923177K(1393280K) NonClass: 814509K(1265152K)->814509K(1265152K) Class: 108668K(128128K)->108668K(128128K)
[2026-07-26T08:33:25.679+0200][243556.992s][info][gc            ] GC(10804) Pause Young (Normal) (G1 Evacuation Pause) 1919M->1377M(2159M) 11.121ms
[2026-07-26T08:33:25.679+0200][243556.992s][info][gc,cpu        ] GC(10804) User=0.10s Sys=0.00s Real=0.01s
[2026-07-26T08:33:42.745+0200][243574.058s][info][gc,start      ] GC(10805) Pause Young (Normal) (G1 Evacuation Pause)
[2026-07-26T08:33:42.746+0200][243574.058s][info][gc,task       ] GC(10805) Using 13 workers of 13 for evacuation
[2026-07-26T08:33:42.754+0200][243574.066s][info][gc,phases     ] GC(10805)   Pre Evacuate Collection Set: 0.1ms
[2026-07-26T08:33:42.754+0200][243574.066s][info][gc,phases     ] GC(10805)   Evacuate Collection Set: 4.6ms
[2026-07-26T08:33:42.754+0200][243574.066s][info][gc,phases     ] GC(10805)   Post Evacuate Collection Set: 3.1ms
[2026-07-26T08:33:42.754+0200][243574.066s][info][gc,phases     ] GC(10805)   Other: 0.4ms
[2026-07-26T08:33:42.754+0200][243574.067s][info][gc,heap       ] GC(10805) Eden regions: 544->0(548)
[2026-07-26T08:33:42.754+0200][243574.067s][info][gc,heap       ] GC(10805) Survivor regions: 12->7(70)
[2026-07-26T08:33:42.754+0200][243574.067s][info][gc,heap       ] GC(10805) Old regions: 1350->1350
[2026-07-26T08:33:42.754+0200][243574.067s][info][gc,heap       ] GC(10805) Humongous regions: 16->16
[2026-07-26T08:33:42.754+0200][243574.067s][info][gc,metaspace  ] GC(10805) Metaspace: 923177K(1393280K)->923177K(1393280K) NonClass: 814509K(1265152K)->814509K(1265152K) Class: 108668K(128128K)->108668K(128128K)
[2026-07-26T08:33:42.754+0200][243574.067s][info][gc            ] GC(10805) Pause Young (Normal) (G1 Evacuation Pause) 1921M->1371M(2159M) 8.441ms
[2026-07-26T08:33:42.754+0200][243574.067s][info][gc,cpu        ] GC(10805) User=0.06s Sys=0.00s Real=0.01s
[2026-07-26T08:33:43.383+0200][243574.696s][info][gc,start      ] GC(10806) Pause Young (Normal) (G1 Evacuation Pause)
[2026-07-26T08:33:43.383+0200][243574.696s][info][gc,task       ] GC(10806) Using 13 workers of 13 for evacuation
[2026-07-26T08:33:43.391+0200][243574.704s][info][gc,phases     ] GC(10806)   Pre Evacuate Collection Set: 0.1ms
[2026-07-26T08:33:43.391+0200][243574.704s][info][gc,phases     ] GC(10806)   Evacuate Collection Set: 4.8ms
[2026-07-26T08:33:43.391+0200][243574.704s][info][gc,phases     ] GC(10806)   Post Evacuate Collection Set: 2.9ms
[2026-07-26T08:33:43.391+0200][243574.704s][info][gc,phases     ] GC(10806)   Other: 0.3ms
[2026-07-26T08:33:43.391+0200][243574.704s][info][gc,heap       ] GC(10806) Eden regions: 548->0(549)
[2026-07-26T08:33:43.391+0200][243574.704s][info][gc,heap       ] GC(10806) Survivor regions: 7->7(70)
[2026-07-26T08:33:43.391+0200][243574.704s][info][gc,heap       ] GC(10806) Old regions: 1350->1350
[2026-07-26T08:33:43.391+0200][243574.704s][info][gc,heap       ] GC(10806) Humongous regions: 16->16
[2026-07-26T08:33:43.391+0200][243574.704s][info][gc,metaspace  ] GC(10806) Metaspace: 923177K(1393280K)->923177K(1393280K) NonClass: 814509K(1265152K)->814509K(1265152K) Class: 108668K(128128K)->108668K(128128K)
[2026-07-26T08:33:43.391+0200][243574.704s][info][gc            ] GC(10806) Pause Young (Normal) (G1 Evacuation Pause) 1919M->1371M(2159M) 8.243ms
[2026-07-26T08:33:43.391+0200][243574.704s][info][gc,cpu        ] GC(10806) User=0.06s Sys=0.00s Real=0.00s
[2026-07-26T08:33:46.080+0200][243577.393s][info][gc,start      ] GC(10807) Pause Young (Normal) (G1 Evacuation Pause)
[2026-07-26T08:33:46.080+0200][243577.393s][info][gc,task       ] GC(10807) Using 13 workers of 13 for evacuation
[2026-07-26T08:33:46.088+0200][243577.401s][info][gc,phases     ] GC(10807)   Pre Evacuate Collection Set: 0.1ms
[2026-07-26T08:33:46.088+0200][243577.401s][info][gc,phases     ] GC(10807)   Evacuate Collection Set: 4.7ms
[2026-07-26T08:33:46.088+0200][243577.401s][info][gc,phases     ] GC(10807)   Post Evacuate Collection Set: 2.9ms
[2026-07-26T08:33:46.088+0200][243577.401s][info][gc,phases     ] GC(10807)   Other: 0.3ms
[2026-07-26T08:33:46.088+0200][243577.401s][info][gc,heap       ] GC(10807) Eden regions: 549->0(550)
[2026-07-26T08:33:46.088+0200][243577.401s][info][gc,heap       ] GC(10807) Survivor regions: 7->6(70)
[2026-07-26T08:33:46.088+0200][243577.401s][info][gc,heap       ] GC(10807) Old regions: 1350->1350
[2026-07-26T08:33:46.088+0200][243577.401s][info][gc,heap       ] GC(10807) Humongous regions: 16->16
[2026-07-26T08:33:46.088+0200][243577.401s][info][gc,metaspace  ] GC(10807) Metaspace: 923177K(1393280K)->923177K(1393280K) NonClass: 814509K(1265152K)->814509K(1265152K) Class: 108668K(128128K)->108668K(128128K)
[2026-07-26T08:33:46.088+0200][243577.401s][info][gc            ] GC(10807) Pause Young (Normal) (G1 Evacuation Pause) 1920M->1371M(2159M) 8.140ms
[2026-07-26T08:33:46.088+0200][243577.401s][info][gc,cpu        ] GC(10807) User=0.06s Sys=0.00s Real=0.01s
[2026-07-26T08:34:14.173+0200][243605.486s][info][gc,start      ] GC(10808) Pause Young (Normal) (G1 Evacuation Pause)
[2026-07-26T08:34:14.173+0200][243605.486s][info][gc,task       ] GC(10808) Using 13 workers of 13 for evacuation
[2026-07-26T08:34:14.181+0200][243605.494s][info][gc,phases     ] GC(10808)   Pre Evacuate Collection Set: 0.1ms
[2026-07-26T08:34:14.181+0200][243605.494s][info][gc,phases     ] GC(10808)   Evacuate Collection Set: 4.3ms
[2026-07-26T08:34:14.181+0200][243605.494s][info][gc,phases     ] GC(10808)   Post Evacuate Collection Set: 3.3ms
[2026-07-26T08:34:14.181+0200][243605.494s][info][gc,phases     ] GC(10808)   Other: 0.4ms
[2026-07-26T08:34:14.181+0200][243605.494s][info][gc,heap       ] GC(10808) Eden regions: 550->0(553)
[2026-07-26T08:34:14.181+0200][243605.494s][info][gc,heap       ] GC(10808) Survivor regions: 6->4(70)
[2026-07-26T08:34:14.181+0200][243605.494s][info][gc,heap       ] GC(10808) Old regions: 1350->1350
[2026-07-26T08:34:14.181+0200][243605.494s][info][gc,heap       ] GC(10808) Humongous regions: 16->16
[2026-07-26T08:34:14.181+0200][243605.494s][info][gc,metaspace  ] GC(10808) Metaspace: 923177K(1393280K)->923177K(1393280K) NonClass: 814509K(1265152K)->814509K(1265152K) Class: 108668K(128128K)->108668K(128128K)
[2026-07-26T08:34:14.181+0200][243605.494s][info][gc            ] GC(10808) Pause Young (Normal) (G1 Evacuation Pause) 1921M->1369M(2159M) 8.189ms
[2026-07-26T08:34:14.181+0200][243605.494s][info][gc,cpu        ] GC(10808) User=0.06s Sys=0.01s Real=0.00s
[2026-07-26T08:34:21.749+0200][243613.062s][info][gc,start      ] GC(10809) Pause Young (Normal) (G1 Evacuation Pause)
[2026-07-26T08:34:21.749+0200][243613.062s][info][gc,task       ] GC(10809) Using 13 workers of 13 for evacuation
[2026-07-26T08:34:21.757+0200][243613.070s][info][gc,phases     ] GC(10809)   Pre Evacuate Collection Set: 0.1ms
[2026-07-26T08:34:21.757+0200][243613.070s][info][gc,phases     ] GC(10809)   Evacuate Collection Set: 4.5ms
[2026-07-26T08:34:21.757+0200][243613.070s][info][gc,phases     ] GC(10809)   Post Evacuate Collection Set: 3.1ms
[2026-07-26T08:34:21.757+0200][243613.070s][info][gc,phases     ] GC(10809)   Other: 0.4ms
[2026-07-26T08:34:21.757+0200][243613.070s][info][gc,heap       ] GC(10809) Eden regions: 553->0(554)
[2026-07-26T08:34:21.757+0200][243613.070s][info][gc,heap       ] GC(10809) Survivor regions: 4->4(70)
[2026-07-26T08:34:21.757+0200][243613.070s][info][gc,heap       ] GC(10809) Old regions: 1350->1350
[2026-07-26T08:34:21.757+0200][243613.070s][info][gc,heap       ] GC(10809) Humongous regions: 16->16
[2026-07-26T08:34:21.757+0200][243613.070s][info][gc,metaspace  ] GC(10809) Metaspace: 923177K(1393280K)->923177K(1393280K) NonClass: 814509K(1265152K)->814509K(1265152K) Class: 108668K(128128K)->108668K(128128K)
[2026-07-26T08:34:21.757+0200][243613.070s][info][gc            ] GC(10809) Pause Young (Normal) (G1 Evacuation Pause) 1922M->1369M(2159M) 8.253ms
[2026-07-26T08:34:21.757+0200][243613.070s][info][gc,cpu        ] GC(10809) User=0.05s Sys=0.00s Real=0.01s
[2026-07-26T08:34:46.555+0200][243637.868s][info][gc,start      ] GC(10810) Pause Young (Normal) (G1 Evacuation Pause)
[2026-07-26T08:34:46.555+0200][243637.868s][info][gc,task       ] GC(10810) Using 13 workers of 13 for evacuation
[2026-07-26T08:34:46.567+0200][243637.880s][info][gc,phases     ] GC(10810)   Pre Evacuate Collection Set: 0.1ms
[2026-07-26T08:34:46.567+0200][243637.880s][info][gc,phases     ] GC(10810)   Evacuate Collection Set: 7.2ms
[2026-07-26T08:34:46.567+0200][243637.880s][info][gc,phases     ] GC(10810)   Post Evacuate Collection Set: 3.9ms
[2026-07-26T08:34:46.567+0200][243637.880s][info][gc,phases     ] GC(10810)   Other: 0.4ms
[2026-07-26T08:34:46.567+0200][243637.880s][info][gc,heap       ] GC(10810) Eden regions: 554->0(552)
[2026-07-26T08:34:46.567+0200][243637.880s][info][gc,heap       ] GC(10810) Survivor regions: 4->6(70)
[2026-07-26T08:34:46.567+0200][243637.880s][info][gc,heap       ] GC(10810) Old regions: 1350->1350
[2026-07-26T08:34:46.567+0200][243637.880s][info][gc,heap       ] GC(10810) Humongous regions: 16->16
[2026-07-26T08:34:46.567+0200][243637.880s][info][gc,metaspace  ] GC(10810) Metaspace: 923177K(1393280K)->923177K(1393280K) NonClass: 814509K(1265152K)->814509K(1265152K) Class: 108668K(128128K)->108668K(128128K)
[2026-07-26T08:34:46.567+0200][243637.880s][info][gc            ] GC(10810) Pause Young (Normal) (G1 Evacuation Pause) 1923M->1370M(2159M) 11.805ms
[2026-07-26T08:34:46.567+0200][243637.880s][info][gc,cpu        ] GC(10810) User=0.05s Sys=0.01s Real=0.01s
[2026-07-26T08:35:18.563+0200][243669.875s][info][gc,start      ] GC(10811) Pause Young (Normal) (G1 Evacuation Pause)
[2026-07-26T08:35:18.563+0200][243669.875s][info][gc,task       ] GC(10811) Using 13 workers of 13 for evacuation
[2026-07-26T08:35:18.570+0200][243669.882s][info][gc,phases     ] GC(10811)   Pre Evacuate Collection Set: 0.1ms
[2026-07-26T08:35:18.570+0200][243669.882s][info][gc,phases     ] GC(10811)   Evacuate Collection Set: 3.6ms
[2026-07-26T08:35:18.570+0200][243669.882s][info][gc,phases     ] GC(10811)   Post Evacuate Collection Set: 2.8ms
[2026-07-26T08:35:18.570+0200][243669.882s][info][gc,phases     ] GC(10811)   Other: 0.5ms
[2026-07-26T08:35:18.570+0200][243669.882s][info][gc,heap       ] GC(10811) Eden regions: 552->0(559)
[2026-07-26T08:35:18.570+0200][243669.882s][info][gc,heap       ] GC(10811) Survivor regions: 6->2(70)
[2026-07-26T08:35:18.570+0200][243669.882s][info][gc,heap       ] GC(10811) Old regions: 1350->1350
[2026-07-26T08:35:18.570+0200][243669.882s][info][gc,heap       ] GC(10811) Humongous regions: 16->16
[2026-07-26T08:35:18.570+0200][243669.882s][info][gc,metaspace  ] GC(10811) Metaspace: 923177K(1393280K)->923177K(1393280K) NonClass: 814509K(1265152K)->814509K(1265152K) Class: 108668K(128128K)->108668K(128128K)
[2026-07-26T08:35:18.570+0200][243669.882s][info][gc            ] GC(10811) Pause Young (Normal) (G1 Evacuation Pause) 1922M->1366M(2159M) 7.070ms
[2026-07-26T08:35:18.570+0200][243669.882s][info][gc,cpu        ] GC(10811) User=0.04s Sys=0.00s Real=0.01s
[2026-07-26T08:37:27.092+0200][243798.405s][info][gc,start      ] GC(10812) Pause Young (Normal) (G1 Evacuation Pause)
[2026-07-26T08:37:27.092+0200][243798.405s][info][gc,task       ] GC(10812) Using 13 workers of 13 for evacuation
[2026-07-26T08:37:27.103+0200][243798.416s][info][gc,phases     ] GC(10812)   Pre Evacuate Collection Set: 0.1ms
[2026-07-26T08:37:27.103+0200][243798.416s][info][gc,phases     ] GC(10812)   Evacuate Collection Set: 6.9ms
[2026-07-26T08:37:27.103+0200][243798.416s][info][gc,phases     ] GC(10812)   Post Evacuate Collection Set: 3.5ms
[2026-07-26T08:37:27.103+0200][243798.416s][info][gc,phases     ] GC(10812)   Other: 0.4ms
[2026-07-26T08:37:27.103+0200][243798.416s][info][gc,heap       ] GC(10812) Eden regions: 559->0(554)
[2026-07-26T08:37:27.103+0200][243798.416s][info][gc,heap       ] GC(10812) Survivor regions: 2->6(71)
[2026-07-26T08:37:27.103+0200][243798.416s][info][gc,heap       ] GC(10812) Old regions: 1350->1350
[2026-07-26T08:37:27.103+0200][243798.416s][info][gc,heap       ] GC(10812) Humongous regions: 16->16
[2026-07-26T08:37:27.103+0200][243798.416s][info][gc,metaspace  ] GC(10812) Metaspace: 923177K(1393280K)->923177K(1393280K) NonClass: 814509K(1265152K)->814509K(1265152K) Class: 108668K(128128K)->108668K(128128K)
[2026-07-26T08:37:27.103+0200][243798.416s][info][gc            ] GC(10812) Pause Young (Normal) (G1 Evacuation Pause) 1925M->1370M(2159M) 11.010ms
[2026-07-26T08:37:27.103+0200][243798.416s][info][gc,cpu        ] GC(10812) User=0.06s Sys=0.00s Real=0.02s
[2026-07-26T08:41:08.900+0200][244020.212s][info][gc,start      ] GC(10813) Pause Young (Normal) (G1 Evacuation Pause)
[2026-07-26T08:41:08.900+0200][244020.212s][info][gc,task       ] GC(10813) Using 13 workers of 13 for evacuation
[2026-07-26T08:41:08.907+0200][244020.220s][info][gc,phases     ] GC(10813)   Pre Evacuate Collection Set: 0.1ms
[2026-07-26T08:41:08.907+0200][244020.220s][info][gc,phases     ] GC(10813)   Evacuate Collection Set: 4.0ms
[2026-07-26T08:41:08.907+0200][244020.220s][info][gc,phases     ] GC(10813)   Post Evacuate Collection Set: 2.9ms
[2026-07-26T08:41:08.907+0200][244020.220s][info][gc,phases     ] GC(10813)   Other: 0.4ms
[2026-07-26T08:41:08.907+0200][244020.220s][info][gc,heap       ] GC(10813) Eden regions: 554->0(561)
[2026-07-26T08:41:08.907+0200][244020.220s][info][gc,heap       ] GC(10813) Survivor regions: 6->2(70)
[2026-07-26T08:41:08.907+0200][244020.220s][info][gc,heap       ] GC(10813) Old regions: 1350->1350
[2026-07-26T08:41:08.907+0200][244020.220s][info][gc,heap       ] GC(10813) Humongous regions: 16->16
[2026-07-26T08:41:08.907+0200][244020.220s][info][gc,metaspace  ] GC(10813) Metaspace: 923177K(1393280K)->923177K(1393280K) NonClass: 814509K(1265152K)->814509K(1265152K) Class: 108668K(128128K)->108668K(128128K)
[2026-07-26T08:41:08.907+0200][244020.220s][info][gc            ] GC(10813) Pause Young (Normal) (G1 Evacuation Pause) 1924M->1367M(2159M) 7.544ms
[2026-07-26T08:41:08.907+0200][244020.220s][info][gc,cpu        ] GC(10813) User=0.06s Sys=0.00s Real=0.01s
[2026-07-26T08:42:22.446+0200][244093.759s][info][gc,start      ] GC(10814) Pause Young (Normal) (G1 Evacuation Pause)
[2026-07-26T08:42:22.446+0200][244093.759s][info][gc,task       ] GC(10814) Using 13 workers of 13 for evacuation
[2026-07-26T08:42:22.458+0200][244093.771s][info][gc,phases     ] GC(10814)   Pre Evacuate Collection Set: 0.2ms
[2026-07-26T08:42:22.458+0200][244093.771s][info][gc,phases     ] GC(10814)   Evacuate Collection Set: 4.6ms
[2026-07-26T08:42:22.458+0200][244093.771s][info][gc,phases     ] GC(10814)   Post Evacuate Collection Set: 6.2ms
[2026-07-26T08:42:22.458+0200][244093.771s][info][gc,phases     ] GC(10814)   Other: 0.7ms
[2026-07-26T08:42:22.458+0200][244093.771s][info][gc,heap       ] GC(10814) Eden regions: 561->0(558)
[2026-07-26T08:42:22.458+0200][244093.771s][info][gc,heap       ] GC(10814) Survivor regions: 2->5(71)
[2026-07-26T08:42:22.458+0200][244093.771s][info][gc,heap       ] GC(10814) Old regions: 1350->1350
[2026-07-26T08:42:22.458+0200][244093.771s][info][gc,heap       ] GC(10814) Humongous regions: 20->16
[2026-07-26T08:42:22.458+0200][244093.771s][info][gc,metaspace  ] GC(10814) Metaspace: 923177K(1393280K)->923177K(1393280K) NonClass: 814509K(1265152K)->814509K(1265152K) Class: 108668K(128128K)->108668K(128128K)
[2026-07-26T08:42:22.458+0200][244093.771s][info][gc            ] GC(10814) Pause Young (Normal) (G1 Evacuation Pause) 1932M->1370M(2159M) 11.973ms
[2026-07-26T08:42:22.458+0200][244093.771s][info][gc,cpu        ] GC(10814) User=0.07s Sys=0.00s Real=0.01s
[2026-07-26T08:44:29.175+0200][244220.487s][info][gc,start      ] GC(10815) Pause Young (Normal) (G1 Evacuation Pause)
[2026-07-26T08:44:29.175+0200][244220.487s][info][gc,task       ] GC(10815) Using 13 workers of 13 for evacuation
[2026-07-26T08:44:29.182+0200][244220.495s][info][gc,phases     ] GC(10815)   Pre Evacuate Collection Set: 0.1ms
[2026-07-26T08:44:29.182+0200][244220.495s][info][gc,phases     ] GC(10815)   Evacuate Collection Set: 4.4ms
[2026-07-26T08:44:29.182+0200][244220.495s][info][gc,phases     ] GC(10815)   Post Evacuate Collection Set: 3.0ms
[2026-07-26T08:44:29.182+0200][244220.495s][info][gc,phases     ] GC(10815)   Other: 0.4ms
[2026-07-26T08:44:29.182+0200][244220.495s][info][gc,heap       ] GC(10815) Eden regions: 558->0(560)
[2026-07-26T08:44:29.182+0200][244220.495s][info][gc,heap       ] GC(10815) Survivor regions: 5->5(71)
[2026-07-26T08:44:29.182+0200][244220.495s][info][gc,heap       ] GC(10815) Old regions: 1350->1350
[2026-07-26T08:44:29.183+0200][244220.495s][info][gc,heap       ] GC(10815) Humongous regions: 16->16
[2026-07-26T08:44:29.183+0200][244220.495s][info][gc,metaspace  ] GC(10815) Metaspace: 923177K(1393280K)->923177K(1393280K) NonClass: 814509K(1265152K)->814509K(1265152K) Class: 108668K(128128K)->108668K(128128K)
[2026-07-26T08:44:29.183+0200][244220.495s][info][gc            ] GC(10815) Pause Young (Normal) (G1 Evacuation Pause) 1928M->1370M(2159M) 7.956ms
[2026-07-26T08:44:29.183+0200][244220.495s][info][gc,cpu        ] GC(10815) User=0.05s Sys=0.01s Real=0.00s
[2026-07-26T08:50:04.426+0200][244555.739s][info][gc,start      ] GC(10816) Pause Young (Normal) (G1 Evacuation Pause)
[2026-07-26T08:50:04.426+0200][244555.739s][info][gc,task       ] GC(10816) Using 13 workers of 13 for evacuation
[2026-07-26T08:50:04.448+0200][244555.761s][info][gc,phases     ] GC(10816)   Pre Evacuate Collection Set: 0.2ms
[2026-07-26T08:50:04.449+0200][244555.761s][info][gc,phases     ] GC(10816)   Evacuate Collection Set: 10.4ms
[2026-07-26T08:50:04.449+0200][244555.761s][info][gc,phases     ] GC(10816)   Post Evacuate Collection Set: 10.6ms
[2026-07-26T08:50:04.449+0200][244555.761s][info][gc,phases     ] GC(10816)   Other: 0.8ms
[2026-07-26T08:50:04.449+0200][244555.761s][info][gc,heap       ] GC(10816) Eden regions: 560->0(554)
[2026-07-26T08:50:04.449+0200][244555.761s][info][gc,heap       ] GC(10816) Survivor regions: 5->9(71)
[2026-07-26T08:50:04.449+0200][244555.761s][info][gc,heap       ] GC(10816) Old regions: 1350->1350
[2026-07-26T08:50:04.449+0200][244555.761s][info][gc,heap       ] GC(10816) Humongous regions: 16->16
[2026-07-26T08:50:04.449+0200][244555.761s][info][gc,metaspace  ] GC(10816) Metaspace: 923177K(1393280K)->923177K(1393280K) NonClass: 814509K(1265152K)->814509K(1265152K) Class: 108668K(128128K)->108668K(128128K)
[2026-07-26T08:50:04.449+0200][244555.761s][info][gc            ] GC(10816) Pause Young (Normal) (G1 Evacuation Pause) 1930M->1374M(2159M) 22.299ms
[2026-07-26T08:50:04.449+0200][244555.761s][info][gc,cpu        ] GC(10816) User=0.14s Sys=0.00s Real=0.02s
[2026-07-26T08:50:05.833+0200][244557.146s][info][gc,start      ] GC(10817) Pause Young (Normal) (G1 Evacuation Pause)
[2026-07-26T08:50:05.833+0200][244557.146s][info][gc,task       ] GC(10817) Using 13 workers of 13 for evacuation
[2026-07-26T08:50:05.857+0200][244557.170s][info][gc,phases     ] GC(10817)   Pre Evacuate Collection Set: 0.2ms
[2026-07-26T08:50:05.857+0200][244557.170s][info][gc,phases     ] GC(10817)   Evacuate Collection Set: 13.1ms
[2026-07-26T08:50:05.857+0200][244557.170s][info][gc,phases     ] GC(10817)   Post Evacuate Collection Set: 10.2ms
[2026-07-26T08:50:05.857+0200][244557.170s][info][gc,phases     ] GC(10817)   Other: 0.8ms
[2026-07-26T08:50:05.857+0200][244557.170s][info][gc,heap       ] GC(10817) Eden regions: 554->0(554)
[2026-07-26T08:50:05.858+0200][244557.170s][info][gc,heap       ] GC(10817) Survivor regions: 9->9(71)
[2026-07-26T08:50:05.858+0200][244557.170s][info][gc,heap       ] GC(10817) Old regions: 1350->1350
[2026-07-26T08:50:05.858+0200][244557.170s][info][gc,heap       ] GC(10817) Humongous regions: 16->16
[2026-07-26T08:50:05.858+0200][244557.170s][info][gc,metaspace  ] GC(10817) Metaspace: 923177K(1393280K)->923177K(1393280K) NonClass: 814509K(1265152K)->814509K(1265152K) Class: 108668K(128128K)->108668K(128128K)
[2026-07-26T08:50:05.858+0200][244557.170s][info][gc            ] GC(10817) Pause Young (Normal) (G1 Evacuation Pause) 1928M->1374M(2159M) 24.639ms
[2026-07-26T08:50:05.858+0200][244557.170s][info][gc,cpu        ] GC(10817) User=0.12s Sys=0.01s Real=0.02s
[2026-07-26T08:50:41.914+0200][244593.226s][info][gc,start      ] GC(10818) Pause Young (Normal) (G1 Evacuation Pause)
[2026-07-26T08:50:41.914+0200][244593.226s][info][gc,task       ] GC(10818) Using 13 workers of 13 for evacuation
[2026-07-26T08:50:41.923+0200][244593.235s][info][gc,phases     ] GC(10818)   Pre Evacuate Collection Set: 0.1ms
[2026-07-26T08:50:41.923+0200][244593.235s][info][gc,phases     ] GC(10818)   Evacuate Collection Set: 5.3ms
[2026-07-26T08:50:41.923+0200][244593.235s][info][gc,phases     ] GC(10818)   Post Evacuate Collection Set: 3.3ms
[2026-07-26T08:50:41.923+0200][244593.235s][info][gc,phases     ] GC(10818)   Other: 0.4ms
[2026-07-26T08:50:41.923+0200][244593.235s][info][gc,heap       ] GC(10818) Eden regions: 554->0(557)
[2026-07-26T08:50:41.923+0200][244593.235s][info][gc,heap       ] GC(10818) Survivor regions: 9->7(71)
[2026-07-26T08:50:41.923+0200][244593.236s][info][gc,heap       ] GC(10818) Old regions: 1350->1350
[2026-07-26T08:50:41.923+0200][244593.236s][info][gc,heap       ] GC(10818) Humongous regions: 16->16
[2026-07-26T08:50:41.923+0200][244593.236s][info][gc,metaspace  ] GC(10818) Metaspace: 923177K(1393280K)->923177K(1393280K) NonClass: 814509K(1265152K)->814509K(1265152K) Class: 108668K(128128K)->108668K(128128K)
[2026-07-26T08:50:41.923+0200][244593.236s][info][gc            ] GC(10818) Pause Young (Normal) (G1 Evacuation Pause) 1928M->1372M(2159M) 9.313ms
[2026-07-26T08:50:41.923+0200][244593.236s][info][gc,cpu        ] GC(10818) User=0.06s Sys=0.00s Real=0.00s
[2026-07-26T08:52:01.460+0200][244672.773s][info][gc,start      ] GC(10819) Pause Young (Normal) (G1 Evacuation Pause)
[2026-07-26T08:52:01.460+0200][244672.773s][info][gc,task       ] GC(10819) Using 13 workers of 13 for evacuation
[2026-07-26T08:52:01.471+0200][244672.784s][info][gc,phases     ] GC(10819)   Pre Evacuate Collection Set: 0.1ms
[2026-07-26T08:52:01.471+0200][244672.784s][info][gc,phases     ] GC(10819)   Evacuate Collection Set: 6.7ms
[2026-07-26T08:52:01.471+0200][244672.784s][info][gc,phases     ] GC(10819)   Post Evacuate Collection Set: 3.8ms
[2026-07-26T08:52:01.471+0200][244672.784s][info][gc,phases     ] GC(10819)   Other: 0.5ms
[2026-07-26T08:52:01.471+0200][244672.784s][info][gc,heap       ] GC(10819) Eden regions: 557->0(557)
[2026-07-26T08:52:01.471+0200][244672.784s][info][gc,heap       ] GC(10819) Survivor regions: 7->7(71)
[2026-07-26T08:52:01.471+0200][244672.784s][info][gc,heap       ] GC(10819) Old regions: 1350->1350
[2026-07-26T08:52:01.471+0200][244672.784s][info][gc,heap       ] GC(10819) Humongous regions: 16->16
[2026-07-26T08:52:01.471+0200][244672.784s][info][gc,metaspace  ] GC(10819) Metaspace: 923177K(1393280K)->923177K(1393280K) NonClass: 814509K(1265152K)->814509K(1265152K) Class: 108668K(128128K)->108668K(128128K)
[2026-07-26T08:52:01.471+0200][244672.784s][info][gc            ] GC(10819) Pause Young (Normal) (G1 Evacuation Pause) 1929M->1372M(2159M) 11.207ms
[2026-07-26T08:52:01.471+0200][244672.784s][info][gc,cpu        ] GC(10819) User=0.08s Sys=0.00s Real=0.01s
[2026-07-26T08:55:18.749+0200][244870.061s][info][gc,start      ] GC(10820) Pause Young (Normal) (G1 Evacuation Pause)
[2026-07-26T08:55:18.749+0200][244870.061s][info][gc,task       ] GC(10820) Using 13 workers of 13 for evacuation
[2026-07-26T08:55:18.762+0200][244870.075s][info][gc,phases     ] GC(10820)   Pre Evacuate Collection Set: 0.2ms
[2026-07-26T08:55:18.762+0200][244870.075s][info][gc,phases     ] GC(10820)   Evacuate Collection Set: 7.3ms
[2026-07-26T08:55:18.762+0200][244870.075s][info][gc,phases     ] GC(10820)   Post Evacuate Collection Set: 5.4ms
[2026-07-26T08:55:18.762+0200][244870.075s][info][gc,phases     ] GC(10820)   Other: 0.6ms
[2026-07-26T08:55:18.762+0200][244870.075s][info][gc,heap       ] GC(10820) Eden regions: 557->0(554)
[2026-07-26T08:55:18.762+0200][244870.075s][info][gc,heap       ] GC(10820) Survivor regions: 7->9(71)
[2026-07-26T08:55:18.762+0200][244870.075s][info][gc,heap       ] GC(10820) Old regions: 1350->1350
[2026-07-26T08:55:18.762+0200][244870.075s][info][gc,heap       ] GC(10820) Humongous regions: 16->16
[2026-07-26T08:55:18.762+0200][244870.075s][info][gc,metaspace  ] GC(10820) Metaspace: 923177K(1393280K)->923177K(1393280K) NonClass: 814509K(1265152K)->814509K(1265152K) Class: 108668K(128128K)->108668K(128128K)
[2026-07-26T08:55:18.762+0200][244870.075s][info][gc            ] GC(10820) Pause Young (Normal) (G1 Evacuation Pause) 1929M->1374M(2159M) 13.682ms
[2026-07-26T08:55:18.762+0200][244870.075s][info][gc,cpu        ] GC(10820) User=0.09s Sys=0.00s Real=0.01s
[2026-07-26T08:55:19.826+0200][244871.138s][info][gc,start      ] GC(10821) Pause Young (Normal) (G1 Evacuation Pause)
[2026-07-26T08:55:19.826+0200][244871.138s][info][gc,task       ] GC(10821) Using 13 workers of 13 for evacuation
[2026-07-26T08:55:19.836+0200][244871.149s][info][gc,phases     ] GC(10821)   Pre Evacuate Collection Set: 0.1ms
[2026-07-26T08:55:19.836+0200][244871.149s][info][gc,phases     ] GC(10821)   Evacuate Collection Set: 6.5ms
[2026-07-26T08:55:19.836+0200][244871.149s][info][gc,phases     ] GC(10821)   Post Evacuate Collection Set: 3.6ms
[2026-07-26T08:55:19.836+0200][244871.149s][info][gc,phases     ] GC(10821)   Other: 0.3ms
[2026-07-26T08:55:19.836+0200][244871.149s][info][gc,heap       ] GC(10821) Eden regions: 554->0(554)
[2026-07-26T08:55:19.836+0200][244871.149s][info][gc,heap       ] GC(10821) Survivor regions: 9->9(71)
[2026-07-26T08:55:19.836+0200][244871.149s][info][gc,heap       ] GC(10821) Old regions: 1350->1350
[2026-07-26T08:55:19.836+0200][244871.149s][info][gc,heap       ] GC(10821) Humongous regions: 16->16
[2026-07-26T08:55:19.836+0200][244871.149s][info][gc,metaspace  ] GC(10821) Metaspace: 923177K(1393280K)->923177K(1393280K) NonClass: 814509K(1265152K)->814509K(1265152K) Class: 108668K(128128K)->108668K(128128K)
[2026-07-26T08:55:19.836+0200][244871.149s][info][gc            ] GC(10821) Pause Young (Normal) (G1 Evacuation Pause) 1928M->1374M(2159M) 10.739ms
[2026-07-26T08:55:19.836+0200][244871.149s][info][gc,cpu        ] GC(10821) User=0.08s Sys=0.01s Real=0.01s
[2026-07-26T08:59:29.218+0200][245120.530s][info][gc,start      ] GC(10822) Pause Young (Normal) (G1 Evacuation Pause)
[2026-07-26T08:59:29.218+0200][245120.530s][info][gc,task       ] GC(10822) Using 13 workers of 13 for evacuation
[2026-07-26T08:59:29.226+0200][245120.538s][info][gc,phases     ] GC(10822)   Pre Evacuate Collection Set: 0.1ms
[2026-07-26T08:59:29.226+0200][245120.538s][info][gc,phases     ] GC(10822)   Evacuate Collection Set: 4.0ms
[2026-07-26T08:59:29.226+0200][245120.538s][info][gc,phases     ] GC(10822)   Post Evacuate Collection Set: 3.5ms
[2026-07-26T08:59:29.226+0200][245120.538s][info][gc,phases     ] GC(10822)   Other: 0.4ms
[2026-07-26T08:59:29.226+0200][245120.538s][info][gc,heap       ] GC(10822) Eden regions: 554->0(560)
[2026-07-26T08:59:29.226+0200][245120.538s][info][gc,heap       ] GC(10822) Survivor regions: 9->5(71)
[2026-07-26T08:59:29.226+0200][245120.538s][info][gc,heap       ] GC(10822) Old regions: 1350->1350
[2026-07-26T08:59:29.226+0200][245120.538s][info][gc,heap       ] GC(10822) Humongous regions: 16->16
[2026-07-26T08:59:29.226+0200][245120.538s][info][gc,metaspace  ] GC(10822) Metaspace: 923177K(1393280K)->923177K(1393280K) NonClass: 814509K(1265152K)->814509K(1265152K) Class: 108668K(128128K)->108668K(128128K)
[2026-07-26T08:59:29.226+0200][245120.538s][info][gc            ] GC(10822) Pause Young (Normal) (G1 Evacuation Pause) 1928M->1370M(2159M) 8.222ms
[2026-07-26T08:59:29.226+0200][245120.538s][info][gc,cpu        ] GC(10822) User=0.05s Sys=0.00s Real=0.01s
[2026-07-26T08:59:43.660+0200][245134.973s][info][gc,start      ] GC(10823) Pause Young (Normal) (G1 Evacuation Pause)
[2026-07-26T08:59:43.660+0200][245134.973s][info][gc,task       ] GC(10823) Using 13 workers of 13 for evacuation
[2026-07-26T08:59:43.671+0200][245134.983s][info][gc,phases     ] GC(10823)   Pre Evacuate Collection Set: 0.1ms
[2026-07-26T08:59:43.671+0200][245134.983s][info][gc,phases     ] GC(10823)   Evacuate Collection Set: 6.2ms
[2026-07-26T08:59:43.671+0200][245134.983s][info][gc,phases     ] GC(10823)   Post Evacuate Collection Set: 4.1ms
[2026-07-26T08:59:43.671+0200][245134.983s][info][gc,phases     ] GC(10823)   Other: 0.4ms
[2026-07-26T08:59:43.671+0200][245134.983s][info][gc,heap       ] GC(10823) Eden regions: 560->0(554)
[2026-07-26T08:59:43.671+0200][245134.983s][info][gc,heap       ] GC(10823) Survivor regions: 5->9(71)
[2026-07-26T08:59:43.671+0200][245134.984s][info][gc,heap       ] GC(10823) Old regions: 1350->1350
[2026-07-26T08:59:43.671+0200][245134.984s][info][gc,heap       ] GC(10823) Humongous regions: 16->16
[2026-07-26T08:59:43.671+0200][245134.984s][info][gc,metaspace  ] GC(10823) Metaspace: 923177K(1393280K)->923177K(1393280K) NonClass: 814509K(1265152K)->814509K(1265152K) Class: 108668K(128128K)->108668K(128128K)
[2026-07-26T08:59:43.671+0200][245134.984s][info][gc            ] GC(10823) Pause Young (Normal) (G1 Evacuation Pause) 1930M->1374M(2159M) 10.991ms
[2026-07-26T08:59:43.671+0200][245134.984s][info][gc,cpu        ] GC(10823) User=0.08s Sys=0.00s Real=0.01s
[2026-07-26T08:59:58.858+0200][245150.170s][info][gc,start      ] GC(10824) Pause Young (Normal) (G1 Evacuation Pause)
[2026-07-26T08:59:58.858+0200][245150.170s][info][gc,task       ] GC(10824) Using 13 workers of 13 for evacuation
[2026-07-26T08:59:58.867+0200][245150.180s][info][gc,phases     ] GC(10824)   Pre Evacuate Collection Set: 0.1ms
[2026-07-26T08:59:58.867+0200][245150.180s][info][gc,phases     ] GC(10824)   Evacuate Collection Set: 5.5ms
[2026-07-26T08:59:58.867+0200][245150.180s][info][gc,phases     ] GC(10824)   Post Evacuate Collection Set: 3.5ms
[2026-07-26T08:59:58.867+0200][245150.180s][info][gc,phases     ] GC(10824)   Other: 0.4ms
[2026-07-26T08:59:58.867+0200][245150.180s][info][gc,heap       ] GC(10824) Eden regions: 554->0(557)
[2026-07-26T08:59:58.867+0200][245150.180s][info][gc,heap       ] GC(10824) Survivor regions: 9->7(71)
[2026-07-26T08:59:58.867+0200][245150.180s][info][gc,heap       ] GC(10824) Old regions: 1350->1350
[2026-07-26T08:59:58.867+0200][245150.180s][info][gc,heap       ] GC(10824) Humongous regions: 16->16
[2026-07-26T08:59:58.867+0200][245150.180s][info][gc,metaspace  ] GC(10824) Metaspace: 923177K(1393280K)->923177K(1393280K) NonClass: 814509K(1265152K)->814509K(1265152K) Class: 108668K(128128K)->108668K(128128K)
[2026-07-26T08:59:58.867+0200][245150.180s][info][gc            ] GC(10824) Pause Young (Normal) (G1 Evacuation Pause) 1928M->1372M(2159M) 9.599ms
[2026-07-26T08:59:58.867+0200][245150.180s][info][gc,cpu        ] GC(10824) User=0.08s Sys=0.00s Real=0.01s
[2026-07-26T09:00:17.310+0200][245168.623s][info][gc,start      ] GC(10825) Pause Young (Normal) (G1 Evacuation Pause)
[2026-07-26T09:00:17.310+0200][245168.623s][info][gc,task       ] GC(10825) Using 13 workers of 13 for evacuation
[2026-07-26T09:00:17.322+0200][245168.635s][info][gc,phases     ] GC(10825)   Pre Evacuate Collection Set: 0.2ms
[2026-07-26T09:00:17.322+0200][245168.635s][info][gc,phases     ] GC(10825)   Evacuate Collection Set: 6.6ms
[2026-07-26T09:00:17.322+0200][245168.635s][info][gc,phases     ] GC(10825)   Post Evacuate Collection Set: 5.0ms
[2026-07-26T09:00:17.322+0200][245168.635s][info][gc,phases     ] GC(10825)   Other: 0.6ms
[2026-07-26T09:00:17.323+0200][245168.635s][info][gc,heap       ] GC(10825) Eden regions: 557->0(557)
[2026-07-26T09:00:17.323+0200][245168.635s][info][gc,heap       ] GC(10825) Survivor regions: 7->7(71)
[2026-07-26T09:00:17.323+0200][245168.635s][info][gc,heap       ] GC(10825) Old regions: 1350->1350
[2026-07-26T09:00:17.323+0200][245168.635s][info][gc,heap       ] GC(10825) Humongous regions: 16->16
[2026-07-26T09:00:17.323+0200][245168.635s][info][gc,metaspace  ] GC(10825) Metaspace: 923177K(1393280K)->923177K(1393280K) NonClass: 814509K(1265152K)->814509K(1265152K) Class: 108668K(128128K)->108668K(128128K)
[2026-07-26T09:00:17.323+0200][245168.635s][info][gc            ] GC(10825) Pause Young (Normal) (G1 Evacuation Pause) 1929M->1372M(2159M) 12.635ms
[2026-07-26T09:00:17.323+0200][245168.635s][info][gc,cpu        ] GC(10825) User=0.08s Sys=0.00s Real=0.01s
[2026-07-26T09:00:20.681+0200][245171.994s][info][gc,start      ] GC(10826) Pause Young (Normal) (G1 Evacuation Pause)
[2026-07-26T09:00:20.681+0200][245171.994s][info][gc,task       ] GC(10826) Using 13 workers of 13 for evacuation
[2026-07-26T09:00:20.692+0200][245172.005s][info][gc,phases     ] GC(10826)   Pre Evacuate Collection Set: 0.1ms
[2026-07-26T09:00:20.692+0200][245172.005s][info][gc,phases     ] GC(10826)   Evacuate Collection Set: 7.0ms
[2026-07-26T09:00:20.692+0200][245172.005s][info][gc,phases     ] GC(10826)   Post Evacuate Collection Set: 3.4ms
[2026-07-26T09:00:20.692+0200][245172.005s][info][gc,phases     ] GC(10826)   Other: 0.3ms
[2026-07-26T09:00:20.692+0200][245172.005s][info][gc,heap       ] GC(10826) Eden regions: 557->0(553)
[2026-07-26T09:00:20.692+0200][245172.005s][info][gc,heap       ] GC(10826) Survivor regions: 7->9(71)
[2026-07-26T09:00:20.692+0200][245172.005s][info][gc,heap       ] GC(10826) Old regions: 1350->1350
[2026-07-26T09:00:20.692+0200][245172.005s][info][gc,heap       ] GC(10826) Humongous regions: 16->16
[2026-07-26T09:00:20.692+0200][245172.005s][info][gc,metaspace  ] GC(10826) Metaspace: 923177K(1393280K)->923177K(1393280K) NonClass: 814509K(1265152K)->814509K(1265152K) Class: 108668K(128128K)->108668K(128128K)
[2026-07-26T09:00:20.692+0200][245172.005s][info][gc            ] GC(10826) Pause Young (Normal) (G1 Evacuation Pause) 1929M->1374M(2159M) 10.966ms
[2026-07-26T09:00:20.692+0200][245172.005s][info][gc,cpu        ] GC(10826) User=0.09s Sys=0.00s Real=0.01s
[2026-07-26T09:00:21.730+0200][245173.042s][info][gc,start      ] GC(10827) Pause Young (Normal) (G1 Evacuation Pause)
[2026-07-26T09:00:21.730+0200][245173.042s][info][gc,task       ] GC(10827) Using 13 workers of 13 for evacuation
[2026-07-26T09:00:21.740+0200][245173.052s][info][gc,phases     ] GC(10827)   Pre Evacuate Collection Set: 0.1ms
[2026-07-26T09:00:21.740+0200][245173.052s][info][gc,phases     ] GC(10827)   Evacuate Collection Set: 6.8ms
[2026-07-26T09:00:21.740+0200][245173.053s][info][gc,phases     ] GC(10827)   Post Evacuate Collection Set: 3.1ms
[2026-07-26T09:00:21.740+0200][245173.053s][info][gc,phases     ] GC(10827)   Other: 0.3ms
[2026-07-26T09:00:21.740+0200][245173.053s][info][gc,heap       ] GC(10827) Eden regions: 553->0(551)
[2026-07-26T09:00:21.740+0200][245173.053s][info][gc,heap       ] GC(10827) Survivor regions: 9->10(71)
[2026-07-26T09:00:21.740+0200][245173.053s][info][gc,heap       ] GC(10827) Old regions: 1350->1350
[2026-07-26T09:00:21.740+0200][245173.053s][info][gc,heap       ] GC(10827) Humongous regions: 16->16
[2026-07-26T09:00:21.740+0200][245173.053s][info][gc,metaspace  ] GC(10827) Metaspace: 923177K(1393280K)->923177K(1393280K) NonClass: 814509K(1265152K)->814509K(1265152K) Class: 108668K(128128K)->108668K(128128K)
[2026-07-26T09:00:21.740+0200][245173.053s][info][gc            ] GC(10827) Pause Young (Normal) (G1 Evacuation Pause) 1927M->1375M(2159M) 10.493ms
[2026-07-26T09:00:21.740+0200][245173.053s][info][gc,cpu        ] GC(10827) User=0.08s Sys=0.00s Real=0.01s
[2026-07-26T09:00:22.435+0200][245173.748s][info][gc,start      ] GC(10828) Pause Young (Normal) (G1 Evacuation Pause)
[2026-07-26T09:00:22.435+0200][245173.748s][info][gc,task       ] GC(10828) Using 13 workers of 13 for evacuation
[2026-07-26T09:00:22.448+0200][245173.760s][info][gc,phases     ] GC(10828)   Pre Evacuate Collection Set: 0.1ms
[2026-07-26T09:00:22.448+0200][245173.760s][info][gc,phases     ] GC(10828)   Evacuate Collection Set: 7.2ms
[2026-07-26T09:00:22.448+0200][245173.760s][info][gc,phases     ] GC(10828)   Post Evacuate Collection Set: 4.7ms
[2026-07-26T09:00:22.448+0200][245173.760s][info][gc,phases     ] GC(10828)   Other: 0.5ms
[2026-07-26T09:00:22.448+0200][245173.760s][info][gc,heap       ] GC(10828) Eden regions: 551->0(551)
[2026-07-26T09:00:22.448+0200][245173.761s][info][gc,heap       ] GC(10828) Survivor regions: 10->9(71)
[2026-07-26T09:00:22.448+0200][245173.761s][info][gc,heap       ] GC(10828) Old regions: 1350->1351
[2026-07-26T09:00:22.448+0200][245173.761s][info][gc,heap       ] GC(10828) Humongous regions: 16->16
[2026-07-26T09:00:22.448+0200][245173.761s][info][gc,metaspace  ] GC(10828) Metaspace: 923177K(1393280K)->923177K(1393280K) NonClass: 814509K(1265152K)->814509K(1265152K) Class: 108668K(128128K)->108668K(128128K)
[2026-07-26T09:00:22.448+0200][245173.761s][info][gc            ] GC(10828) Pause Young (Normal) (G1 Evacuation Pause) 1926M->1375M(2159M) 12.827ms
[2026-07-26T09:00:22.448+0200][245173.761s][info][gc,cpu        ] GC(10828) User=0.09s Sys=0.00s Real=0.01s
[2026-07-26T09:03:02.448+0200][245333.761s][info][gc,start      ] GC(10829) Pause Young (Normal) (G1 Evacuation Pause)
[2026-07-26T09:03:02.448+0200][245333.761s][info][gc,task       ] GC(10829) Using 13 workers of 13 for evacuation
[2026-07-26T09:03:02.460+0200][245333.773s][info][gc,phases     ] GC(10829)   Pre Evacuate Collection Set: 0.1ms
[2026-07-26T09:03:02.460+0200][245333.773s][info][gc,phases     ] GC(10829)   Evacuate Collection Set: 7.9ms
[2026-07-26T09:03:02.460+0200][245333.773s][info][gc,phases     ] GC(10829)   Post Evacuate Collection Set: 3.4ms
[2026-07-26T09:03:02.460+0200][245333.773s][info][gc,phases     ] GC(10829)   Other: 0.4ms
[2026-07-26T09:03:02.460+0200][245333.773s][info][gc,heap       ] GC(10829) Eden regions: 551->0(548)
[2026-07-26T09:03:02.460+0200][245333.773s][info][gc,heap       ] GC(10829) Survivor regions: 9->7(70)
[2026-07-26T09:03:02.460+0200][245333.773s][info][gc,heap       ] GC(10829) Old regions: 1351->1354
[2026-07-26T09:03:02.460+0200][245333.773s][info][gc,heap       ] GC(10829) Humongous regions: 16->16
[2026-07-26T09:03:02.460+0200][245333.773s][info][gc,metaspace  ] GC(10829) Metaspace: 923177K(1393280K)->923177K(1393280K) NonClass: 814509K(1265152K)->814509K(1265152K) Class: 108668K(128128K)->108668K(128128K)
[2026-07-26T09:03:02.460+0200][245333.773s][info][gc            ] GC(10829) Pause Young (Normal) (G1 Evacuation Pause) 1926M->1375M(2159M) 12.048ms
[2026-07-26T09:03:02.460+0200][245333.773s][info][gc,cpu        ] GC(10829) User=0.09s Sys=0.00s Real=0.01s
[2026-07-26T09:04:19.877+0200][245411.189s][info][gc,start      ] GC(10830) Pause Young (Normal) (G1 Evacuation Pause)
[2026-07-26T09:04:19.877+0200][245411.189s][info][gc,task       ] GC(10830) Using 13 workers of 13 for evacuation
[2026-07-26T09:04:19.884+0200][245411.197s][info][gc,phases     ] GC(10830)   Pre Evacuate Collection Set: 0.1ms
[2026-07-26T09:04:19.885+0200][245411.197s][info][gc,phases     ] GC(10830)   Evacuate Collection Set: 4.5ms
[2026-07-26T09:04:19.885+0200][245411.197s][info][gc,phases     ] GC(10830)   Post Evacuate Collection Set: 2.9ms
[2026-07-26T09:04:19.885+0200][245411.197s][info][gc,phases     ] GC(10830)   Other: 0.4ms
[2026-07-26T09:04:19.885+0200][245411.197s][info][gc,heap       ] GC(10830) Eden regions: 548->0(550)
[2026-07-26T09:04:19.885+0200][245411.197s][info][gc,heap       ] GC(10830) Survivor regions: 7->5(70)
[2026-07-26T09:04:19.885+0200][245411.197s][info][gc,heap       ] GC(10830) Old regions: 1354->1354
[2026-07-26T09:04:19.885+0200][245411.197s][info][gc,heap       ] GC(10830) Humongous regions: 16->16
[2026-07-26T09:04:19.885+0200][245411.197s][info][gc,metaspace  ] GC(10830) Metaspace: 923177K(1393280K)->923177K(1393280K) NonClass: 814509K(1265152K)->814509K(1265152K) Class: 108668K(128128K)->108668K(128128K)
[2026-07-26T09:04:19.885+0200][245411.197s][info][gc            ] GC(10830) Pause Young (Normal) (G1 Evacuation Pause) 1923M->1374M(2159M) 8.109ms
[2026-07-26T09:04:19.885+0200][245411.197s][info][gc,cpu        ] GC(10830) User=0.06s Sys=0.01s Real=0.01s
[2026-07-26T09:04:20.727+0200][245412.040s][info][gc,start      ] GC(10831) Pause Young (Normal) (G1 Evacuation Pause)
[2026-07-26T09:04:20.727+0200][245412.040s][info][gc,task       ] GC(10831) Using 13 workers of 13 for evacuation
[2026-07-26T09:04:20.736+0200][245412.048s][info][gc,phases     ] GC(10831)   Pre Evacuate Collection Set: 0.1ms
[2026-07-26T09:04:20.736+0200][245412.048s][info][gc,phases     ] GC(10831)   Evacuate Collection Set: 4.4ms
[2026-07-26T09:04:20.736+0200][245412.048s][info][gc,phases     ] GC(10831)   Post Evacuate Collection Set: 3.6ms
[2026-07-26T09:04:20.736+0200][245412.048s][info][gc,phases     ] GC(10831)   Other: 0.3ms
[2026-07-26T09:04:20.736+0200][245412.048s][info][gc,heap       ] GC(10831) Eden regions: 550->0(551)
[2026-07-26T09:04:20.736+0200][245412.048s][info][gc,heap       ] GC(10831) Survivor regions: 5->5(70)
[2026-07-26T09:04:20.736+0200][245412.048s][info][gc,heap       ] GC(10831) Old regions: 1354->1354
[2026-07-26T09:04:20.736+0200][245412.049s][info][gc,heap       ] GC(10831) Humongous regions: 16->16
[2026-07-26T09:04:20.736+0200][245412.049s][info][gc,metaspace  ] GC(10831) Metaspace: 923177K(1393280K)->923177K(1393280K) NonClass: 814509K(1265152K)->814509K(1265152K) Class: 108668K(128128K)->108668K(128128K)
[2026-07-26T09:04:20.736+0200][245412.049s][info][gc            ] GC(10831) Pause Young (Normal) (G1 Evacuation Pause) 1924M->1374M(2159M) 8.616ms
[2026-07-26T09:04:20.736+0200][245412.049s][info][gc,cpu        ] GC(10831) User=0.05s Sys=0.00s Real=0.01s
[2026-07-26T09:04:44.259+0200][245435.572s][info][gc,start      ] GC(10832) Pause Young (Normal) (G1 Evacuation Pause)
[2026-07-26T09:04:44.260+0200][245435.572s][info][gc,task       ] GC(10832) Using 13 workers of 13 for evacuation
[2026-07-26T09:04:44.267+0200][245435.580s][info][gc,phases     ] GC(10832)   Pre Evacuate Collection Set: 0.1ms
[2026-07-26T09:04:44.268+0200][245435.580s][info][gc,phases     ] GC(10832)   Evacuate Collection Set: 4.1ms
[2026-07-26T09:04:44.268+0200][245435.580s][info][gc,phases     ] GC(10832)   Post Evacuate Collection Set: 3.5ms
[2026-07-26T09:04:44.268+0200][245435.580s][info][gc,phases     ] GC(10832)   Other: 0.4ms
[2026-07-26T09:04:44.268+0200][245435.580s][info][gc,heap       ] GC(10832) Eden regions: 551->0(552)
[2026-07-26T09:04:44.268+0200][245435.580s][info][gc,heap       ] GC(10832) Survivor regions: 5->4(70)
[2026-07-26T09:04:44.268+0200][245435.580s][info][gc,heap       ] GC(10832) Old regions: 1354->1354
[2026-07-26T09:04:44.268+0200][245435.580s][info][gc,heap       ] GC(10832) Humongous regions: 16->16
[2026-07-26T09:04:44.268+0200][245435.580s][info][gc,metaspace  ] GC(10832) Metaspace: 923177K(1393280K)->923177K(1393280K) NonClass: 814509K(1265152K)->814509K(1265152K) Class: 108668K(128128K)->108668K(128128K)
[2026-07-26T09:04:44.268+0200][245435.580s][info][gc            ] GC(10832) Pause Young (Normal) (G1 Evacuation Pause) 1925M->1372M(2159M) 8.193ms
[2026-07-26T09:04:44.268+0200][245435.580s][info][gc,cpu        ] GC(10832) User=0.05s Sys=0.00s Real=0.01s
[2026-07-26T09:05:40.664+0200][245491.977s][info][gc,start      ] GC(10833) Pause Young (Normal) (G1 Evacuation Pause)
[2026-07-26T09:05:40.664+0200][245491.977s][info][gc,task       ] GC(10833) Using 13 workers of 13 for evacuation
[2026-07-26T09:05:40.671+0200][245491.984s][info][gc,phases     ] GC(10833)   Pre Evacuate Collection Set: 0.1ms
[2026-07-26T09:05:40.671+0200][245491.984s][info][gc,phases     ] GC(10833)   Evacuate Collection Set: 4.1ms
[2026-07-26T09:05:40.671+0200][245491.984s][info][gc,phases     ] GC(10833)   Post Evacuate Collection Set: 2.8ms
[2026-07-26T09:05:40.671+0200][245491.984s][info][gc,phases     ] GC(10833)   Other: 0.4ms
[2026-07-26T09:05:40.671+0200][245491.984s][info][gc,heap       ] GC(10833) Eden regions: 552->0(554)
[2026-07-26T09:05:40.671+0200][245491.984s][info][gc,heap       ] GC(10833) Survivor regions: 4->3(70)
[2026-07-26T09:05:40.671+0200][245491.984s][info][gc,heap       ] GC(10833) Old regions: 1354->1354
[2026-07-26T09:05:40.671+0200][245491.984s][info][gc,heap       ] GC(10833) Humongous regions: 16->16
[2026-07-26T09:05:40.671+0200][245491.984s][info][gc,metaspace  ] GC(10833) Metaspace: 923177K(1393280K)->923177K(1393280K) NonClass: 814509K(1265152K)->814509K(1265152K) Class: 108668K(128128K)->108668K(128128K)
[2026-07-26T09:05:40.671+0200][245491.984s][info][gc            ] GC(10833) Pause Young (Normal) (G1 Evacuation Pause) 1924M->1372M(2159M) 7.499ms
[2026-07-26T09:05:40.671+0200][245491.984s][info][gc,cpu        ] GC(10833) User=0.05s Sys=0.00s Real=0.00s
[2026-07-26T09:06:25.156+0200][245536.469s][info][gc,start      ] GC(10834) Pause Young (Normal) (G1 Evacuation Pause)
[2026-07-26T09:06:25.156+0200][245536.469s][info][gc,task       ] GC(10834) Using 13 workers of 13 for evacuation
[2026-07-26T09:06:25.165+0200][245536.477s][info][gc,phases     ] GC(10834)   Pre Evacuate Collection Set: 0.1ms
[2026-07-26T09:06:25.165+0200][245536.477s][info][gc,phases     ] GC(10834)   Evacuate Collection Set: 5.1ms
[2026-07-26T09:06:25.165+0200][245536.477s][info][gc,phases     ] GC(10834)   Post Evacuate Collection Set: 3.1ms
[2026-07-26T09:06:25.165+0200][245536.477s][info][gc,phases     ] GC(10834)   Other: 0.4ms
[2026-07-26T09:06:25.165+0200][245536.477s][info][gc,heap       ] GC(10834) Eden regions: 554->0(551)
[2026-07-26T09:06:25.165+0200][245536.477s][info][gc,heap       ] GC(10834) Survivor regions: 3->6(70)
[2026-07-26T09:06:25.165+0200][245536.477s][info][gc,heap       ] GC(10834) Old regions: 1354->1354
[2026-07-26T09:06:25.165+0200][245536.477s][info][gc,heap       ] GC(10834) Humongous regions: 16->16
[2026-07-26T09:06:25.165+0200][245536.477s][info][gc,metaspace  ] GC(10834) Metaspace: 923177K(1393280K)->923177K(1393280K) NonClass: 814509K(1265152K)->814509K(1265152K) Class: 108668K(128128K)->108668K(128128K)
[2026-07-26T09:06:25.165+0200][245536.477s][info][gc            ] GC(10834) Pause Young (Normal) (G1 Evacuation Pause) 1926M->1375M(2159M) 8.793ms
[2026-07-26T09:06:25.165+0200][245536.477s][info][gc,cpu        ] GC(10834) User=0.06s Sys=0.00s Real=0.01s
[2026-07-26T09:06:25.848+0200][245537.161s][info][gc,start      ] GC(10835) Pause Young (Normal) (G1 Evacuation Pause)
[2026-07-26T09:06:25.848+0200][245537.161s][info][gc,task       ] GC(10835) Using 13 workers of 13 for evacuation
[2026-07-26T09:06:25.857+0200][245537.170s][info][gc,phases     ] GC(10835)   Pre Evacuate Collection Set: 0.1ms
[2026-07-26T09:06:25.857+0200][245537.170s][info][gc,phases     ] GC(10835)   Evacuate Collection Set: 5.3ms
[2026-07-26T09:06:25.857+0200][245537.170s][info][gc,phases     ] GC(10835)   Post Evacuate Collection Set: 3.2ms
[2026-07-26T09:06:25.857+0200][245537.170s][info][gc,phases     ] GC(10835)   Other: 0.3ms
[2026-07-26T09:06:25.857+0200][245537.170s][info][gc,heap       ] GC(10835) Eden regions: 551->0(550)
[2026-07-26T09:06:25.857+0200][245537.170s][info][gc,heap       ] GC(10835) Survivor regions: 6->6(70)
[2026-07-26T09:06:25.857+0200][245537.170s][info][gc,heap       ] GC(10835) Old regions: 1354->1354
[2026-07-26T09:06:25.857+0200][245537.170s][info][gc,heap       ] GC(10835) Humongous regions: 16->16
[2026-07-26T09:06:25.857+0200][245537.170s][info][gc,metaspace  ] GC(10835) Metaspace: 923177K(1393280K)->923177K(1393280K) NonClass: 814509K(1265152K)->814509K(1265152K) Class: 108668K(128128K)->108668K(128128K)
[2026-07-26T09:06:25.857+0200][245537.170s][info][gc            ] GC(10835) Pause Young (Normal) (G1 Evacuation Pause) 1926M->1375M(2159M) 9.122ms
[2026-07-26T09:06:25.857+0200][245537.170s][info][gc,cpu        ] GC(10835) User=0.07s Sys=0.00s Real=0.01s
[2026-07-26T09:08:52.206+0200][245683.518s][info][gc,start      ] GC(10836) Pause Young (Normal) (G1 Evacuation Pause)
[2026-07-26T09:08:52.206+0200][245683.518s][info][gc,task       ] GC(10836) Using 13 workers of 13 for evacuation
[2026-07-26T09:08:52.217+0200][245683.529s][info][gc,phases     ] GC(10836)   Pre Evacuate Collection Set: 0.1ms
[2026-07-26T09:08:52.217+0200][245683.529s][info][gc,phases     ] GC(10836)   Evacuate Collection Set: 7.0ms
[2026-07-26T09:08:52.217+0200][245683.529s][info][gc,phases     ] GC(10836)   Post Evacuate Collection Set: 3.6ms
[2026-07-26T09:08:52.217+0200][245683.529s][info][gc,phases     ] GC(10836)   Other: 0.4ms
[2026-07-26T09:08:52.217+0200][245683.529s][info][gc,heap       ] GC(10836) Eden regions: 550->0(549)
[2026-07-26T09:08:52.217+0200][245683.529s][info][gc,heap       ] GC(10836) Survivor regions: 6->6(70)
[2026-07-26T09:08:52.217+0200][245683.529s][info][gc,heap       ] GC(10836) Old regions: 1354->1354
[2026-07-26T09:08:52.217+0200][245683.529s][info][gc,heap       ] GC(10836) Humongous regions: 16->16
[2026-07-26T09:08:52.217+0200][245683.529s][info][gc,metaspace  ] GC(10836) Metaspace: 923177K(1393280K)->923177K(1393280K) NonClass: 814509K(1265152K)->814509K(1265152K) Class: 108668K(128128K)->108668K(128128K)
[2026-07-26T09:08:52.217+0200][245683.529s][info][gc            ] GC(10836) Pause Young (Normal) (G1 Evacuation Pause) 1925M->1375M(2159M) 11.242ms
[2026-07-26T09:08:52.217+0200][245683.530s][info][gc,cpu        ] GC(10836) User=0.04s Sys=0.02s Real=0.01s
[2026-07-26T09:08:54.558+0200][245685.871s][info][gc,start      ] GC(10837) Pause Young (Normal) (G1 Evacuation Pause)
[2026-07-26T09:08:54.558+0200][245685.871s][info][gc,task       ] GC(10837) Using 13 workers of 13 for evacuation
[2026-07-26T09:08:54.567+0200][245685.879s][info][gc,phases     ] GC(10837)   Pre Evacuate Collection Set: 0.1ms
[2026-07-26T09:08:54.567+0200][245685.879s][info][gc,phases     ] GC(10837)   Evacuate Collection Set: 4.4ms
[2026-07-26T09:08:54.567+0200][245685.879s][info][gc,phases     ] GC(10837)   Post Evacuate Collection Set: 3.7ms
[2026-07-26T09:08:54.567+0200][245685.879s][info][gc,phases     ] GC(10837)   Other: 0.3ms
[2026-07-26T09:08:54.567+0200][245685.879s][info][gc,heap       ] GC(10837) Eden regions: 549->0(549)
[2026-07-26T09:08:54.567+0200][245685.879s][info][gc,heap       ] GC(10837) Survivor regions: 6->6(70)
[2026-07-26T09:08:54.567+0200][245685.879s][info][gc,heap       ] GC(10837) Old regions: 1354->1354
[2026-07-26T09:08:54.567+0200][245685.879s][info][gc,heap       ] GC(10837) Humongous regions: 16->16
[2026-07-26T09:08:54.567+0200][245685.879s][info][gc,metaspace  ] GC(10837) Metaspace: 923177K(1393280K)->923177K(1393280K) NonClass: 814509K(1265152K)->814509K(1265152K) Class: 108668K(128128K)->108668K(128128K)
[2026-07-26T09:08:54.567+0200][245685.879s][info][gc            ] GC(10837) Pause Young (Normal) (G1 Evacuation Pause) 1924M->1375M(2159M) 8.626ms
[2026-07-26T09:08:54.567+0200][245685.879s][info][gc,cpu        ] GC(10837) User=0.06s Sys=0.00s Real=0.01s
[2026-07-26T09:08:55.234+0200][245686.547s][info][gc,start      ] GC(10838) Pause Young (Normal) (G1 Evacuation Pause)
[2026-07-26T09:08:55.234+0200][245686.547s][info][gc,task       ] GC(10838) Using 13 workers of 13 for evacuation
[2026-07-26T09:08:55.242+0200][245686.555s][info][gc,phases     ] GC(10838)   Pre Evacuate Collection Set: 0.1ms
[2026-07-26T09:08:55.242+0200][245686.555s][info][gc,phases     ] GC(10838)   Evacuate Collection Set: 4.4ms
[2026-07-26T09:08:55.242+0200][245686.555s][info][gc,phases     ] GC(10838)   Post Evacuate Collection Set: 3.2ms
[2026-07-26T09:08:55.242+0200][245686.555s][info][gc,phases     ] GC(10838)   Other: 0.3ms
[2026-07-26T09:08:55.242+0200][245686.555s][info][gc,heap       ] GC(10838) Eden regions: 549->0(551)
[2026-07-26T09:08:55.242+0200][245686.555s][info][gc,heap       ] GC(10838) Survivor regions: 6->5(70)
[2026-07-26T09:08:55.242+0200][245686.555s][info][gc,heap       ] GC(10838) Old regions: 1354->1354
[2026-07-26T09:08:55.242+0200][245686.555s][info][gc,heap       ] GC(10838) Humongous regions: 16->16
[2026-07-26T09:08:55.242+0200][245686.555s][info][gc,metaspace  ] GC(10838) Metaspace: 923177K(1393280K)->923177K(1393280K) NonClass: 814509K(1265152K)->814509K(1265152K) Class: 108668K(128128K)->108668K(128128K)
[2026-07-26T09:08:55.242+0200][245686.555s][info][gc            ] GC(10838) Pause Young (Normal) (G1 Evacuation Pause) 1924M->1374M(2159M) 8.143ms
[2026-07-26T09:08:55.242+0200][245686.555s][info][gc,cpu        ] GC(10838) User=0.05s Sys=0.01s Real=0.00s
[2026-07-26T09:10:01.680+0200][245752.993s][info][gc,start      ] GC(10839) Pause Young (Normal) (G1 Evacuation Pause)
[2026-07-26T09:10:01.680+0200][245752.993s][info][gc,task       ] GC(10839) Using 13 workers of 13 for evacuation
[2026-07-26T09:10:01.690+0200][245753.002s][info][gc,phases     ] GC(10839)   Pre Evacuate Collection Set: 0.1ms
[2026-07-26T09:10:01.690+0200][245753.002s][info][gc,phases     ] GC(10839)   Evacuate Collection Set: 5.4ms
[2026-07-26T09:10:01.690+0200][245753.002s][info][gc,phases     ] GC(10839)   Post Evacuate Collection Set: 3.3ms
[2026-07-26T09:10:01.690+0200][245753.002s][info][gc,phases     ] GC(10839)   Other: 0.4ms
[2026-07-26T09:10:01.690+0200][245753.002s][info][gc,heap       ] GC(10839) Eden regions: 551->0(549)
[2026-07-26T09:10:01.690+0200][245753.002s][info][gc,heap       ] GC(10839) Survivor regions: 5->6(70)
[2026-07-26T09:10:01.690+0200][245753.002s][info][gc,heap       ] GC(10839) Old regions: 1354->1354
[2026-07-26T09:10:01.690+0200][245753.002s][info][gc,heap       ] GC(10839) Humongous regions: 16->16
[2026-07-26T09:10:01.690+0200][245753.002s][info][gc,metaspace  ] GC(10839) Metaspace: 923178K(1393280K)->923178K(1393280K) NonClass: 814510K(1265152K)->814510K(1265152K) Class: 108668K(128128K)->108668K(128128K)
[2026-07-26T09:10:01.690+0200][245753.002s][info][gc            ] GC(10839) Pause Young (Normal) (G1 Evacuation Pause) 1925M->1375M(2159M) 9.404ms
[2026-07-26T09:10:01.690+0200][245753.002s][info][gc,cpu        ] GC(10839) User=0.07s Sys=0.00s Real=0.01s
[2026-07-26T09:10:02.409+0200][245753.722s][info][gc,start      ] GC(10840) Pause Young (Normal) (G1 Evacuation Pause)
[2026-07-26T09:10:02.409+0200][245753.722s][info][gc,task       ] GC(10840) Using 13 workers of 13 for evacuation
[2026-07-26T09:10:02.417+0200][245753.730s][info][gc,phases     ] GC(10840)   Pre Evacuate Collection Set: 0.1ms
[2026-07-26T09:10:02.417+0200][245753.730s][info][gc,phases     ] GC(10840)   Evacuate Collection Set: 4.4ms
[2026-07-26T09:10:02.417+0200][245753.730s][info][gc,phases     ] GC(10840)   Post Evacuate Collection Set: 3.2ms
[2026-07-26T09:10:02.417+0200][245753.730s][info][gc,phases     ] GC(10840)   Other: 0.3ms
[2026-07-26T09:10:02.417+0200][245753.730s][info][gc,heap       ] GC(10840) Eden regions: 549->0(551)
[2026-07-26T09:10:02.417+0200][245753.730s][info][gc,heap       ] GC(10840) Survivor regions: 6->5(70)
[2026-07-26T09:10:02.417+0200][245753.730s][info][gc,heap       ] GC(10840) Old regions: 1354->1354
[2026-07-26T09:10:02.417+0200][245753.730s][info][gc,heap       ] GC(10840) Humongous regions: 16->16
[2026-07-26T09:10:02.417+0200][245753.730s][info][gc,metaspace  ] GC(10840) Metaspace: 923178K(1393280K)->923178K(1393280K) NonClass: 814510K(1265152K)->814510K(1265152K) Class: 108668K(128128K)->108668K(128128K)
[2026-07-26T09:10:02.417+0200][245753.730s][info][gc            ] GC(10840) Pause Young (Normal) (G1 Evacuation Pause) 1924M->1374M(2159M) 8.275ms
[2026-07-26T09:10:02.417+0200][245753.730s][info][gc,cpu        ] GC(10840) User=0.06s Sys=0.00s Real=0.01s
[2026-07-26T09:10:41.614+0200][245792.927s][info][gc,start      ] GC(10841) Pause Young (Normal) (G1 Evacuation Pause)
[2026-07-26T09:10:41.614+0200][245792.927s][info][gc,task       ] GC(10841) Using 13 workers of 13 for evacuation
[2026-07-26T09:10:41.624+0200][245792.936s][info][gc,phases     ] GC(10841)   Pre Evacuate Collection Set: 0.1ms
[2026-07-26T09:10:41.624+0200][245792.936s][info][gc,phases     ] GC(10841)   Evacuate Collection Set: 6.1ms
[2026-07-26T09:10:41.624+0200][245792.936s][info][gc,phases     ] GC(10841)   Post Evacuate Collection Set: 3.0ms
[2026-07-26T09:10:41.624+0200][245792.936s][info][gc,phases     ] GC(10841)   Other: 0.4ms
[2026-07-26T09:10:41.624+0200][245792.936s][info][gc,heap       ] GC(10841) Eden regions: 551->0(546)
[2026-07-26T09:10:41.624+0200][245792.936s][info][gc,heap       ] GC(10841) Survivor regions: 5->8(70)
[2026-07-26T09:10:41.624+0200][245792.936s][info][gc,heap       ] GC(10841) Old regions: 1354->1354
[2026-07-26T09:10:41.624+0200][245792.936s][info][gc,heap       ] GC(10841) Humongous regions: 16->16
[2026-07-26T09:10:41.624+0200][245792.936s][info][gc,metaspace  ] GC(10841) Metaspace: 923178K(1393280K)->923178K(1393280K) NonClass: 814510K(1265152K)->814510K(1265152K) Class: 108668K(128128K)->108668K(128128K)
[2026-07-26T09:10:41.624+0200][245792.936s][info][gc            ] GC(10841) Pause Young (Normal) (G1 Evacuation Pause) 1925M->1377M(2159M) 9.741ms
[2026-07-26T09:10:41.624+0200][245792.936s][info][gc,cpu        ] GC(10841) User=0.06s Sys=0.01s Real=0.01s
[2026-07-26T09:10:42.205+0200][245793.518s][info][gc,start      ] GC(10842) Pause Young (Normal) (G1 Evacuation Pause)
[2026-07-26T09:10:42.205+0200][245793.518s][info][gc,task       ] GC(10842) Using 13 workers of 13 for evacuation
[2026-07-26T09:10:42.214+0200][245793.526s][info][gc,phases     ] GC(10842)   Pre Evacuate Collection Set: 0.1ms
[2026-07-26T09:10:42.214+0200][245793.526s][info][gc,phases     ] GC(10842)   Evacuate Collection Set: 4.6ms
[2026-07-26T09:10:42.214+0200][245793.526s][info][gc,phases     ] GC(10842)   Post Evacuate Collection Set: 3.8ms
[2026-07-26T09:10:42.214+0200][245793.526s][info][gc,phases     ] GC(10842)   Other: 0.3ms
[2026-07-26T09:10:42.214+0200][245793.527s][info][gc,heap       ] GC(10842) Eden regions: 546->0(549)
[2026-07-26T09:10:42.214+0200][245793.527s][info][gc,heap       ] GC(10842) Survivor regions: 8->5(70)
[2026-07-26T09:10:42.214+0200][245793.527s][info][gc,heap       ] GC(10842) Old regions: 1354->1354
[2026-07-26T09:10:42.214+0200][245793.527s][info][gc,heap       ] GC(10842) Humongous regions: 16->16
[2026-07-26T09:10:42.214+0200][245793.527s][info][gc,metaspace  ] GC(10842) Metaspace: 923178K(1393280K)->923178K(1393280K) NonClass: 814510K(1265152K)->814510K(1265152K) Class: 108668K(128128K)->108668K(128128K)
[2026-07-26T09:10:42.214+0200][245793.527s][info][gc            ] GC(10842) Pause Young (Normal) (G1 Evacuation Pause) 1923M->1374M(2159M) 8.969ms
[2026-07-26T09:10:42.214+0200][245793.527s][info][gc,cpu        ] GC(10842) User=0.05s Sys=0.00s Real=0.01s
[2026-07-26T09:10:58.560+0200][245809.873s][info][gc,start      ] GC(10843) Pause Young (Normal) (G1 Evacuation Pause)
[2026-07-26T09:10:58.560+0200][245809.873s][info][gc,task       ] GC(10843) Using 13 workers of 13 for evacuation
[2026-07-26T09:10:58.569+0200][245809.882s][info][gc,phases     ] GC(10843)   Pre Evacuate Collection Set: 0.1ms
[2026-07-26T09:10:58.569+0200][245809.882s][info][gc,phases     ] GC(10843)   Evacuate Collection Set: 5.5ms
[2026-07-26T09:10:58.569+0200][245809.882s][info][gc,phases     ] GC(10843)   Post Evacuate Collection Set: 3.1ms
[2026-07-26T09:10:58.569+0200][245809.882s][info][gc,phases     ] GC(10843)   Other: 0.4ms
[2026-07-26T09:10:58.569+0200][245809.882s][info][gc,heap       ] GC(10843) Eden regions: 549->0(544)
[2026-07-26T09:10:58.569+0200][245809.882s][info][gc,heap       ] GC(10843) Survivor regions: 5->8(70)
[2026-07-26T09:10:58.569+0200][245809.882s][info][gc,heap       ] GC(10843) Old regions: 1354->1354
[2026-07-26T09:10:58.569+0200][245809.882s][info][gc,heap       ] GC(10843) Humongous regions: 16->16
[2026-07-26T09:10:58.570+0200][245809.882s][info][gc,metaspace  ] GC(10843) Metaspace: 923178K(1393280K)->923178K(1393280K) NonClass: 814510K(1265152K)->814510K(1265152K) Class: 108668K(128128K)->108668K(128128K)
[2026-07-26T09:10:58.570+0200][245809.882s][info][gc            ] GC(10843) Pause Young (Normal) (G1 Evacuation Pause) 1923M->1377M(2159M) 9.279ms
[2026-07-26T09:10:58.570+0200][245809.882s][info][gc,cpu        ] GC(10843) User=0.07s Sys=0.00s Real=0.01s
[2026-07-26T09:10:59.229+0200][245810.541s][info][gc,start      ] GC(10844) Pause Young (Normal) (G1 Evacuation Pause)
[2026-07-26T09:10:59.229+0200][245810.541s][info][gc,task       ] GC(10844) Using 13 workers of 13 for evacuation
[2026-07-26T09:10:59.238+0200][245810.551s][info][gc,phases     ] GC(10844)   Pre Evacuate Collection Set: 0.1ms
[2026-07-26T09:10:59.238+0200][245810.551s][info][gc,phases     ] GC(10844)   Evacuate Collection Set: 6.0ms
[2026-07-26T09:10:59.238+0200][245810.551s][info][gc,phases     ] GC(10844)   Post Evacuate Collection Set: 3.0ms
[2026-07-26T09:10:59.238+0200][245810.551s][info][gc,phases     ] GC(10844)   Other: 0.3ms
[2026-07-26T09:10:59.238+0200][245810.551s][info][gc,heap       ] GC(10844) Eden regions: 544->0(544)
[2026-07-26T09:10:59.238+0200][245810.551s][info][gc,heap       ] GC(10844) Survivor regions: 8->8(69)
[2026-07-26T09:10:59.238+0200][245810.551s][info][gc,heap       ] GC(10844) Old regions: 1354->1354
[2026-07-26T09:10:59.238+0200][245810.551s][info][gc,heap       ] GC(10844) Humongous regions: 16->16
[2026-07-26T09:10:59.238+0200][245810.551s][info][gc,metaspace  ] GC(10844) Metaspace: 923178K(1393280K)->923178K(1393280K) NonClass: 814510K(1265152K)->814510K(1265152K) Class: 108668K(128128K)->108668K(128128K)
[2026-07-26T09:10:59.238+0200][245810.551s][info][gc            ] GC(10844) Pause Young (Normal) (G1 Evacuation Pause) 1921M->1377M(2159M) 9.617ms
[2026-07-26T09:10:59.238+0200][245810.551s][info][gc,cpu        ] GC(10844) User=0.07s Sys=0.00s Real=0.01s
[2026-07-26T09:10:59.762+0200][245811.075s][info][gc,start      ] GC(10845) Pause Young (Normal) (G1 Evacuation Pause)
[2026-07-26T09:10:59.762+0200][245811.075s][info][gc,task       ] GC(10845) Using 13 workers of 13 for evacuation
[2026-07-26T09:10:59.771+0200][245811.084s][info][gc,phases     ] GC(10845)   Pre Evacuate Collection Set: 0.1ms
[2026-07-26T09:10:59.771+0200][245811.084s][info][gc,phases     ] GC(10845)   Evacuate Collection Set: 6.2ms
[2026-07-26T09:10:59.771+0200][245811.084s][info][gc,phases     ] GC(10845)   Post Evacuate Collection Set: 2.9ms
[2026-07-26T09:10:59.771+0200][245811.084s][info][gc,phases     ] GC(10845)   Other: 0.3ms
[2026-07-26T09:10:59.771+0200][245811.084s][info][gc,heap       ] GC(10845) Eden regions: 544->0(544)
[2026-07-26T09:10:59.772+0200][245811.084s][info][gc,heap       ] GC(10845) Survivor regions: 8->9(69)
[2026-07-26T09:10:59.772+0200][245811.084s][info][gc,heap       ] GC(10845) Old regions: 1354->1354
[2026-07-26T09:10:59.772+0200][245811.084s][info][gc,heap       ] GC(10845) Humongous regions: 16->16
[2026-07-26T09:10:59.772+0200][245811.084s][info][gc,metaspace  ] GC(10845) Metaspace: 923178K(1393280K)->923178K(1393280K) NonClass: 814510K(1265152K)->814510K(1265152K) Class: 108668K(128128K)->108668K(128128K)
[2026-07-26T09:10:59.772+0200][245811.084s][info][gc            ] GC(10845) Pause Young (Normal) (G1 Evacuation Pause) 1921M->1378M(2159M) 9.608ms
[2026-07-26T09:10:59.772+0200][245811.084s][info][gc,cpu        ] GC(10845) User=0.08s Sys=0.00s Real=0.01s
[2026-07-26T09:14:27.634+0200][246018.947s][info][gc,start      ] GC(10846) Pause Young (Normal) (G1 Evacuation Pause)
[2026-07-26T09:14:27.634+0200][246018.947s][info][gc,task       ] GC(10846) Using 13 workers of 13 for evacuation
[2026-07-26T09:14:27.643+0200][246018.956s][info][gc,phases     ] GC(10846)   Pre Evacuate Collection Set: 0.1ms
[2026-07-26T09:14:27.643+0200][246018.956s][info][gc,phases     ] GC(10846)   Evacuate Collection Set: 5.5ms
[2026-07-26T09:14:27.643+0200][246018.956s][info][gc,phases     ] GC(10846)   Post Evacuate Collection Set: 2.9ms
[2026-07-26T09:14:27.643+0200][246018.956s][info][gc,phases     ] GC(10846)   Other: 0.5ms
[2026-07-26T09:14:27.643+0200][246018.956s][info][gc,heap       ] GC(10846) Eden regions: 544->0(546)
[2026-07-26T09:14:27.643+0200][246018.956s][info][gc,heap       ] GC(10846) Survivor regions: 9->6(70)
[2026-07-26T09:14:27.643+0200][246018.956s][info][gc,heap       ] GC(10846) Old regions: 1354->1354
[2026-07-26T09:14:27.643+0200][246018.956s][info][gc,heap       ] GC(10846) Humongous regions: 16->16
[2026-07-26T09:14:27.643+0200][246018.956s][info][gc,metaspace  ] GC(10846) Metaspace: 923178K(1393280K)->923178K(1393280K) NonClass: 814510K(1265152K)->814510K(1265152K) Class: 108668K(128128K)->108668K(128128K)
[2026-07-26T09:14:27.643+0200][246018.956s][info][gc            ] GC(10846) Pause Young (Normal) (G1 Evacuation Pause) 1922M->1374M(2159M) 9.118ms
[2026-07-26T09:14:27.643+0200][246018.956s][info][gc,cpu        ] GC(10846) User=0.06s Sys=0.00s Real=0.01s
[2026-07-26T09:14:28.331+0200][246019.644s][info][gc,start      ] GC(10847) Pause Young (Normal) (G1 Evacuation Pause)
[2026-07-26T09:14:28.331+0200][246019.644s][info][gc,task       ] GC(10847) Using 13 workers of 13 for evacuation
[2026-07-26T09:14:28.339+0200][246019.652s][info][gc,phases     ] GC(10847)   Pre Evacuate Collection Set: 0.1ms
[2026-07-26T09:14:28.339+0200][246019.652s][info][gc,phases     ] GC(10847)   Evacuate Collection Set: 4.1ms
[2026-07-26T09:14:28.339+0200][246019.652s][info][gc,phases     ] GC(10847)   Post Evacuate Collection Set: 3.5ms
[2026-07-26T09:14:28.339+0200][246019.652s][info][gc,phases     ] GC(10847)   Other: 0.3ms
[2026-07-26T09:14:28.339+0200][246019.652s][info][gc,heap       ] GC(10847) Eden regions: 546->0(549)
[2026-07-26T09:14:28.339+0200][246019.652s][info][gc,heap       ] GC(10847) Survivor regions: 6->5(69)
[2026-07-26T09:14:28.339+0200][246019.652s][info][gc,heap       ] GC(10847) Old regions: 1354->1354
[2026-07-26T09:14:28.339+0200][246019.652s][info][gc,heap       ] GC(10847) Humongous regions: 16->16
[2026-07-26T09:14:28.339+0200][246019.652s][info][gc,metaspace  ] GC(10847) Metaspace: 923178K(1393280K)->923178K(1393280K) NonClass: 814510K(1265152K)->814510K(1265152K) Class: 108668K(128128K)->108668K(128128K)
[2026-07-26T09:14:28.339+0200][246019.652s][info][gc            ] GC(10847) Pause Young (Normal) (G1 Evacuation Pause) 1920M->1374M(2159M) 8.109ms
[2026-07-26T09:14:28.339+0200][246019.652s][info][gc,cpu        ] GC(10847) User=0.05s Sys=0.00s Real=0.01s
[2026-07-26T09:15:09.035+0200][246060.348s][info][gc,start      ] GC(10848) Pause Young (Normal) (G1 Evacuation Pause)
[2026-07-26T09:15:09.035+0200][246060.348s][info][gc,task       ] GC(10848) Using 13 workers of 13 for evacuation
[2026-07-26T09:15:09.045+0200][246060.358s][info][gc,phases     ] GC(10848)   Pre Evacuate Collection Set: 0.2ms
[2026-07-26T09:15:09.045+0200][246060.358s][info][gc,phases     ] GC(10848)   Evacuate Collection Set: 4.2ms
[2026-07-26T09:15:09.045+0200][246060.358s][info][gc,phases     ] GC(10848)   Post Evacuate Collection Set: 5.4ms
[2026-07-26T09:15:09.045+0200][246060.358s][info][gc,phases     ] GC(10848)   Other: 0.5ms
[2026-07-26T09:15:09.045+0200][246060.358s][info][gc,heap       ] GC(10848) Eden regions: 549->0(555)
[2026-07-26T09:15:09.045+0200][246060.358s][info][gc,heap       ] GC(10848) Survivor regions: 5->2(70)
[2026-07-26T09:15:09.045+0200][246060.358s][info][gc,heap       ] GC(10848) Old regions: 1354->1354
[2026-07-26T09:15:09.045+0200][246060.358s][info][gc,heap       ] GC(10848) Humongous regions: 16->16
[2026-07-26T09:15:09.045+0200][246060.358s][info][gc,metaspace  ] GC(10848) Metaspace: 923178K(1393280K)->923178K(1393280K) NonClass: 814510K(1265152K)->814510K(1265152K) Class: 108668K(128128K)->108668K(128128K)
[2026-07-26T09:15:09.045+0200][246060.358s][info][gc            ] GC(10848) Pause Young (Normal) (G1 Evacuation Pause) 1923M->1370M(2159M) 10.478ms
[2026-07-26T09:15:09.045+0200][246060.358s][info][gc,cpu        ] GC(10848) User=0.05s Sys=0.00s Real=0.01s
[2026-07-26T09:22:58.863+0200][246530.176s][info][gc,start      ] GC(10849) Pause Young (Normal) (G1 Evacuation Pause)
[2026-07-26T09:22:58.863+0200][246530.176s][info][gc,task       ] GC(10849) Using 13 workers of 13 for evacuation
[2026-07-26T09:22:58.874+0200][246530.186s][info][gc,phases     ] GC(10849)   Pre Evacuate Collection Set: 0.1ms
[2026-07-26T09:22:58.874+0200][246530.186s][info][gc,phases     ] GC(10849)   Evacuate Collection Set: 5.9ms
[2026-07-26T09:22:58.874+0200][246530.186s][info][gc,phases     ] GC(10849)   Post Evacuate Collection Set: 4.1ms
[2026-07-26T09:22:58.874+0200][246530.187s][info][gc,phases     ] GC(10849)   Other: 0.4ms
[2026-07-26T09:22:58.874+0200][246530.187s][info][gc,heap       ] GC(10849) Eden regions: 555->0(550)
[2026-07-26T09:22:58.874+0200][246530.187s][info][gc,heap       ] GC(10849) Survivor regions: 2->6(70)
[2026-07-26T09:22:58.874+0200][246530.187s][info][gc,heap       ] GC(10849) Old regions: 1354->1354
[2026-07-26T09:22:58.874+0200][246530.187s][info][gc,heap       ] GC(10849) Humongous regions: 16->16
[2026-07-26T09:22:58.874+0200][246530.187s][info][gc,metaspace  ] GC(10849) Metaspace: 923178K(1393280K)->923178K(1393280K) NonClass: 814510K(1265152K)->814510K(1265152K) Class: 108668K(128128K)->108668K(128128K)
[2026-07-26T09:22:58.874+0200][246530.187s][info][gc            ] GC(10849) Pause Young (Normal) (G1 Evacuation Pause) 1925M->1375M(2159M) 10.596ms
[2026-07-26T09:22:58.874+0200][246530.187s][info][gc,cpu        ] GC(10849) User=0.06s Sys=0.00s Real=0.01s
[2026-07-26T09:22:59.630+0200][246530.943s][info][gc,start      ] GC(10850) Pause Young (Normal) (G1 Evacuation Pause)
[2026-07-26T09:22:59.630+0200][246530.943s][info][gc,task       ] GC(10850) Using 13 workers of 13 for evacuation
[2026-07-26T09:22:59.639+0200][246530.951s][info][gc,phases     ] GC(10850)   Pre Evacuate Collection Set: 0.1ms
[2026-07-26T09:22:59.639+0200][246530.951s][info][gc,phases     ] GC(10850)   Evacuate Collection Set: 4.5ms
[2026-07-26T09:22:59.639+0200][246530.952s][info][gc,phases     ] GC(10850)   Post Evacuate Collection Set: 3.7ms
[2026-07-26T09:22:59.639+0200][246530.952s][info][gc,phases     ] GC(10850)   Other: 0.3ms
[2026-07-26T09:22:59.639+0200][246530.952s][info][gc,heap       ] GC(10850) Eden regions: 550->0(550)
[2026-07-26T09:22:59.639+0200][246530.952s][info][gc,heap       ] GC(10850) Survivor regions: 6->6(70)
[2026-07-26T09:22:59.639+0200][246530.952s][info][gc,heap       ] GC(10850) Old regions: 1354->1354
[2026-07-26T09:22:59.639+0200][246530.952s][info][gc,heap       ] GC(10850) Humongous regions: 16->16
[2026-07-26T09:22:59.639+0200][246530.952s][info][gc,metaspace  ] GC(10850) Metaspace: 923178K(1393280K)->923178K(1393280K) NonClass: 814510K(1265152K)->814510K(1265152K) Class: 108668K(128128K)->108668K(128128K)
[2026-07-26T09:22:59.639+0200][246530.952s][info][gc            ] GC(10850) Pause Young (Normal) (G1 Evacuation Pause) 1925M->1375M(2159M) 8.678ms
[2026-07-26T09:22:59.639+0200][246530.952s][info][gc,cpu        ] GC(10850) User=0.06s Sys=0.00s Real=0.01s
[2026-07-26T09:23:59.016+0200][246590.329s][info][gc,start      ] GC(10851) Pause Young (Normal) (G1 Evacuation Pause)
[2026-07-26T09:23:59.016+0200][246590.329s][info][gc,task       ] GC(10851) Using 13 workers of 13 for evacuation
[2026-07-26T09:23:59.023+0200][246590.336s][info][gc,phases     ] GC(10851)   Pre Evacuate Collection Set: 0.1ms
[2026-07-26T09:23:59.023+0200][246590.336s][info][gc,phases     ] GC(10851)   Evacuate Collection Set: 3.7ms
[2026-07-26T09:23:59.024+0200][246590.336s][info][gc,phases     ] GC(10851)   Post Evacuate Collection Set: 3.1ms
[2026-07-26T09:23:59.024+0200][246590.336s][info][gc,phases     ] GC(10851)   Other: 0.3ms
[2026-07-26T09:23:59.024+0200][246590.336s][info][gc,heap       ] GC(10851) Eden regions: 550->0(556)
[2026-07-26T09:23:59.024+0200][246590.336s][info][gc,heap       ] GC(10851) Survivor regions: 6->2(70)
[2026-07-26T09:23:59.024+0200][246590.336s][info][gc,heap       ] GC(10851) Old regions: 1354->1354
[2026-07-26T09:23:59.024+0200][246590.336s][info][gc,heap       ] GC(10851) Humongous regions: 16->16
[2026-07-26T09:23:59.024+0200][246590.336s][info][gc,metaspace  ] GC(10851) Metaspace: 923178K(1393280K)->923178K(1393280K) NonClass: 814510K(1265152K)->814510K(1265152K) Class: 108668K(128128K)->108668K(128128K)
[2026-07-26T09:23:59.024+0200][246590.336s][info][gc            ] GC(10851) Pause Young (Normal) (G1 Evacuation Pause) 1925M->1371M(2159M) 7.330ms
[2026-07-26T09:23:59.024+0200][246590.336s][info][gc,cpu        ] GC(10851) User=0.04s Sys=0.00s Real=0.01s
[2026-07-26T09:25:40.469+0200][246691.782s][info][gc,start      ] GC(10852) Pause Young (Normal) (G1 Evacuation Pause)
[2026-07-26T09:25:40.469+0200][246691.782s][info][gc,task       ] GC(10852) Using 13 workers of 13 for evacuation
[2026-07-26T09:25:40.478+0200][246691.791s][info][gc,phases     ] GC(10852)   Pre Evacuate Collection Set: 0.1ms
[2026-07-26T09:25:40.478+0200][246691.791s][info][gc,phases     ] GC(10852)   Evacuate Collection Set: 5.3ms
[2026-07-26T09:25:40.478+0200][246691.791s][info][gc,phases     ] GC(10852)   Post Evacuate Collection Set: 3.5ms
[2026-07-26T09:25:40.478+0200][246691.791s][info][gc,phases     ] GC(10852)   Other: 0.4ms
[2026-07-26T09:25:40.478+0200][246691.791s][info][gc,heap       ] GC(10852) Eden regions: 556->0(551)
[2026-07-26T09:25:40.478+0200][246691.791s][info][gc,heap       ] GC(10852) Survivor regions: 2->6(70)
[2026-07-26T09:25:40.478+0200][246691.791s][info][gc,heap       ] GC(10852) Old regions: 1354->1354
[2026-07-26T09:25:40.478+0200][246691.791s][info][gc,heap       ] GC(10852) Humongous regions: 16->16
[2026-07-26T09:25:40.478+0200][246691.791s][info][gc,metaspace  ] GC(10852) Metaspace: 923178K(1393280K)->923178K(1393280K) NonClass: 814510K(1265152K)->814510K(1265152K) Class: 108668K(128128K)->108668K(128128K)
[2026-07-26T09:25:40.479+0200][246691.791s][info][gc            ] GC(10852) Pause Young (Normal) (G1 Evacuation Pause) 1927M->1375M(2159M) 9.473ms
[2026-07-26T09:25:40.479+0200][246691.791s][info][gc,cpu        ] GC(10852) User=0.07s Sys=0.00s Real=0.01s
[2026-07-26T09:25:41.226+0200][246692.538s][info][gc,start      ] GC(10853) Pause Young (Normal) (G1 Evacuation Pause)
[2026-07-26T09:25:41.226+0200][246692.538s][info][gc,task       ] GC(10853) Using 13 workers of 13 for evacuation
[2026-07-26T09:25:41.235+0200][246692.548s][info][gc,phases     ] GC(10853)   Pre Evacuate Collection Set: 0.1ms
[2026-07-26T09:25:41.235+0200][246692.548s][info][gc,phases     ] GC(10853)   Evacuate Collection Set: 5.2ms
[2026-07-26T09:25:41.235+0200][246692.548s][info][gc,phases     ] GC(10853)   Post Evacuate Collection Set: 3.9ms
[2026-07-26T09:25:41.235+0200][246692.548s][info][gc,phases     ] GC(10853)   Other: 0.3ms
[2026-07-26T09:25:41.235+0200][246692.548s][info][gc,heap       ] GC(10853) Eden regions: 551->0(550)
[2026-07-26T09:25:41.235+0200][246692.548s][info][gc,heap       ] GC(10853) Survivor regions: 6->7(70)
[2026-07-26T09:25:41.235+0200][246692.548s][info][gc,heap       ] GC(10853) Old regions: 1354->1354
[2026-07-26T09:25:41.235+0200][246692.548s][info][gc,heap       ] GC(10853) Humongous regions: 16->16
[2026-07-26T09:25:41.235+0200][246692.548s][info][gc,metaspace  ] GC(10853) Metaspace: 923178K(1393280K)->923178K(1393280K) NonClass: 814510K(1265152K)->814510K(1265152K) Class: 108668K(128128K)->108668K(128128K)
[2026-07-26T09:25:41.235+0200][246692.548s][info][gc            ] GC(10853) Pause Young (Normal) (G1 Evacuation Pause) 1926M->1376M(2159M) 9.672ms
[2026-07-26T09:25:41.235+0200][246692.548s][info][gc,cpu        ] GC(10853) User=0.07s Sys=0.01s Real=0.01s
[2026-07-26T09:26:04.896+0200][246716.209s][info][gc,start      ] GC(10854) Pause Young (Normal) (G1 Evacuation Pause)
[2026-07-26T09:26:04.896+0200][246716.209s][info][gc,task       ] GC(10854) Using 13 workers of 13 for evacuation
[2026-07-26T09:26:04.912+0200][246716.225s][info][gc,phases     ] GC(10854)   Pre Evacuate Collection Set: 0.1ms
[2026-07-26T09:26:04.912+0200][246716.225s][info][gc,phases     ] GC(10854)   Evacuate Collection Set: 7.9ms
[2026-07-26T09:26:04.912+0200][246716.225s][info][gc,phases     ] GC(10854)   Post Evacuate Collection Set: 7.1ms
[2026-07-26T09:26:04.912+0200][246716.225s][info][gc,phases     ] GC(10854)   Other: 0.4ms
[2026-07-26T09:26:04.912+0200][246716.225s][info][gc,heap       ] GC(10854) Eden regions: 550->0(549)
[2026-07-26T09:26:04.912+0200][246716.225s][info][gc,heap       ] GC(10854) Survivor regions: 7->6(70)
[2026-07-26T09:26:04.912+0200][246716.225s][info][gc,heap       ] GC(10854) Old regions: 1354->1354
[2026-07-26T09:26:04.912+0200][246716.225s][info][gc,heap       ] GC(10854) Humongous regions: 16->16
[2026-07-26T09:26:04.912+0200][246716.225s][info][gc,metaspace  ] GC(10854) Metaspace: 923179K(1393280K)->923179K(1393280K) NonClass: 814511K(1265152K)->814511K(1265152K) Class: 108668K(128128K)->108668K(128128K)
[2026-07-26T09:26:04.912+0200][246716.225s][info][gc            ] GC(10854) Pause Young (Normal) (G1 Evacuation Pause) 1926M->1375M(2159M) 15.827ms
[2026-07-26T09:26:04.912+0200][246716.225s][info][gc,cpu        ] GC(10854) User=0.07s Sys=0.00s Real=0.01s
[2026-07-26T09:26:25.846+0200][246737.159s][info][gc,start      ] GC(10855) Pause Young (Normal) (G1 Evacuation Pause)
[2026-07-26T09:26:25.846+0200][246737.159s][info][gc,task       ] GC(10855) Using 13 workers of 13 for evacuation
[2026-07-26T09:26:25.855+0200][246737.168s][info][gc,phases     ] GC(10855)   Pre Evacuate Collection Set: 0.2ms
[2026-07-26T09:26:25.855+0200][246737.168s][info][gc,phases     ] GC(10855)   Evacuate Collection Set: 4.2ms
[2026-07-26T09:26:25.855+0200][246737.168s][info][gc,phases     ] GC(10855)   Post Evacuate Collection Set: 4.4ms
[2026-07-26T09:26:25.855+0200][246737.168s][info][gc,phases     ] GC(10855)   Other: 0.5ms
[2026-07-26T09:26:25.855+0200][246737.168s][info][gc,heap       ] GC(10855) Eden regions: 549->0(552)
[2026-07-26T09:26:25.855+0200][246737.168s][info][gc,heap       ] GC(10855) Survivor regions: 6->4(70)
[2026-07-26T09:26:25.855+0200][246737.168s][info][gc,heap       ] GC(10855) Old regions: 1354->1354
[2026-07-26T09:26:25.855+0200][246737.168s][info][gc,heap       ] GC(10855) Humongous regions: 16->16
[2026-07-26T09:26:25.855+0200][246737.168s][info][gc,metaspace  ] GC(10855) Metaspace: 923179K(1393280K)->923179K(1393280K) NonClass: 814511K(1265152K)->814511K(1265152K) Class: 108668K(128128K)->108668K(128128K)
[2026-07-26T09:26:25.855+0200][246737.168s][info][gc            ] GC(10855) Pause Young (Normal) (G1 Evacuation Pause) 1924M->1373M(2159M) 9.359ms
[2026-07-26T09:26:25.855+0200][246737.168s][info][gc,cpu        ] GC(10855) User=0.06s Sys=0.00s Real=0.01s
[2026-07-26T09:27:09.015+0200][246780.328s][info][gc,start      ] GC(10856) Pause Young (Normal) (G1 Evacuation Pause)
[2026-07-26T09:27:09.015+0200][246780.328s][info][gc,task       ] GC(10856) Using 13 workers of 13 for evacuation
[2026-07-26T09:27:09.023+0200][246780.336s][info][gc,phases     ] GC(10856)   Pre Evacuate Collection Set: 0.1ms
[2026-07-26T09:27:09.023+0200][246780.336s][info][gc,phases     ] GC(10856)   Evacuate Collection Set: 4.1ms
[2026-07-26T09:27:09.023+0200][246780.336s][info][gc,phases     ] GC(10856)   Post Evacuate Collection Set: 3.2ms
[2026-07-26T09:27:09.023+0200][246780.336s][info][gc,phases     ] GC(10856)   Other: 0.4ms
[2026-07-26T09:27:09.023+0200][246780.336s][info][gc,heap       ] GC(10856) Eden regions: 552->0(557)
[2026-07-26T09:27:09.023+0200][246780.336s][info][gc,heap       ] GC(10856) Survivor regions: 4->2(70)
[2026-07-26T09:27:09.023+0200][246780.336s][info][gc,heap       ] GC(10856) Old regions: 1354->1354
[2026-07-26T09:27:09.023+0200][246780.336s][info][gc,heap       ] GC(10856) Humongous regions: 16->16
[2026-07-26T09:27:09.023+0200][246780.336s][info][gc,metaspace  ] GC(10856) Metaspace: 923179K(1393280K)->923179K(1393280K) NonClass: 814511K(1265152K)->814511K(1265152K) Class: 108668K(128128K)->108668K(128128K)
[2026-07-26T09:27:09.023+0200][246780.336s][info][gc            ] GC(10856) Pause Young (Normal) (G1 Evacuation Pause) 1925M->1371M(2159M) 7.925ms
[2026-07-26T09:27:09.023+0200][246780.336s][info][gc,cpu        ] GC(10856) User=0.04s Sys=0.00s Real=0.01s
[2026-07-26T09:31:56.513+0200][247067.826s][info][gc,start      ] GC(10857) Pause Young (Normal) (G1 Evacuation Pause)
[2026-07-26T09:31:56.513+0200][247067.826s][info][gc,task       ] GC(10857) Using 13 workers of 13 for evacuation
[2026-07-26T09:31:56.521+0200][247067.834s][info][gc,phases     ] GC(10857)   Pre Evacuate Collection Set: 0.1ms
[2026-07-26T09:31:56.521+0200][247067.834s][info][gc,phases     ] GC(10857)   Evacuate Collection Set: 4.1ms
[2026-07-26T09:31:56.521+0200][247067.834s][info][gc,phases     ] GC(10857)   Post Evacuate Collection Set: 3.4ms
[2026-07-26T09:31:56.521+0200][247067.834s][info][gc,phases     ] GC(10857)   Other: 0.3ms
[2026-07-26T09:31:56.521+0200][247067.834s][info][gc,heap       ] GC(10857) Eden regions: 557->0(556)
[2026-07-26T09:31:56.521+0200][247067.834s][info][gc,heap       ] GC(10857) Survivor regions: 2->4(70)
[2026-07-26T09:31:56.521+0200][247067.834s][info][gc,heap       ] GC(10857) Old regions: 1354->1354
[2026-07-26T09:31:56.521+0200][247067.834s][info][gc,heap       ] GC(10857) Humongous regions: 16->16
[2026-07-26T09:31:56.521+0200][247067.834s][info][gc,metaspace  ] GC(10857) Metaspace: 923179K(1393280K)->923179K(1393280K) NonClass: 814511K(1265152K)->814511K(1265152K) Class: 108668K(128128K)->108668K(128128K)
[2026-07-26T09:31:56.521+0200][247067.834s][info][gc            ] GC(10857) Pause Young (Normal) (G1 Evacuation Pause) 1928M->1373M(2159M) 8.117ms
[2026-07-26T09:31:56.521+0200][247067.834s][info][gc,cpu        ] GC(10857) User=0.04s Sys=0.01s Real=0.00s
[2026-07-26T09:31:57.139+0200][247068.451s][info][gc,start      ] GC(10858) Pause Young (Normal) (G1 Evacuation Pause)
[2026-07-26T09:31:57.139+0200][247068.452s][info][gc,task       ] GC(10858) Using 13 workers of 13 for evacuation
[2026-07-26T09:31:57.150+0200][247068.463s][info][gc,phases     ] GC(10858)   Pre Evacuate Collection Set: 0.1ms
[2026-07-26T09:31:57.150+0200][247068.463s][info][gc,phases     ] GC(10858)   Evacuate Collection Set: 6.8ms
[2026-07-26T09:31:57.150+0200][247068.463s][info][gc,phases     ] GC(10858)   Post Evacuate Collection Set: 4.1ms
[2026-07-26T09:31:57.150+0200][247068.463s][info][gc,phases     ] GC(10858)   Other: 0.3ms
[2026-07-26T09:31:57.150+0200][247068.463s][info][gc,heap       ] GC(10858) Eden regions: 556->0(551)
[2026-07-26T09:31:57.150+0200][247068.463s][info][gc,heap       ] GC(10858) Survivor regions: 4->8(70)
[2026-07-26T09:31:57.150+0200][247068.463s][info][gc,heap       ] GC(10858) Old regions: 1354->1354
[2026-07-26T09:31:57.150+0200][247068.463s][info][gc,heap       ] GC(10858) Humongous regions: 16->16
[2026-07-26T09:31:57.150+0200][247068.463s][info][gc,metaspace  ] GC(10858) Metaspace: 923179K(1393280K)->923179K(1393280K) NonClass: 814511K(1265152K)->814511K(1265152K) Class: 108668K(128128K)->108668K(128128K)
[2026-07-26T09:31:57.150+0200][247068.463s][info][gc            ] GC(10858) Pause Young (Normal) (G1 Evacuation Pause) 1929M->1377M(2159M) 11.463ms
[2026-07-26T09:31:57.150+0200][247068.463s][info][gc,cpu        ] GC(10858) User=0.07s Sys=0.00s Real=0.01s
[2026-07-26T09:31:57.735+0200][247069.048s][info][gc,start      ] GC(10859) Pause Young (Normal) (G1 Evacuation Pause)
[2026-07-26T09:31:57.735+0200][247069.048s][info][gc,task       ] GC(10859) Using 13 workers of 13 for evacuation
[2026-07-26T09:31:57.744+0200][247069.056s][info][gc,phases     ] GC(10859)   Pre Evacuate Collection Set: 0.1ms
[2026-07-26T09:31:57.744+0200][247069.056s][info][gc,phases     ] GC(10859)   Evacuate Collection Set: 4.6ms
[2026-07-26T09:31:57.744+0200][247069.056s][info][gc,phases     ] GC(10859)   Post Evacuate Collection Set: 3.3ms
[2026-07-26T09:31:57.744+0200][247069.056s][info][gc,phases     ] GC(10859)   Other: 0.3ms
[2026-07-26T09:31:57.744+0200][247069.056s][info][gc,heap       ] GC(10859) Eden regions: 551->0(551)
[2026-07-26T09:31:57.744+0200][247069.056s][info][gc,heap       ] GC(10859) Survivor regions: 8->7(70)
[2026-07-26T09:31:57.744+0200][247069.056s][info][gc,heap       ] GC(10859) Old regions: 1354->1354
[2026-07-26T09:31:57.744+0200][247069.056s][info][gc,heap       ] GC(10859) Humongous regions: 16->16
[2026-07-26T09:31:57.744+0200][247069.056s][info][gc,metaspace  ] GC(10859) Metaspace: 923179K(1393280K)->923179K(1393280K) NonClass: 814511K(1265152K)->814511K(1265152K) Class: 108668K(128128K)->108668K(128128K)
[2026-07-26T09:31:57.744+0200][247069.056s][info][gc            ] GC(10859) Pause Young (Normal) (G1 Evacuation Pause) 1928M->1376M(2159M) 8.384ms
[2026-07-26T09:31:57.744+0200][247069.056s][info][gc,cpu        ] GC(10859) User=0.06s Sys=0.00s Real=0.01s
[2026-07-26T09:32:00.740+0200][247072.052s][info][gc,start      ] GC(10860) Pause Young (Normal) (G1 Evacuation Pause)
[2026-07-26T09:32:00.740+0200][247072.052s][info][gc,task       ] GC(10860) Using 13 workers of 13 for evacuation
[2026-07-26T09:32:00.748+0200][247072.060s][info][gc,phases     ] GC(10860)   Pre Evacuate Collection Set: 0.1ms
[2026-07-26T09:32:00.748+0200][247072.060s][info][gc,phases     ] GC(10860)   Evacuate Collection Set: 4.4ms
[2026-07-26T09:32:00.748+0200][247072.060s][info][gc,phases     ] GC(10860)   Post Evacuate Collection Set: 3.4ms
[2026-07-26T09:32:00.748+0200][247072.060s][info][gc,phases     ] GC(10860)   Other: 0.3ms
[2026-07-26T09:32:00.748+0200][247072.061s][info][gc,heap       ] GC(10860) Eden regions: 551->0(551)
[2026-07-26T09:32:00.748+0200][247072.061s][info][gc,heap       ] GC(10860) Survivor regions: 7->6(70)
[2026-07-26T09:32:00.748+0200][247072.061s][info][gc,heap       ] GC(10860) Old regions: 1354->1354
[2026-07-26T09:32:00.748+0200][247072.061s][info][gc,heap       ] GC(10860) Humongous regions: 16->16
[2026-07-26T09:32:00.748+0200][247072.061s][info][gc,metaspace  ] GC(10860) Metaspace: 923179K(1393280K)->923179K(1393280K) NonClass: 814511K(1265152K)->814511K(1265152K) Class: 108668K(128128K)->108668K(128128K)
[2026-07-26T09:32:00.748+0200][247072.061s][info][gc            ] GC(10860) Pause Young (Normal) (G1 Evacuation Pause) 1927M->1375M(2159M) 8.326ms
[2026-07-26T09:32:00.748+0200][247072.061s][info][gc,cpu        ] GC(10860) User=0.06s Sys=0.00s Real=0.01s
[2026-07-26T09:32:01.346+0200][247072.659s][info][gc,start      ] GC(10861) Pause Young (Normal) (G1 Evacuation Pause)
[2026-07-26T09:32:01.346+0200][247072.659s][info][gc,task       ] GC(10861) Using 13 workers of 13 for evacuation
[2026-07-26T09:32:01.355+0200][247072.667s][info][gc,phases     ] GC(10861)   Pre Evacuate Collection Set: 0.1ms
[2026-07-26T09:32:01.355+0200][247072.667s][info][gc,phases     ] GC(10861)   Evacuate Collection Set: 4.8ms
[2026-07-26T09:32:01.355+0200][247072.667s][info][gc,phases     ] GC(10861)   Post Evacuate Collection Set: 3.5ms
[2026-07-26T09:32:01.355+0200][247072.668s][info][gc,phases     ] GC(10861)   Other: 0.3ms
[2026-07-26T09:32:01.355+0200][247072.668s][info][gc,heap       ] GC(10861) Eden regions: 551->0(549)
[2026-07-26T09:32:01.355+0200][247072.668s][info][gc,heap       ] GC(10861) Survivor regions: 6->7(70)
[2026-07-26T09:32:01.355+0200][247072.668s][info][gc,heap       ] GC(10861) Old regions: 1354->1355
[2026-07-26T09:32:01.355+0200][247072.668s][info][gc,heap       ] GC(10861) Humongous regions: 16->16
[2026-07-26T09:32:01.355+0200][247072.668s][info][gc,metaspace  ] GC(10861) Metaspace: 923179K(1393280K)->923179K(1393280K) NonClass: 814511K(1265152K)->814511K(1265152K) Class: 108668K(128128K)->108668K(128128K)
[2026-07-26T09:32:01.355+0200][247072.668s][info][gc            ] GC(10861) Pause Young (Normal) (G1 Evacuation Pause) 1926M->1376M(2159M) 8.802ms
[2026-07-26T09:32:01.355+0200][247072.668s][info][gc,cpu        ] GC(10861) User=0.06s Sys=0.00s Real=0.01s
[2026-07-26T09:32:54.611+0200][247125.923s][info][gc,start      ] GC(10862) Pause Young (Normal) (G1 Evacuation Pause)
[2026-07-26T09:32:54.611+0200][247125.923s][info][gc,task       ] GC(10862) Using 13 workers of 13 for evacuation
[2026-07-26T09:32:54.621+0200][247125.934s][info][gc,phases     ] GC(10862)   Pre Evacuate Collection Set: 0.1ms
[2026-07-26T09:32:54.621+0200][247125.934s][info][gc,phases     ] GC(10862)   Evacuate Collection Set: 5.8ms
[2026-07-26T09:32:54.621+0200][247125.934s][info][gc,phases     ] GC(10862)   Post Evacuate Collection Set: 4.5ms
[2026-07-26T09:32:54.621+0200][247125.934s][info][gc,phases     ] GC(10862)   Other: 0.3ms
[2026-07-26T09:32:54.621+0200][247125.934s][info][gc,heap       ] GC(10862) Eden regions: 549->0(548)
[2026-07-26T09:32:54.621+0200][247125.934s][info][gc,heap       ] GC(10862) Survivor regions: 7->6(70)
[2026-07-26T09:32:54.621+0200][247125.934s][info][gc,heap       ] GC(10862) Old regions: 1355->1355
[2026-07-26T09:32:54.621+0200][247125.934s][info][gc,heap       ] GC(10862) Humongous regions: 16->16
[2026-07-26T09:32:54.621+0200][247125.934s][info][gc,metaspace  ] GC(10862) Metaspace: 923179K(1393280K)->923179K(1393280K) NonClass: 814511K(1265152K)->814511K(1265152K) Class: 108668K(128128K)->108668K(128128K)
[2026-07-26T09:32:54.621+0200][247125.934s][info][gc            ] GC(10862) Pause Young (Normal) (G1 Evacuation Pause) 1925M->1375M(2159M) 10.860ms
[2026-07-26T09:32:54.621+0200][247125.934s][info][gc,cpu        ] GC(10862) User=0.08s Sys=0.00s Real=0.01s
[2026-07-26T09:32:55.245+0200][247126.557s][info][gc,start      ] GC(10863) Pause Young (Normal) (G1 Evacuation Pause)
[2026-07-26T09:32:55.245+0200][247126.557s][info][gc,task       ] GC(10863) Using 13 workers of 13 for evacuation
[2026-07-26T09:32:55.253+0200][247126.565s][info][gc,phases     ] GC(10863)   Pre Evacuate Collection Set: 0.1ms
[2026-07-26T09:32:55.253+0200][247126.565s][info][gc,phases     ] GC(10863)   Evacuate Collection Set: 4.7ms
[2026-07-26T09:32:55.253+0200][247126.565s][info][gc,phases     ] GC(10863)   Post Evacuate Collection Set: 3.0ms
[2026-07-26T09:32:55.253+0200][247126.565s][info][gc,phases     ] GC(10863)   Other: 0.3ms
[2026-07-26T09:32:55.253+0200][247126.565s][info][gc,heap       ] GC(10863) Eden regions: 548->0(548)
[2026-07-26T09:32:55.253+0200][247126.565s][info][gc,heap       ] GC(10863) Survivor regions: 6->7(70)
[2026-07-26T09:32:55.253+0200][247126.565s][info][gc,heap       ] GC(10863) Old regions: 1355->1355
[2026-07-26T09:32:55.253+0200][247126.566s][info][gc,heap       ] GC(10863) Humongous regions: 16->16
[2026-07-26T09:32:55.253+0200][247126.566s][info][gc,metaspace  ] GC(10863) Metaspace: 923179K(1393280K)->923179K(1393280K) NonClass: 814511K(1265152K)->814511K(1265152K) Class: 108668K(128128K)->108668K(128128K)
[2026-07-26T09:32:55.253+0200][247126.566s][info][gc            ] GC(10863) Pause Young (Normal) (G1 Evacuation Pause) 1923M->1376M(2159M) 8.290ms
[2026-07-26T09:32:55.253+0200][247126.566s][info][gc,cpu        ] GC(10863) User=0.06s Sys=0.01s Real=0.00s
[2026-07-26T09:37:35.236+0200][247406.548s][info][gc,start      ] GC(10864) Pause Young (Normal) (G1 Evacuation Pause)
[2026-07-26T09:37:35.236+0200][247406.548s][info][gc,task       ] GC(10864) Using 13 workers of 13 for evacuation
[2026-07-26T09:37:35.245+0200][247406.558s][info][gc,phases     ] GC(10864)   Pre Evacuate Collection Set: 0.1ms
[2026-07-26T09:37:35.245+0200][247406.558s][info][gc,phases     ] GC(10864)   Evacuate Collection Set: 5.0ms
[2026-07-26T09:37:35.245+0200][247406.558s][info][gc,phases     ] GC(10864)   Post Evacuate Collection Set: 4.2ms
[2026-07-26T09:37:35.245+0200][247406.558s][info][gc,phases     ] GC(10864)   Other: 0.3ms
[2026-07-26T09:37:35.245+0200][247406.558s][info][gc,heap       ] GC(10864) Eden regions: 548->0(549)
[2026-07-26T09:37:35.245+0200][247406.558s][info][gc,heap       ] GC(10864) Survivor regions: 7->5(70)
[2026-07-26T09:37:35.245+0200][247406.558s][info][gc,heap       ] GC(10864) Old regions: 1355->1355
[2026-07-26T09:37:35.245+0200][247406.558s][info][gc,heap       ] GC(10864) Humongous regions: 16->16
[2026-07-26T09:37:35.245+0200][247406.558s][info][gc,metaspace  ] GC(10864) Metaspace: 923179K(1393280K)->923179K(1393280K) NonClass: 814511K(1265152K)->814511K(1265152K) Class: 108668K(128128K)->108668K(128128K)
[2026-07-26T09:37:35.246+0200][247406.558s][info][gc            ] GC(10864) Pause Young (Normal) (G1 Evacuation Pause) 1924M->1374M(2159M) 9.748ms
[2026-07-26T09:37:35.246+0200][247406.558s][info][gc,cpu        ] GC(10864) User=0.05s Sys=0.00s Real=0.01s
[2026-07-26T09:38:37.824+0200][247469.137s][info][gc,start      ] GC(10865) Pause Young (Normal) (G1 Evacuation Pause)
[2026-07-26T09:38:37.824+0200][247469.137s][info][gc,task       ] GC(10865) Using 13 workers of 13 for evacuation
[2026-07-26T09:38:37.834+0200][247469.147s][info][gc,phases     ] GC(10865)   Pre Evacuate Collection Set: 0.1ms
[2026-07-26T09:38:37.834+0200][247469.147s][info][gc,phases     ] GC(10865)   Evacuate Collection Set: 5.6ms
[2026-07-26T09:38:37.834+0200][247469.147s][info][gc,phases     ] GC(10865)   Post Evacuate Collection Set: 3.9ms
[2026-07-26T09:38:37.834+0200][247469.147s][info][gc,phases     ] GC(10865)   Other: 0.3ms
[2026-07-26T09:38:37.834+0200][247469.147s][info][gc,heap       ] GC(10865) Eden regions: 549->0(544)
[2026-07-26T09:38:37.834+0200][247469.147s][info][gc,heap       ] GC(10865) Survivor regions: 5->8(70)
[2026-07-26T09:38:37.834+0200][247469.147s][info][gc,heap       ] GC(10865) Old regions: 1355->1355
[2026-07-26T09:38:37.834+0200][247469.147s][info][gc,heap       ] GC(10865) Humongous regions: 16->16
[2026-07-26T09:38:37.834+0200][247469.147s][info][gc,metaspace  ] GC(10865) Metaspace: 923179K(1393280K)->923179K(1393280K) NonClass: 814511K(1265152K)->814511K(1265152K) Class: 108668K(128128K)->108668K(128128K)
[2026-07-26T09:38:37.834+0200][247469.147s][info][gc            ] GC(10865) Pause Young (Normal) (G1 Evacuation Pause) 1923M->1377M(2159M) 10.096ms
[2026-07-26T09:38:37.834+0200][247469.147s][info][gc,cpu        ] GC(10865) User=0.08s Sys=0.01s Real=0.01s
[2026-07-26T09:38:38.590+0200][247469.902s][info][gc,start      ] GC(10866) Pause Young (Normal) (G1 Evacuation Pause)
[2026-07-26T09:38:38.590+0200][247469.902s][info][gc,task       ] GC(10866) Using 13 workers of 13 for evacuation
[2026-07-26T09:38:38.598+0200][247469.911s][info][gc,phases     ] GC(10866)   Pre Evacuate Collection Set: 0.1ms
[2026-07-26T09:38:38.598+0200][247469.911s][info][gc,phases     ] GC(10866)   Evacuate Collection Set: 4.8ms
[2026-07-26T09:38:38.598+0200][247469.911s][info][gc,phases     ] GC(10866)   Post Evacuate Collection Set: 3.4ms
[2026-07-26T09:38:38.598+0200][247469.911s][info][gc,phases     ] GC(10866)   Other: 0.3ms
[2026-07-26T09:38:38.598+0200][247469.911s][info][gc,heap       ] GC(10866) Eden regions: 544->0(545)
[2026-07-26T09:38:38.598+0200][247469.911s][info][gc,heap       ] GC(10866) Survivor regions: 8->7(69)
[2026-07-26T09:38:38.598+0200][247469.911s][info][gc,heap       ] GC(10866) Old regions: 1355->1355
[2026-07-26T09:38:38.598+0200][247469.911s][info][gc,heap       ] GC(10866) Humongous regions: 16->16
[2026-07-26T09:38:38.598+0200][247469.911s][info][gc,metaspace  ] GC(10866) Metaspace: 923179K(1393280K)->923179K(1393280K) NonClass: 814511K(1265152K)->814511K(1265152K) Class: 108668K(128128K)->108668K(128128K)
[2026-07-26T09:38:38.598+0200][247469.911s][info][gc            ] GC(10866) Pause Young (Normal) (G1 Evacuation Pause) 1921M->1376M(2159M) 8.690ms
[2026-07-26T09:38:38.598+0200][247469.911s][info][gc,cpu        ] GC(10866) User=0.06s Sys=0.00s Real=0.01s
[2026-07-26T09:38:39.114+0200][247470.427s][info][gc,start      ] GC(10867) Pause Young (Normal) (G1 Evacuation Pause)
[2026-07-26T09:38:39.114+0200][247470.427s][info][gc,task       ] GC(10867) Using 13 workers of 13 for evacuation
[2026-07-26T09:38:39.124+0200][247470.436s][info][gc,phases     ] GC(10867)   Pre Evacuate Collection Set: 0.1ms
[2026-07-26T09:38:39.124+0200][247470.436s][info][gc,phases     ] GC(10867)   Evacuate Collection Set: 5.7ms
[2026-07-26T09:38:39.124+0200][247470.436s][info][gc,phases     ] GC(10867)   Post Evacuate Collection Set: 3.3ms
[2026-07-26T09:38:39.124+0200][247470.436s][info][gc,phases     ] GC(10867)   Other: 0.3ms
[2026-07-26T09:38:39.124+0200][247470.436s][info][gc,heap       ] GC(10867) Eden regions: 545->0(545)
[2026-07-26T09:38:39.124+0200][247470.436s][info][gc,heap       ] GC(10867) Survivor regions: 7->9(69)
[2026-07-26T09:38:39.124+0200][247470.436s][info][gc,heap       ] GC(10867) Old regions: 1355->1355
[2026-07-26T09:38:39.124+0200][247470.436s][info][gc,heap       ] GC(10867) Humongous regions: 16->16
[2026-07-26T09:38:39.124+0200][247470.436s][info][gc,metaspace  ] GC(10867) Metaspace: 923179K(1393280K)->923179K(1393280K) NonClass: 814511K(1265152K)->814511K(1265152K) Class: 108668K(128128K)->108668K(128128K)
[2026-07-26T09:38:39.124+0200][247470.436s][info][gc            ] GC(10867) Pause Young (Normal) (G1 Evacuation Pause) 1921M->1378M(2159M) 9.470ms
[2026-07-26T09:38:39.124+0200][247470.436s][info][gc,cpu        ] GC(10867) User=0.07s Sys=0.01s Real=0.01s
[2026-07-26T09:38:44.944+0200][247476.257s][info][gc,start      ] GC(10868) Pause Young (Normal) (G1 Evacuation Pause)
[2026-07-26T09:38:44.944+0200][247476.257s][info][gc,task       ] GC(10868) Using 13 workers of 13 for evacuation
[2026-07-26T09:38:44.955+0200][247476.267s][info][gc,phases     ] GC(10868)   Pre Evacuate Collection Set: 0.1ms
[2026-07-26T09:38:44.955+0200][247476.267s][info][gc,phases     ] GC(10868)   Evacuate Collection Set: 6.9ms
[2026-07-26T09:38:44.955+0200][247476.267s][info][gc,phases     ] GC(10868)   Post Evacuate Collection Set: 3.0ms
[2026-07-26T09:38:44.955+0200][247476.267s][info][gc,phases     ] GC(10868)   Other: 0.4ms
[2026-07-26T09:38:44.955+0200][247476.267s][info][gc,heap       ] GC(10868) Eden regions: 545->0(540)
[2026-07-26T09:38:44.955+0200][247476.267s][info][gc,heap       ] GC(10868) Survivor regions: 9->10(70)
[2026-07-26T09:38:44.955+0200][247476.267s][info][gc,heap       ] GC(10868) Old regions: 1355->1355
[2026-07-26T09:38:44.955+0200][247476.267s][info][gc,heap       ] GC(10868) Humongous regions: 16->16
[2026-07-26T09:38:44.955+0200][247476.267s][info][gc,metaspace  ] GC(10868) Metaspace: 923179K(1393280K)->923179K(1393280K) NonClass: 814511K(1265152K)->814511K(1265152K) Class: 108668K(128128K)->108668K(128128K)
[2026-07-26T09:38:44.955+0200][247476.267s][info][gc            ] GC(10868) Pause Young (Normal) (G1 Evacuation Pause) 1923M->1380M(2159M) 10.645ms
[2026-07-26T09:38:44.955+0200][247476.267s][info][gc,cpu        ] GC(10868) User=0.08s Sys=0.00s Real=0.01s
[2026-07-26T09:38:45.695+0200][247477.008s][info][gc,start      ] GC(10869) Pause Young (Normal) (G1 Evacuation Pause)
[2026-07-26T09:38:45.695+0200][247477.008s][info][gc,task       ] GC(10869) Using 13 workers of 13 for evacuation
[2026-07-26T09:38:45.705+0200][247477.017s][info][gc,phases     ] GC(10869)   Pre Evacuate Collection Set: 0.1ms
[2026-07-26T09:38:45.705+0200][247477.017s][info][gc,phases     ] GC(10869)   Evacuate Collection Set: 6.2ms
[2026-07-26T09:38:45.705+0200][247477.017s][info][gc,phases     ] GC(10869)   Post Evacuate Collection Set: 2.9ms
[2026-07-26T09:38:45.705+0200][247477.017s][info][gc,phases     ] GC(10869)   Other: 0.3ms
[2026-07-26T09:38:45.705+0200][247477.017s][info][gc,heap       ] GC(10869) Eden regions: 540->0(539)
[2026-07-26T09:38:45.705+0200][247477.017s][info][gc,heap       ] GC(10869) Survivor regions: 10->9(69)
[2026-07-26T09:38:45.705+0200][247477.017s][info][gc,heap       ] GC(10869) Old regions: 1355->1355
[2026-07-26T09:38:45.705+0200][247477.017s][info][gc,heap       ] GC(10869) Humongous regions: 16->16
[2026-07-26T09:38:45.705+0200][247477.017s][info][gc,metaspace  ] GC(10869) Metaspace: 923179K(1393280K)->923179K(1393280K) NonClass: 814511K(1265152K)->814511K(1265152K) Class: 108668K(128128K)->108668K(128128K)
[2026-07-26T09:38:45.705+0200][247477.018s][info][gc            ] GC(10869) Pause Young (Normal) (G1 Evacuation Pause) 1920M->1379M(2159M) 9.733ms
[2026-07-26T09:38:45.705+0200][247477.018s][info][gc,cpu        ] GC(10869) User=0.08s Sys=0.00s Real=0.01s
[2026-07-26T09:38:46.174+0200][247477.487s][info][gc,start      ] GC(10870) Pause Young (Normal) (G1 Evacuation Pause)
[2026-07-26T09:38:46.174+0200][247477.487s][info][gc,task       ] GC(10870) Using 13 workers of 13 for evacuation
[2026-07-26T09:38:46.184+0200][247477.496s][info][gc,phases     ] GC(10870)   Pre Evacuate Collection Set: 0.1ms
[2026-07-26T09:38:46.184+0200][247477.496s][info][gc,phases     ] GC(10870)   Evacuate Collection Set: 6.2ms
[2026-07-26T09:38:46.184+0200][247477.496s][info][gc,phases     ] GC(10870)   Post Evacuate Collection Set: 2.8ms
[2026-07-26T09:38:46.184+0200][247477.496s][info][gc,phases     ] GC(10870)   Other: 0.3ms
[2026-07-26T09:38:46.184+0200][247477.496s][info][gc,heap       ] GC(10870) Eden regions: 539->0(543)
[2026-07-26T09:38:46.184+0200][247477.496s][info][gc,heap       ] GC(10870) Survivor regions: 9->8(69)
[2026-07-26T09:38:46.184+0200][247477.496s][info][gc,heap       ] GC(10870) Old regions: 1355->1355
[2026-07-26T09:38:46.184+0200][247477.496s][info][gc,heap       ] GC(10870) Humongous regions: 16->16
[2026-07-26T09:38:46.184+0200][247477.496s][info][gc,metaspace  ] GC(10870) Metaspace: 923179K(1393280K)->923179K(1393280K) NonClass: 814511K(1265152K)->814511K(1265152K) Class: 108668K(128128K)->108668K(128128K)
[2026-07-26T09:38:46.184+0200][247477.496s][info][gc            ] GC(10870) Pause Young (Normal) (G1 Evacuation Pause) 1918M->1377M(2159M) 9.509ms
[2026-07-26T09:38:46.184+0200][247477.496s][info][gc,cpu        ] GC(10870) User=0.08s Sys=0.00s Real=0.01s
[2026-07-26T09:38:46.733+0200][247478.046s][info][gc,start      ] GC(10871) Pause Young (Normal) (G1 Evacuation Pause)
[2026-07-26T09:38:46.733+0200][247478.046s][info][gc,task       ] GC(10871) Using 13 workers of 13 for evacuation
[2026-07-26T09:38:46.743+0200][247478.056s][info][gc,phases     ] GC(10871)   Pre Evacuate Collection Set: 0.1ms
[2026-07-26T09:38:46.743+0200][247478.056s][info][gc,phases     ] GC(10871)   Evacuate Collection Set: 6.8ms
[2026-07-26T09:38:46.744+0200][247478.056s][info][gc,phases     ] GC(10871)   Post Evacuate Collection Set: 3.1ms
[2026-07-26T09:38:46.744+0200][247478.056s][info][gc,phases     ] GC(10871)   Other: 0.4ms
[2026-07-26T09:38:46.744+0200][247478.056s][info][gc,heap       ] GC(10871) Eden regions: 543->0(542)
[2026-07-26T09:38:46.744+0200][247478.056s][info][gc,heap       ] GC(10871) Survivor regions: 8->11(69)
[2026-07-26T09:38:46.744+0200][247478.056s][info][gc,heap       ] GC(10871) Old regions: 1355->1355
[2026-07-26T09:38:46.744+0200][247478.056s][info][gc,heap       ] GC(10871) Humongous regions: 16->16
[2026-07-26T09:38:46.744+0200][247478.056s][info][gc,metaspace  ] GC(10871) Metaspace: 923179K(1393280K)->923179K(1393280K) NonClass: 814511K(1265152K)->814511K(1265152K) Class: 108668K(128128K)->108668K(128128K)
[2026-07-26T09:38:46.744+0200][247478.056s][info][gc            ] GC(10871) Pause Young (Normal) (G1 Evacuation Pause) 1920M->1380M(2159M) 10.541ms
[2026-07-26T09:38:46.744+0200][247478.056s][info][gc,cpu        ] GC(10871) User=0.07s Sys=0.02s Real=0.01s
[2026-07-26T09:39:14.645+0200][247505.958s][info][gc,start      ] GC(10872) Pause Young (Normal) (G1 Evacuation Pause)
[2026-07-26T09:39:14.645+0200][247505.958s][info][gc,task       ] GC(10872) Using 13 workers of 13 for evacuation
[2026-07-26T09:39:14.655+0200][247505.968s][info][gc,phases     ] GC(10872)   Pre Evacuate Collection Set: 0.1ms
[2026-07-26T09:39:14.655+0200][247505.968s][info][gc,phases     ] GC(10872)   Evacuate Collection Set: 6.1ms
[2026-07-26T09:39:14.655+0200][247505.968s][info][gc,phases     ] GC(10872)   Post Evacuate Collection Set: 3.2ms
[2026-07-26T09:39:14.655+0200][247505.968s][info][gc,phases     ] GC(10872)   Other: 0.4ms
[2026-07-26T09:39:14.655+0200][247505.968s][info][gc,heap       ] GC(10872) Eden regions: 542->0(541)
[2026-07-26T09:39:14.655+0200][247505.968s][info][gc,heap       ] GC(10872) Survivor regions: 11->9(70)
[2026-07-26T09:39:14.655+0200][247505.968s][info][gc,heap       ] GC(10872) Old regions: 1355->1355
[2026-07-26T09:39:14.655+0200][247505.968s][info][gc,heap       ] GC(10872) Humongous regions: 16->16
[2026-07-26T09:39:14.655+0200][247505.968s][info][gc,metaspace  ] GC(10872) Metaspace: 923179K(1393280K)->923179K(1393280K) NonClass: 814511K(1265152K)->814511K(1265152K) Class: 108668K(128128K)->108668K(128128K)
[2026-07-26T09:39:14.655+0200][247505.968s][info][gc            ] GC(10872) Pause Young (Normal) (G1 Evacuation Pause) 1922M->1378M(2159M) 9.971ms
[2026-07-26T09:39:14.655+0200][247505.968s][info][gc,cpu        ] GC(10872) User=0.08s Sys=0.00s Real=0.01s
[2026-07-26T09:39:15.217+0200][247506.530s][info][gc,start      ] GC(10873) Pause Young (Normal) (G1 Evacuation Pause)
[2026-07-26T09:39:15.217+0200][247506.530s][info][gc,task       ] GC(10873) Using 13 workers of 13 for evacuation
[2026-07-26T09:39:15.226+0200][247506.538s][info][gc,phases     ] GC(10873)   Pre Evacuate Collection Set: 0.1ms
[2026-07-26T09:39:15.226+0200][247506.538s][info][gc,phases     ] GC(10873)   Evacuate Collection Set: 5.4ms
[2026-07-26T09:39:15.226+0200][247506.538s][info][gc,phases     ] GC(10873)   Post Evacuate Collection Set: 2.9ms
[2026-07-26T09:39:15.226+0200][247506.538s][info][gc,phases     ] GC(10873)   Other: 0.4ms
[2026-07-26T09:39:15.226+0200][247506.539s][info][gc,heap       ] GC(10873) Eden regions: 541->0(544)
[2026-07-26T09:39:15.226+0200][247506.539s][info][gc,heap       ] GC(10873) Survivor regions: 9->7(69)
[2026-07-26T09:39:15.226+0200][247506.539s][info][gc,heap       ] GC(10873) Old regions: 1355->1355
[2026-07-26T09:39:15.226+0200][247506.539s][info][gc,heap       ] GC(10873) Humongous regions: 16->16
[2026-07-26T09:39:15.226+0200][247506.539s][info][gc,metaspace  ] GC(10873) Metaspace: 923179K(1393280K)->923179K(1393280K) NonClass: 814511K(1265152K)->814511K(1265152K) Class: 108668K(128128K)->108668K(128128K)
[2026-07-26T09:39:15.226+0200][247506.539s][info][gc            ] GC(10873) Pause Young (Normal) (G1 Evacuation Pause) 1919M->1376M(2159M) 8.888ms
[2026-07-26T09:39:15.226+0200][247506.539s][info][gc,cpu        ] GC(10873) User=0.07s Sys=0.00s Real=0.01s
[2026-07-26T09:39:15.815+0200][247507.127s][info][gc,start      ] GC(10874) Pause Young (Normal) (G1 Evacuation Pause)
[2026-07-26T09:39:15.815+0200][247507.127s][info][gc,task       ] GC(10874) Using 13 workers of 13 for evacuation
[2026-07-26T09:39:15.825+0200][247507.137s][info][gc,phases     ] GC(10874)   Pre Evacuate Collection Set: 0.1ms
[2026-07-26T09:39:15.825+0200][247507.137s][info][gc,phases     ] GC(10874)   Evacuate Collection Set: 6.6ms
[2026-07-26T09:39:15.825+0200][247507.137s][info][gc,phases     ] GC(10874)   Post Evacuate Collection Set: 2.8ms
[2026-07-26T09:39:15.825+0200][247507.137s][info][gc,phases     ] GC(10874)   Other: 0.3ms
[2026-07-26T09:39:15.825+0200][247507.137s][info][gc,heap       ] GC(10874) Eden regions: 544->0(539)
[2026-07-26T09:39:15.825+0200][247507.137s][info][gc,heap       ] GC(10874) Survivor regions: 7->10(69)
[2026-07-26T09:39:15.825+0200][247507.137s][info][gc,heap       ] GC(10874) Old regions: 1355->1355
[2026-07-26T09:39:15.825+0200][247507.137s][info][gc,heap       ] GC(10874) Humongous regions: 16->16
[2026-07-26T09:39:15.825+0200][247507.137s][info][gc,metaspace  ] GC(10874) Metaspace: 923179K(1393280K)->923179K(1393280K) NonClass: 814511K(1265152K)->814511K(1265152K) Class: 108668K(128128K)->108668K(128128K)
[2026-07-26T09:39:15.825+0200][247507.137s][info][gc            ] GC(10874) Pause Young (Normal) (G1 Evacuation Pause) 1920M->1380M(2159M) 9.983ms
[2026-07-26T09:39:15.825+0200][247507.137s][info][gc,cpu        ] GC(10874) User=0.08s Sys=0.00s Real=0.01s
[2026-07-26T09:39:16.295+0200][247507.607s][info][gc,start      ] GC(10875) Pause Young (Normal) (G1 Evacuation Pause)
[2026-07-26T09:39:16.295+0200][247507.607s][info][gc,task       ] GC(10875) Using 13 workers of 13 for evacuation
[2026-07-26T09:39:16.304+0200][247507.617s][info][gc,phases     ] GC(10875)   Pre Evacuate Collection Set: 0.1ms
[2026-07-26T09:39:16.304+0200][247507.617s][info][gc,phases     ] GC(10875)   Evacuate Collection Set: 5.9ms
[2026-07-26T09:39:16.304+0200][247507.617s][info][gc,phases     ] GC(10875)   Post Evacuate Collection Set: 2.9ms
[2026-07-26T09:39:16.304+0200][247507.617s][info][gc,phases     ] GC(10875)   Other: 0.3ms
[2026-07-26T09:39:16.304+0200][247507.617s][info][gc,heap       ] GC(10875) Eden regions: 539->0(544)
[2026-07-26T09:39:16.304+0200][247507.617s][info][gc,heap       ] GC(10875) Survivor regions: 10->8(69)
[2026-07-26T09:39:16.304+0200][247507.617s][info][gc,heap       ] GC(10875) Old regions: 1355->1355
[2026-07-26T09:39:16.304+0200][247507.617s][info][gc,heap       ] GC(10875) Humongous regions: 16->16
[2026-07-26T09:39:16.304+0200][247507.617s][info][gc,metaspace  ] GC(10875) Metaspace: 923179K(1393280K)->923179K(1393280K) NonClass: 814511K(1265152K)->814511K(1265152K) Class: 108668K(128128K)->108668K(128128K)
[2026-07-26T09:39:16.304+0200][247507.617s][info][gc            ] GC(10875) Pause Young (Normal) (G1 Evacuation Pause) 1919M->1378M(2159M) 9.398ms
[2026-07-26T09:39:16.304+0200][247507.617s][info][gc,cpu        ] GC(10875) User=0.07s Sys=0.01s Real=0.01s
[2026-07-26T09:39:16.815+0200][247508.128s][info][gc,start      ] GC(10876) Pause Young (Normal) (G1 Evacuation Pause)
[2026-07-26T09:39:16.815+0200][247508.128s][info][gc,task       ] GC(10876) Using 13 workers of 13 for evacuation
[2026-07-26T09:39:16.825+0200][247508.138s][info][gc,phases     ] GC(10876)   Pre Evacuate Collection Set: 0.1ms
[2026-07-26T09:39:16.825+0200][247508.138s][info][gc,phases     ] GC(10876)   Evacuate Collection Set: 6.8ms
[2026-07-26T09:39:16.825+0200][247508.138s][info][gc,phases     ] GC(10876)   Post Evacuate Collection Set: 2.8ms
[2026-07-26T09:39:16.825+0200][247508.138s][info][gc,phases     ] GC(10876)   Other: 0.3ms
[2026-07-26T09:39:16.825+0200][247508.138s][info][gc,heap       ] GC(10876) Eden regions: 544->0(543)
[2026-07-26T09:39:16.825+0200][247508.138s][info][gc,heap       ] GC(10876) Survivor regions: 8->11(69)
[2026-07-26T09:39:16.825+0200][247508.138s][info][gc,heap       ] GC(10876) Old regions: 1355->1355
[2026-07-26T09:39:16.825+0200][247508.138s][info][gc,heap       ] GC(10876) Humongous regions: 16->16
[2026-07-26T09:39:16.825+0200][247508.138s][info][gc,metaspace  ] GC(10876) Metaspace: 923179K(1393280K)->923179K(1393280K) NonClass: 814511K(1265152K)->814511K(1265152K) Class: 108668K(128128K)->108668K(128128K)
[2026-07-26T09:39:16.825+0200][247508.138s][info][gc            ] GC(10876) Pause Young (Normal) (G1 Evacuation Pause) 1922M->1380M(2159M) 10.103ms
[2026-07-26T09:39:16.825+0200][247508.138s][info][gc,cpu        ] GC(10876) User=0.08s Sys=0.00s Real=0.01s
[2026-07-26T09:44:17.315+0200][247808.628s][info][gc,start      ] GC(10877) Pause Young (Normal) (G1 Evacuation Pause)
[2026-07-26T09:44:17.316+0200][247808.628s][info][gc,task       ] GC(10877) Using 13 workers of 13 for evacuation
[2026-07-26T09:44:17.323+0200][247808.636s][info][gc,phases     ] GC(10877)   Pre Evacuate Collection Set: 0.1ms
[2026-07-26T09:44:17.324+0200][247808.636s][info][gc,phases     ] GC(10877)   Evacuate Collection Set: 4.2ms
[2026-07-26T09:44:17.324+0200][247808.636s][info][gc,phases     ] GC(10877)   Post Evacuate Collection Set: 3.3ms
[2026-07-26T09:44:17.324+0200][247808.636s][info][gc,phases     ] GC(10877)   Other: 0.4ms
[2026-07-26T09:44:17.324+0200][247808.636s][info][gc,heap       ] GC(10877) Eden regions: 543->0(550)
[2026-07-26T09:44:17.324+0200][247808.636s][info][gc,heap       ] GC(10877) Survivor regions: 11->3(70)
[2026-07-26T09:44:17.324+0200][247808.636s][info][gc,heap       ] GC(10877) Old regions: 1355->1355
[2026-07-26T09:44:17.324+0200][247808.636s][info][gc,heap       ] GC(10877) Humongous regions: 16->16
[2026-07-26T09:44:17.324+0200][247808.636s][info][gc,metaspace  ] GC(10877) Metaspace: 923179K(1393280K)->923179K(1393280K) NonClass: 814511K(1265152K)->814511K(1265152K) Class: 108668K(128128K)->108668K(128128K)
[2026-07-26T09:44:17.324+0200][247808.636s][info][gc            ] GC(10877) Pause Young (Normal) (G1 Evacuation Pause) 1923M->1373M(2159M) 8.200ms
[2026-07-26T09:44:17.324+0200][247808.636s][info][gc,cpu        ] GC(10877) User=0.05s Sys=0.01s Real=0.01s
[2026-07-26T09:47:12.871+0200][247984.183s][info][gc,start      ] GC(10878) Pause Young (Normal) (G1 Evacuation Pause)
[2026-07-26T09:47:12.871+0200][247984.183s][info][gc,task       ] GC(10878) Using 13 workers of 13 for evacuation
[2026-07-26T09:47:12.878+0200][247984.191s][info][gc,phases     ] GC(10878)   Pre Evacuate Collection Set: 0.1ms
[2026-07-26T09:47:12.878+0200][247984.191s][info][gc,phases     ] GC(10878)   Evacuate Collection Set: 4.1ms
[2026-07-26T09:47:12.878+0200][247984.191s][info][gc,phases     ] GC(10878)   Post Evacuate Collection Set: 3.2ms
[2026-07-26T09:47:12.878+0200][247984.191s][info][gc,phases     ] GC(10878)   Other: 0.4ms
[2026-07-26T09:47:12.878+0200][247984.191s][info][gc,heap       ] GC(10878) Eden regions: 550->0(553)
[2026-07-26T09:47:12.878+0200][247984.191s][info][gc,heap       ] GC(10878) Survivor regions: 3->3(70)
[2026-07-26T09:47:12.879+0200][247984.191s][info][gc,heap       ] GC(10878) Old regions: 1355->1355
[2026-07-26T09:47:12.879+0200][247984.191s][info][gc,heap       ] GC(10878) Humongous regions: 16->16
[2026-07-26T09:47:12.879+0200][247984.191s][info][gc,metaspace  ] GC(10878) Metaspace: 923179K(1393280K)->923179K(1393280K) NonClass: 814511K(1265152K)->814511K(1265152K) Class: 108668K(128128K)->108668K(128128K)
[2026-07-26T09:47:12.879+0200][247984.191s][info][gc            ] GC(10878) Pause Young (Normal) (G1 Evacuation Pause) 1923M->1372M(2159M) 8.024ms
[2026-07-26T09:47:12.879+0200][247984.191s][info][gc,cpu        ] GC(10878) User=0.06s Sys=0.00s Real=0.01s
[2026-07-26T09:49:24.292+0200][248115.605s][info][gc,start      ] GC(10879) Pause Young (Normal) (G1 Evacuation Pause)
[2026-07-26T09:49:24.292+0200][248115.605s][info][gc,task       ] GC(10879) Using 13 workers of 13 for evacuation
[2026-07-26T09:49:24.305+0200][248115.618s][info][gc,phases     ] GC(10879)   Pre Evacuate Collection Set: 0.1ms
[2026-07-26T09:49:24.305+0200][248115.618s][info][gc,phases     ] GC(10879)   Evacuate Collection Set: 8.9ms
[2026-07-26T09:49:24.305+0200][248115.618s][info][gc,phases     ] GC(10879)   Post Evacuate Collection Set: 4.1ms
[2026-07-26T09:49:24.305+0200][248115.618s][info][gc,phases     ] GC(10879)   Other: 0.4ms
[2026-07-26T09:49:24.305+0200][248115.618s][info][gc,heap       ] GC(10879) Eden regions: 553->0(541)
[2026-07-26T09:49:24.305+0200][248115.618s][info][gc,heap       ] GC(10879) Survivor regions: 3->11(70)
[2026-07-26T09:49:24.306+0200][248115.618s][info][gc,heap       ] GC(10879) Old regions: 1355->1355
[2026-07-26T09:49:24.306+0200][248115.618s][info][gc,heap       ] GC(10879) Humongous regions: 16->16
[2026-07-26T09:49:24.306+0200][248115.618s][info][gc,metaspace  ] GC(10879) Metaspace: 923182K(1393280K)->923182K(1393280K) NonClass: 814513K(1265152K)->814513K(1265152K) Class: 108669K(128128K)->108669K(128128K)
[2026-07-26T09:49:24.306+0200][248115.618s][info][gc            ] GC(10879) Pause Young (Normal) (G1 Evacuation Pause) 1925M->1381M(2159M) 13.719ms
[2026-07-26T09:49:24.306+0200][248115.618s][info][gc,cpu        ] GC(10879) User=0.10s Sys=0.00s Real=0.02s
[2026-07-26T09:49:25.023+0200][248116.336s][info][gc,start      ] GC(10880) Pause Young (Normal) (G1 Evacuation Pause)
[2026-07-26T09:49:25.023+0200][248116.336s][info][gc,task       ] GC(10880) Using 13 workers of 13 for evacuation
[2026-07-26T09:49:25.034+0200][248116.346s][info][gc,phases     ] GC(10880)   Pre Evacuate Collection Set: 0.1ms
[2026-07-26T09:49:25.034+0200][248116.347s][info][gc,phases     ] GC(10880)   Evacuate Collection Set: 6.6ms
[2026-07-26T09:49:25.034+0200][248116.347s][info][gc,phases     ] GC(10880)   Post Evacuate Collection Set: 3.5ms
[2026-07-26T09:49:25.034+0200][248116.347s][info][gc,phases     ] GC(10880)   Other: 0.3ms
[2026-07-26T09:49:25.034+0200][248116.347s][info][gc,heap       ] GC(10880) Eden regions: 541->0(540)
[2026-07-26T09:49:25.034+0200][248116.347s][info][gc,heap       ] GC(10880) Survivor regions: 11->10(69)
[2026-07-26T09:49:25.034+0200][248116.347s][info][gc,heap       ] GC(10880) Old regions: 1355->1355
[2026-07-26T09:49:25.034+0200][248116.347s][info][gc,heap       ] GC(10880) Humongous regions: 16->16
[2026-07-26T09:49:25.034+0200][248116.347s][info][gc,metaspace  ] GC(10880) Metaspace: 923182K(1393280K)->923182K(1393280K) NonClass: 814513K(1265152K)->814513K(1265152K) Class: 108669K(128128K)->108669K(128128K)
[2026-07-26T09:49:25.034+0200][248116.347s][info][gc            ] GC(10880) Pause Young (Normal) (G1 Evacuation Pause) 1922M->1379M(2159M) 10.676ms
[2026-07-26T09:49:25.034+0200][248116.347s][info][gc,cpu        ] GC(10880) User=0.08s Sys=0.01s Real=0.01s
[2026-07-26T09:49:25.614+0200][248116.927s][info][gc,start      ] GC(10881) Pause Young (Normal) (G1 Evacuation Pause)
[2026-07-26T09:49:25.614+0200][248116.927s][info][gc,task       ] GC(10881) Using 13 workers of 13 for evacuation
[2026-07-26T09:49:25.623+0200][248116.936s][info][gc,phases     ] GC(10881)   Pre Evacuate Collection Set: 0.1ms
[2026-07-26T09:49:25.623+0200][248116.936s][info][gc,phases     ] GC(10881)   Evacuate Collection Set: 5.6ms
[2026-07-26T09:49:25.623+0200][248116.936s][info][gc,phases     ] GC(10881)   Post Evacuate Collection Set: 3.1ms
[2026-07-26T09:49:25.623+0200][248116.936s][info][gc,phases     ] GC(10881)   Other: 0.3ms
[2026-07-26T09:49:25.623+0200][248116.936s][info][gc,heap       ] GC(10881) Eden regions: 540->0(542)
[2026-07-26T09:49:25.623+0200][248116.936s][info][gc,heap       ] GC(10881) Survivor regions: 10->8(69)
[2026-07-26T09:49:25.623+0200][248116.936s][info][gc,heap       ] GC(10881) Old regions: 1355->1355
[2026-07-26T09:49:25.623+0200][248116.936s][info][gc,heap       ] GC(10881) Humongous regions: 16->16
[2026-07-26T09:49:25.623+0200][248116.936s][info][gc,metaspace  ] GC(10881) Metaspace: 923182K(1393280K)->923182K(1393280K) NonClass: 814513K(1265152K)->814513K(1265152K) Class: 108669K(128128K)->108669K(128128K)
[2026-07-26T09:49:25.623+0200][248116.936s][info][gc            ] GC(10881) Pause Young (Normal) (G1 Evacuation Pause) 1919M->1378M(2159M) 9.286ms
[2026-07-26T09:49:25.623+0200][248116.936s][info][gc,cpu        ] GC(10881) User=0.07s Sys=0.00s Real=0.01s
[2026-07-26T09:49:26.145+0200][248117.458s][info][gc,start      ] GC(10882) Pause Young (Normal) (G1 Evacuation Pause)
[2026-07-26T09:49:26.145+0200][248117.458s][info][gc,task       ] GC(10882) Using 13 workers of 13 for evacuation
[2026-07-26T09:49:26.154+0200][248117.467s][info][gc,phases     ] GC(10882)   Pre Evacuate Collection Set: 0.1ms
[2026-07-26T09:49:26.154+0200][248117.467s][info][gc,phases     ] GC(10882)   Evacuate Collection Set: 5.6ms
[2026-07-26T09:49:26.154+0200][248117.467s][info][gc,phases     ] GC(10882)   Post Evacuate Collection Set: 3.0ms
[2026-07-26T09:49:26.154+0200][248117.467s][info][gc,phases     ] GC(10882)   Other: 0.3ms
[2026-07-26T09:49:26.154+0200][248117.467s][info][gc,heap       ] GC(10882) Eden regions: 542->0(545)
[2026-07-26T09:49:26.154+0200][248117.467s][info][gc,heap       ] GC(10882) Survivor regions: 8->9(69)
[2026-07-26T09:49:26.154+0200][248117.467s][info][gc,heap       ] GC(10882) Old regions: 1355->1355
[2026-07-26T09:49:26.154+0200][248117.467s][info][gc,heap       ] GC(10882) Humongous regions: 16->16
[2026-07-26T09:49:26.154+0200][248117.467s][info][gc,metaspace  ] GC(10882) Metaspace: 923182K(1393280K)->923182K(1393280K) NonClass: 814513K(1265152K)->814513K(1265152K) Class: 108669K(128128K)->108669K(128128K)
[2026-07-26T09:49:26.154+0200][248117.467s][info][gc            ] GC(10882) Pause Young (Normal) (G1 Evacuation Pause) 1920M->1378M(2159M) 9.112ms
[2026-07-26T09:49:26.154+0200][248117.467s][info][gc,cpu        ] GC(10882) User=0.07s Sys=0.00s Real=0.01s
[2026-07-26T09:49:30.587+0200][248121.900s][info][gc,start      ] GC(10883) Pause Young (Normal) (G1 Evacuation Pause)
[2026-07-26T09:49:30.587+0200][248121.900s][info][gc,task       ] GC(10883) Using 13 workers of 13 for evacuation
[2026-07-26T09:49:30.596+0200][248121.909s][info][gc,phases     ] GC(10883)   Pre Evacuate Collection Set: 0.1ms
[2026-07-26T09:49:30.596+0200][248121.909s][info][gc,phases     ] GC(10883)   Evacuate Collection Set: 4.5ms
[2026-07-26T09:49:30.596+0200][248121.909s][info][gc,phases     ] GC(10883)   Post Evacuate Collection Set: 3.8ms
[2026-07-26T09:49:30.596+0200][248121.909s][info][gc,phases     ] GC(10883)   Other: 0.3ms
[2026-07-26T09:49:30.596+0200][248121.909s][info][gc,heap       ] GC(10883) Eden regions: 545->0(549)
[2026-07-26T09:49:30.596+0200][248121.909s][info][gc,heap       ] GC(10883) Survivor regions: 9->5(70)
[2026-07-26T09:49:30.596+0200][248121.909s][info][gc,heap       ] GC(10883) Old regions: 1355->1355
[2026-07-26T09:49:30.596+0200][248121.909s][info][gc,heap       ] GC(10883) Humongous regions: 16->16
[2026-07-26T09:49:30.596+0200][248121.909s][info][gc,metaspace  ] GC(10883) Metaspace: 923191K(1393280K)->923191K(1393280K) NonClass: 814521K(1265152K)->814521K(1265152K) Class: 108670K(128128K)->108670K(128128K)
[2026-07-26T09:49:30.596+0200][248121.909s][info][gc            ] GC(10883) Pause Young (Normal) (G1 Evacuation Pause) 1923M->1374M(2159M) 8.902ms
[2026-07-26T09:49:30.596+0200][248121.909s][info][gc,cpu        ] GC(10883) User=0.05s Sys=0.00s Real=0.01s
[2026-07-26T09:49:50.587+0200][248141.899s][info][gc,start      ] GC(10884) Pause Young (Normal) (G1 Evacuation Pause)
[2026-07-26T09:49:50.587+0200][248141.899s][info][gc,task       ] GC(10884) Using 13 workers of 13 for evacuation
[2026-07-26T09:49:50.596+0200][248141.909s][info][gc,phases     ] GC(10884)   Pre Evacuate Collection Set: 0.1ms
[2026-07-26T09:49:50.596+0200][248141.909s][info][gc,phases     ] GC(10884)   Evacuate Collection Set: 5.1ms
[2026-07-26T09:49:50.596+0200][248141.909s][info][gc,phases     ] GC(10884)   Post Evacuate Collection Set: 3.9ms
[2026-07-26T09:49:50.596+0200][248141.909s][info][gc,phases     ] GC(10884)   Other: 0.3ms
[2026-07-26T09:49:50.596+0200][248141.909s][info][gc,heap       ] GC(10884) Eden regions: 549->0(547)
[2026-07-26T09:49:50.596+0200][248141.909s][info][gc,heap       ] GC(10884) Survivor regions: 5->6(70)
[2026-07-26T09:49:50.596+0200][248141.909s][info][gc,heap       ] GC(10884) Old regions: 1355->1355
[2026-07-26T09:49:50.596+0200][248141.909s][info][gc,heap       ] GC(10884) Humongous regions: 16->16
[2026-07-26T09:49:50.596+0200][248141.909s][info][gc,metaspace  ] GC(10884) Metaspace: 923191K(1393280K)->923191K(1393280K) NonClass: 814521K(1265152K)->814521K(1265152K) Class: 108670K(128128K)->108670K(128128K)
[2026-07-26T09:49:50.596+0200][248141.909s][info][gc            ] GC(10884) Pause Young (Normal) (G1 Evacuation Pause) 1923M->1376M(2159M) 9.448ms
[2026-07-26T09:49:50.596+0200][248141.909s][info][gc,cpu        ] GC(10884) User=0.06s Sys=0.00s Real=0.01s
[2026-07-26T09:50:01.528+0200][248152.841s][info][gc,start      ] GC(10885) Pause Young (Normal) (G1 Evacuation Pause)
[2026-07-26T09:50:01.528+0200][248152.841s][info][gc,task       ] GC(10885) Using 13 workers of 13 for evacuation
[2026-07-26T09:50:01.537+0200][248152.850s][info][gc,phases     ] GC(10885)   Pre Evacuate Collection Set: 0.1ms
[2026-07-26T09:50:01.537+0200][248152.850s][info][gc,phases     ] GC(10885)   Evacuate Collection Set: 4.9ms
[2026-07-26T09:50:01.537+0200][248152.850s][info][gc,phases     ] GC(10885)   Post Evacuate Collection Set: 3.3ms
[2026-07-26T09:50:01.537+0200][248152.850s][info][gc,phases     ] GC(10885)   Other: 0.4ms
[2026-07-26T09:50:01.537+0200][248152.850s][info][gc,heap       ] GC(10885) Eden regions: 547->0(547)
[2026-07-26T09:50:01.537+0200][248152.850s][info][gc,heap       ] GC(10885) Survivor regions: 6->6(70)
[2026-07-26T09:50:01.537+0200][248152.850s][info][gc,heap       ] GC(10885) Old regions: 1355->1355
[2026-07-26T09:50:01.537+0200][248152.850s][info][gc,heap       ] GC(10885) Humongous regions: 16->16
[2026-07-26T09:50:01.537+0200][248152.850s][info][gc,metaspace  ] GC(10885) Metaspace: 923191K(1393280K)->923191K(1393280K) NonClass: 814521K(1265152K)->814521K(1265152K) Class: 108670K(128128K)->108670K(128128K)
[2026-07-26T09:50:01.537+0200][248152.850s][info][gc            ] GC(10885) Pause Young (Normal) (G1 Evacuation Pause) 1923M->1376M(2159M) 8.746ms
[2026-07-26T09:50:01.537+0200][248152.850s][info][gc,cpu        ] GC(10885) User=0.07s Sys=0.00s Real=0.01s
[2026-07-26T09:50:02.217+0200][248153.529s][info][gc,start      ] GC(10886) Pause Young (Normal) (G1 Evacuation Pause)
[2026-07-26T09:50:02.217+0200][248153.529s][info][gc,task       ] GC(10886) Using 13 workers of 13 for evacuation
[2026-07-26T09:50:02.225+0200][248153.538s][info][gc,phases     ] GC(10886)   Pre Evacuate Collection Set: 0.1ms
[2026-07-26T09:50:02.225+0200][248153.538s][info][gc,phases     ] GC(10886)   Evacuate Collection Set: 4.8ms
[2026-07-26T09:50:02.225+0200][248153.538s][info][gc,phases     ] GC(10886)   Post Evacuate Collection Set: 3.2ms
[2026-07-26T09:50:02.225+0200][248153.538s][info][gc,phases     ] GC(10886)   Other: 0.3ms
[2026-07-26T09:50:02.225+0200][248153.538s][info][gc,heap       ] GC(10886) Eden regions: 547->0(548)
[2026-07-26T09:50:02.225+0200][248153.538s][info][gc,heap       ] GC(10886) Survivor regions: 6->6(70)
[2026-07-26T09:50:02.225+0200][248153.538s][info][gc,heap       ] GC(10886) Old regions: 1355->1355
[2026-07-26T09:50:02.225+0200][248153.538s][info][gc,heap       ] GC(10886) Humongous regions: 16->16
[2026-07-26T09:50:02.225+0200][248153.538s][info][gc,metaspace  ] GC(10886) Metaspace: 923191K(1393280K)->923191K(1393280K) NonClass: 814521K(1265152K)->814521K(1265152K) Class: 108670K(128128K)->108670K(128128K)
[2026-07-26T09:50:02.225+0200][248153.538s][info][gc            ] GC(10886) Pause Young (Normal) (G1 Evacuation Pause) 1923M->1375M(2159M) 8.536ms
[2026-07-26T09:50:02.225+0200][248153.538s][info][gc,cpu        ] GC(10886) User=0.06s Sys=0.00s Real=0.01s
[2026-07-26T09:50:24.887+0200][248176.199s][info][gc,start      ] GC(10887) Pause Young (Normal) (G1 Evacuation Pause)
[2026-07-26T09:50:24.887+0200][248176.199s][info][gc,task       ] GC(10887) Using 13 workers of 13 for evacuation
[2026-07-26T09:50:24.899+0200][248176.212s][info][gc,phases     ] GC(10887)   Pre Evacuate Collection Set: 0.1ms
[2026-07-26T09:50:24.899+0200][248176.212s][info][gc,phases     ] GC(10887)   Evacuate Collection Set: 5.2ms
[2026-07-26T09:50:24.899+0200][248176.212s][info][gc,phases     ] GC(10887)   Post Evacuate Collection Set: 6.8ms
[2026-07-26T09:50:24.899+0200][248176.212s][info][gc,phases     ] GC(10887)   Other: 0.5ms
[2026-07-26T09:50:24.899+0200][248176.212s][info][gc,heap       ] GC(10887) Eden regions: 548->0(551)
[2026-07-26T09:50:24.899+0200][248176.212s][info][gc,heap       ] GC(10887) Survivor regions: 6->5(70)
[2026-07-26T09:50:24.899+0200][248176.212s][info][gc,heap       ] GC(10887) Old regions: 1355->1355
[2026-07-26T09:50:24.899+0200][248176.212s][info][gc,heap       ] GC(10887) Humongous regions: 16->16
[2026-07-26T09:50:24.899+0200][248176.212s][info][gc,metaspace  ] GC(10887) Metaspace: 923191K(1393280K)->923191K(1393280K) NonClass: 814521K(1265152K)->814521K(1265152K) Class: 108670K(128128K)->108670K(128128K)
[2026-07-26T09:50:24.899+0200][248176.212s][info][gc            ] GC(10887) Pause Young (Normal) (G1 Evacuation Pause) 1923M->1375M(2159M) 12.927ms
[2026-07-26T09:50:24.900+0200][248176.212s][info][gc,cpu        ] GC(10887) User=0.07s Sys=0.00s Real=0.01s
[2026-07-26T09:51:55.021+0200][248266.334s][info][gc,start      ] GC(10888) Pause Young (Normal) (G1 Evacuation Pause)
[2026-07-26T09:51:55.021+0200][248266.334s][info][gc,task       ] GC(10888) Using 13 workers of 13 for evacuation
[2026-07-26T09:51:55.030+0200][248266.343s][info][gc,phases     ] GC(10888)   Pre Evacuate Collection Set: 0.1ms
[2026-07-26T09:51:55.031+0200][248266.343s][info][gc,phases     ] GC(10888)   Evacuate Collection Set: 5.7ms
[2026-07-26T09:51:55.031+0200][248266.343s][info][gc,phases     ] GC(10888)   Post Evacuate Collection Set: 3.0ms
[2026-07-26T09:51:55.031+0200][248266.343s][info][gc,phases     ] GC(10888)   Other: 0.4ms
[2026-07-26T09:51:55.031+0200][248266.343s][info][gc,heap       ] GC(10888) Eden regions: 551->0(548)
[2026-07-26T09:51:55.031+0200][248266.343s][info][gc,heap       ] GC(10888) Survivor regions: 5->8(70)
[2026-07-26T09:51:55.031+0200][248266.343s][info][gc,heap       ] GC(10888) Old regions: 1355->1355
[2026-07-26T09:51:55.031+0200][248266.343s][info][gc,heap       ] GC(10888) Humongous regions: 16->16
[2026-07-26T09:51:55.031+0200][248266.343s][info][gc,metaspace  ] GC(10888) Metaspace: 923191K(1393280K)->923191K(1393280K) NonClass: 814521K(1265152K)->814521K(1265152K) Class: 108670K(128128K)->108670K(128128K)
[2026-07-26T09:51:55.031+0200][248266.343s][info][gc            ] GC(10888) Pause Young (Normal) (G1 Evacuation Pause) 1926M->1378M(2159M) 9.298ms
[2026-07-26T09:51:55.031+0200][248266.343s][info][gc,cpu        ] GC(10888) User=0.07s Sys=0.00s Real=0.01s
[2026-07-26T09:52:02.808+0200][248274.121s][info][gc,start      ] GC(10889) Pause Young (Normal) (G1 Evacuation Pause)
[2026-07-26T09:52:02.808+0200][248274.121s][info][gc,task       ] GC(10889) Using 13 workers of 13 for evacuation
[2026-07-26T09:52:02.821+0200][248274.134s][info][gc,phases     ] GC(10889)   Pre Evacuate Collection Set: 0.2ms
[2026-07-26T09:52:02.821+0200][248274.134s][info][gc,phases     ] GC(10889)   Evacuate Collection Set: 7.5ms
[2026-07-26T09:52:02.821+0200][248274.134s][info][gc,phases     ] GC(10889)   Post Evacuate Collection Set: 4.7ms
[2026-07-26T09:52:02.821+0200][248274.134s][info][gc,phases     ] GC(10889)   Other: 0.6ms
[2026-07-26T09:52:02.821+0200][248274.134s][info][gc,heap       ] GC(10889) Eden regions: 548->0(545)
[2026-07-26T09:52:02.821+0200][248274.134s][info][gc,heap       ] GC(10889) Survivor regions: 8->10(70)
[2026-07-26T09:52:02.821+0200][248274.134s][info][gc,heap       ] GC(10889) Old regions: 1355->1355
[2026-07-26T09:52:02.821+0200][248274.134s][info][gc,heap       ] GC(10889) Humongous regions: 16->16
[2026-07-26T09:52:02.821+0200][248274.134s][info][gc,metaspace  ] GC(10889) Metaspace: 923191K(1393280K)->923191K(1393280K) NonClass: 814521K(1265152K)->814521K(1265152K) Class: 108670K(128128K)->108670K(128128K)
[2026-07-26T09:52:02.821+0200][248274.134s][info][gc            ] GC(10889) Pause Young (Normal) (G1 Evacuation Pause) 1926M->1379M(2159M) 13.144ms
[2026-07-26T09:52:02.821+0200][248274.134s][info][gc,cpu        ] GC(10889) User=0.10s Sys=0.00s Real=0.01s
[2026-07-26T09:52:03.524+0200][248274.837s][info][gc,start      ] GC(10890) Pause Young (Normal) (G1 Evacuation Pause)
[2026-07-26T09:52:03.524+0200][248274.837s][info][gc,task       ] GC(10890) Using 13 workers of 13 for evacuation
[2026-07-26T09:52:03.536+0200][248274.848s][info][gc,phases     ] GC(10890)   Pre Evacuate Collection Set: 0.1ms
[2026-07-26T09:52:03.536+0200][248274.848s][info][gc,phases     ] GC(10890)   Evacuate Collection Set: 7.7ms
[2026-07-26T09:52:03.536+0200][248274.848s][info][gc,phases     ] GC(10890)   Post Evacuate Collection Set: 3.3ms
[2026-07-26T09:52:03.536+0200][248274.849s][info][gc,phases     ] GC(10890)   Other: 0.5ms
[2026-07-26T09:52:03.536+0200][248274.849s][info][gc,heap       ] GC(10890) Eden regions: 545->0(545)
[2026-07-26T09:52:03.536+0200][248274.849s][info][gc,heap       ] GC(10890) Survivor regions: 10->10(70)
[2026-07-26T09:52:03.536+0200][248274.849s][info][gc,heap       ] GC(10890) Old regions: 1355->1355
[2026-07-26T09:52:03.536+0200][248274.849s][info][gc,heap       ] GC(10890) Humongous regions: 16->16
[2026-07-26T09:52:03.536+0200][248274.849s][info][gc,metaspace  ] GC(10890) Metaspace: 923191K(1393280K)->923191K(1393280K) NonClass: 814521K(1265152K)->814521K(1265152K) Class: 108670K(128128K)->108670K(128128K)
[2026-07-26T09:52:03.536+0200][248274.849s][info][gc            ] GC(10890) Pause Young (Normal) (G1 Evacuation Pause) 1924M->1380M(2159M) 11.798ms
[2026-07-26T09:52:03.536+0200][248274.849s][info][gc,cpu        ] GC(10890) User=0.08s Sys=0.01s Real=0.01s
[2026-07-26T09:52:36.004+0200][248307.316s][info][gc,start      ] GC(10891) Pause Young (Normal) (G1 Evacuation Pause)
[2026-07-26T09:52:36.004+0200][248307.316s][info][gc,task       ] GC(10891) Using 13 workers of 13 for evacuation
[2026-07-26T09:52:36.014+0200][248307.327s][info][gc,phases     ] GC(10891)   Pre Evacuate Collection Set: 0.1ms
[2026-07-26T09:52:36.014+0200][248307.327s][info][gc,phases     ] GC(10891)   Evacuate Collection Set: 6.9ms
[2026-07-26T09:52:36.014+0200][248307.327s][info][gc,phases     ] GC(10891)   Post Evacuate Collection Set: 3.2ms
[2026-07-26T09:52:36.014+0200][248307.327s][info][gc,phases     ] GC(10891)   Other: 0.4ms
[2026-07-26T09:52:36.014+0200][248307.327s][info][gc,heap       ] GC(10891) Eden regions: 545->0(544)
[2026-07-26T09:52:36.014+0200][248307.327s][info][gc,heap       ] GC(10891) Survivor regions: 10->10(70)
[2026-07-26T09:52:36.014+0200][248307.327s][info][gc,heap       ] GC(10891) Old regions: 1355->1355
[2026-07-26T09:52:36.014+0200][248307.327s][info][gc,heap       ] GC(10891) Humongous regions: 16->16
[2026-07-26T09:52:36.014+0200][248307.327s][info][gc,metaspace  ] GC(10891) Metaspace: 923191K(1393280K)->923191K(1393280K) NonClass: 814521K(1265152K)->814521K(1265152K) Class: 108670K(128128K)->108670K(128128K)
[2026-07-26T09:52:36.014+0200][248307.327s][info][gc            ] GC(10891) Pause Young (Normal) (G1 Evacuation Pause) 1925M->1380M(2159M) 10.770ms
[2026-07-26T09:52:36.014+0200][248307.327s][info][gc,cpu        ] GC(10891) User=0.07s Sys=0.01s Real=0.01s
[2026-07-26T09:52:47.400+0200][248318.712s][info][gc,start      ] GC(10892) Pause Young (Normal) (G1 Evacuation Pause)
[2026-07-26T09:52:47.400+0200][248318.712s][info][gc,task       ] GC(10892) Using 13 workers of 13 for evacuation
[2026-07-26T09:52:47.410+0200][248318.722s][info][gc,phases     ] GC(10892)   Pre Evacuate Collection Set: 0.1ms
[2026-07-26T09:52:47.410+0200][248318.722s][info][gc,phases     ] GC(10892)   Evacuate Collection Set: 6.0ms
[2026-07-26T09:52:47.410+0200][248318.722s][info][gc,phases     ] GC(10892)   Post Evacuate Collection Set: 3.7ms
[2026-07-26T09:52:47.410+0200][248318.722s][info][gc,phases     ] GC(10892)   Other: 0.3ms
[2026-07-26T09:52:47.410+0200][248318.722s][info][gc,heap       ] GC(10892) Eden regions: 544->0(551)
[2026-07-26T09:52:47.410+0200][248318.722s][info][gc,heap       ] GC(10892) Survivor regions: 10->5(70)
[2026-07-26T09:52:47.410+0200][248318.722s][info][gc,heap       ] GC(10892) Old regions: 1355->1355
[2026-07-26T09:52:47.410+0200][248318.722s][info][gc,heap       ] GC(10892) Humongous regions: 16->16
[2026-07-26T09:52:47.410+0200][248318.722s][info][gc,metaspace  ] GC(10892) Metaspace: 923191K(1393280K)->923191K(1393280K) NonClass: 814521K(1265152K)->814521K(1265152K) Class: 108670K(128128K)->108670K(128128K)
[2026-07-26T09:52:47.410+0200][248318.722s][info][gc            ] GC(10892) Pause Young (Normal) (G1 Evacuation Pause) 1924M->1375M(2159M) 10.197ms
[2026-07-26T09:52:47.410+0200][248318.722s][info][gc,cpu        ] GC(10892) User=0.05s Sys=0.00s Real=0.01s
[2026-07-26T09:54:25.616+0200][248416.929s][info][gc,start      ] GC(10893) Pause Young (Normal) (G1 Evacuation Pause)
[2026-07-26T09:54:25.616+0200][248416.929s][info][gc,task       ] GC(10893) Using 13 workers of 13 for evacuation
[2026-07-26T09:54:25.628+0200][248416.941s][info][gc,phases     ] GC(10893)   Pre Evacuate Collection Set: 0.1ms
[2026-07-26T09:54:25.628+0200][248416.941s][info][gc,phases     ] GC(10893)   Evacuate Collection Set: 6.7ms
[2026-07-26T09:54:25.628+0200][248416.941s][info][gc,phases     ] GC(10893)   Post Evacuate Collection Set: 4.9ms
[2026-07-26T09:54:25.628+0200][248416.941s][info][gc,phases     ] GC(10893)   Other: 0.4ms
[2026-07-26T09:54:25.628+0200][248416.941s][info][gc,heap       ] GC(10893) Eden regions: 551->0(545)
[2026-07-26T09:54:25.628+0200][248416.941s][info][gc,heap       ] GC(10893) Survivor regions: 5->10(70)
[2026-07-26T09:54:25.628+0200][248416.941s][info][gc,heap       ] GC(10893) Old regions: 1355->1355
[2026-07-26T09:54:25.629+0200][248416.941s][info][gc,heap       ] GC(10893) Humongous regions: 16->16
[2026-07-26T09:54:25.629+0200][248416.941s][info][gc,metaspace  ] GC(10893) Metaspace: 923191K(1393280K)->923191K(1393280K) NonClass: 814521K(1265152K)->814521K(1265152K) Class: 108670K(128128K)->108670K(128128K)
[2026-07-26T09:54:25.629+0200][248416.941s][info][gc            ] GC(10893) Pause Young (Normal) (G1 Evacuation Pause) 1926M->1380M(2159M) 12.446ms
[2026-07-26T09:54:25.629+0200][248416.941s][info][gc,cpu        ] GC(10893) User=0.09s Sys=0.00s Real=0.01s
[2026-07-26T09:54:35.412+0200][248426.725s][info][gc,start      ] GC(10894) Pause Young (Normal) (G1 Evacuation Pause)
[2026-07-26T09:54:35.412+0200][248426.725s][info][gc,task       ] GC(10894) Using 13 workers of 13 for evacuation
[2026-07-26T09:54:35.421+0200][248426.734s][info][gc,phases     ] GC(10894)   Pre Evacuate Collection Set: 0.1ms
[2026-07-26T09:54:35.421+0200][248426.734s][info][gc,phases     ] GC(10894)   Evacuate Collection Set: 5.6ms
[2026-07-26T09:54:35.421+0200][248426.734s][info][gc,phases     ] GC(10894)   Post Evacuate Collection Set: 3.4ms
[2026-07-26T09:54:35.421+0200][248426.734s][info][gc,phases     ] GC(10894)   Other: 0.3ms
[2026-07-26T09:54:35.421+0200][248426.734s][info][gc,heap       ] GC(10894) Eden regions: 545->0(547)
[2026-07-26T09:54:35.422+0200][248426.734s][info][gc,heap       ] GC(10894) Survivor regions: 10->8(70)
[2026-07-26T09:54:35.422+0200][248426.734s][info][gc,heap       ] GC(10894) Old regions: 1355->1355
[2026-07-26T09:54:35.422+0200][248426.734s][info][gc,heap       ] GC(10894) Humongous regions: 16->16
[2026-07-26T09:54:35.422+0200][248426.734s][info][gc,metaspace  ] GC(10894) Metaspace: 923191K(1393280K)->923191K(1393280K) NonClass: 814521K(1265152K)->814521K(1265152K) Class: 108670K(128128K)->108670K(128128K)
[2026-07-26T09:54:35.422+0200][248426.734s][info][gc            ] GC(10894) Pause Young (Normal) (G1 Evacuation Pause) 1925M->1378M(2159M) 9.514ms
[2026-07-26T09:54:35.422+0200][248426.734s][info][gc,cpu        ] GC(10894) User=0.08s Sys=0.00s Real=0.01s
[2026-07-26T09:56:33.120+0200][248544.433s][info][gc,start      ] GC(10895) Pause Young (Normal) (G1 Evacuation Pause)
[2026-07-26T09:56:33.120+0200][248544.433s][info][gc,task       ] GC(10895) Using 13 workers of 13 for evacuation
[2026-07-26T09:56:33.128+0200][248544.441s][info][gc,phases     ] GC(10895)   Pre Evacuate Collection Set: 0.1ms
[2026-07-26T09:56:33.128+0200][248544.441s][info][gc,phases     ] GC(10895)   Evacuate Collection Set: 4.4ms
[2026-07-26T09:56:33.128+0200][248544.441s][info][gc,phases     ] GC(10895)   Post Evacuate Collection Set: 3.2ms
[2026-07-26T09:56:33.128+0200][248544.441s][info][gc,phases     ] GC(10895)   Other: 0.3ms
[2026-07-26T09:56:33.128+0200][248544.441s][info][gc,heap       ] GC(10895) Eden regions: 547->0(551)
[2026-07-26T09:56:33.128+0200][248544.441s][info][gc,heap       ] GC(10895) Survivor regions: 8->6(70)
[2026-07-26T09:56:33.128+0200][248544.441s][info][gc,heap       ] GC(10895) Old regions: 1355->1355
[2026-07-26T09:56:33.128+0200][248544.441s][info][gc,heap       ] GC(10895) Humongous regions: 16->16
[2026-07-26T09:56:33.128+0200][248544.441s][info][gc,metaspace  ] GC(10895) Metaspace: 923191K(1393280K)->923191K(1393280K) NonClass: 814521K(1265152K)->814521K(1265152K) Class: 108670K(128128K)->108670K(128128K)
[2026-07-26T09:56:33.128+0200][248544.441s][info][gc            ] GC(10895) Pause Young (Normal) (G1 Evacuation Pause) 1925M->1376M(2159M) 8.139ms
[2026-07-26T09:56:33.128+0200][248544.441s][info][gc,cpu        ] GC(10895) User=0.06s Sys=0.00s Real=0.01s
[2026-07-26T09:58:38.781+0200][248670.094s][info][gc,start      ] GC(10896) Pause Young (Normal) (G1 Evacuation Pause)
[2026-07-26T09:58:38.781+0200][248670.094s][info][gc,task       ] GC(10896) Using 13 workers of 13 for evacuation
[2026-07-26T09:58:38.792+0200][248670.105s][info][gc,phases     ] GC(10896)   Pre Evacuate Collection Set: 0.1ms
[2026-07-26T09:58:38.792+0200][248670.105s][info][gc,phases     ] GC(10896)   Evacuate Collection Set: 5.5ms
[2026-07-26T09:58:38.792+0200][248670.105s][info][gc,phases     ] GC(10896)   Post Evacuate Collection Set: 4.8ms
[2026-07-26T09:58:38.792+0200][248670.105s][info][gc,phases     ] GC(10896)   Other: 0.4ms
[2026-07-26T09:58:38.792+0200][248670.105s][info][gc,heap       ] GC(10896) Eden regions: 551->0(549)
[2026-07-26T09:58:38.792+0200][248670.105s][info][gc,heap       ] GC(10896) Survivor regions: 6->8(70)
[2026-07-26T09:58:38.792+0200][248670.105s][info][gc,heap       ] GC(10896) Old regions: 1355->1355
[2026-07-26T09:58:38.792+0200][248670.105s][info][gc,heap       ] GC(10896) Humongous regions: 16->16
[2026-07-26T09:58:38.792+0200][248670.105s][info][gc,metaspace  ] GC(10896) Metaspace: 923191K(1393280K)->923191K(1393280K) NonClass: 814521K(1265152K)->814521K(1265152K) Class: 108670K(128128K)->108670K(128128K)
[2026-07-26T09:58:38.792+0200][248670.105s][info][gc            ] GC(10896) Pause Young (Normal) (G1 Evacuation Pause) 1927M->1378M(2159M) 10.926ms
[2026-07-26T09:58:38.792+0200][248670.105s][info][gc,cpu        ] GC(10896) User=0.08s Sys=0.00s Real=0.01s
[2026-07-26T09:59:09.018+0200][248700.331s][info][gc,start      ] GC(10897) Pause Young (Normal) (G1 Evacuation Pause)
[2026-07-26T09:59:09.018+0200][248700.331s][info][gc,task       ] GC(10897) Using 13 workers of 13 for evacuation
[2026-07-26T09:59:09.026+0200][248700.339s][info][gc,phases     ] GC(10897)   Pre Evacuate Collection Set: 0.1ms
[2026-07-26T09:59:09.026+0200][248700.339s][info][gc,phases     ] GC(10897)   Evacuate Collection Set: 4.2ms
[2026-07-26T09:59:09.026+0200][248700.339s][info][gc,phases     ] GC(10897)   Post Evacuate Collection Set: 3.5ms
[2026-07-26T09:59:09.026+0200][248700.339s][info][gc,phases     ] GC(10897)   Other: 0.3ms
[2026-07-26T09:59:09.026+0200][248700.339s][info][gc,heap       ] GC(10897) Eden regions: 549->0(554)
[2026-07-26T09:59:09.026+0200][248700.339s][info][gc,heap       ] GC(10897) Survivor regions: 8->5(70)
[2026-07-26T09:59:09.026+0200][248700.339s][info][gc,heap       ] GC(10897) Old regions: 1355->1355
[2026-07-26T09:59:09.027+0200][248700.339s][info][gc,heap       ] GC(10897) Humongous regions: 16->16
[2026-07-26T09:59:09.027+0200][248700.339s][info][gc,metaspace  ] GC(10897) Metaspace: 923191K(1393280K)->923191K(1393280K) NonClass: 814521K(1265152K)->814521K(1265152K) Class: 108670K(128128K)->108670K(128128K)
[2026-07-26T09:59:09.027+0200][248700.339s][info][gc            ] GC(10897) Pause Young (Normal) (G1 Evacuation Pause) 1927M->1375M(2159M) 8.171ms
[2026-07-26T09:59:09.027+0200][248700.339s][info][gc,cpu        ] GC(10897) User=0.05s Sys=0.00s Real=0.01s
[2026-07-26T10:01:33.965+0200][248845.277s][info][gc,start      ] GC(10898) Pause Young (Normal) (G1 Evacuation Pause)
[2026-07-26T10:01:33.965+0200][248845.277s][info][gc,task       ] GC(10898) Using 13 workers of 13 for evacuation
[2026-07-26T10:01:33.975+0200][248845.288s][info][gc,phases     ] GC(10898)   Pre Evacuate Collection Set: 0.1ms
[2026-07-26T10:01:33.975+0200][248845.288s][info][gc,phases     ] GC(10898)   Evacuate Collection Set: 6.5ms
[2026-07-26T10:01:33.975+0200][248845.288s][info][gc,phases     ] GC(10898)   Post Evacuate Collection Set: 3.3ms
[2026-07-26T10:01:33.975+0200][248845.288s][info][gc,phases     ] GC(10898)   Other: 0.3ms
[2026-07-26T10:01:33.975+0200][248845.288s][info][gc,heap       ] GC(10898) Eden regions: 554->0(553)
[2026-07-26T10:01:33.975+0200][248845.288s][info][gc,heap       ] GC(10898) Survivor regions: 5->7(70)
[2026-07-26T10:01:33.975+0200][248845.288s][info][gc,heap       ] GC(10898) Old regions: 1355->1355
[2026-07-26T10:01:33.975+0200][248845.288s][info][gc,heap       ] GC(10898) Humongous regions: 16->16
[2026-07-26T10:01:33.975+0200][248845.288s][info][gc,metaspace  ] GC(10898) Metaspace: 923191K(1393280K)->923191K(1393280K) NonClass: 814521K(1265152K)->814521K(1265152K) Class: 108670K(128128K)->108670K(128128K)
[2026-07-26T10:01:33.975+0200][248845.288s][info][gc            ] GC(10898) Pause Young (Normal) (G1 Evacuation Pause) 1929M->1377M(2159M) 10.474ms
[2026-07-26T10:01:33.975+0200][248845.288s][info][gc,cpu        ] GC(10898) User=0.06s Sys=0.00s Real=0.01s
[2026-07-26T10:01:54.891+0200][248866.204s][info][gc,start      ] GC(10899) Pause Young (Normal) (G1 Evacuation Pause)
[2026-07-26T10:01:54.891+0200][248866.204s][info][gc,task       ] GC(10899) Using 13 workers of 13 for evacuation
[2026-07-26T10:01:54.903+0200][248866.216s][info][gc,phases     ] GC(10899)   Pre Evacuate Collection Set: 0.1ms
[2026-07-26T10:01:54.904+0200][248866.216s][info][gc,phases     ] GC(10899)   Evacuate Collection Set: 8.0ms
[2026-07-26T10:01:54.904+0200][248866.216s][info][gc,phases     ] GC(10899)   Post Evacuate Collection Set: 3.9ms
[2026-07-26T10:01:54.904+0200][248866.216s][info][gc,phases     ] GC(10899)   Other: 0.3ms
[2026-07-26T10:01:54.904+0200][248866.216s][info][gc,heap       ] GC(10899) Eden regions: 553->0(545)
[2026-07-26T10:01:54.904+0200][248866.216s][info][gc,heap       ] GC(10899) Survivor regions: 7->11(70)
[2026-07-26T10:01:54.904+0200][248866.216s][info][gc,heap       ] GC(10899) Old regions: 1355->1355
[2026-07-26T10:01:54.904+0200][248866.216s][info][gc,heap       ] GC(10899) Humongous regions: 16->16
[2026-07-26T10:01:54.904+0200][248866.216s][info][gc,metaspace  ] GC(10899) Metaspace: 923191K(1393280K)->923191K(1393280K) NonClass: 814521K(1265152K)->814521K(1265152K) Class: 108670K(128128K)->108670K(128128K)
[2026-07-26T10:01:54.904+0200][248866.216s][info][gc            ] GC(10899) Pause Young (Normal) (G1 Evacuation Pause) 1930M->1381M(2159M) 12.479ms
[2026-07-26T10:01:54.904+0200][248866.216s][info][gc,cpu        ] GC(10899) User=0.11s Sys=0.00s Real=0.02s
[2026-07-26T10:01:55.599+0200][248866.912s][info][gc,start      ] GC(10900) Pause Young (Normal) (G1 Evacuation Pause)
[2026-07-26T10:01:55.599+0200][248866.912s][info][gc,task       ] GC(10900) Using 13 workers of 13 for evacuation
[2026-07-26T10:01:55.610+0200][248866.923s][info][gc,phases     ] GC(10900)   Pre Evacuate Collection Set: 0.1ms
[2026-07-26T10:01:55.610+0200][248866.923s][info][gc,phases     ] GC(10900)   Evacuate Collection Set: 7.7ms
[2026-07-26T10:01:55.610+0200][248866.923s][info][gc,phases     ] GC(10900)   Post Evacuate Collection Set: 3.3ms
[2026-07-26T10:01:55.610+0200][248866.923s][info][gc,phases     ] GC(10900)   Other: 0.3ms
[2026-07-26T10:01:55.610+0200][248866.923s][info][gc,heap       ] GC(10900) Eden regions: 545->0(542)
[2026-07-26T10:01:55.611+0200][248866.923s][info][gc,heap       ] GC(10900) Survivor regions: 11->11(70)
[2026-07-26T10:01:55.611+0200][248866.923s][info][gc,heap       ] GC(10900) Old regions: 1355->1356
[2026-07-26T10:01:55.611+0200][248866.923s][info][gc,heap       ] GC(10900) Humongous regions: 16->16
[2026-07-26T10:01:55.611+0200][248866.923s][info][gc,metaspace  ] GC(10900) Metaspace: 923191K(1393280K)->923191K(1393280K) NonClass: 814521K(1265152K)->814521K(1265152K) Class: 108670K(128128K)->108670K(128128K)
[2026-07-26T10:01:55.611+0200][248866.923s][info][gc            ] GC(10900) Pause Young (Normal) (G1 Evacuation Pause) 1926M->1382M(2159M) 11.540ms
[2026-07-26T10:01:55.611+0200][248866.923s][info][gc,cpu        ] GC(10900) User=0.10s Sys=0.00s Real=0.01s
[2026-07-26T10:01:56.159+0200][248867.471s][info][gc,start      ] GC(10901) Pause Young (Normal) (G1 Evacuation Pause)
[2026-07-26T10:01:56.159+0200][248867.471s][info][gc,task       ] GC(10901) Using 13 workers of 13 for evacuation
[2026-07-26T10:01:56.169+0200][248867.482s][info][gc,phases     ] GC(10901)   Pre Evacuate Collection Set: 0.1ms
[2026-07-26T10:01:56.169+0200][248867.482s][info][gc,phases     ] GC(10901)   Evacuate Collection Set: 7.1ms
[2026-07-26T10:01:56.169+0200][248867.482s][info][gc,phases     ] GC(10901)   Post Evacuate Collection Set: 3.2ms
[2026-07-26T10:01:56.169+0200][248867.482s][info][gc,phases     ] GC(10901)   Other: 0.4ms
[2026-07-26T10:01:56.169+0200][248867.482s][info][gc,heap       ] GC(10901) Eden regions: 542->0(542)
[2026-07-26T10:01:56.169+0200][248867.482s][info][gc,heap       ] GC(10901) Survivor regions: 11->10(70)
[2026-07-26T10:01:56.169+0200][248867.482s][info][gc,heap       ] GC(10901) Old regions: 1356->1358
[2026-07-26T10:01:56.169+0200][248867.482s][info][gc,heap       ] GC(10901) Humongous regions: 16->16
[2026-07-26T10:01:56.169+0200][248867.482s][info][gc,metaspace  ] GC(10901) Metaspace: 923191K(1393280K)->923191K(1393280K) NonClass: 814521K(1265152K)->814521K(1265152K) Class: 108670K(128128K)->108670K(128128K)
[2026-07-26T10:01:56.169+0200][248867.482s][info][gc            ] GC(10901) Pause Young (Normal) (G1 Evacuation Pause) 1924M->1382M(2159M) 10.916ms
[2026-07-26T10:01:56.169+0200][248867.482s][info][gc,cpu        ] GC(10901) User=0.09s Sys=0.00s Real=0.01s
[2026-07-26T10:02:05.179+0200][248876.492s][info][gc,start      ] GC(10902) Pause Young (Normal) (G1 Evacuation Pause)
[2026-07-26T10:02:05.179+0200][248876.492s][info][gc,task       ] GC(10902) Using 13 workers of 13 for evacuation
[2026-07-26T10:02:05.193+0200][248876.506s][info][gc,phases     ] GC(10902)   Pre Evacuate Collection Set: 0.2ms
[2026-07-26T10:02:05.193+0200][248876.506s][info][gc,phases     ] GC(10902)   Evacuate Collection Set: 7.7ms
[2026-07-26T10:02:05.193+0200][248876.506s][info][gc,phases     ] GC(10902)   Post Evacuate Collection Set: 5.7ms
[2026-07-26T10:02:05.193+0200][248876.506s][info][gc,phases     ] GC(10902)   Other: 0.6ms
[2026-07-26T10:02:05.193+0200][248876.506s][info][gc,heap       ] GC(10902) Eden regions: 542->0(536)
[2026-07-26T10:02:05.193+0200][248876.506s][info][gc,heap       ] GC(10902) Survivor regions: 10->10(69)
[2026-07-26T10:02:05.194+0200][248876.506s][info][gc,heap       ] GC(10902) Old regions: 1358->1359
[2026-07-26T10:02:05.194+0200][248876.506s][info][gc,heap       ] GC(10902) Humongous regions: 16->16
[2026-07-26T10:02:05.194+0200][248876.506s][info][gc,metaspace  ] GC(10902) Metaspace: 923191K(1393280K)->923191K(1393280K) NonClass: 814521K(1265152K)->814521K(1265152K) Class: 108670K(128128K)->108670K(128128K)
[2026-07-26T10:02:05.194+0200][248876.506s][info][gc            ] GC(10902) Pause Young (Normal) (G1 Evacuation Pause) 1924M->1384M(2159M) 14.389ms
[2026-07-26T10:02:05.194+0200][248876.506s][info][gc,cpu        ] GC(10902) User=0.10s Sys=0.00s Real=0.02s
[2026-07-26T10:02:06.168+0200][248877.481s][info][gc,start      ] GC(10903) Pause Young (Normal) (G1 Evacuation Pause)
[2026-07-26T10:02:06.169+0200][248877.481s][info][gc,task       ] GC(10903) Using 13 workers of 13 for evacuation
[2026-07-26T10:02:06.179+0200][248877.491s][info][gc,phases     ] GC(10903)   Pre Evacuate Collection Set: 0.1ms
[2026-07-26T10:02:06.179+0200][248877.491s][info][gc,phases     ] GC(10903)   Evacuate Collection Set: 6.7ms
[2026-07-26T10:02:06.179+0200][248877.491s][info][gc,phases     ] GC(10903)   Post Evacuate Collection Set: 3.0ms
[2026-07-26T10:02:06.179+0200][248877.491s][info][gc,phases     ] GC(10903)   Other: 0.3ms
[2026-07-26T10:02:06.179+0200][248877.491s][info][gc,heap       ] GC(10903) Eden regions: 536->0(536)
[2026-07-26T10:02:06.179+0200][248877.491s][info][gc,heap       ] GC(10903) Survivor regions: 10->9(69)
[2026-07-26T10:02:06.179+0200][248877.491s][info][gc,heap       ] GC(10903) Old regions: 1359->1359
[2026-07-26T10:02:06.179+0200][248877.491s][info][gc,heap       ] GC(10903) Humongous regions: 16->16
[2026-07-26T10:02:06.179+0200][248877.491s][info][gc,metaspace  ] GC(10903) Metaspace: 923191K(1393280K)->923191K(1393280K) NonClass: 814521K(1265152K)->814521K(1265152K) Class: 108670K(128128K)->108670K(128128K)
[2026-07-26T10:02:06.179+0200][248877.491s][info][gc            ] GC(10903) Pause Young (Normal) (G1 Evacuation Pause) 1920M->1383M(2159M) 10.241ms
[2026-07-26T10:02:06.179+0200][248877.491s][info][gc,cpu        ] GC(10903) User=0.08s Sys=0.00s Real=0.01s
[2026-07-26T10:02:06.658+0200][248877.970s][info][gc,start      ] GC(10904) Pause Young (Normal) (G1 Evacuation Pause)
[2026-07-26T10:02:06.658+0200][248877.971s][info][gc,task       ] GC(10904) Using 13 workers of 13 for evacuation
[2026-07-26T10:02:06.669+0200][248877.982s][info][gc,phases     ] GC(10904)   Pre Evacuate Collection Set: 0.2ms
[2026-07-26T10:02:06.669+0200][248877.982s][info][gc,phases     ] GC(10904)   Evacuate Collection Set: 6.0ms
[2026-07-26T10:02:06.669+0200][248877.982s][info][gc,phases     ] GC(10904)   Post Evacuate Collection Set: 4.5ms
[2026-07-26T10:02:06.669+0200][248877.982s][info][gc,phases     ] GC(10904)   Other: 0.6ms
[2026-07-26T10:02:06.669+0200][248877.982s][info][gc,heap       ] GC(10904) Eden regions: 536->0(539)
[2026-07-26T10:02:06.669+0200][248877.982s][info][gc,heap       ] GC(10904) Survivor regions: 9->8(69)
[2026-07-26T10:02:06.669+0200][248877.982s][info][gc,heap       ] GC(10904) Old regions: 1359->1359
[2026-07-26T10:02:06.669+0200][248877.982s][info][gc,heap       ] GC(10904) Humongous regions: 16->16
[2026-07-26T10:02:06.669+0200][248877.982s][info][gc,metaspace  ] GC(10904) Metaspace: 923191K(1393280K)->923191K(1393280K) NonClass: 814521K(1265152K)->814521K(1265152K) Class: 108670K(128128K)->108670K(128128K)
[2026-07-26T10:02:06.669+0200][248877.982s][info][gc            ] GC(10904) Pause Young (Normal) (G1 Evacuation Pause) 1919M->1381M(2159M) 11.387ms
[2026-07-26T10:02:06.669+0200][248877.982s][info][gc,cpu        ] GC(10904) User=0.08s Sys=0.00s Real=0.01s
[2026-07-26T10:02:07.277+0200][248878.590s][info][gc,start      ] GC(10905) Pause Young (Normal) (G1 Evacuation Pause)
[2026-07-26T10:02:07.277+0200][248878.590s][info][gc,task       ] GC(10905) Using 13 workers of 13 for evacuation
[2026-07-26T10:02:07.288+0200][248878.601s][info][gc,phases     ] GC(10905)   Pre Evacuate Collection Set: 0.1ms
[2026-07-26T10:02:07.288+0200][248878.601s][info][gc,phases     ] GC(10905)   Evacuate Collection Set: 7.3ms
[2026-07-26T10:02:07.288+0200][248878.601s][info][gc,phases     ] GC(10905)   Post Evacuate Collection Set: 3.1ms
[2026-07-26T10:02:07.288+0200][248878.601s][info][gc,phases     ] GC(10905)   Other: 0.3ms
[2026-07-26T10:02:07.288+0200][248878.601s][info][gc,heap       ] GC(10905) Eden regions: 539->0(538)
[2026-07-26T10:02:07.288+0200][248878.601s][info][gc,heap       ] GC(10905) Survivor regions: 8->11(69)
[2026-07-26T10:02:07.288+0200][248878.601s][info][gc,heap       ] GC(10905) Old regions: 1359->1359
[2026-07-26T10:02:07.288+0200][248878.601s][info][gc,heap       ] GC(10905) Humongous regions: 16->16
[2026-07-26T10:02:07.288+0200][248878.601s][info][gc,metaspace  ] GC(10905) Metaspace: 923191K(1393280K)->923191K(1393280K) NonClass: 814521K(1265152K)->814521K(1265152K) Class: 108670K(128128K)->108670K(128128K)
[2026-07-26T10:02:07.288+0200][248878.601s][info][gc            ] GC(10905) Pause Young (Normal) (G1 Evacuation Pause) 1920M->1384M(2159M) 10.997ms
[2026-07-26T10:02:07.288+0200][248878.601s][info][gc,cpu        ] GC(10905) User=0.09s Sys=0.00s Real=0.01s
[2026-07-26T10:02:34.340+0200][248905.652s][info][gc,start      ] GC(10906) Pause Young (Normal) (G1 Evacuation Pause)
[2026-07-26T10:02:34.340+0200][248905.653s][info][gc,task       ] GC(10906) Using 13 workers of 13 for evacuation
[2026-07-26T10:02:34.350+0200][248905.663s][info][gc,phases     ] GC(10906)   Pre Evacuate Collection Set: 0.1ms
[2026-07-26T10:02:34.350+0200][248905.663s][info][gc,phases     ] GC(10906)   Evacuate Collection Set: 6.8ms
[2026-07-26T10:02:34.350+0200][248905.663s][info][gc,phases     ] GC(10906)   Post Evacuate Collection Set: 2.9ms
[2026-07-26T10:02:34.350+0200][248905.663s][info][gc,phases     ] GC(10906)   Other: 0.3ms
[2026-07-26T10:02:34.350+0200][248905.663s][info][gc,heap       ] GC(10906) Eden regions: 538->0(535)
[2026-07-26T10:02:34.350+0200][248905.663s][info][gc,heap       ] GC(10906) Survivor regions: 11->10(69)
[2026-07-26T10:02:34.350+0200][248905.663s][info][gc,heap       ] GC(10906) Old regions: 1359->1359
[2026-07-26T10:02:34.350+0200][248905.663s][info][gc,heap       ] GC(10906) Humongous regions: 16->16
[2026-07-26T10:02:34.350+0200][248905.663s][info][gc,metaspace  ] GC(10906) Metaspace: 923191K(1393280K)->923191K(1393280K) NonClass: 814521K(1265152K)->814521K(1265152K) Class: 108670K(128128K)->108670K(128128K)
[2026-07-26T10:02:34.350+0200][248905.663s][info][gc            ] GC(10906) Pause Young (Normal) (G1 Evacuation Pause) 1922M->1383M(2159M) 10.286ms
[2026-07-26T10:02:34.350+0200][248905.663s][info][gc,cpu        ] GC(10906) User=0.09s Sys=0.00s Real=0.01s
[2026-07-26T10:02:34.994+0200][248906.307s][info][gc,start      ] GC(10907) Pause Young (Normal) (G1 Evacuation Pause)
[2026-07-26T10:02:34.995+0200][248906.307s][info][gc,task       ] GC(10907) Using 13 workers of 13 for evacuation
[2026-07-26T10:02:35.006+0200][248906.318s][info][gc,phases     ] GC(10907)   Pre Evacuate Collection Set: 0.1ms
[2026-07-26T10:02:35.006+0200][248906.318s][info][gc,phases     ] GC(10907)   Evacuate Collection Set: 7.3ms
[2026-07-26T10:02:35.006+0200][248906.318s][info][gc,phases     ] GC(10907)   Post Evacuate Collection Set: 3.4ms
[2026-07-26T10:02:35.006+0200][248906.318s][info][gc,phases     ] GC(10907)   Other: 0.3ms
[2026-07-26T10:02:35.006+0200][248906.318s][info][gc,heap       ] GC(10907) Eden regions: 535->0(534)
[2026-07-26T10:02:35.006+0200][248906.318s][info][gc,heap       ] GC(10907) Survivor regions: 10->10(69)
[2026-07-26T10:02:35.006+0200][248906.318s][info][gc,heap       ] GC(10907) Old regions: 1359->1359
[2026-07-26T10:02:35.006+0200][248906.318s][info][gc,heap       ] GC(10907) Humongous regions: 16->16
[2026-07-26T10:02:35.006+0200][248906.318s][info][gc,metaspace  ] GC(10907) Metaspace: 923191K(1393280K)->923191K(1393280K) NonClass: 814521K(1265152K)->814521K(1265152K) Class: 108670K(128128K)->108670K(128128K)
[2026-07-26T10:02:35.006+0200][248906.318s][info][gc            ] GC(10907) Pause Young (Normal) (G1 Evacuation Pause) 1918M->1383M(2159M) 11.273ms
[2026-07-26T10:02:35.006+0200][248906.318s][info][gc,cpu        ] GC(10907) User=0.09s Sys=0.00s Real=0.01s
[2026-07-26T10:02:35.620+0200][248906.933s][info][gc,start      ] GC(10908) Pause Young (Normal) (G1 Evacuation Pause)
[2026-07-26T10:02:35.620+0200][248906.933s][info][gc,task       ] GC(10908) Using 13 workers of 13 for evacuation
[2026-07-26T10:02:35.630+0200][248906.942s][info][gc,phases     ] GC(10908)   Pre Evacuate Collection Set: 0.1ms
[2026-07-26T10:02:35.630+0200][248906.943s][info][gc,phases     ] GC(10908)   Evacuate Collection Set: 5.8ms
[2026-07-26T10:02:35.630+0200][248906.943s][info][gc,phases     ] GC(10908)   Post Evacuate Collection Set: 3.8ms
[2026-07-26T10:02:35.630+0200][248906.943s][info][gc,phases     ] GC(10908)   Other: 0.3ms
[2026-07-26T10:02:35.630+0200][248906.943s][info][gc,heap       ] GC(10908) Eden regions: 534->0(536)
[2026-07-26T10:02:35.630+0200][248906.943s][info][gc,heap       ] GC(10908) Survivor regions: 10->8(68)
[2026-07-26T10:02:35.630+0200][248906.943s][info][gc,heap       ] GC(10908) Old regions: 1359->1359
[2026-07-26T10:02:35.630+0200][248906.943s][info][gc,heap       ] GC(10908) Humongous regions: 16->16
[2026-07-26T10:02:35.630+0200][248906.943s][info][gc,metaspace  ] GC(10908) Metaspace: 923191K(1393280K)->923191K(1393280K) NonClass: 814521K(1265152K)->814521K(1265152K) Class: 108670K(128128K)->108670K(128128K)
[2026-07-26T10:02:35.630+0200][248906.943s][info][gc            ] GC(10908) Pause Young (Normal) (G1 Evacuation Pause) 1917M->1382M(2159M) 10.201ms
[2026-07-26T10:02:35.630+0200][248906.943s][info][gc,cpu        ] GC(10908) User=0.07s Sys=0.00s Real=0.01s
[2026-07-26T10:02:36.113+0200][248907.426s][info][gc,start      ] GC(10909) Pause Young (Normal) (G1 Evacuation Pause)
[2026-07-26T10:02:36.113+0200][248907.426s][info][gc,task       ] GC(10909) Using 13 workers of 13 for evacuation
[2026-07-26T10:02:36.122+0200][248907.434s][info][gc,phases     ] GC(10909)   Pre Evacuate Collection Set: 0.1ms
[2026-07-26T10:02:36.122+0200][248907.434s][info][gc,phases     ] GC(10909)   Evacuate Collection Set: 5.3ms
[2026-07-26T10:02:36.122+0200][248907.434s][info][gc,phases     ] GC(10909)   Post Evacuate Collection Set: 2.7ms
[2026-07-26T10:02:36.122+0200][248907.434s][info][gc,phases     ] GC(10909)   Other: 0.3ms
[2026-07-26T10:02:36.122+0200][248907.434s][info][gc,heap       ] GC(10909) Eden regions: 536->0(539)
[2026-07-26T10:02:36.122+0200][248907.434s][info][gc,heap       ] GC(10909) Survivor regions: 8->8(68)
[2026-07-26T10:02:36.122+0200][248907.434s][info][gc,heap       ] GC(10909) Old regions: 1359->1359
[2026-07-26T10:02:36.122+0200][248907.434s][info][gc,heap       ] GC(10909) Humongous regions: 16->16
[2026-07-26T10:02:36.122+0200][248907.434s][info][gc,metaspace  ] GC(10909) Metaspace: 923191K(1393280K)->923191K(1393280K) NonClass: 814521K(1265152K)->814521K(1265152K) Class: 108670K(128128K)->108670K(128128K)
[2026-07-26T10:02:36.122+0200][248907.434s][info][gc            ] GC(10909) Pause Young (Normal) (G1 Evacuation Pause) 1918M->1382M(2159M) 8.596ms
[2026-07-26T10:02:36.122+0200][248907.434s][info][gc,cpu        ] GC(10909) User=0.06s Sys=0.01s Real=0.00s
[2026-07-26T10:03:02.010+0200][248933.323s][info][gc,start      ] GC(10910) Pause Young (Normal) (G1 Evacuation Pause)
[2026-07-26T10:03:02.010+0200][248933.323s][info][gc,task       ] GC(10910) Using 13 workers of 13 for evacuation
[2026-07-26T10:03:02.018+0200][248933.331s][info][gc,phases     ] GC(10910)   Pre Evacuate Collection Set: 0.1ms
[2026-07-26T10:03:02.018+0200][248933.331s][info][gc,phases     ] GC(10910)   Evacuate Collection Set: 4.6ms
[2026-07-26T10:03:02.018+0200][248933.331s][info][gc,phases     ] GC(10910)   Post Evacuate Collection Set: 2.9ms
[2026-07-26T10:03:02.018+0200][248933.331s][info][gc,phases     ] GC(10910)   Other: 0.4ms
[2026-07-26T10:03:02.018+0200][248933.331s][info][gc,heap       ] GC(10910) Eden regions: 539->0(541)
[2026-07-26T10:03:02.018+0200][248933.331s][info][gc,heap       ] GC(10910) Survivor regions: 8->6(69)
[2026-07-26T10:03:02.018+0200][248933.331s][info][gc,heap       ] GC(10910) Old regions: 1359->1359
[2026-07-26T10:03:02.018+0200][248933.331s][info][gc,heap       ] GC(10910) Humongous regions: 16->16
[2026-07-26T10:03:02.018+0200][248933.331s][info][gc,metaspace  ] GC(10910) Metaspace: 923191K(1393280K)->923191K(1393280K) NonClass: 814521K(1265152K)->814521K(1265152K) Class: 108670K(128128K)->108670K(128128K)
[2026-07-26T10:03:02.018+0200][248933.331s][info][gc            ] GC(10910) Pause Young (Normal) (G1 Evacuation Pause) 1921M->1379M(2159M) 8.235ms
[2026-07-26T10:03:02.018+0200][248933.331s][info][gc,cpu        ] GC(10910) User=0.06s Sys=0.00s Real=0.01s
[2026-07-26T10:03:02.610+0200][248933.922s][info][gc,start      ] GC(10911) Pause Young (Normal) (G1 Evacuation Pause)
[2026-07-26T10:03:02.610+0200][248933.922s][info][gc,task       ] GC(10911) Using 13 workers of 13 for evacuation
[2026-07-26T10:03:02.617+0200][248933.930s][info][gc,phases     ] GC(10911)   Pre Evacuate Collection Set: 0.1ms
[2026-07-26T10:03:02.617+0200][248933.930s][info][gc,phases     ] GC(10911)   Evacuate Collection Set: 4.4ms
[2026-07-26T10:03:02.617+0200][248933.930s][info][gc,phases     ] GC(10911)   Post Evacuate Collection Set: 2.9ms
[2026-07-26T10:03:02.617+0200][248933.930s][info][gc,phases     ] GC(10911)   Other: 0.3ms
[2026-07-26T10:03:02.617+0200][248933.930s][info][gc,heap       ] GC(10911) Eden regions: 541->0(544)
[2026-07-26T10:03:02.618+0200][248933.930s][info][gc,heap       ] GC(10911) Survivor regions: 6->5(69)
[2026-07-26T10:03:02.618+0200][248933.930s][info][gc,heap       ] GC(10911) Old regions: 1359->1359
[2026-07-26T10:03:02.618+0200][248933.930s][info][gc,heap       ] GC(10911) Humongous regions: 16->16
[2026-07-26T10:03:02.618+0200][248933.930s][info][gc,metaspace  ] GC(10911) Metaspace: 923191K(1393280K)->923191K(1393280K) NonClass: 814521K(1265152K)->814521K(1265152K) Class: 108670K(128128K)->108670K(128128K)
[2026-07-26T10:03:02.618+0200][248933.930s][info][gc            ] GC(10911) Pause Young (Normal) (G1 Evacuation Pause) 1920M->1379M(2159M) 7.796ms
[2026-07-26T10:03:02.618+0200][248933.930s][info][gc,cpu        ] GC(10911) User=0.06s Sys=0.00s Real=0.01s
[2026-07-26T10:03:05.618+0200][248936.931s][info][gc,start      ] GC(10912) Pause Young (Normal) (G1 Evacuation Pause)
[2026-07-26T10:03:05.618+0200][248936.931s][info][gc,task       ] GC(10912) Using 13 workers of 13 for evacuation
[2026-07-26T10:03:05.626+0200][248936.939s][info][gc,phases     ] GC(10912)   Pre Evacuate Collection Set: 0.1ms
[2026-07-26T10:03:05.626+0200][248936.939s][info][gc,phases     ] GC(10912)   Evacuate Collection Set: 4.7ms
[2026-07-26T10:03:05.626+0200][248936.939s][info][gc,phases     ] GC(10912)   Post Evacuate Collection Set: 3.0ms
[2026-07-26T10:03:05.626+0200][248936.939s][info][gc,phases     ] GC(10912)   Other: 0.3ms
[2026-07-26T10:03:05.626+0200][248936.939s][info][gc,heap       ] GC(10912) Eden regions: 544->0(542)
[2026-07-26T10:03:05.626+0200][248936.939s][info][gc,heap       ] GC(10912) Survivor regions: 5->6(69)
[2026-07-26T10:03:05.626+0200][248936.939s][info][gc,heap       ] GC(10912) Old regions: 1359->1359
[2026-07-26T10:03:05.626+0200][248936.939s][info][gc,heap       ] GC(10912) Humongous regions: 16->16
[2026-07-26T10:03:05.626+0200][248936.939s][info][gc,metaspace  ] GC(10912) Metaspace: 923191K(1393280K)->923191K(1393280K) NonClass: 814521K(1265152K)->814521K(1265152K) Class: 108670K(128128K)->108670K(128128K)
[2026-07-26T10:03:05.626+0200][248936.939s][info][gc            ] GC(10912) Pause Young (Normal) (G1 Evacuation Pause) 1923M->1379M(2159M) 8.220ms
[2026-07-26T10:03:05.626+0200][248936.939s][info][gc,cpu        ] GC(10912) User=0.06s Sys=0.00s Real=0.01s
[2026-07-26T10:03:32.234+0200][248963.546s][info][gc,start      ] GC(10913) Pause Young (Normal) (G1 Evacuation Pause)
[2026-07-26T10:03:32.234+0200][248963.546s][info][gc,task       ] GC(10913) Using 13 workers of 13 for evacuation
[2026-07-26T10:03:32.241+0200][248963.554s][info][gc,phases     ] GC(10913)   Pre Evacuate Collection Set: 0.1ms
[2026-07-26T10:03:32.241+0200][248963.554s][info][gc,phases     ] GC(10913)   Evacuate Collection Set: 4.1ms
[2026-07-26T10:03:32.241+0200][248963.554s][info][gc,phases     ] GC(10913)   Post Evacuate Collection Set: 2.8ms
[2026-07-26T10:03:32.241+0200][248963.554s][info][gc,phases     ] GC(10913)   Other: 0.3ms
[2026-07-26T10:03:32.241+0200][248963.554s][info][gc,heap       ] GC(10913) Eden regions: 542->0(549)
[2026-07-26T10:03:32.241+0200][248963.554s][info][gc,heap       ] GC(10913) Survivor regions: 6->2(69)
[2026-07-26T10:03:32.241+0200][248963.554s][info][gc,heap       ] GC(10913) Old regions: 1359->1359
[2026-07-26T10:03:32.241+0200][248963.554s][info][gc,heap       ] GC(10913) Humongous regions: 16->16
[2026-07-26T10:03:32.241+0200][248963.554s][info][gc,metaspace  ] GC(10913) Metaspace: 923191K(1393280K)->923191K(1393280K) NonClass: 814521K(1265152K)->814521K(1265152K) Class: 108670K(128128K)->108670K(128128K)
[2026-07-26T10:03:32.241+0200][248963.554s][info][gc            ] GC(10913) Pause Young (Normal) (G1 Evacuation Pause) 1921M->1375M(2159M) 7.442ms
[2026-07-26T10:03:32.241+0200][248963.554s][info][gc,cpu        ] GC(10913) User=0.04s Sys=0.00s Real=0.00s
[2026-07-26T10:06:36.625+0200][249147.937s][info][gc,start      ] GC(10914) Pause Young (Normal) (G1 Evacuation Pause)
[2026-07-26T10:06:36.625+0200][249147.937s][info][gc,task       ] GC(10914) Using 13 workers of 13 for evacuation
[2026-07-26T10:06:36.633+0200][249147.946s][info][gc,phases     ] GC(10914)   Pre Evacuate Collection Set: 0.1ms
[2026-07-26T10:06:36.633+0200][249147.946s][info][gc,phases     ] GC(10914)   Evacuate Collection Set: 4.6ms
[2026-07-26T10:06:36.633+0200][249147.946s][info][gc,phases     ] GC(10914)   Post Evacuate Collection Set: 3.5ms
[2026-07-26T10:06:36.633+0200][249147.946s][info][gc,phases     ] GC(10914)   Other: 0.4ms
[2026-07-26T10:06:36.633+0200][249147.946s][info][gc,heap       ] GC(10914) Eden regions: 549->0(544)
[2026-07-26T10:06:36.633+0200][249147.946s][info][gc,heap       ] GC(10914) Survivor regions: 2->6(69)
[2026-07-26T10:06:36.633+0200][249147.946s][info][gc,heap       ] GC(10914) Old regions: 1359->1359
[2026-07-26T10:06:36.633+0200][249147.946s][info][gc,heap       ] GC(10914) Humongous regions: 16->16
[2026-07-26T10:06:36.633+0200][249147.946s][info][gc,metaspace  ] GC(10914) Metaspace: 923191K(1393280K)->923191K(1393280K) NonClass: 814521K(1265152K)->814521K(1265152K) Class: 108670K(128128K)->108670K(128128K)
[2026-07-26T10:06:36.633+0200][249147.946s][info][gc            ] GC(10914) Pause Young (Normal) (G1 Evacuation Pause) 1924M->1380M(2159M) 8.846ms
[2026-07-26T10:06:36.633+0200][249147.946s][info][gc,cpu        ] GC(10914) User=0.06s Sys=0.00s Real=0.01s
[2026-07-26T10:06:37.345+0200][249148.657s][info][gc,start      ] GC(10915) Pause Young (Normal) (G1 Evacuation Pause)
[2026-07-26T10:06:37.345+0200][249148.657s][info][gc,task       ] GC(10915) Using 13 workers of 13 for evacuation
[2026-07-26T10:06:37.353+0200][249148.666s][info][gc,phases     ] GC(10915)   Pre Evacuate Collection Set: 0.1ms
[2026-07-26T10:06:37.353+0200][249148.666s][info][gc,phases     ] GC(10915)   Evacuate Collection Set: 4.6ms
[2026-07-26T10:06:37.353+0200][249148.666s][info][gc,phases     ] GC(10915)   Post Evacuate Collection Set: 3.4ms
[2026-07-26T10:06:37.353+0200][249148.666s][info][gc,phases     ] GC(10915)   Other: 0.3ms
[2026-07-26T10:06:37.353+0200][249148.666s][info][gc,heap       ] GC(10915) Eden regions: 544->0(544)
[2026-07-26T10:06:37.353+0200][249148.666s][info][gc,heap       ] GC(10915) Survivor regions: 6->6(69)
[2026-07-26T10:06:37.353+0200][249148.666s][info][gc,heap       ] GC(10915) Old regions: 1359->1359
[2026-07-26T10:06:37.353+0200][249148.666s][info][gc,heap       ] GC(10915) Humongous regions: 16->16
[2026-07-26T10:06:37.353+0200][249148.666s][info][gc,metaspace  ] GC(10915) Metaspace: 923191K(1393280K)->923191K(1393280K) NonClass: 814521K(1265152K)->814521K(1265152K) Class: 108670K(128128K)->108670K(128128K)
[2026-07-26T10:06:37.353+0200][249148.666s][info][gc            ] GC(10915) Pause Young (Normal) (G1 Evacuation Pause) 1924M->1380M(2159M) 8.592ms
[2026-07-26T10:06:37.353+0200][249148.666s][info][gc,cpu        ] GC(10915) User=0.06s Sys=0.00s Real=0.01s
[2026-07-26T10:10:00.495+0200][249351.808s][info][gc,start      ] GC(10916) Pause Young (Normal) (G1 Evacuation Pause)
[2026-07-26T10:10:00.495+0200][249351.808s][info][gc,task       ] GC(10916) Using 13 workers of 13 for evacuation
[2026-07-26T10:10:00.505+0200][249351.817s][info][gc,phases     ] GC(10916)   Pre Evacuate Collection Set: 0.1ms
[2026-07-26T10:10:00.505+0200][249351.818s][info][gc,phases     ] GC(10916)   Evacuate Collection Set: 5.4ms
[2026-07-26T10:10:00.505+0200][249351.818s][info][gc,phases     ] GC(10916)   Post Evacuate Collection Set: 3.9ms
[2026-07-26T10:10:00.505+0200][249351.818s][info][gc,phases     ] GC(10916)   Other: 0.4ms
[2026-07-26T10:10:00.505+0200][249351.818s][info][gc,heap       ] GC(10916) Eden regions: 544->0(543)
[2026-07-26T10:10:00.505+0200][249351.818s][info][gc,heap       ] GC(10916) Survivor regions: 6->6(69)
[2026-07-26T10:10:00.505+0200][249351.818s][info][gc,heap       ] GC(10916) Old regions: 1359->1359
[2026-07-26T10:10:00.505+0200][249351.818s][info][gc,heap       ] GC(10916) Humongous regions: 16->16
[2026-07-26T10:10:00.505+0200][249351.818s][info][gc,metaspace  ] GC(10916) Metaspace: 923191K(1393280K)->923191K(1393280K) NonClass: 814521K(1265152K)->814521K(1265152K) Class: 108670K(128128K)->108670K(128128K)
[2026-07-26T10:10:00.505+0200][249351.818s][info][gc            ] GC(10916) Pause Young (Normal) (G1 Evacuation Pause) 1924M->1380M(2159M) 9.976ms
[2026-07-26T10:10:00.505+0200][249351.818s][info][gc,cpu        ] GC(10916) User=0.07s Sys=0.00s Real=0.01s
[2026-07-26T10:10:01.245+0200][249352.558s][info][gc,start      ] GC(10917) Pause Young (Normal) (G1 Evacuation Pause)
[2026-07-26T10:10:01.245+0200][249352.558s][info][gc,task       ] GC(10917) Using 13 workers of 13 for evacuation
[2026-07-26T10:10:01.254+0200][249352.567s][info][gc,phases     ] GC(10917)   Pre Evacuate Collection Set: 0.1ms
[2026-07-26T10:10:01.254+0200][249352.567s][info][gc,phases     ] GC(10917)   Evacuate Collection Set: 4.7ms
[2026-07-26T10:10:01.254+0200][249352.567s][info][gc,phases     ] GC(10917)   Post Evacuate Collection Set: 3.7ms
[2026-07-26T10:10:01.254+0200][249352.567s][info][gc,phases     ] GC(10917)   Other: 0.3ms
[2026-07-26T10:10:01.254+0200][249352.567s][info][gc,heap       ] GC(10917) Eden regions: 543->0(543)
[2026-07-26T10:10:01.254+0200][249352.567s][info][gc,heap       ] GC(10917) Survivor regions: 6->6(69)
[2026-07-26T10:10:01.254+0200][249352.567s][info][gc,heap       ] GC(10917) Old regions: 1359->1359
[2026-07-26T10:10:01.254+0200][249352.567s][info][gc,heap       ] GC(10917) Humongous regions: 16->16
[2026-07-26T10:10:01.254+0200][249352.567s][info][gc,metaspace  ] GC(10917) Metaspace: 923191K(1393280K)->923191K(1393280K) NonClass: 814521K(1265152K)->814521K(1265152K) Class: 108670K(128128K)->108670K(128128K)
[2026-07-26T10:10:01.254+0200][249352.567s][info][gc            ] GC(10917) Pause Young (Normal) (G1 Evacuation Pause) 1923M->1380M(2159M) 8.865ms
[2026-07-26T10:10:01.254+0200][249352.567s][info][gc,cpu        ] GC(10917) User=0.06s Sys=0.01s Real=0.01s
[2026-07-26T10:10:06.887+0200][249358.199s][info][gc,start      ] GC(10918) Pause Young (Normal) (G1 Evacuation Pause)
[2026-07-26T10:10:06.887+0200][249358.199s][info][gc,task       ] GC(10918) Using 13 workers of 13 for evacuation
[2026-07-26T10:10:06.896+0200][249358.209s][info][gc,phases     ] GC(10918)   Pre Evacuate Collection Set: 0.2ms
[2026-07-26T10:10:06.897+0200][249358.209s][info][gc,phases     ] GC(10918)   Evacuate Collection Set: 5.5ms
[2026-07-26T10:10:06.897+0200][249358.209s][info][gc,phases     ] GC(10918)   Post Evacuate Collection Set: 3.6ms
[2026-07-26T10:10:06.897+0200][249358.209s][info][gc,phases     ] GC(10918)   Other: 0.6ms
[2026-07-26T10:10:06.897+0200][249358.209s][info][gc,heap       ] GC(10918) Eden regions: 543->0(542)
[2026-07-26T10:10:06.897+0200][249358.209s][info][gc,heap       ] GC(10918) Survivor regions: 6->6(69)
[2026-07-26T10:10:06.897+0200][249358.209s][info][gc,heap       ] GC(10918) Old regions: 1359->1359
[2026-07-26T10:10:06.897+0200][249358.209s][info][gc,heap       ] GC(10918) Humongous regions: 16->16
[2026-07-26T10:10:06.897+0200][249358.209s][info][gc,metaspace  ] GC(10918) Metaspace: 923191K(1393280K)->923191K(1393280K) NonClass: 814521K(1265152K)->814521K(1265152K) Class: 108670K(128128K)->108670K(128128K)
[2026-07-26T10:10:06.897+0200][249358.209s][info][gc            ] GC(10918) Pause Young (Normal) (G1 Evacuation Pause) 1923M->1379M(2159M) 10.041ms
[2026-07-26T10:10:06.897+0200][249358.209s][info][gc,cpu        ] GC(10918) User=0.05s Sys=0.00s Real=0.01s
[2026-07-26T10:10:38.455+0200][249389.767s][info][gc,start      ] GC(10919) Pause Young (Normal) (G1 Evacuation Pause)
[2026-07-26T10:10:38.455+0200][249389.767s][info][gc,task       ] GC(10919) Using 13 workers of 13 for evacuation
[2026-07-26T10:10:38.462+0200][249389.774s][info][gc,phases     ] GC(10919)   Pre Evacuate Collection Set: 0.1ms
[2026-07-26T10:10:38.462+0200][249389.774s][info][gc,phases     ] GC(10919)   Evacuate Collection Set: 3.9ms
[2026-07-26T10:10:38.462+0200][249389.774s][info][gc,phases     ] GC(10919)   Post Evacuate Collection Set: 2.8ms
[2026-07-26T10:10:38.462+0200][249389.774s][info][gc,phases     ] GC(10919)   Other: 0.4ms
[2026-07-26T10:10:38.462+0200][249389.774s][info][gc,heap       ] GC(10919) Eden regions: 542->0(546)
[2026-07-26T10:10:38.462+0200][249389.774s][info][gc,heap       ] GC(10919) Survivor regions: 6->4(69)
[2026-07-26T10:10:38.462+0200][249389.775s][info][gc,heap       ] GC(10919) Old regions: 1359->1359
[2026-07-26T10:10:38.462+0200][249389.775s][info][gc,heap       ] GC(10919) Humongous regions: 16->16
[2026-07-26T10:10:38.462+0200][249389.775s][info][gc,metaspace  ] GC(10919) Metaspace: 923191K(1393280K)->923191K(1393280K) NonClass: 814521K(1265152K)->814521K(1265152K) Class: 108670K(128128K)->108670K(128128K)
[2026-07-26T10:10:38.462+0200][249389.775s][info][gc            ] GC(10919) Pause Young (Normal) (G1 Evacuation Pause) 1921M->1377M(2159M) 7.352ms
[2026-07-26T10:10:38.462+0200][249389.775s][info][gc,cpu        ] GC(10919) User=0.05s Sys=0.00s Real=0.00s
[2026-07-26T10:11:10.195+0200][249421.507s][info][gc,start      ] GC(10920) Pause Young (Normal) (G1 Evacuation Pause)
[2026-07-26T10:11:10.195+0200][249421.507s][info][gc,task       ] GC(10920) Using 13 workers of 13 for evacuation
[2026-07-26T10:11:10.203+0200][249421.516s][info][gc,phases     ] GC(10920)   Pre Evacuate Collection Set: 0.1ms
[2026-07-26T10:11:10.204+0200][249421.516s][info][gc,phases     ] GC(10920)   Evacuate Collection Set: 5.1ms
[2026-07-26T10:11:10.204+0200][249421.516s][info][gc,phases     ] GC(10920)   Post Evacuate Collection Set: 3.2ms
[2026-07-26T10:11:10.204+0200][249421.516s][info][gc,phases     ] GC(10920)   Other: 0.4ms
[2026-07-26T10:11:10.204+0200][249421.516s][info][gc,heap       ] GC(10920) Eden regions: 546->0(545)
[2026-07-26T10:11:10.204+0200][249421.516s][info][gc,heap       ] GC(10920) Survivor regions: 4->5(69)
[2026-07-26T10:11:10.204+0200][249421.516s][info][gc,heap       ] GC(10920) Old regions: 1359->1359
[2026-07-26T10:11:10.204+0200][249421.516s][info][gc,heap       ] GC(10920) Humongous regions: 16->16
[2026-07-26T10:11:10.204+0200][249421.516s][info][gc,metaspace  ] GC(10920) Metaspace: 923191K(1393280K)->923191K(1393280K) NonClass: 814521K(1265152K)->814521K(1265152K) Class: 108670K(128128K)->108670K(128128K)
[2026-07-26T10:11:10.204+0200][249421.516s][info][gc            ] GC(10920) Pause Young (Normal) (G1 Evacuation Pause) 1923M->1379M(2159M) 8.929ms
[2026-07-26T10:11:10.204+0200][249421.516s][info][gc,cpu        ] GC(10920) User=0.06s Sys=0.01s Real=0.01s
[2026-07-26T10:11:13.288+0200][249424.601s][info][gc,start      ] GC(10921) Pause Young (Normal) (G1 Evacuation Pause)
[2026-07-26T10:11:13.288+0200][249424.601s][info][gc,task       ] GC(10921) Using 13 workers of 13 for evacuation
[2026-07-26T10:11:13.297+0200][249424.610s][info][gc,phases     ] GC(10921)   Pre Evacuate Collection Set: 0.1ms
[2026-07-26T10:11:13.297+0200][249424.610s][info][gc,phases     ] GC(10921)   Evacuate Collection Set: 4.2ms
[2026-07-26T10:11:13.297+0200][249424.610s][info][gc,phases     ] GC(10921)   Post Evacuate Collection Set: 4.3ms
[2026-07-26T10:11:13.297+0200][249424.610s][info][gc,phases     ] GC(10921)   Other: 0.3ms
[2026-07-26T10:11:13.297+0200][249424.610s][info][gc,heap       ] GC(10921) Eden regions: 545->0(548)
[2026-07-26T10:11:13.297+0200][249424.610s][info][gc,heap       ] GC(10921) Survivor regions: 5->4(69)
[2026-07-26T10:11:13.297+0200][249424.610s][info][gc,heap       ] GC(10921) Old regions: 1359->1359
[2026-07-26T10:11:13.297+0200][249424.610s][info][gc,heap       ] GC(10921) Humongous regions: 16->16
[2026-07-26T10:11:13.297+0200][249424.610s][info][gc,metaspace  ] GC(10921) Metaspace: 923191K(1393280K)->923191K(1393280K) NonClass: 814521K(1265152K)->814521K(1265152K) Class: 108670K(128128K)->108670K(128128K)
[2026-07-26T10:11:13.297+0200][249424.610s][info][gc            ] GC(10921) Pause Young (Normal) (G1 Evacuation Pause) 1924M->1377M(2159M) 8.944ms
[2026-07-26T10:11:13.297+0200][249424.610s][info][gc,cpu        ] GC(10921) User=0.07s Sys=0.00s Real=0.01s
[2026-07-26T10:11:14.066+0200][249425.379s][info][gc,start      ] GC(10922) Pause Young (Normal) (G1 Evacuation Pause)
[2026-07-26T10:11:14.066+0200][249425.379s][info][gc,task       ] GC(10922) Using 13 workers of 13 for evacuation
[2026-07-26T10:11:14.075+0200][249425.388s][info][gc,phases     ] GC(10922)   Pre Evacuate Collection Set: 0.1ms
[2026-07-26T10:11:14.075+0200][249425.388s][info][gc,phases     ] GC(10922)   Evacuate Collection Set: 5.6ms
[2026-07-26T10:11:14.075+0200][249425.388s][info][gc,phases     ] GC(10922)   Post Evacuate Collection Set: 3.2ms
[2026-07-26T10:11:14.075+0200][249425.388s][info][gc,phases     ] GC(10922)   Other: 0.3ms
[2026-07-26T10:11:14.075+0200][249425.388s][info][gc,heap       ] GC(10922) Eden regions: 548->0(543)
[2026-07-26T10:11:14.075+0200][249425.388s][info][gc,heap       ] GC(10922) Survivor regions: 4->7(69)
[2026-07-26T10:11:14.075+0200][249425.388s][info][gc,heap       ] GC(10922) Old regions: 1359->1359
[2026-07-26T10:11:14.075+0200][249425.388s][info][gc,heap       ] GC(10922) Humongous regions: 16->16
[2026-07-26T10:11:14.075+0200][249425.388s][info][gc,metaspace  ] GC(10922) Metaspace: 923191K(1393280K)->923191K(1393280K) NonClass: 814521K(1265152K)->814521K(1265152K) Class: 108670K(128128K)->108670K(128128K)
[2026-07-26T10:11:14.075+0200][249425.388s][info][gc            ] GC(10922) Pause Young (Normal) (G1 Evacuation Pause) 1925M->1381M(2159M) 9.301ms
[2026-07-26T10:11:14.075+0200][249425.388s][info][gc,cpu        ] GC(10922) User=0.07s Sys=0.00s Real=0.01s
[2026-07-26T10:11:14.674+0200][249425.986s][info][gc,start      ] GC(10923) Pause Young (Normal) (G1 Evacuation Pause)
[2026-07-26T10:11:14.674+0200][249425.986s][info][gc,task       ] GC(10923) Using 13 workers of 13 for evacuation
[2026-07-26T10:11:14.682+0200][249425.995s][info][gc,phases     ] GC(10923)   Pre Evacuate Collection Set: 0.1ms
[2026-07-26T10:11:14.682+0200][249425.995s][info][gc,phases     ] GC(10923)   Evacuate Collection Set: 4.9ms
[2026-07-26T10:11:14.682+0200][249425.995s][info][gc,phases     ] GC(10923)   Post Evacuate Collection Set: 3.1ms
[2026-07-26T10:11:14.682+0200][249425.995s][info][gc,phases     ] GC(10923)   Other: 0.4ms
[2026-07-26T10:11:14.682+0200][249425.995s][info][gc,heap       ] GC(10923) Eden regions: 543->0(543)
[2026-07-26T10:11:14.682+0200][249425.995s][info][gc,heap       ] GC(10923) Survivor regions: 7->6(69)
[2026-07-26T10:11:14.682+0200][249425.995s][info][gc,heap       ] GC(10923) Old regions: 1359->1359
[2026-07-26T10:11:14.682+0200][249425.995s][info][gc,heap       ] GC(10923) Humongous regions: 16->16
[2026-07-26T10:11:14.682+0200][249425.995s][info][gc,metaspace  ] GC(10923) Metaspace: 923191K(1393280K)->923191K(1393280K) NonClass: 814521K(1265152K)->814521K(1265152K) Class: 108670K(128128K)->108670K(128128K)
[2026-07-26T10:11:14.682+0200][249425.995s][info][gc            ] GC(10923) Pause Young (Normal) (G1 Evacuation Pause) 1924M->1380M(2159M) 8.611ms
[2026-07-26T10:11:14.682+0200][249425.995s][info][gc,cpu        ] GC(10923) User=0.06s Sys=0.01s Real=0.00s
[2026-07-26T10:11:20.919+0200][249432.232s][info][gc,start      ] GC(10924) Pause Young (Normal) (G1 Evacuation Pause)
[2026-07-26T10:11:20.919+0200][249432.232s][info][gc,task       ] GC(10924) Using 13 workers of 13 for evacuation
[2026-07-26T10:11:20.930+0200][249432.243s][info][gc,phases     ] GC(10924)   Pre Evacuate Collection Set: 0.1ms
[2026-07-26T10:11:20.930+0200][249432.243s][info][gc,phases     ] GC(10924)   Evacuate Collection Set: 5.9ms
[2026-07-26T10:11:20.930+0200][249432.243s][info][gc,phases     ] GC(10924)   Post Evacuate Collection Set: 4.9ms
[2026-07-26T10:11:20.930+0200][249432.243s][info][gc,phases     ] GC(10924)   Other: 0.4ms
[2026-07-26T10:11:20.930+0200][249432.243s][info][gc,heap       ] GC(10924) Eden regions: 543->0(540)
[2026-07-26T10:11:20.930+0200][249432.243s][info][gc,heap       ] GC(10924) Survivor regions: 6->8(69)
[2026-07-26T10:11:20.931+0200][249432.243s][info][gc,heap       ] GC(10924) Old regions: 1359->1359
[2026-07-26T10:11:20.931+0200][249432.243s][info][gc,heap       ] GC(10924) Humongous regions: 16->16
[2026-07-26T10:11:20.931+0200][249432.243s][info][gc,metaspace  ] GC(10924) Metaspace: 923191K(1393280K)->923191K(1393280K) NonClass: 814521K(1265152K)->814521K(1265152K) Class: 108670K(128128K)->108670K(128128K)
[2026-07-26T10:11:20.931+0200][249432.243s][info][gc            ] GC(10924) Pause Young (Normal) (G1 Evacuation Pause) 1923M->1381M(2159M) 11.491ms
[2026-07-26T10:11:20.931+0200][249432.243s][info][gc,cpu        ] GC(10924) User=0.10s Sys=0.00s Real=0.01s
[2026-07-26T10:11:21.503+0200][249432.815s][info][gc,start      ] GC(10925) Pause Young (Normal) (G1 Evacuation Pause)
[2026-07-26T10:11:21.503+0200][249432.815s][info][gc,task       ] GC(10925) Using 13 workers of 13 for evacuation
[2026-07-26T10:11:21.510+0200][249432.823s][info][gc,phases     ] GC(10925)   Pre Evacuate Collection Set: 0.1ms
[2026-07-26T10:11:21.510+0200][249432.823s][info][gc,phases     ] GC(10925)   Evacuate Collection Set: 4.1ms
[2026-07-26T10:11:21.510+0200][249432.823s][info][gc,phases     ] GC(10925)   Post Evacuate Collection Set: 3.3ms
[2026-07-26T10:11:21.510+0200][249432.823s][info][gc,phases     ] GC(10925)   Other: 0.3ms
[2026-07-26T10:11:21.510+0200][249432.823s][info][gc,heap       ] GC(10925) Eden regions: 540->0(546)
[2026-07-26T10:11:21.510+0200][249432.823s][info][gc,heap       ] GC(10925) Survivor regions: 8->4(69)
[2026-07-26T10:11:21.510+0200][249432.823s][info][gc,heap       ] GC(10925) Old regions: 1359->1359
[2026-07-26T10:11:21.510+0200][249432.823s][info][gc,heap       ] GC(10925) Humongous regions: 16->16
[2026-07-26T10:11:21.510+0200][249432.823s][info][gc,metaspace  ] GC(10925) Metaspace: 923191K(1393280K)->923191K(1393280K) NonClass: 814521K(1265152K)->814521K(1265152K) Class: 108670K(128128K)->108670K(128128K)
[2026-07-26T10:11:21.511+0200][249432.823s][info][gc            ] GC(10925) Pause Young (Normal) (G1 Evacuation Pause) 1921M->1377M(2159M) 8.020ms
[2026-07-26T10:11:21.511+0200][249432.823s][info][gc,cpu        ] GC(10925) User=0.04s Sys=0.01s Real=0.01s
[2026-07-26T10:11:22.096+0200][249433.409s][info][gc,start      ] GC(10926) Pause Young (Normal) (G1 Evacuation Pause)
[2026-07-26T10:11:22.096+0200][249433.409s][info][gc,task       ] GC(10926) Using 13 workers of 13 for evacuation
[2026-07-26T10:11:22.105+0200][249433.418s][info][gc,phases     ] GC(10926)   Pre Evacuate Collection Set: 0.1ms
[2026-07-26T10:11:22.105+0200][249433.418s][info][gc,phases     ] GC(10926)   Evacuate Collection Set: 5.6ms
[2026-07-26T10:11:22.105+0200][249433.418s][info][gc,phases     ] GC(10926)   Post Evacuate Collection Set: 2.8ms
[2026-07-26T10:11:22.105+0200][249433.418s][info][gc,phases     ] GC(10926)   Other: 0.3ms
[2026-07-26T10:11:22.105+0200][249433.418s][info][gc,heap       ] GC(10926) Eden regions: 546->0(545)
[2026-07-26T10:11:22.105+0200][249433.418s][info][gc,heap       ] GC(10926) Survivor regions: 4->6(69)
[2026-07-26T10:11:22.105+0200][249433.418s][info][gc,heap       ] GC(10926) Old regions: 1359->1359
[2026-07-26T10:11:22.105+0200][249433.418s][info][gc,heap       ] GC(10926) Humongous regions: 16->16
[2026-07-26T10:11:22.105+0200][249433.418s][info][gc,metaspace  ] GC(10926) Metaspace: 923191K(1393280K)->923191K(1393280K) NonClass: 814521K(1265152K)->814521K(1265152K) Class: 108670K(128128K)->108670K(128128K)
[2026-07-26T10:11:22.105+0200][249433.418s][info][gc            ] GC(10926) Pause Young (Normal) (G1 Evacuation Pause) 1923M->1380M(2159M) 8.911ms
[2026-07-26T10:11:22.105+0200][249433.418s][info][gc,cpu        ] GC(10926) User=0.06s Sys=0.01s Real=0.01s
[2026-07-26T10:11:29.177+0200][249440.489s][info][gc,start      ] GC(10927) Pause Young (Normal) (G1 Evacuation Pause)
[2026-07-26T10:11:29.177+0200][249440.489s][info][gc,task       ] GC(10927) Using 13 workers of 13 for evacuation
[2026-07-26T10:11:29.185+0200][249440.498s][info][gc,phases     ] GC(10927)   Pre Evacuate Collection Set: 0.1ms
[2026-07-26T10:11:29.185+0200][249440.498s][info][gc,phases     ] GC(10927)   Evacuate Collection Set: 4.8ms
[2026-07-26T10:11:29.185+0200][249440.498s][info][gc,phases     ] GC(10927)   Post Evacuate Collection Set: 2.9ms
[2026-07-26T10:11:29.185+0200][249440.498s][info][gc,phases     ] GC(10927)   Other: 0.4ms
[2026-07-26T10:11:29.185+0200][249440.498s][info][gc,heap       ] GC(10927) Eden regions: 545->0(543)
[2026-07-26T10:11:29.185+0200][249440.498s][info][gc,heap       ] GC(10927) Survivor regions: 6->7(69)
[2026-07-26T10:11:29.185+0200][249440.498s][info][gc,heap       ] GC(10927) Old regions: 1359->1359
[2026-07-26T10:11:29.185+0200][249440.498s][info][gc,heap       ] GC(10927) Humongous regions: 16->16
[2026-07-26T10:11:29.185+0200][249440.498s][info][gc,metaspace  ] GC(10927) Metaspace: 923191K(1393280K)->923191K(1393280K) NonClass: 814521K(1265152K)->814521K(1265152K) Class: 108670K(128128K)->108670K(128128K)
[2026-07-26T10:11:29.185+0200][249440.498s][info][gc            ] GC(10927) Pause Young (Normal) (G1 Evacuation Pause) 1925M->1381M(2159M) 8.361ms
[2026-07-26T10:11:29.185+0200][249440.498s][info][gc,cpu        ] GC(10927) User=0.06s Sys=0.01s Real=0.01s
[2026-07-26T10:11:29.729+0200][249441.042s][info][gc,start      ] GC(10928) Pause Young (Normal) (G1 Evacuation Pause)
[2026-07-26T10:11:29.729+0200][249441.042s][info][gc,task       ] GC(10928) Using 13 workers of 13 for evacuation
[2026-07-26T10:11:29.738+0200][249441.051s][info][gc,phases     ] GC(10928)   Pre Evacuate Collection Set: 0.1ms
[2026-07-26T10:11:29.738+0200][249441.051s][info][gc,phases     ] GC(10928)   Evacuate Collection Set: 5.6ms
[2026-07-26T10:11:29.738+0200][249441.051s][info][gc,phases     ] GC(10928)   Post Evacuate Collection Set: 3.2ms
[2026-07-26T10:11:29.738+0200][249441.051s][info][gc,phases     ] GC(10928)   Other: 0.3ms
[2026-07-26T10:11:29.738+0200][249441.051s][info][gc,heap       ] GC(10928) Eden regions: 543->0(541)
[2026-07-26T10:11:29.739+0200][249441.051s][info][gc,heap       ] GC(10928) Survivor regions: 7->8(69)
[2026-07-26T10:11:29.739+0200][249441.051s][info][gc,heap       ] GC(10928) Old regions: 1359->1359
[2026-07-26T10:11:29.739+0200][249441.051s][info][gc,heap       ] GC(10928) Humongous regions: 16->16
[2026-07-26T10:11:29.739+0200][249441.051s][info][gc,metaspace  ] GC(10928) Metaspace: 923191K(1393280K)->923191K(1393280K) NonClass: 814521K(1265152K)->814521K(1265152K) Class: 108670K(128128K)->108670K(128128K)
[2026-07-26T10:11:29.739+0200][249441.051s][info][gc            ] GC(10928) Pause Young (Normal) (G1 Evacuation Pause) 1924M->1381M(2159M) 9.453ms
[2026-07-26T10:11:29.739+0200][249441.051s][info][gc,cpu        ] GC(10928) User=0.08s Sys=0.00s Real=0.01s
[2026-07-26T10:11:30.293+0200][249441.606s][info][gc,start      ] GC(10929) Pause Young (Normal) (G1 Evacuation Pause)
[2026-07-26T10:11:30.293+0200][249441.606s][info][gc,task       ] GC(10929) Using 13 workers of 13 for evacuation
[2026-07-26T10:11:30.301+0200][249441.614s][info][gc,phases     ] GC(10929)   Pre Evacuate Collection Set: 0.1ms
[2026-07-26T10:11:30.301+0200][249441.614s][info][gc,phases     ] GC(10929)   Evacuate Collection Set: 4.6ms
[2026-07-26T10:11:30.301+0200][249441.614s][info][gc,phases     ] GC(10929)   Post Evacuate Collection Set: 2.7ms
[2026-07-26T10:11:30.301+0200][249441.614s][info][gc,phases     ] GC(10929)   Other: 0.3ms
[2026-07-26T10:11:30.301+0200][249441.614s][info][gc,heap       ] GC(10929) Eden regions: 541->0(542)
[2026-07-26T10:11:30.301+0200][249441.614s][info][gc,heap       ] GC(10929) Survivor regions: 8->7(69)
[2026-07-26T10:11:30.301+0200][249441.614s][info][gc,heap       ] GC(10929) Old regions: 1359->1359
[2026-07-26T10:11:30.301+0200][249441.614s][info][gc,heap       ] GC(10929) Humongous regions: 16->16
[2026-07-26T10:11:30.301+0200][249441.614s][info][gc,metaspace  ] GC(10929) Metaspace: 923191K(1393280K)->923191K(1393280K) NonClass: 814521K(1265152K)->814521K(1265152K) Class: 108670K(128128K)->108670K(128128K)
[2026-07-26T10:11:30.301+0200][249441.614s][info][gc            ] GC(10929) Pause Young (Normal) (G1 Evacuation Pause) 1922M->1380M(2159M) 7.890ms
[2026-07-26T10:11:30.301+0200][249441.614s][info][gc,cpu        ] GC(10929) User=0.06s Sys=0.00s Real=0.00s
[2026-07-26T10:11:33.267+0200][249444.580s][info][gc,start      ] GC(10930) Pause Young (Normal) (G1 Evacuation Pause)
[2026-07-26T10:11:33.267+0200][249444.580s][info][gc,task       ] GC(10930) Using 13 workers of 13 for evacuation
[2026-07-26T10:11:33.276+0200][249444.589s][info][gc,phases     ] GC(10930)   Pre Evacuate Collection Set: 0.1ms
[2026-07-26T10:11:33.276+0200][249444.589s][info][gc,phases     ] GC(10930)   Evacuate Collection Set: 5.8ms
[2026-07-26T10:11:33.276+0200][249444.589s][info][gc,phases     ] GC(10930)   Post Evacuate Collection Set: 2.9ms
[2026-07-26T10:11:33.276+0200][249444.589s][info][gc,phases     ] GC(10930)   Other: 0.4ms
[2026-07-26T10:11:33.276+0200][249444.589s][info][gc,heap       ] GC(10930) Eden regions: 542->0(540)
[2026-07-26T10:11:33.276+0200][249444.589s][info][gc,heap       ] GC(10930) Survivor regions: 7->8(69)
[2026-07-26T10:11:33.276+0200][249444.589s][info][gc,heap       ] GC(10930) Old regions: 1359->1359
[2026-07-26T10:11:33.276+0200][249444.589s][info][gc,heap       ] GC(10930) Humongous regions: 16->16
[2026-07-26T10:11:33.276+0200][249444.589s][info][gc,metaspace  ] GC(10930) Metaspace: 923191K(1393280K)->923191K(1393280K) NonClass: 814521K(1265152K)->814521K(1265152K) Class: 108670K(128128K)->108670K(128128K)
[2026-07-26T10:11:33.276+0200][249444.589s][info][gc            ] GC(10930) Pause Young (Normal) (G1 Evacuation Pause) 1922M->1381M(2159M) 9.319ms
[2026-07-26T10:11:33.276+0200][249444.589s][info][gc,cpu        ] GC(10930) User=0.08s Sys=0.00s Real=0.01s
[2026-07-26T10:11:33.944+0200][249445.256s][info][gc,start      ] GC(10931) Pause Young (Normal) (G1 Evacuation Pause)
[2026-07-26T10:11:33.944+0200][249445.256s][info][gc,task       ] GC(10931) Using 13 workers of 13 for evacuation
[2026-07-26T10:11:33.952+0200][249445.264s][info][gc,phases     ] GC(10931)   Pre Evacuate Collection Set: 0.1ms
[2026-07-26T10:11:33.952+0200][249445.264s][info][gc,phases     ] GC(10931)   Evacuate Collection Set: 4.7ms
[2026-07-26T10:11:33.952+0200][249445.264s][info][gc,phases     ] GC(10931)   Post Evacuate Collection Set: 2.7ms
[2026-07-26T10:11:33.952+0200][249445.264s][info][gc,phases     ] GC(10931)   Other: 0.3ms
[2026-07-26T10:11:33.952+0200][249445.264s][info][gc,heap       ] GC(10931) Eden regions: 540->0(543)
[2026-07-26T10:11:33.952+0200][249445.264s][info][gc,heap       ] GC(10931) Survivor regions: 8->6(69)
[2026-07-26T10:11:33.952+0200][249445.264s][info][gc,heap       ] GC(10931) Old regions: 1359->1359
[2026-07-26T10:11:33.952+0200][249445.264s][info][gc,heap       ] GC(10931) Humongous regions: 16->16
[2026-07-26T10:11:33.952+0200][249445.264s][info][gc,metaspace  ] GC(10931) Metaspace: 923191K(1393280K)->923191K(1393280K) NonClass: 814521K(1265152K)->814521K(1265152K) Class: 108670K(128128K)->108670K(128128K)
[2026-07-26T10:11:33.952+0200][249445.264s][info][gc            ] GC(10931) Pause Young (Normal) (G1 Evacuation Pause) 1921M->1380M(2159M) 7.991ms
[2026-07-26T10:11:33.952+0200][249445.264s][info][gc,cpu        ] GC(10931) User=0.06s Sys=0.00s Real=0.00s
[2026-07-26T10:11:34.422+0200][249445.735s][info][gc,start      ] GC(10932) Pause Young (Normal) (G1 Evacuation Pause)
[2026-07-26T10:11:34.422+0200][249445.735s][info][gc,task       ] GC(10932) Using 13 workers of 13 for evacuation
[2026-07-26T10:11:34.430+0200][249445.743s][info][gc,phases     ] GC(10932)   Pre Evacuate Collection Set: 0.1ms
[2026-07-26T10:11:34.430+0200][249445.743s][info][gc,phases     ] GC(10932)   Evacuate Collection Set: 5.1ms
[2026-07-26T10:11:34.430+0200][249445.743s][info][gc,phases     ] GC(10932)   Post Evacuate Collection Set: 2.7ms
[2026-07-26T10:11:34.430+0200][249445.743s][info][gc,phases     ] GC(10932)   Other: 0.3ms
[2026-07-26T10:11:34.430+0200][249445.743s][info][gc,heap       ] GC(10932) Eden regions: 543->0(545)
[2026-07-26T10:11:34.430+0200][249445.743s][info][gc,heap       ] GC(10932) Survivor regions: 6->7(69)
[2026-07-26T10:11:34.430+0200][249445.743s][info][gc,heap       ] GC(10932) Old regions: 1359->1359
[2026-07-26T10:11:34.430+0200][249445.743s][info][gc,heap       ] GC(10932) Humongous regions: 16->16
[2026-07-26T10:11:34.430+0200][249445.743s][info][gc,metaspace  ] GC(10932) Metaspace: 923191K(1393280K)->923191K(1393280K) NonClass: 814521K(1265152K)->814521K(1265152K) Class: 108670K(128128K)->108670K(128128K)
[2026-07-26T10:11:34.430+0200][249445.743s][info][gc            ] GC(10932) Pause Young (Normal) (G1 Evacuation Pause) 1923M->1380M(2159M) 8.274ms
[2026-07-26T10:11:34.430+0200][249445.743s][info][gc,cpu        ] GC(10932) User=0.07s Sys=0.00s Real=0.01s
[2026-07-26T10:12:01.217+0200][249472.530s][info][gc,start      ] GC(10933) Pause Young (Normal) (G1 Evacuation Pause)
[2026-07-26T10:12:01.217+0200][249472.530s][info][gc,task       ] GC(10933) Using 13 workers of 13 for evacuation
[2026-07-26T10:12:01.225+0200][249472.538s][info][gc,phases     ] GC(10933)   Pre Evacuate Collection Set: 0.1ms
[2026-07-26T10:12:01.225+0200][249472.538s][info][gc,phases     ] GC(10933)   Evacuate Collection Set: 4.4ms
[2026-07-26T10:12:01.225+0200][249472.538s][info][gc,phases     ] GC(10933)   Post Evacuate Collection Set: 3.0ms
[2026-07-26T10:12:01.225+0200][249472.538s][info][gc,phases     ] GC(10933)   Other: 0.4ms
[2026-07-26T10:12:01.225+0200][249472.538s][info][gc,heap       ] GC(10933) Eden regions: 545->0(546)
[2026-07-26T10:12:01.225+0200][249472.538s][info][gc,heap       ] GC(10933) Survivor regions: 7->5(69)
[2026-07-26T10:12:01.225+0200][249472.538s][info][gc,heap       ] GC(10933) Old regions: 1359->1359
[2026-07-26T10:12:01.225+0200][249472.538s][info][gc,heap       ] GC(10933) Humongous regions: 16->16
[2026-07-26T10:12:01.225+0200][249472.538s][info][gc,metaspace  ] GC(10933) Metaspace: 923191K(1393280K)->923191K(1393280K) NonClass: 814521K(1265152K)->814521K(1265152K) Class: 108670K(128128K)->108670K(128128K)
[2026-07-26T10:12:01.225+0200][249472.538s][info][gc            ] GC(10933) Pause Young (Normal) (G1 Evacuation Pause) 1925M->1378M(2159M) 7.939ms
[2026-07-26T10:12:01.225+0200][249472.538s][info][gc,cpu        ] GC(10933) User=0.05s Sys=0.01s Real=0.01s
[2026-07-26T10:14:29.417+0200][249620.729s][info][gc,start      ] GC(10934) Pause Young (Normal) (G1 Evacuation Pause)
[2026-07-26T10:14:29.417+0200][249620.729s][info][gc,task       ] GC(10934) Using 13 workers of 13 for evacuation
[2026-07-26T10:14:29.426+0200][249620.738s][info][gc,phases     ] GC(10934)   Pre Evacuate Collection Set: 0.1ms
[2026-07-26T10:14:29.426+0200][249620.738s][info][gc,phases     ] GC(10934)   Evacuate Collection Set: 4.1ms
[2026-07-26T10:14:29.426+0200][249620.738s][info][gc,phases     ] GC(10934)   Post Evacuate Collection Set: 4.1ms
[2026-07-26T10:14:29.426+0200][249620.738s][info][gc,phases     ] GC(10934)   Other: 0.6ms
[2026-07-26T10:14:29.426+0200][249620.738s][info][gc,heap       ] GC(10934) Eden regions: 546->0(552)
[2026-07-26T10:14:29.426+0200][249620.738s][info][gc,heap       ] GC(10934) Survivor regions: 5->2(69)
[2026-07-26T10:14:29.426+0200][249620.738s][info][gc,heap       ] GC(10934) Old regions: 1359->1359
[2026-07-26T10:14:29.426+0200][249620.738s][info][gc,heap       ] GC(10934) Humongous regions: 16->16
[2026-07-26T10:14:29.426+0200][249620.738s][info][gc,metaspace  ] GC(10934) Metaspace: 923191K(1393280K)->923191K(1393280K) NonClass: 814521K(1265152K)->814521K(1265152K) Class: 108670K(128128K)->108670K(128128K)
[2026-07-26T10:14:29.426+0200][249620.738s][info][gc            ] GC(10934) Pause Young (Normal) (G1 Evacuation Pause) 1924M->1375M(2159M) 9.002ms
[2026-07-26T10:14:29.426+0200][249620.738s][info][gc,cpu        ] GC(10934) User=0.05s Sys=0.00s Real=0.01s
[2026-07-26T10:15:24.153+0200][249675.465s][info][gc,start      ] GC(10935) Pause Young (Normal) (G1 Evacuation Pause)
[2026-07-26T10:15:24.153+0200][249675.465s][info][gc,task       ] GC(10935) Using 13 workers of 13 for evacuation
[2026-07-26T10:15:24.176+0200][249675.488s][info][gc,phases     ] GC(10935)   Pre Evacuate Collection Set: 0.1ms
[2026-07-26T10:15:24.176+0200][249675.488s][info][gc,phases     ] GC(10935)   Evacuate Collection Set: 14.8ms
[2026-07-26T10:15:24.176+0200][249675.488s][info][gc,phases     ] GC(10935)   Post Evacuate Collection Set: 8.0ms
[2026-07-26T10:15:24.176+0200][249675.489s][info][gc,phases     ] GC(10935)   Other: 0.4ms
[2026-07-26T10:15:24.176+0200][249675.489s][info][gc,heap       ] GC(10935) Eden regions: 552->0(548)
[2026-07-26T10:15:24.176+0200][249675.489s][info][gc,heap       ] GC(10935) Survivor regions: 2->5(70)
[2026-07-26T10:15:24.176+0200][249675.489s][info][gc,heap       ] GC(10935) Old regions: 1359->1359
[2026-07-26T10:15:24.176+0200][249675.489s][info][gc,heap       ] GC(10935) Humongous regions: 16->16
[2026-07-26T10:15:24.176+0200][249675.489s][info][gc,metaspace  ] GC(10935) Metaspace: 923191K(1393280K)->923191K(1393280K) NonClass: 814521K(1265152K)->814521K(1265152K) Class: 108670K(128128K)->108670K(128128K)
[2026-07-26T10:15:24.176+0200][249675.489s][info][gc            ] GC(10935) Pause Young (Normal) (G1 Evacuation Pause) 1927M->1379M(2159M) 23.432ms
[2026-07-26T10:15:24.176+0200][249675.489s][info][gc,cpu        ] GC(10935) User=0.17s Sys=0.00s Real=0.03s
[2026-07-26T10:16:54.563+0200][249765.875s][info][gc,start      ] GC(10936) Pause Young (Normal) (G1 Evacuation Pause)
[2026-07-26T10:16:54.563+0200][249765.876s][info][gc,task       ] GC(10936) Using 13 workers of 13 for evacuation
[2026-07-26T10:16:54.570+0200][249765.883s][info][gc,phases     ] GC(10936)   Pre Evacuate Collection Set: 0.1ms
[2026-07-26T10:16:54.570+0200][249765.883s][info][gc,phases     ] GC(10936)   Evacuate Collection Set: 3.9ms
[2026-07-26T10:16:54.570+0200][249765.883s][info][gc,phases     ] GC(10936)   Post Evacuate Collection Set: 2.8ms
[2026-07-26T10:16:54.570+0200][249765.883s][info][gc,phases     ] GC(10936)   Other: 0.3ms
[2026-07-26T10:16:54.570+0200][249765.883s][info][gc,heap       ] GC(10936) Eden regions: 548->0(554)
[2026-07-26T10:16:54.570+0200][249765.883s][info][gc,heap       ] GC(10936) Survivor regions: 5->1(70)
[2026-07-26T10:16:54.570+0200][249765.883s][info][gc,heap       ] GC(10936) Old regions: 1359->1359
[2026-07-26T10:16:54.570+0200][249765.883s][info][gc,heap       ] GC(10936) Humongous regions: 16->16
[2026-07-26T10:16:54.570+0200][249765.883s][info][gc,metaspace  ] GC(10936) Metaspace: 923191K(1393280K)->923191K(1393280K) NonClass: 814521K(1265152K)->814521K(1265152K) Class: 108670K(128128K)->108670K(128128K)
[2026-07-26T10:16:54.570+0200][249765.883s][info][gc            ] GC(10936) Pause Young (Normal) (G1 Evacuation Pause) 1927M->1375M(2159M) 7.232ms
[2026-07-26T10:16:54.570+0200][249765.883s][info][gc,cpu        ] GC(10936) User=0.05s Sys=0.00s Real=0.01s
[2026-07-26T10:23:45.869+0200][250177.182s][info][gc,start      ] GC(10937) Pause Young (Normal) (G1 Evacuation Pause)
[2026-07-26T10:23:45.869+0200][250177.182s][info][gc,task       ] GC(10937) Using 13 workers of 13 for evacuation
[2026-07-26T10:23:45.877+0200][250177.190s][info][gc,phases     ] GC(10937)   Pre Evacuate Collection Set: 0.1ms
[2026-07-26T10:23:45.878+0200][250177.190s][info][gc,phases     ] GC(10937)   Evacuate Collection Set: 4.0ms
[2026-07-26T10:23:45.878+0200][250177.190s][info][gc,phases     ] GC(10937)   Post Evacuate Collection Set: 3.8ms
[2026-07-26T10:23:45.878+0200][250177.190s][info][gc,phases     ] GC(10937)   Other: 0.4ms
[2026-07-26T10:23:45.878+0200][250177.190s][info][gc,heap       ] GC(10937) Eden regions: 554->0(553)
[2026-07-26T10:23:45.878+0200][250177.190s][info][gc,heap       ] GC(10937) Survivor regions: 1->3(70)
[2026-07-26T10:23:45.878+0200][250177.190s][info][gc,heap       ] GC(10937) Old regions: 1359->1359
[2026-07-26T10:23:45.878+0200][250177.190s][info][gc,heap       ] GC(10937) Humongous regions: 16->16
[2026-07-26T10:23:45.878+0200][250177.190s][info][gc,metaspace  ] GC(10937) Metaspace: 923191K(1393280K)->923191K(1393280K) NonClass: 814521K(1265152K)->814521K(1265152K) Class: 108670K(128128K)->108670K(128128K)
[2026-07-26T10:23:45.878+0200][250177.190s][info][gc            ] GC(10937) Pause Young (Normal) (G1 Evacuation Pause) 1929M->1377M(2159M) 8.353ms
[2026-07-26T10:23:45.878+0200][250177.190s][info][gc,cpu        ] GC(10937) User=0.06s Sys=0.00s Real=0.01s
[2026-07-26T10:29:29.418+0200][250520.731s][info][gc,start      ] GC(10938) Pause Young (Normal) (G1 Evacuation Pause)
[2026-07-26T10:29:29.418+0200][250520.731s][info][gc,task       ] GC(10938) Using 13 workers of 13 for evacuation
[2026-07-26T10:29:29.427+0200][250520.740s][info][gc,phases     ] GC(10938)   Pre Evacuate Collection Set: 0.1ms
[2026-07-26T10:29:29.427+0200][250520.740s][info][gc,phases     ] GC(10938)   Evacuate Collection Set: 4.0ms
[2026-07-26T10:29:29.427+0200][250520.740s][info][gc,phases     ] GC(10938)   Post Evacuate Collection Set: 4.6ms
[2026-07-26T10:29:29.427+0200][250520.740s][info][gc,phases     ] GC(10938)   Other: 0.4ms
[2026-07-26T10:29:29.427+0200][250520.740s][info][gc,heap       ] GC(10938) Eden regions: 553->0(555)
[2026-07-26T10:29:29.427+0200][250520.740s][info][gc,heap       ] GC(10938) Survivor regions: 3->2(70)
[2026-07-26T10:29:29.427+0200][250520.740s][info][gc,heap       ] GC(10938) Old regions: 1359->1359
[2026-07-26T10:29:29.427+0200][250520.740s][info][gc,heap       ] GC(10938) Humongous regions: 16->16
[2026-07-26T10:29:29.427+0200][250520.740s][info][gc,metaspace  ] GC(10938) Metaspace: 923192K(1393280K)->923192K(1393280K) NonClass: 814521K(1265152K)->814521K(1265152K) Class: 108670K(128128K)->108670K(128128K)
[2026-07-26T10:29:29.427+0200][250520.740s][info][gc            ] GC(10938) Pause Young (Normal) (G1 Evacuation Pause) 1930M->1376M(2159M) 9.253ms
[2026-07-26T10:29:29.427+0200][250520.740s][info][gc,cpu        ] GC(10938) User=0.06s Sys=0.00s Real=0.01s
[2026-07-26T10:31:37.159+0200][250648.471s][info][gc,start      ] GC(10939) Pause Young (Normal) (G1 Evacuation Pause)
[2026-07-26T10:31:37.159+0200][250648.471s][info][gc,task       ] GC(10939) Using 13 workers of 13 for evacuation
[2026-07-26T10:31:37.166+0200][250648.478s][info][gc,phases     ] GC(10939)   Pre Evacuate Collection Set: 0.1ms
[2026-07-26T10:31:37.166+0200][250648.478s][info][gc,phases     ] GC(10939)   Evacuate Collection Set: 3.9ms
[2026-07-26T10:31:37.166+0200][250648.478s][info][gc,phases     ] GC(10939)   Post Evacuate Collection Set: 2.8ms
[2026-07-26T10:31:37.166+0200][250648.478s][info][gc,phases     ] GC(10939)   Other: 0.3ms
[2026-07-26T10:31:37.166+0200][250648.478s][info][gc,heap       ] GC(10939) Eden regions: 555->0(557)
[2026-07-26T10:31:37.166+0200][250648.478s][info][gc,heap       ] GC(10939) Survivor regions: 2->2(70)
[2026-07-26T10:31:37.166+0200][250648.478s][info][gc,heap       ] GC(10939) Old regions: 1359->1359
[2026-07-26T10:31:37.166+0200][250648.478s][info][gc,heap       ] GC(10939) Humongous regions: 16->16
[2026-07-26T10:31:37.166+0200][250648.478s][info][gc,metaspace  ] GC(10939) Metaspace: 923192K(1393280K)->923192K(1393280K) NonClass: 814521K(1265152K)->814521K(1265152K) Class: 108670K(128128K)->108670K(128128K)
[2026-07-26T10:31:37.166+0200][250648.478s][info][gc            ] GC(10939) Pause Young (Normal) (G1 Evacuation Pause) 1931M->1375M(2159M) 7.245ms
[2026-07-26T10:31:37.166+0200][250648.478s][info][gc,cpu        ] GC(10939) User=0.02s Sys=0.03s Real=0.01s
[2026-07-26T10:32:28.993+0200][250700.306s][info][gc,start      ] GC(10940) Pause Young (Normal) (G1 Evacuation Pause)
[2026-07-26T10:32:28.993+0200][250700.306s][info][gc,task       ] GC(10940) Using 13 workers of 13 for evacuation
[2026-07-26T10:32:29.002+0200][250700.315s][info][gc,phases     ] GC(10940)   Pre Evacuate Collection Set: 0.1ms
[2026-07-26T10:32:29.002+0200][250700.315s][info][gc,phases     ] GC(10940)   Evacuate Collection Set: 4.8ms
[2026-07-26T10:32:29.002+0200][250700.315s][info][gc,phases     ] GC(10940)   Post Evacuate Collection Set: 4.1ms
[2026-07-26T10:32:29.002+0200][250700.315s][info][gc,phases     ] GC(10940)   Other: 0.4ms
[2026-07-26T10:32:29.002+0200][250700.315s][info][gc,heap       ] GC(10940) Eden regions: 557->0(550)
[2026-07-26T10:32:29.002+0200][250700.315s][info][gc,heap       ] GC(10940) Survivor regions: 2->6(70)
[2026-07-26T10:32:29.002+0200][250700.315s][info][gc,heap       ] GC(10940) Old regions: 1359->1359
[2026-07-26T10:32:29.002+0200][250700.315s][info][gc,heap       ] GC(10940) Humongous regions: 16->16
[2026-07-26T10:32:29.002+0200][250700.315s][info][gc,metaspace  ] GC(10940) Metaspace: 923192K(1393280K)->923192K(1393280K) NonClass: 814521K(1265152K)->814521K(1265152K) Class: 108670K(128128K)->108670K(128128K)
[2026-07-26T10:32:29.002+0200][250700.315s][info][gc            ] GC(10940) Pause Young (Normal) (G1 Evacuation Pause) 1932M->1380M(2159M) 9.497ms
[2026-07-26T10:32:29.002+0200][250700.315s][info][gc,cpu        ] GC(10940) User=0.06s Sys=0.01s Real=0.01s
[2026-07-26T10:34:09.019+0200][250800.331s][info][gc,start      ] GC(10941) Pause Young (Normal) (G1 Evacuation Pause)
[2026-07-26T10:34:09.019+0200][250800.331s][info][gc,task       ] GC(10941) Using 13 workers of 13 for evacuation
[2026-07-26T10:34:09.033+0200][250800.345s][info][gc,phases     ] GC(10941)   Pre Evacuate Collection Set: 0.1ms
[2026-07-26T10:34:09.033+0200][250800.345s][info][gc,phases     ] GC(10941)   Evacuate Collection Set: 6.2ms
[2026-07-26T10:34:09.033+0200][250800.345s][info][gc,phases     ] GC(10941)   Post Evacuate Collection Set: 7.3ms
[2026-07-26T10:34:09.033+0200][250800.345s][info][gc,phases     ] GC(10941)   Other: 0.4ms
[2026-07-26T10:34:09.033+0200][250800.345s][info][gc,heap       ] GC(10941) Eden regions: 550->0(546)
[2026-07-26T10:34:09.033+0200][250800.345s][info][gc,heap       ] GC(10941) Survivor regions: 6->7(70)
[2026-07-26T10:34:09.033+0200][250800.345s][info][gc,heap       ] GC(10941) Old regions: 1359->1359
[2026-07-26T10:34:09.033+0200][250800.345s][info][gc,heap       ] GC(10941) Humongous regions: 16->16
[2026-07-26T10:34:09.033+0200][250800.346s][info][gc,metaspace  ] GC(10941) Metaspace: 924177K(1394816K)->924177K(1394816K) NonClass: 815364K(1266432K)->815364K(1266432K) Class: 108812K(128384K)->108812K(128384K)
[2026-07-26T10:34:09.033+0200][250800.346s][info][gc            ] GC(10941) Pause Young (Normal) (G1 Evacuation Pause) 1930M->1381M(2159M) 14.124ms
[2026-07-26T10:34:09.033+0200][250800.346s][info][gc,cpu        ] GC(10941) User=0.08s Sys=0.00s Real=0.01s
[2026-07-26T10:39:32.748+0200][251124.061s][info][gc,start      ] GC(10942) Pause Young (Normal) (G1 Evacuation Pause)
[2026-07-26T10:39:32.748+0200][251124.061s][info][gc,task       ] GC(10942) Using 13 workers of 13 for evacuation
[2026-07-26T10:39:32.761+0200][251124.074s][info][gc,phases     ] GC(10942)   Pre Evacuate Collection Set: 0.1ms
[2026-07-26T10:39:32.761+0200][251124.074s][info][gc,phases     ] GC(10942)   Evacuate Collection Set: 8.0ms
[2026-07-26T10:39:32.761+0200][251124.074s][info][gc,phases     ] GC(10942)   Post Evacuate Collection Set: 4.2ms
[2026-07-26T10:39:32.761+0200][251124.074s][info][gc,phases     ] GC(10942)   Other: 0.4ms
[2026-07-26T10:39:32.761+0200][251124.074s][info][gc,heap       ] GC(10942) Eden regions: 546->0(540)
[2026-07-26T10:39:32.761+0200][251124.074s][info][gc,heap       ] GC(10942) Survivor regions: 7->11(70)
[2026-07-26T10:39:32.761+0200][251124.074s][info][gc,heap       ] GC(10942) Old regions: 1359->1359
[2026-07-26T10:39:32.761+0200][251124.074s][info][gc,heap       ] GC(10942) Humongous regions: 16->16
[2026-07-26T10:39:32.761+0200][251124.074s][info][gc,metaspace  ] GC(10942) Metaspace: 924177K(1394816K)->924177K(1394816K) NonClass: 815364K(1266432K)->815364K(1266432K) Class: 108812K(128384K)->108812K(128384K)
[2026-07-26T10:39:32.761+0200][251124.074s][info][gc            ] GC(10942) Pause Young (Normal) (G1 Evacuation Pause) 1927M->1385M(2159M) 12.828ms
[2026-07-26T10:39:32.761+0200][251124.074s][info][gc,cpu        ] GC(10942) User=0.11s Sys=0.00s Real=0.01s
[2026-07-26T10:39:33.433+0200][251124.746s][info][gc,start      ] GC(10943) Pause Young (Normal) (G1 Evacuation Pause)
[2026-07-26T10:39:33.433+0200][251124.746s][info][gc,task       ] GC(10943) Using 13 workers of 13 for evacuation
[2026-07-26T10:39:33.445+0200][251124.757s][info][gc,phases     ] GC(10943)   Pre Evacuate Collection Set: 0.1ms
[2026-07-26T10:39:33.445+0200][251124.757s][info][gc,phases     ] GC(10943)   Evacuate Collection Set: 7.7ms
[2026-07-26T10:39:33.445+0200][251124.757s][info][gc,phases     ] GC(10943)   Post Evacuate Collection Set: 3.4ms
[2026-07-26T10:39:33.445+0200][251124.757s][info][gc,phases     ] GC(10943)   Other: 0.3ms
[2026-07-26T10:39:33.445+0200][251124.757s][info][gc,heap       ] GC(10943) Eden regions: 540->0(539)
[2026-07-26T10:39:33.445+0200][251124.757s][info][gc,heap       ] GC(10943) Survivor regions: 11->12(69)
[2026-07-26T10:39:33.445+0200][251124.757s][info][gc,heap       ] GC(10943) Old regions: 1359->1359
[2026-07-26T10:39:33.445+0200][251124.757s][info][gc,heap       ] GC(10943) Humongous regions: 16->16
[2026-07-26T10:39:33.445+0200][251124.757s][info][gc,metaspace  ] GC(10943) Metaspace: 924177K(1394816K)->924177K(1394816K) NonClass: 815364K(1266432K)->815364K(1266432K) Class: 108812K(128384K)->108812K(128384K)
[2026-07-26T10:39:33.445+0200][251124.757s][info][gc            ] GC(10943) Pause Young (Normal) (G1 Evacuation Pause) 1925M->1386M(2159M) 11.624ms
[2026-07-26T10:39:33.445+0200][251124.758s][info][gc,cpu        ] GC(10943) User=0.10s Sys=0.00s Real=0.01s
[2026-07-26T10:40:01.835+0200][251153.147s][info][gc,start      ] GC(10944) Pause Young (Normal) (G1 Evacuation Pause)
[2026-07-26T10:40:01.835+0200][251153.147s][info][gc,task       ] GC(10944) Using 13 workers of 13 for evacuation
[2026-07-26T10:40:01.847+0200][251153.160s][info][gc,phases     ] GC(10944)   Pre Evacuate Collection Set: 0.1ms
[2026-07-26T10:40:01.847+0200][251153.160s][info][gc,phases     ] GC(10944)   Evacuate Collection Set: 7.6ms
[2026-07-26T10:40:01.847+0200][251153.160s][info][gc,phases     ] GC(10944)   Post Evacuate Collection Set: 4.6ms
[2026-07-26T10:40:01.847+0200][251153.160s][info][gc,phases     ] GC(10944)   Other: 0.4ms
[2026-07-26T10:40:01.847+0200][251153.160s][info][gc,heap       ] GC(10944) Eden regions: 539->0(539)
[2026-07-26T10:40:01.847+0200][251153.160s][info][gc,heap       ] GC(10944) Survivor regions: 12->11(69)
[2026-07-26T10:40:01.847+0200][251153.160s][info][gc,heap       ] GC(10944) Old regions: 1359->1359
[2026-07-26T10:40:01.847+0200][251153.160s][info][gc,heap       ] GC(10944) Humongous regions: 16->16
[2026-07-26T10:40:01.847+0200][251153.160s][info][gc,metaspace  ] GC(10944) Metaspace: 924177K(1394816K)->924177K(1394816K) NonClass: 815364K(1266432K)->815364K(1266432K) Class: 108812K(128384K)->108812K(128384K)
[2026-07-26T10:40:01.848+0200][251153.160s][info][gc            ] GC(10944) Pause Young (Normal) (G1 Evacuation Pause) 1925M->1385M(2159M) 12.970ms
[2026-07-26T10:40:01.848+0200][251153.160s][info][gc,cpu        ] GC(10944) User=0.10s Sys=0.00s Real=0.01s
[2026-07-26T10:40:35.754+0200][251187.066s][info][gc,start      ] GC(10945) Pause Young (Normal) (G1 Evacuation Pause)
[2026-07-26T10:40:35.754+0200][251187.067s][info][gc,task       ] GC(10945) Using 13 workers of 13 for evacuation
[2026-07-26T10:40:35.765+0200][251187.077s][info][gc,phases     ] GC(10945)   Pre Evacuate Collection Set: 0.1ms
[2026-07-26T10:40:35.765+0200][251187.078s][info][gc,phases     ] GC(10945)   Evacuate Collection Set: 6.5ms
[2026-07-26T10:40:35.765+0200][251187.078s][info][gc,phases     ] GC(10945)   Post Evacuate Collection Set: 4.1ms
[2026-07-26T10:40:35.765+0200][251187.078s][info][gc,phases     ] GC(10945)   Other: 0.3ms
[2026-07-26T10:40:35.765+0200][251187.078s][info][gc,heap       ] GC(10945) Eden regions: 539->0(542)
[2026-07-26T10:40:35.765+0200][251187.078s][info][gc,heap       ] GC(10945) Survivor regions: 11->9(69)
[2026-07-26T10:40:35.765+0200][251187.078s][info][gc,heap       ] GC(10945) Old regions: 1359->1359
[2026-07-26T10:40:35.765+0200][251187.078s][info][gc,heap       ] GC(10945) Humongous regions: 16->16
[2026-07-26T10:40:35.765+0200][251187.078s][info][gc,metaspace  ] GC(10945) Metaspace: 924177K(1394816K)->924177K(1394816K) NonClass: 815364K(1266432K)->815364K(1266432K) Class: 108812K(128384K)->108812K(128384K)
[2026-07-26T10:40:35.765+0200][251187.078s][info][gc            ] GC(10945) Pause Young (Normal) (G1 Evacuation Pause) 1924M->1383M(2159M) 11.156ms
[2026-07-26T10:40:35.765+0200][251187.078s][info][gc,cpu        ] GC(10945) User=0.10s Sys=0.00s Real=0.01s
[2026-07-26T10:40:36.467+0200][251187.779s][info][gc,start      ] GC(10946) Pause Young (Normal) (G1 Evacuation Pause)
[2026-07-26T10:40:36.467+0200][251187.779s][info][gc,task       ] GC(10946) Using 13 workers of 13 for evacuation
[2026-07-26T10:40:36.477+0200][251187.790s][info][gc,phases     ] GC(10946)   Pre Evacuate Collection Set: 0.1ms
[2026-07-26T10:40:36.477+0200][251187.790s][info][gc,phases     ] GC(10946)   Evacuate Collection Set: 6.8ms
[2026-07-26T10:40:36.477+0200][251187.790s][info][gc,phases     ] GC(10946)   Post Evacuate Collection Set: 3.0ms
[2026-07-26T10:40:36.477+0200][251187.790s][info][gc,phases     ] GC(10946)   Other: 0.3ms
[2026-07-26T10:40:36.477+0200][251187.790s][info][gc,heap       ] GC(10946) Eden regions: 542->0(541)
[2026-07-26T10:40:36.477+0200][251187.790s][info][gc,heap       ] GC(10946) Survivor regions: 9->11(69)
[2026-07-26T10:40:36.477+0200][251187.790s][info][gc,heap       ] GC(10946) Old regions: 1359->1359
[2026-07-26T10:40:36.477+0200][251187.790s][info][gc,heap       ] GC(10946) Humongous regions: 16->16
[2026-07-26T10:40:36.477+0200][251187.790s][info][gc,metaspace  ] GC(10946) Metaspace: 924177K(1394816K)->924177K(1394816K) NonClass: 815364K(1266432K)->815364K(1266432K) Class: 108812K(128384K)->108812K(128384K)
[2026-07-26T10:40:36.477+0200][251187.790s][info][gc            ] GC(10946) Pause Young (Normal) (G1 Evacuation Pause) 1925M->1384M(2159M) 10.338ms
[2026-07-26T10:40:36.477+0200][251187.790s][info][gc,cpu        ] GC(10946) User=0.09s Sys=0.00s Real=0.01s
[2026-07-26T10:41:24.501+0200][251235.813s][info][gc,start      ] GC(10947) Pause Young (Normal) (G1 Evacuation Pause)
[2026-07-26T10:41:24.501+0200][251235.814s][info][gc,task       ] GC(10947) Using 13 workers of 13 for evacuation
[2026-07-26T10:41:24.513+0200][251235.825s][info][gc,phases     ] GC(10947)   Pre Evacuate Collection Set: 0.1ms
[2026-07-26T10:41:24.513+0200][251235.825s][info][gc,phases     ] GC(10947)   Evacuate Collection Set: 8.3ms
[2026-07-26T10:41:24.513+0200][251235.825s][info][gc,phases     ] GC(10947)   Post Evacuate Collection Set: 3.1ms
[2026-07-26T10:41:24.513+0200][251235.825s][info][gc,phases     ] GC(10947)   Other: 0.3ms
[2026-07-26T10:41:24.513+0200][251235.825s][info][gc,heap       ] GC(10947) Eden regions: 541->0(539)
[2026-07-26T10:41:24.513+0200][251235.825s][info][gc,heap       ] GC(10947) Survivor regions: 11->12(69)
[2026-07-26T10:41:24.513+0200][251235.825s][info][gc,heap       ] GC(10947) Old regions: 1359->1359
[2026-07-26T10:41:24.513+0200][251235.825s][info][gc,heap       ] GC(10947) Humongous regions: 16->16
[2026-07-26T10:41:24.513+0200][251235.825s][info][gc,metaspace  ] GC(10947) Metaspace: 924177K(1394816K)->924177K(1394816K) NonClass: 815364K(1266432K)->815364K(1266432K) Class: 108812K(128384K)->108812K(128384K)
[2026-07-26T10:41:24.513+0200][251235.825s][info][gc            ] GC(10947) Pause Young (Normal) (G1 Evacuation Pause) 1925M->1385M(2159M) 12.001ms
[2026-07-26T10:41:24.513+0200][251235.826s][info][gc,cpu        ] GC(10947) User=0.11s Sys=0.00s Real=0.01s
[2026-07-26T10:41:25.145+0200][251236.458s][info][gc,start      ] GC(10948) Pause Young (Normal) (G1 Evacuation Pause)
[2026-07-26T10:41:25.145+0200][251236.458s][info][gc,task       ] GC(10948) Using 13 workers of 13 for evacuation
[2026-07-26T10:41:25.156+0200][251236.469s][info][gc,phases     ] GC(10948)   Pre Evacuate Collection Set: 0.1ms
[2026-07-26T10:41:25.156+0200][251236.469s][info][gc,phases     ] GC(10948)   Evacuate Collection Set: 7.7ms
[2026-07-26T10:41:25.156+0200][251236.469s][info][gc,phases     ] GC(10948)   Post Evacuate Collection Set: 3.0ms
[2026-07-26T10:41:25.156+0200][251236.469s][info][gc,phases     ] GC(10948)   Other: 0.3ms
[2026-07-26T10:41:25.156+0200][251236.469s][info][gc,heap       ] GC(10948) Eden regions: 539->0(539)
[2026-07-26T10:41:25.156+0200][251236.469s][info][gc,heap       ] GC(10948) Survivor regions: 12->12(69)
[2026-07-26T10:41:25.156+0200][251236.469s][info][gc,heap       ] GC(10948) Old regions: 1359->1359
[2026-07-26T10:41:25.156+0200][251236.469s][info][gc,heap       ] GC(10948) Humongous regions: 16->16
[2026-07-26T10:41:25.156+0200][251236.469s][info][gc,metaspace  ] GC(10948) Metaspace: 924177K(1394816K)->924177K(1394816K) NonClass: 815364K(1266432K)->815364K(1266432K) Class: 108812K(128384K)->108812K(128384K)
[2026-07-26T10:41:25.156+0200][251236.469s][info][gc            ] GC(10948) Pause Young (Normal) (G1 Evacuation Pause) 1924M->1386M(2159M) 11.267ms
[2026-07-26T10:41:25.157+0200][251236.469s][info][gc,cpu        ] GC(10948) User=0.10s Sys=0.00s Real=0.01s
[2026-07-26T10:41:28.031+0200][251239.344s][info][gc,start      ] GC(10949) Pause Young (Normal) (G1 Evacuation Pause)
[2026-07-26T10:41:28.031+0200][251239.344s][info][gc,task       ] GC(10949) Using 13 workers of 13 for evacuation
[2026-07-26T10:41:28.043+0200][251239.355s][info][gc,phases     ] GC(10949)   Pre Evacuate Collection Set: 0.1ms
[2026-07-26T10:41:28.043+0200][251239.355s][info][gc,phases     ] GC(10949)   Evacuate Collection Set: 7.6ms
[2026-07-26T10:41:28.043+0200][251239.355s][info][gc,phases     ] GC(10949)   Post Evacuate Collection Set: 3.4ms
[2026-07-26T10:41:28.043+0200][251239.355s][info][gc,phases     ] GC(10949)   Other: 0.3ms
[2026-07-26T10:41:28.043+0200][251239.356s][info][gc,heap       ] GC(10949) Eden regions: 539->0(538)
[2026-07-26T10:41:28.043+0200][251239.356s][info][gc,heap       ] GC(10949) Survivor regions: 12->12(69)
[2026-07-26T10:41:28.043+0200][251239.356s][info][gc,heap       ] GC(10949) Old regions: 1359->1359
[2026-07-26T10:41:28.043+0200][251239.356s][info][gc,heap       ] GC(10949) Humongous regions: 16->16
[2026-07-26T10:41:28.043+0200][251239.356s][info][gc,metaspace  ] GC(10949) Metaspace: 924177K(1394816K)->924177K(1394816K) NonClass: 815364K(1266432K)->815364K(1266432K) Class: 108812K(128384K)->108812K(128384K)
[2026-07-26T10:41:28.043+0200][251239.356s][info][gc            ] GC(10949) Pause Young (Normal) (G1 Evacuation Pause) 1925M->1386M(2159M) 11.566ms
[2026-07-26T10:41:28.043+0200][251239.356s][info][gc,cpu        ] GC(10949) User=0.11s Sys=0.00s Real=0.01s
[2026-07-26T10:41:31.927+0200][251243.239s][info][gc,start      ] GC(10950) Pause Young (Normal) (G1 Evacuation Pause)
[2026-07-26T10:41:31.927+0200][251243.239s][info][gc,task       ] GC(10950) Using 13 workers of 13 for evacuation
[2026-07-26T10:41:31.938+0200][251243.251s][info][gc,phases     ] GC(10950)   Pre Evacuate Collection Set: 0.1ms
[2026-07-26T10:41:31.938+0200][251243.251s][info][gc,phases     ] GC(10950)   Evacuate Collection Set: 7.5ms
[2026-07-26T10:41:31.938+0200][251243.251s][info][gc,phases     ] GC(10950)   Post Evacuate Collection Set: 3.4ms
[2026-07-26T10:41:31.938+0200][251243.251s][info][gc,phases     ] GC(10950)   Other: 0.3ms
[2026-07-26T10:41:31.938+0200][251243.251s][info][gc,heap       ] GC(10950) Eden regions: 538->0(538)
[2026-07-26T10:41:31.938+0200][251243.251s][info][gc,heap       ] GC(10950) Survivor regions: 12->11(69)
[2026-07-26T10:41:31.938+0200][251243.251s][info][gc,heap       ] GC(10950) Old regions: 1359->1359
[2026-07-26T10:41:31.938+0200][251243.251s][info][gc,heap       ] GC(10950) Humongous regions: 16->16
[2026-07-26T10:41:31.938+0200][251243.251s][info][gc,metaspace  ] GC(10950) Metaspace: 924177K(1394816K)->924177K(1394816K) NonClass: 815364K(1266432K)->815364K(1266432K) Class: 108812K(128384K)->108812K(128384K)
[2026-07-26T10:41:31.938+0200][251243.251s][info][gc            ] GC(10950) Pause Young (Normal) (G1 Evacuation Pause) 1924M->1385M(2159M) 11.501ms
[2026-07-26T10:41:31.938+0200][251243.251s][info][gc,cpu        ] GC(10950) User=0.10s Sys=0.00s Real=0.01s
[2026-07-26T10:41:32.566+0200][251243.878s][info][gc,start      ] GC(10951) Pause Young (Normal) (G1 Evacuation Pause)
[2026-07-26T10:41:32.566+0200][251243.878s][info][gc,task       ] GC(10951) Using 13 workers of 13 for evacuation
[2026-07-26T10:41:32.577+0200][251243.889s][info][gc,phases     ] GC(10951)   Pre Evacuate Collection Set: 0.1ms
[2026-07-26T10:41:32.577+0200][251243.889s][info][gc,phases     ] GC(10951)   Evacuate Collection Set: 7.6ms
[2026-07-26T10:41:32.577+0200][251243.890s][info][gc,phases     ] GC(10951)   Post Evacuate Collection Set: 3.2ms
[2026-07-26T10:41:32.577+0200][251243.890s][info][gc,phases     ] GC(10951)   Other: 0.3ms
[2026-07-26T10:41:32.577+0200][251243.890s][info][gc,heap       ] GC(10951) Eden regions: 538->0(537)
[2026-07-26T10:41:32.577+0200][251243.890s][info][gc,heap       ] GC(10951) Survivor regions: 11->12(69)
[2026-07-26T10:41:32.577+0200][251243.890s][info][gc,heap       ] GC(10951) Old regions: 1359->1359
[2026-07-26T10:41:32.577+0200][251243.890s][info][gc,heap       ] GC(10951) Humongous regions: 16->16
[2026-07-26T10:41:32.577+0200][251243.890s][info][gc,metaspace  ] GC(10951) Metaspace: 924177K(1394816K)->924177K(1394816K) NonClass: 815364K(1266432K)->815364K(1266432K) Class: 108812K(128384K)->108812K(128384K)
[2026-07-26T10:41:32.577+0200][251243.890s][info][gc            ] GC(10951) Pause Young (Normal) (G1 Evacuation Pause) 1923M->1386M(2159M) 11.437ms
[2026-07-26T10:41:32.577+0200][251243.890s][info][gc,cpu        ] GC(10951) User=0.10s Sys=0.00s Real=0.01s
[2026-07-26T10:41:37.175+0200][251248.488s][info][gc,start      ] GC(10952) Pause Young (Normal) (G1 Evacuation Pause)
[2026-07-26T10:41:37.175+0200][251248.488s][info][gc,task       ] GC(10952) Using 13 workers of 13 for evacuation
[2026-07-26T10:41:37.186+0200][251248.499s][info][gc,phases     ] GC(10952)   Pre Evacuate Collection Set: 0.1ms
[2026-07-26T10:41:37.186+0200][251248.499s][info][gc,phases     ] GC(10952)   Evacuate Collection Set: 7.5ms
[2026-07-26T10:41:37.186+0200][251248.499s][info][gc,phases     ] GC(10952)   Post Evacuate Collection Set: 3.1ms
[2026-07-26T10:41:37.186+0200][251248.499s][info][gc,phases     ] GC(10952)   Other: 0.4ms
[2026-07-26T10:41:37.186+0200][251248.499s][info][gc,heap       ] GC(10952) Eden regions: 537->0(538)
[2026-07-26T10:41:37.186+0200][251248.499s][info][gc,heap       ] GC(10952) Survivor regions: 12->11(69)
[2026-07-26T10:41:37.186+0200][251248.499s][info][gc,heap       ] GC(10952) Old regions: 1359->1359
[2026-07-26T10:41:37.186+0200][251248.499s][info][gc,heap       ] GC(10952) Humongous regions: 16->16
[2026-07-26T10:41:37.186+0200][251248.499s][info][gc,metaspace  ] GC(10952) Metaspace: 924177K(1394816K)->924177K(1394816K) NonClass: 815364K(1266432K)->815364K(1266432K) Class: 108812K(128384K)->108812K(128384K)
[2026-07-26T10:41:37.186+0200][251248.499s][info][gc            ] GC(10952) Pause Young (Normal) (G1 Evacuation Pause) 1923M->1385M(2159M) 11.255ms
[2026-07-26T10:41:37.186+0200][251248.499s][info][gc,cpu        ] GC(10952) User=0.10s Sys=0.01s Real=0.01s
[2026-07-26T10:41:59.603+0200][251270.916s][info][gc,start      ] GC(10953) Pause Young (Normal) (G1 Evacuation Pause)
[2026-07-26T10:41:59.603+0200][251270.916s][info][gc,task       ] GC(10953) Using 13 workers of 13 for evacuation
[2026-07-26T10:41:59.615+0200][251270.928s][info][gc,phases     ] GC(10953)   Pre Evacuate Collection Set: 0.1ms
[2026-07-26T10:41:59.615+0200][251270.928s][info][gc,phases     ] GC(10953)   Evacuate Collection Set: 8.5ms
[2026-07-26T10:41:59.615+0200][251270.928s][info][gc,phases     ] GC(10953)   Post Evacuate Collection Set: 2.9ms
[2026-07-26T10:41:59.615+0200][251270.928s][info][gc,phases     ] GC(10953)   Other: 0.4ms
[2026-07-26T10:41:59.615+0200][251270.928s][info][gc,heap       ] GC(10953) Eden regions: 538->0(538)
[2026-07-26T10:41:59.615+0200][251270.928s][info][gc,heap       ] GC(10953) Survivor regions: 11->11(69)
[2026-07-26T10:41:59.615+0200][251270.928s][info][gc,heap       ] GC(10953) Old regions: 1359->1359
[2026-07-26T10:41:59.615+0200][251270.928s][info][gc,heap       ] GC(10953) Humongous regions: 16->16
[2026-07-26T10:41:59.615+0200][251270.928s][info][gc,metaspace  ] GC(10953) Metaspace: 924177K(1394816K)->924177K(1394816K) NonClass: 815364K(1266432K)->815364K(1266432K) Class: 108812K(128384K)->108812K(128384K)
[2026-07-26T10:41:59.616+0200][251270.928s][info][gc            ] GC(10953) Pause Young (Normal) (G1 Evacuation Pause) 1923M->1385M(2159M) 12.087ms
[2026-07-26T10:41:59.616+0200][251270.928s][info][gc,cpu        ] GC(10953) User=0.09s Sys=0.00s Real=0.01s
[2026-07-26T10:41:59.979+0200][251271.292s][info][gc,start      ] GC(10954) Pause Young (Normal) (G1 Evacuation Pause)
[2026-07-26T10:41:59.979+0200][251271.292s][info][gc,task       ] GC(10954) Using 13 workers of 13 for evacuation
[2026-07-26T10:41:59.993+0200][251271.305s][info][gc,phases     ] GC(10954)   Pre Evacuate Collection Set: 0.1ms
[2026-07-26T10:41:59.993+0200][251271.306s][info][gc,phases     ] GC(10954)   Evacuate Collection Set: 10.3ms
[2026-07-26T10:41:59.993+0200][251271.306s][info][gc,phases     ] GC(10954)   Post Evacuate Collection Set: 3.0ms
[2026-07-26T10:41:59.993+0200][251271.306s][info][gc,phases     ] GC(10954)   Other: 0.3ms
[2026-07-26T10:41:59.993+0200][251271.306s][info][gc,heap       ] GC(10954) Eden regions: 538->0(529)
[2026-07-26T10:41:59.993+0200][251271.306s][info][gc,heap       ] GC(10954) Survivor regions: 11->16(69)
[2026-07-26T10:41:59.993+0200][251271.306s][info][gc,heap       ] GC(10954) Old regions: 1359->1360
[2026-07-26T10:41:59.993+0200][251271.306s][info][gc,heap       ] GC(10954) Humongous regions: 16->16
[2026-07-26T10:41:59.993+0200][251271.306s][info][gc,metaspace  ] GC(10954) Metaspace: 924177K(1394816K)->924177K(1394816K) NonClass: 815364K(1266432K)->815364K(1266432K) Class: 108812K(128384K)->108812K(128384K)
[2026-07-26T10:41:59.993+0200][251271.306s][info][gc            ] GC(10954) Pause Young (Normal) (G1 Evacuation Pause) 1923M->1390M(2159M) 13.836ms
[2026-07-26T10:41:59.993+0200][251271.306s][info][gc,cpu        ] GC(10954) User=0.13s Sys=0.00s Real=0.02s
[2026-07-26T10:42:00.639+0200][251271.952s][info][gc,start      ] GC(10955) Pause Young (Normal) (G1 Evacuation Pause)
[2026-07-26T10:42:00.639+0200][251271.952s][info][gc,task       ] GC(10955) Using 13 workers of 13 for evacuation
[2026-07-26T10:42:00.651+0200][251271.964s][info][gc,phases     ] GC(10955)   Pre Evacuate Collection Set: 0.1ms
[2026-07-26T10:42:00.651+0200][251271.964s][info][gc,phases     ] GC(10955)   Evacuate Collection Set: 8.5ms
[2026-07-26T10:42:00.651+0200][251271.964s][info][gc,phases     ] GC(10955)   Post Evacuate Collection Set: 3.0ms
[2026-07-26T10:42:00.651+0200][251271.964s][info][gc,phases     ] GC(10955)   Other: 0.3ms
[2026-07-26T10:42:00.651+0200][251271.964s][info][gc,heap       ] GC(10955) Eden regions: 529->0(532)
[2026-07-26T10:42:00.651+0200][251271.964s][info][gc,heap       ] GC(10955) Survivor regions: 16->13(69)
[2026-07-26T10:42:00.651+0200][251271.964s][info][gc,heap       ] GC(10955) Old regions: 1360->1360
[2026-07-26T10:42:00.651+0200][251271.964s][info][gc,heap       ] GC(10955) Humongous regions: 16->16
[2026-07-26T10:42:00.651+0200][251271.964s][info][gc,metaspace  ] GC(10955) Metaspace: 924177K(1394816K)->924177K(1394816K) NonClass: 815364K(1266432K)->815364K(1266432K) Class: 108812K(128384K)->108812K(128384K)
[2026-07-26T10:42:00.651+0200][251271.964s][info][gc            ] GC(10955) Pause Young (Normal) (G1 Evacuation Pause) 1919M->1387M(2159M) 12.090ms
[2026-07-26T10:42:00.651+0200][251271.964s][info][gc,cpu        ] GC(10955) User=0.12s Sys=0.00s Real=0.01s
[2026-07-26T10:42:01.125+0200][251272.438s][info][gc,start      ] GC(10956) Pause Young (Normal) (G1 Evacuation Pause)
[2026-07-26T10:42:01.125+0200][251272.438s][info][gc,task       ] GC(10956) Using 13 workers of 13 for evacuation
[2026-07-26T10:42:01.137+0200][251272.450s][info][gc,phases     ] GC(10956)   Pre Evacuate Collection Set: 0.1ms
[2026-07-26T10:42:01.137+0200][251272.450s][info][gc,phases     ] GC(10956)   Evacuate Collection Set: 8.8ms
[2026-07-26T10:42:01.137+0200][251272.450s][info][gc,phases     ] GC(10956)   Post Evacuate Collection Set: 2.8ms
[2026-07-26T10:42:01.137+0200][251272.450s][info][gc,phases     ] GC(10956)   Other: 0.3ms
[2026-07-26T10:42:01.137+0200][251272.450s][info][gc,heap       ] GC(10956) Eden regions: 532->0(537)
[2026-07-26T10:42:01.137+0200][251272.450s][info][gc,heap       ] GC(10956) Survivor regions: 13->7(69)
[2026-07-26T10:42:01.137+0200][251272.450s][info][gc,heap       ] GC(10956) Old regions: 1360->1365
[2026-07-26T10:42:01.137+0200][251272.450s][info][gc,heap       ] GC(10956) Humongous regions: 16->16
[2026-07-26T10:42:01.137+0200][251272.450s][info][gc,metaspace  ] GC(10956) Metaspace: 924177K(1394816K)->924177K(1394816K) NonClass: 815364K(1266432K)->815364K(1266432K) Class: 108812K(128384K)->108812K(128384K)
[2026-07-26T10:42:01.137+0200][251272.450s][info][gc            ] GC(10956) Pause Young (Normal) (G1 Evacuation Pause) 1919M->1386M(2159M) 12.226ms
[2026-07-26T10:42:01.138+0200][251272.450s][info][gc,cpu        ] GC(10956) User=0.09s Sys=0.00s Real=0.01s
[2026-07-26T10:44:29.241+0200][251420.554s][info][gc,start      ] GC(10957) Pause Young (Normal) (G1 Evacuation Pause)
[2026-07-26T10:44:29.241+0200][251420.554s][info][gc,task       ] GC(10957) Using 13 workers of 13 for evacuation
[2026-07-26T10:44:29.249+0200][251420.562s][info][gc,phases     ] GC(10957)   Pre Evacuate Collection Set: 0.1ms
[2026-07-26T10:44:29.249+0200][251420.562s][info][gc,phases     ] GC(10957)   Evacuate Collection Set: 4.0ms
[2026-07-26T10:44:29.249+0200][251420.562s][info][gc,phases     ] GC(10957)   Post Evacuate Collection Set: 3.2ms
[2026-07-26T10:44:29.249+0200][251420.562s][info][gc,phases     ] GC(10957)   Other: 0.3ms
[2026-07-26T10:44:29.249+0200][251420.562s][info][gc,heap       ] GC(10957) Eden regions: 537->0(544)
[2026-07-26T10:44:29.249+0200][251420.562s][info][gc,heap       ] GC(10957) Survivor regions: 7->2(68)
[2026-07-26T10:44:29.249+0200][251420.562s][info][gc,heap       ] GC(10957) Old regions: 1365->1365
[2026-07-26T10:44:29.249+0200][251420.562s][info][gc,heap       ] GC(10957) Humongous regions: 16->16
[2026-07-26T10:44:29.249+0200][251420.562s][info][gc,metaspace  ] GC(10957) Metaspace: 924177K(1394816K)->924177K(1394816K) NonClass: 815364K(1266432K)->815364K(1266432K) Class: 108812K(128384K)->108812K(128384K)
[2026-07-26T10:44:29.249+0200][251420.562s][info][gc            ] GC(10957) Pause Young (Normal) (G1 Evacuation Pause) 1923M->1382M(2159M) 7.761ms
[2026-07-26T10:44:29.249+0200][251420.562s][info][gc,cpu        ] GC(10957) User=0.06s Sys=0.00s Real=0.01s
[2026-07-26T10:50:15.435+0200][251766.747s][info][gc,start      ] GC(10958) Pause Young (Normal) (G1 Evacuation Pause)
[2026-07-26T10:50:15.435+0200][251766.747s][info][gc,task       ] GC(10958) Using 13 workers of 13 for evacuation
[2026-07-26T10:50:15.443+0200][251766.756s][info][gc,phases     ] GC(10958)   Pre Evacuate Collection Set: 0.2ms
[2026-07-26T10:50:15.443+0200][251766.756s][info][gc,phases     ] GC(10958)   Evacuate Collection Set: 4.4ms
[2026-07-26T10:50:15.443+0200][251766.756s][info][gc,phases     ] GC(10958)   Post Evacuate Collection Set: 3.6ms
[2026-07-26T10:50:15.443+0200][251766.756s][info][gc,phases     ] GC(10958)   Other: 0.6ms
[2026-07-26T10:50:15.443+0200][251766.756s][info][gc,heap       ] GC(10958) Eden regions: 544->0(546)
[2026-07-26T10:50:15.443+0200][251766.756s][info][gc,heap       ] GC(10958) Survivor regions: 2->2(69)
[2026-07-26T10:50:15.444+0200][251766.756s][info][gc,heap       ] GC(10958) Old regions: 1365->1365
[2026-07-26T10:50:15.444+0200][251766.756s][info][gc,heap       ] GC(10958) Humongous regions: 16->16
[2026-07-26T10:50:15.444+0200][251766.756s][info][gc,metaspace  ] GC(10958) Metaspace: 924179K(1394816K)->924179K(1394816K) NonClass: 815366K(1266432K)->815366K(1266432K) Class: 108812K(128384K)->108812K(128384K)
[2026-07-26T10:50:15.444+0200][251766.756s][info][gc            ] GC(10958) Pause Young (Normal) (G1 Evacuation Pause) 1926M->1382M(2159M) 8.861ms
[2026-07-26T10:50:15.444+0200][251766.756s][info][gc,cpu        ] GC(10958) User=0.04s Sys=0.02s Real=0.01s
[2026-07-26T10:55:27.575+0200][252078.888s][info][gc,start      ] GC(10959) Pause Young (Normal) (G1 Evacuation Pause)
[2026-07-26T10:55:27.575+0200][252078.888s][info][gc,task       ] GC(10959) Using 13 workers of 13 for evacuation
[2026-07-26T10:55:27.586+0200][252078.898s][info][gc,phases     ] GC(10959)   Pre Evacuate Collection Set: 0.1ms
[2026-07-26T10:55:27.586+0200][252078.898s][info][gc,phases     ] GC(10959)   Evacuate Collection Set: 4.0ms
[2026-07-26T10:55:27.586+0200][252078.898s][info][gc,phases     ] GC(10959)   Post Evacuate Collection Set: 6.0ms
[2026-07-26T10:55:27.586+0200][252078.898s][info][gc,phases     ] GC(10959)   Other: 0.4ms
[2026-07-26T10:55:27.586+0200][252078.898s][info][gc,heap       ] GC(10959) Eden regions: 546->0(546)
[2026-07-26T10:55:27.586+0200][252078.898s][info][gc,heap       ] GC(10959) Survivor regions: 2->3(69)
[2026-07-26T10:55:27.586+0200][252078.898s][info][gc,heap       ] GC(10959) Old regions: 1365->1365
[2026-07-26T10:55:27.586+0200][252078.898s][info][gc,heap       ] GC(10959) Humongous regions: 16->16
[2026-07-26T10:55:27.586+0200][252078.898s][info][gc,metaspace  ] GC(10959) Metaspace: 924180K(1394816K)->924180K(1394816K) NonClass: 815367K(1266432K)->815367K(1266432K) Class: 108812K(128384K)->108812K(128384K)
[2026-07-26T10:55:27.586+0200][252078.898s][info][gc            ] GC(10959) Pause Young (Normal) (G1 Evacuation Pause) 1928M->1383M(2159M) 10.791ms
[2026-07-26T10:55:27.586+0200][252078.898s][info][gc,cpu        ] GC(10959) User=0.07s Sys=0.01s Real=0.01s
[2026-07-26T10:56:09.056+0200][252120.369s][info][gc,start      ] GC(10960) Pause Young (Normal) (G1 Evacuation Pause)
[2026-07-26T10:56:09.056+0200][252120.369s][info][gc,task       ] GC(10960) Using 13 workers of 13 for evacuation
[2026-07-26T10:56:09.067+0200][252120.380s][info][gc,phases     ] GC(10960)   Pre Evacuate Collection Set: 0.1ms
[2026-07-26T10:56:09.068+0200][252120.380s][info][gc,phases     ] GC(10960)   Evacuate Collection Set: 4.2ms
[2026-07-26T10:56:09.068+0200][252120.380s][info][gc,phases     ] GC(10960)   Post Evacuate Collection Set: 6.6ms
[2026-07-26T10:56:09.068+0200][252120.380s][info][gc,phases     ] GC(10960)   Other: 0.6ms
[2026-07-26T10:56:09.068+0200][252120.380s][info][gc,heap       ] GC(10960) Eden regions: 546->0(549)
[2026-07-26T10:56:09.068+0200][252120.380s][info][gc,heap       ] GC(10960) Survivor regions: 3->2(69)
[2026-07-26T10:56:09.068+0200][252120.380s][info][gc,heap       ] GC(10960) Old regions: 1365->1365
[2026-07-26T10:56:09.068+0200][252120.380s][info][gc,heap       ] GC(10960) Humongous regions: 16->16
[2026-07-26T10:56:09.068+0200][252120.380s][info][gc,metaspace  ] GC(10960) Metaspace: 924180K(1394816K)->924180K(1394816K) NonClass: 815367K(1266432K)->815367K(1266432K) Class: 108812K(128384K)->108812K(128384K)
[2026-07-26T10:56:09.068+0200][252120.380s][info][gc            ] GC(10960) Pause Young (Normal) (G1 Evacuation Pause) 1929M->1381M(2159M) 11.735ms
[2026-07-26T10:56:09.068+0200][252120.380s][info][gc,cpu        ] GC(10960) User=0.04s Sys=0.00s Real=0.01s
[2026-07-26T10:56:42.341+0200][252153.654s][info][gc,start      ] GC(10961) Pause Young (Normal) (G1 Evacuation Pause)
[2026-07-26T10:56:42.341+0200][252153.654s][info][gc,task       ] GC(10961) Using 13 workers of 13 for evacuation
[2026-07-26T10:56:42.352+0200][252153.665s][info][gc,phases     ] GC(10961)   Pre Evacuate Collection Set: 0.1ms
[2026-07-26T10:56:42.352+0200][252153.665s][info][gc,phases     ] GC(10961)   Evacuate Collection Set: 7.0ms
[2026-07-26T10:56:42.352+0200][252153.665s][info][gc,phases     ] GC(10961)   Post Evacuate Collection Set: 3.8ms
[2026-07-26T10:56:42.352+0200][252153.665s][info][gc,phases     ] GC(10961)   Other: 0.3ms
[2026-07-26T10:56:42.352+0200][252153.665s][info][gc,heap       ] GC(10961) Eden regions: 549->0(535)
[2026-07-26T10:56:42.352+0200][252153.665s][info][gc,heap       ] GC(10961) Survivor regions: 2->10(69)
[2026-07-26T10:56:42.352+0200][252153.665s][info][gc,heap       ] GC(10961) Old regions: 1365->1365
[2026-07-26T10:56:42.352+0200][252153.665s][info][gc,heap       ] GC(10961) Humongous regions: 16->16
[2026-07-26T10:56:42.352+0200][252153.665s][info][gc,metaspace  ] GC(10961) Metaspace: 924180K(1394816K)->924180K(1394816K) NonClass: 815367K(1266432K)->815367K(1266432K) Class: 108812K(128384K)->108812K(128384K)
[2026-07-26T10:56:42.353+0200][252153.665s][info][gc            ] GC(10961) Pause Young (Normal) (G1 Evacuation Pause) 1930M->1390M(2159M) 11.345ms
[2026-07-26T10:56:42.353+0200][252153.665s][info][gc,cpu        ] GC(10961) User=0.10s Sys=0.00s Real=0.01s
[2026-07-26T10:56:43.198+0200][252154.511s][info][gc,start      ] GC(10962) Pause Young (Normal) (G1 Evacuation Pause)
[2026-07-26T10:56:43.198+0200][252154.511s][info][gc,task       ] GC(10962) Using 13 workers of 13 for evacuation
[2026-07-26T10:56:43.208+0200][252154.521s][info][gc,phases     ] GC(10962)   Pre Evacuate Collection Set: 0.1ms
[2026-07-26T10:56:43.208+0200][252154.521s][info][gc,phases     ] GC(10962)   Evacuate Collection Set: 6.2ms
[2026-07-26T10:56:43.208+0200][252154.521s][info][gc,phases     ] GC(10962)   Post Evacuate Collection Set: 3.5ms
[2026-07-26T10:56:43.208+0200][252154.521s][info][gc,phases     ] GC(10962)   Other: 0.3ms
[2026-07-26T10:56:43.208+0200][252154.521s][info][gc,heap       ] GC(10962) Eden regions: 535->0(533)
[2026-07-26T10:56:43.208+0200][252154.521s][info][gc,heap       ] GC(10962) Survivor regions: 10->10(69)
[2026-07-26T10:56:43.208+0200][252154.521s][info][gc,heap       ] GC(10962) Old regions: 1365->1365
[2026-07-26T10:56:43.208+0200][252154.521s][info][gc,heap       ] GC(10962) Humongous regions: 16->16
[2026-07-26T10:56:43.208+0200][252154.521s][info][gc,metaspace  ] GC(10962) Metaspace: 924180K(1394816K)->924180K(1394816K) NonClass: 815367K(1266432K)->815367K(1266432K) Class: 108812K(128384K)->108812K(128384K)
[2026-07-26T10:56:43.208+0200][252154.521s][info][gc            ] GC(10962) Pause Young (Normal) (G1 Evacuation Pause) 1925M->1389M(2159M) 10.170ms
[2026-07-26T10:56:43.208+0200][252154.521s][info][gc,cpu        ] GC(10962) User=0.09s Sys=0.00s Real=0.01s
[2026-07-26T10:56:43.702+0200][252155.015s][info][gc,start      ] GC(10963) Pause Young (Normal) (G1 Evacuation Pause)
[2026-07-26T10:56:43.702+0200][252155.015s][info][gc,task       ] GC(10963) Using 13 workers of 13 for evacuation
[2026-07-26T10:56:43.711+0200][252155.023s][info][gc,phases     ] GC(10963)   Pre Evacuate Collection Set: 0.1ms
[2026-07-26T10:56:43.711+0200][252155.023s][info][gc,phases     ] GC(10963)   Evacuate Collection Set: 5.5ms
[2026-07-26T10:56:43.711+0200][252155.023s][info][gc,phases     ] GC(10963)   Post Evacuate Collection Set: 3.0ms
[2026-07-26T10:56:43.711+0200][252155.023s][info][gc,phases     ] GC(10963)   Other: 0.3ms
[2026-07-26T10:56:43.711+0200][252155.024s][info][gc,heap       ] GC(10963) Eden regions: 533->0(537)
[2026-07-26T10:56:43.711+0200][252155.024s][info][gc,heap       ] GC(10963) Survivor regions: 10->9(68)
[2026-07-26T10:56:43.711+0200][252155.024s][info][gc,heap       ] GC(10963) Old regions: 1365->1365
[2026-07-26T10:56:43.711+0200][252155.024s][info][gc,heap       ] GC(10963) Humongous regions: 16->16
[2026-07-26T10:56:43.711+0200][252155.024s][info][gc,metaspace  ] GC(10963) Metaspace: 924180K(1394816K)->924180K(1394816K) NonClass: 815367K(1266432K)->815367K(1266432K) Class: 108812K(128384K)->108812K(128384K)
[2026-07-26T10:56:43.711+0200][252155.024s][info][gc            ] GC(10963) Pause Young (Normal) (G1 Evacuation Pause) 1922M->1389M(2159M) 9.043ms
[2026-07-26T10:56:43.711+0200][252155.024s][info][gc,cpu        ] GC(10963) User=0.07s Sys=0.00s Real=0.01s
[2026-07-26T10:56:44.251+0200][252155.564s][info][gc,start      ] GC(10964) Pause Young (Normal) (G1 Evacuation Pause)
[2026-07-26T10:56:44.251+0200][252155.564s][info][gc,task       ] GC(10964) Using 13 workers of 13 for evacuation
[2026-07-26T10:56:44.262+0200][252155.574s][info][gc,phases     ] GC(10964)   Pre Evacuate Collection Set: 0.1ms
[2026-07-26T10:56:44.262+0200][252155.574s][info][gc,phases     ] GC(10964)   Evacuate Collection Set: 7.4ms
[2026-07-26T10:56:44.262+0200][252155.574s][info][gc,phases     ] GC(10964)   Post Evacuate Collection Set: 2.9ms
[2026-07-26T10:56:44.262+0200][252155.574s][info][gc,phases     ] GC(10964)   Other: 0.3ms
[2026-07-26T10:56:44.262+0200][252155.574s][info][gc,heap       ] GC(10964) Eden regions: 537->0(535)
[2026-07-26T10:56:44.262+0200][252155.574s][info][gc,heap       ] GC(10964) Survivor regions: 9->11(69)
[2026-07-26T10:56:44.262+0200][252155.574s][info][gc,heap       ] GC(10964) Old regions: 1365->1365
[2026-07-26T10:56:44.262+0200][252155.574s][info][gc,heap       ] GC(10964) Humongous regions: 16->16
[2026-07-26T10:56:44.262+0200][252155.574s][info][gc,metaspace  ] GC(10964) Metaspace: 924180K(1394816K)->924180K(1394816K) NonClass: 815367K(1266432K)->815367K(1266432K) Class: 108812K(128384K)->108812K(128384K)
[2026-07-26T10:56:44.262+0200][252155.575s][info][gc            ] GC(10964) Pause Young (Normal) (G1 Evacuation Pause) 1926M->1391M(2159M) 10.818ms
[2026-07-26T10:56:44.262+0200][252155.575s][info][gc,cpu        ] GC(10964) User=0.09s Sys=0.00s Real=0.01s
[2026-07-26T10:58:13.611+0200][252244.924s][info][gc,start      ] GC(10965) Pause Young (Normal) (G1 Evacuation Pause)
[2026-07-26T10:58:13.611+0200][252244.924s][info][gc,task       ] GC(10965) Using 13 workers of 13 for evacuation
[2026-07-26T10:58:13.620+0200][252244.933s][info][gc,phases     ] GC(10965)   Pre Evacuate Collection Set: 0.1ms
[2026-07-26T10:58:13.620+0200][252244.933s][info][gc,phases     ] GC(10965)   Evacuate Collection Set: 4.9ms
[2026-07-26T10:58:13.620+0200][252244.933s][info][gc,phases     ] GC(10965)   Post Evacuate Collection Set: 3.2ms
[2026-07-26T10:58:13.620+0200][252244.933s][info][gc,phases     ] GC(10965)   Other: 0.5ms
[2026-07-26T10:58:13.620+0200][252244.933s][info][gc,heap       ] GC(10965) Eden regions: 535->0(538)
[2026-07-26T10:58:13.620+0200][252244.933s][info][gc,heap       ] GC(10965) Survivor regions: 11->7(69)
[2026-07-26T10:58:13.620+0200][252244.933s][info][gc,heap       ] GC(10965) Old regions: 1365->1365
[2026-07-26T10:58:13.620+0200][252244.933s][info][gc,heap       ] GC(10965) Humongous regions: 16->16
[2026-07-26T10:58:13.620+0200][252244.933s][info][gc,metaspace  ] GC(10965) Metaspace: 924272K(1395072K)->924272K(1395072K) NonClass: 815459K(1266688K)->815459K(1266688K) Class: 108812K(128384K)->108812K(128384K)
[2026-07-26T10:58:13.620+0200][252244.933s][info][gc            ] GC(10965) Pause Young (Normal) (G1 Evacuation Pause) 1926M->1387M(2159M) 8.829ms
[2026-07-26T10:58:13.620+0200][252244.933s][info][gc,cpu        ] GC(10965) User=0.07s Sys=0.00s Real=0.01s
[2026-07-26T10:59:29.239+0200][252320.552s][info][gc,start      ] GC(10966) Pause Young (Normal) (G1 Evacuation Pause)
[2026-07-26T10:59:29.239+0200][252320.552s][info][gc,task       ] GC(10966) Using 13 workers of 13 for evacuation
[2026-07-26T10:59:29.251+0200][252320.563s][info][gc,phases     ] GC(10966)   Pre Evacuate Collection Set: 0.1ms
[2026-07-26T10:59:29.251+0200][252320.563s][info][gc,phases     ] GC(10966)   Evacuate Collection Set: 4.2ms
[2026-07-26T10:59:29.251+0200][252320.563s][info][gc,phases     ] GC(10966)   Post Evacuate Collection Set: 6.7ms
[2026-07-26T10:59:29.251+0200][252320.563s][info][gc,phases     ] GC(10966)   Other: 0.4ms
[2026-07-26T10:59:29.251+0200][252320.563s][info][gc,heap       ] GC(10966) Eden regions: 538->0(543)
[2026-07-26T10:59:29.251+0200][252320.564s][info][gc,heap       ] GC(10966) Survivor regions: 7->4(69)
[2026-07-26T10:59:29.251+0200][252320.564s][info][gc,heap       ] GC(10966) Old regions: 1365->1365
[2026-07-26T10:59:29.251+0200][252320.564s][info][gc,heap       ] GC(10966) Humongous regions: 16->16
[2026-07-26T10:59:29.251+0200][252320.564s][info][gc,metaspace  ] GC(10966) Metaspace: 924295K(1395072K)->924295K(1395072K) NonClass: 815482K(1266688K)->815482K(1266688K) Class: 108812K(128384K)->108812K(128384K)
[2026-07-26T10:59:29.251+0200][252320.564s][info][gc            ] GC(10966) Pause Young (Normal) (G1 Evacuation Pause) 1925M->1384M(2159M) 11.525ms
[2026-07-26T10:59:29.251+0200][252320.564s][info][gc,cpu        ] GC(10966) User=0.09s Sys=0.00s Real=0.01s
[2026-07-26T10:59:33.710+0200][252325.023s][info][gc,start      ] GC(10967) Pause Young (Normal) (G1 Evacuation Pause)
[2026-07-26T10:59:33.710+0200][252325.023s][info][gc,task       ] GC(10967) Using 13 workers of 13 for evacuation
[2026-07-26T10:59:33.720+0200][252325.033s][info][gc,phases     ] GC(10967)   Pre Evacuate Collection Set: 0.1ms
[2026-07-26T10:59:33.720+0200][252325.033s][info][gc,phases     ] GC(10967)   Evacuate Collection Set: 6.1ms
[2026-07-26T10:59:33.720+0200][252325.033s][info][gc,phases     ] GC(10967)   Post Evacuate Collection Set: 3.3ms
[2026-07-26T10:59:33.720+0200][252325.033s][info][gc,phases     ] GC(10967)   Other: 0.3ms
[2026-07-26T10:59:33.720+0200][252325.033s][info][gc,heap       ] GC(10967) Eden regions: 543->0(538)
[2026-07-26T10:59:33.720+0200][252325.033s][info][gc,heap       ] GC(10967) Survivor regions: 4->8(69)
[2026-07-26T10:59:33.720+0200][252325.033s][info][gc,heap       ] GC(10967) Old regions: 1365->1365
[2026-07-26T10:59:33.720+0200][252325.033s][info][gc,heap       ] GC(10967) Humongous regions: 16->16
[2026-07-26T10:59:33.720+0200][252325.033s][info][gc,metaspace  ] GC(10967) Metaspace: 924295K(1395072K)->924295K(1395072K) NonClass: 815482K(1266688K)->815482K(1266688K) Class: 108812K(128384K)->108812K(128384K)
[2026-07-26T10:59:33.720+0200][252325.033s][info][gc            ] GC(10967) Pause Young (Normal) (G1 Evacuation Pause) 1927M->1388M(2159M) 10.000ms
[2026-07-26T10:59:33.720+0200][252325.033s][info][gc,cpu        ] GC(10967) User=0.08s Sys=0.00s Real=0.01s
[2026-07-26T11:00:15.088+0200][252366.401s][info][gc,start      ] GC(10968) Pause Young (Normal) (G1 Evacuation Pause)
[2026-07-26T11:00:15.088+0200][252366.401s][info][gc,task       ] GC(10968) Using 13 workers of 13 for evacuation
[2026-07-26T11:00:15.098+0200][252366.410s][info][gc,phases     ] GC(10968)   Pre Evacuate Collection Set: 0.1ms
[2026-07-26T11:00:15.098+0200][252366.410s][info][gc,phases     ] GC(10968)   Evacuate Collection Set: 5.2ms
[2026-07-26T11:00:15.098+0200][252366.410s][info][gc,phases     ] GC(10968)   Post Evacuate Collection Set: 3.4ms
[2026-07-26T11:00:15.098+0200][252366.410s][info][gc,phases     ] GC(10968)   Other: 0.4ms
[2026-07-26T11:00:15.098+0200][252366.410s][info][gc,heap       ] GC(10968) Eden regions: 538->0(543)
[2026-07-26T11:00:15.098+0200][252366.410s][info][gc,heap       ] GC(10968) Survivor regions: 8->5(69)
[2026-07-26T11:00:15.098+0200][252366.410s][info][gc,heap       ] GC(10968) Old regions: 1365->1365
[2026-07-26T11:00:15.098+0200][252366.410s][info][gc,heap       ] GC(10968) Humongous regions: 16->16
[2026-07-26T11:00:15.098+0200][252366.410s][info][gc,metaspace  ] GC(10968) Metaspace: 924295K(1395072K)->924295K(1395072K) NonClass: 815482K(1266688K)->815482K(1266688K) Class: 108812K(128384K)->108812K(128384K)
[2026-07-26T11:00:15.098+0200][252366.410s][info][gc            ] GC(10968) Pause Young (Normal) (G1 Evacuation Pause) 1926M->1384M(2159M) 9.316ms
[2026-07-26T11:00:15.098+0200][252366.410s][info][gc,cpu        ] GC(10968) User=0.06s Sys=0.00s Real=0.01s
[2026-07-26T11:03:14.858+0200][252546.171s][info][gc,start      ] GC(10969) Pause Young (Normal) (G1 Evacuation Pause)
[2026-07-26T11:03:14.858+0200][252546.171s][info][gc,task       ] GC(10969) Using 13 workers of 13 for evacuation
[2026-07-26T11:03:14.867+0200][252546.179s][info][gc,phases     ] GC(10969)   Pre Evacuate Collection Set: 0.1ms
[2026-07-26T11:03:14.867+0200][252546.179s][info][gc,phases     ] GC(10969)   Evacuate Collection Set: 4.7ms
[2026-07-26T11:03:14.867+0200][252546.179s][info][gc,phases     ] GC(10969)   Post Evacuate Collection Set: 3.2ms
[2026-07-26T11:03:14.867+0200][252546.179s][info][gc,phases     ] GC(10969)   Other: 0.4ms
[2026-07-26T11:03:14.867+0200][252546.179s][info][gc,heap       ] GC(10969) Eden regions: 543->0(541)
[2026-07-26T11:03:14.867+0200][252546.179s][info][gc,heap       ] GC(10969) Survivor regions: 5->7(69)
[2026-07-26T11:03:14.867+0200][252546.179s][info][gc,heap       ] GC(10969) Old regions: 1365->1365
[2026-07-26T11:03:14.867+0200][252546.180s][info][gc,heap       ] GC(10969) Humongous regions: 16->16
[2026-07-26T11:03:14.867+0200][252546.180s][info][gc,metaspace  ] GC(10969) Metaspace: 924295K(1395072K)->924295K(1395072K) NonClass: 815482K(1266688K)->815482K(1266688K) Class: 108812K(128384K)->108812K(128384K)
[2026-07-26T11:03:14.867+0200][252546.180s][info][gc            ] GC(10969) Pause Young (Normal) (G1 Evacuation Pause) 1927M->1386M(2159M) 8.661ms
[2026-07-26T11:03:14.867+0200][252546.180s][info][gc,cpu        ] GC(10969) User=0.06s Sys=0.00s Real=0.01s
[2026-07-26T11:14:29.083+0200][253220.396s][info][gc,start      ] GC(10970) Pause Young (Normal) (G1 Evacuation Pause)
[2026-07-26T11:14:29.083+0200][253220.396s][info][gc,task       ] GC(10970) Using 13 workers of 13 for evacuation
[2026-07-26T11:14:29.092+0200][253220.405s][info][gc,phases     ] GC(10970)   Pre Evacuate Collection Set: 0.1ms
[2026-07-26T11:14:29.092+0200][253220.405s][info][gc,phases     ] GC(10970)   Evacuate Collection Set: 5.0ms
[2026-07-26T11:14:29.092+0200][253220.405s][info][gc,phases     ] GC(10970)   Post Evacuate Collection Set: 3.4ms
[2026-07-26T11:14:29.092+0200][253220.405s][info][gc,phases     ] GC(10970)   Other: 0.5ms
[2026-07-26T11:14:29.092+0200][253220.405s][info][gc,heap       ] GC(10970) Eden regions: 541->0(545)
[2026-07-26T11:14:29.092+0200][253220.405s][info][gc,heap       ] GC(10970) Survivor regions: 7->6(69)
[2026-07-26T11:14:29.092+0200][253220.405s][info][gc,heap       ] GC(10970) Old regions: 1365->1365
[2026-07-26T11:14:29.092+0200][253220.405s][info][gc,heap       ] GC(10970) Humongous regions: 16->16
[2026-07-26T11:14:29.093+0200][253220.405s][info][gc,metaspace  ] GC(10970) Metaspace: 924295K(1395072K)->924295K(1395072K) NonClass: 815482K(1266688K)->815482K(1266688K) Class: 108812K(128384K)->108812K(128384K)
[2026-07-26T11:14:29.093+0200][253220.405s][info][gc            ] GC(10970) Pause Young (Normal) (G1 Evacuation Pause) 1927M->1386M(2159M) 9.224ms
[2026-07-26T11:14:29.093+0200][253220.405s][info][gc,cpu        ] GC(10970) User=0.05s Sys=0.01s Real=0.00s
[2026-07-26T11:18:09.038+0200][253440.350s][info][gc,start      ] GC(10971) Pause Young (Normal) (G1 Evacuation Pause)
[2026-07-26T11:18:09.038+0200][253440.351s][info][gc,task       ] GC(10971) Using 13 workers of 13 for evacuation
[2026-07-26T11:18:09.047+0200][253440.360s][info][gc,phases     ] GC(10971)   Pre Evacuate Collection Set: 0.1ms
[2026-07-26T11:18:09.047+0200][253440.360s][info][gc,phases     ] GC(10971)   Evacuate Collection Set: 5.4ms
[2026-07-26T11:18:09.047+0200][253440.360s][info][gc,phases     ] GC(10971)   Post Evacuate Collection Set: 3.5ms
[2026-07-26T11:18:09.047+0200][253440.360s][info][gc,phases     ] GC(10971)   Other: 0.5ms
[2026-07-26T11:18:09.047+0200][253440.360s][info][gc,heap       ] GC(10971) Eden regions: 545->0(545)
[2026-07-26T11:18:09.047+0200][253440.360s][info][gc,heap       ] GC(10971) Survivor regions: 6->7(69)
[2026-07-26T11:18:09.047+0200][253440.360s][info][gc,heap       ] GC(10971) Old regions: 1365->1365
[2026-07-26T11:18:09.047+0200][253440.360s][info][gc,heap       ] GC(10971) Humongous regions: 16->16
[2026-07-26T11:18:09.047+0200][253440.360s][info][gc,metaspace  ] GC(10971) Metaspace: 924296K(1395072K)->924296K(1395072K) NonClass: 815483K(1266688K)->815483K(1266688K) Class: 108812K(128384K)->108812K(128384K)
[2026-07-26T11:18:09.047+0200][253440.360s][info][gc            ] GC(10971) Pause Young (Normal) (G1 Evacuation Pause) 1931M->1386M(2159M) 9.566ms
[2026-07-26T11:18:09.047+0200][253440.360s][info][gc,cpu        ] GC(10971) User=0.06s Sys=0.01s Real=0.01s
[2026-07-26T11:23:09.391+0200][253740.704s][info][gc,start      ] GC(10972) Pause Young (Normal) (G1 Evacuation Pause)
[2026-07-26T11:23:09.391+0200][253740.704s][info][gc,task       ] GC(10972) Using 13 workers of 13 for evacuation
[2026-07-26T11:23:09.406+0200][253740.719s][info][gc,phases     ] GC(10972)   Pre Evacuate Collection Set: 0.1ms
[2026-07-26T11:23:09.406+0200][253740.719s][info][gc,phases     ] GC(10972)   Evacuate Collection Set: 9.8ms
[2026-07-26T11:23:09.406+0200][253740.719s][info][gc,phases     ] GC(10972)   Post Evacuate Collection Set: 4.7ms
[2026-07-26T11:23:09.406+0200][253740.719s][info][gc,phases     ] GC(10972)   Other: 0.4ms
[2026-07-26T11:23:09.406+0200][253740.719s][info][gc,heap       ] GC(10972) Eden regions: 545->0(530)
[2026-07-26T11:23:09.406+0200][253740.719s][info][gc,heap       ] GC(10972) Survivor regions: 7->15(69)
[2026-07-26T11:23:09.406+0200][253740.719s][info][gc,heap       ] GC(10972) Old regions: 1365->1365
[2026-07-26T11:23:09.406+0200][253740.719s][info][gc,heap       ] GC(10972) Humongous regions: 16->16
[2026-07-26T11:23:09.406+0200][253740.719s][info][gc,metaspace  ] GC(10972) Metaspace: 924300K(1395072K)->924300K(1395072K) NonClass: 815486K(1266688K)->815486K(1266688K) Class: 108813K(128384K)->108813K(128384K)
[2026-07-26T11:23:09.406+0200][253740.719s][info][gc            ] GC(10972) Pause Young (Normal) (G1 Evacuation Pause) 1931M->1395M(2159M) 15.110ms
[2026-07-26T11:23:09.406+0200][253740.719s][info][gc,cpu        ] GC(10972) User=0.13s Sys=0.00s Real=0.02s
[2026-07-26T11:25:06.514+0200][253857.827s][info][gc,start      ] GC(10973) Pause Young (Normal) (G1 Evacuation Pause)
[2026-07-26T11:25:06.514+0200][253857.827s][info][gc,task       ] GC(10973) Using 13 workers of 13 for evacuation
[2026-07-26T11:25:06.529+0200][253857.841s][info][gc,phases     ] GC(10973)   Pre Evacuate Collection Set: 0.2ms
[2026-07-26T11:25:06.529+0200][253857.841s][info][gc,phases     ] GC(10973)   Evacuate Collection Set: 8.8ms
[2026-07-26T11:25:06.529+0200][253857.841s][info][gc,phases     ] GC(10973)   Post Evacuate Collection Set: 5.0ms
[2026-07-26T11:25:06.529+0200][253857.841s][info][gc,phases     ] GC(10973)   Other: 0.5ms
[2026-07-26T11:25:06.529+0200][253857.841s][info][gc,heap       ] GC(10973) Eden regions: 530->0(535)
[2026-07-26T11:25:06.529+0200][253857.841s][info][gc,heap       ] GC(10973) Survivor regions: 15->13(69)
[2026-07-26T11:25:06.529+0200][253857.841s][info][gc,heap       ] GC(10973) Old regions: 1365->1365
[2026-07-26T11:25:06.529+0200][253857.841s][info][gc,heap       ] GC(10973) Humongous regions: 16->16
[2026-07-26T11:25:06.529+0200][253857.841s][info][gc,metaspace  ] GC(10973) Metaspace: 924300K(1395072K)->924300K(1395072K) NonClass: 815486K(1266688K)->815486K(1266688K) Class: 108813K(128384K)->108813K(128384K)
[2026-07-26T11:25:06.529+0200][253857.841s][info][gc            ] GC(10973) Pause Young (Normal) (G1 Evacuation Pause) 1925M->1393M(2159M) 14.715ms
[2026-07-26T11:25:06.529+0200][253857.842s][info][gc,cpu        ] GC(10973) User=0.12s Sys=0.00s Real=0.01s
[2026-07-26T11:25:07.257+0200][253858.569s][info][gc,start      ] GC(10974) Pause Young (Normal) (G1 Evacuation Pause)
[2026-07-26T11:25:07.257+0200][253858.569s][info][gc,task       ] GC(10974) Using 13 workers of 13 for evacuation
[2026-07-26T11:25:07.273+0200][253858.586s][info][gc,phases     ] GC(10974)   Pre Evacuate Collection Set: 0.1ms
[2026-07-26T11:25:07.273+0200][253858.586s][info][gc,phases     ] GC(10974)   Evacuate Collection Set: 11.2ms
[2026-07-26T11:25:07.273+0200][253858.586s][info][gc,phases     ] GC(10974)   Post Evacuate Collection Set: 4.9ms
[2026-07-26T11:25:07.273+0200][253858.586s][info][gc,phases     ] GC(10974)   Other: 0.3ms
[2026-07-26T11:25:07.273+0200][253858.586s][info][gc,heap       ] GC(10974) Eden regions: 535->0(531)
[2026-07-26T11:25:07.273+0200][253858.586s][info][gc,heap       ] GC(10974) Survivor regions: 13->15(69)
[2026-07-26T11:25:07.273+0200][253858.586s][info][gc,heap       ] GC(10974) Old regions: 1365->1366
[2026-07-26T11:25:07.273+0200][253858.586s][info][gc,heap       ] GC(10974) Humongous regions: 16->16
[2026-07-26T11:25:07.273+0200][253858.586s][info][gc,metaspace  ] GC(10974) Metaspace: 924300K(1395072K)->924300K(1395072K) NonClass: 815486K(1266688K)->815486K(1266688K) Class: 108813K(128384K)->108813K(128384K)
[2026-07-26T11:25:07.273+0200][253858.586s][info][gc            ] GC(10974) Pause Young (Normal) (G1 Evacuation Pause) 1928M->1395M(2159M) 16.693ms
[2026-07-26T11:25:07.273+0200][253858.586s][info][gc,cpu        ] GC(10974) User=0.14s Sys=0.00s Real=0.02s
[2026-07-26T11:25:10.919+0200][253862.232s][info][gc,start      ] GC(10975) Pause Young (Normal) (G1 Evacuation Pause)
[2026-07-26T11:25:10.919+0200][253862.232s][info][gc,task       ] GC(10975) Using 13 workers of 13 for evacuation
[2026-07-26T11:25:10.937+0200][253862.250s][info][gc,phases     ] GC(10975)   Pre Evacuate Collection Set: 0.1ms
[2026-07-26T11:25:10.937+0200][253862.250s][info][gc,phases     ] GC(10975)   Evacuate Collection Set: 12.0ms
[2026-07-26T11:25:10.937+0200][253862.250s][info][gc,phases     ] GC(10975)   Post Evacuate Collection Set: 5.9ms
[2026-07-26T11:25:10.937+0200][253862.250s][info][gc,phases     ] GC(10975)   Other: 0.4ms
[2026-07-26T11:25:10.937+0200][253862.250s][info][gc,heap       ] GC(10975) Eden regions: 531->0(529)
[2026-07-26T11:25:10.937+0200][253862.250s][info][gc,heap       ] GC(10975) Survivor regions: 15->16(69)
[2026-07-26T11:25:10.937+0200][253862.250s][info][gc,heap       ] GC(10975) Old regions: 1366->1366
[2026-07-26T11:25:10.937+0200][253862.250s][info][gc,heap       ] GC(10975) Humongous regions: 16->16
[2026-07-26T11:25:10.937+0200][253862.250s][info][gc,metaspace  ] GC(10975) Metaspace: 924300K(1395072K)->924300K(1395072K) NonClass: 815486K(1266688K)->815486K(1266688K) Class: 108813K(128384K)->108813K(128384K)
[2026-07-26T11:25:10.937+0200][253862.250s][info][gc            ] GC(10975) Pause Young (Normal) (G1 Evacuation Pause) 1926M->1397M(2159M) 18.574ms
[2026-07-26T11:25:10.938+0200][253862.250s][info][gc,cpu        ] GC(10975) User=0.17s Sys=0.00s Real=0.02s
[2026-07-26T11:25:11.754+0200][253863.066s][info][gc,start      ] GC(10976) Pause Young (Normal) (G1 Evacuation Pause)
[2026-07-26T11:25:11.754+0200][253863.066s][info][gc,task       ] GC(10976) Using 13 workers of 13 for evacuation
[2026-07-26T11:25:11.770+0200][253863.083s][info][gc,phases     ] GC(10976)   Pre Evacuate Collection Set: 0.1ms
[2026-07-26T11:25:11.771+0200][253863.083s][info][gc,phases     ] GC(10976)   Evacuate Collection Set: 11.4ms
[2026-07-26T11:25:11.771+0200][253863.083s][info][gc,phases     ] GC(10976)   Post Evacuate Collection Set: 4.9ms
[2026-07-26T11:25:11.771+0200][253863.083s][info][gc,phases     ] GC(10976)   Other: 0.4ms
[2026-07-26T11:25:11.771+0200][253863.083s][info][gc,heap       ] GC(10976) Eden regions: 529->0(529)
[2026-07-26T11:25:11.771+0200][253863.083s][info][gc,heap       ] GC(10976) Survivor regions: 16->16(69)
[2026-07-26T11:25:11.771+0200][253863.083s][info][gc,heap       ] GC(10976) Old regions: 1366->1366
[2026-07-26T11:25:11.771+0200][253863.083s][info][gc,heap       ] GC(10976) Humongous regions: 16->16
[2026-07-26T11:25:11.771+0200][253863.083s][info][gc,metaspace  ] GC(10976) Metaspace: 924300K(1395072K)->924300K(1395072K) NonClass: 815486K(1266688K)->815486K(1266688K) Class: 108813K(128384K)->108813K(128384K)
[2026-07-26T11:25:11.771+0200][253863.083s][info][gc            ] GC(10976) Pause Young (Normal) (G1 Evacuation Pause) 1926M->1396M(2159M) 16.953ms
[2026-07-26T11:25:11.771+0200][253863.083s][info][gc,cpu        ] GC(10976) User=0.15s Sys=0.00s Real=0.01s
[2026-07-26T11:29:29.335+0200][254120.647s][info][gc,start      ] GC(10977) Pause Young (Normal) (G1 Evacuation Pause)
[2026-07-26T11:29:29.335+0200][254120.647s][info][gc,task       ] GC(10977) Using 13 workers of 13 for evacuation
[2026-07-26T11:29:29.348+0200][254120.661s][info][gc,phases     ] GC(10977)   Pre Evacuate Collection Set: 0.1ms
[2026-07-26T11:29:29.348+0200][254120.661s][info][gc,phases     ] GC(10977)   Evacuate Collection Set: 8.9ms
[2026-07-26T11:29:29.348+0200][254120.661s][info][gc,phases     ] GC(10977)   Post Evacuate Collection Set: 3.8ms
[2026-07-26T11:29:29.348+0200][254120.661s][info][gc,phases     ] GC(10977)   Other: 0.4ms
[2026-07-26T11:29:29.348+0200][254120.661s][info][gc,heap       ] GC(10977) Eden regions: 529->0(536)
[2026-07-26T11:29:29.348+0200][254120.661s][info][gc,heap       ] GC(10977) Survivor regions: 16->12(69)
[2026-07-26T11:29:29.348+0200][254120.661s][info][gc,heap       ] GC(10977) Old regions: 1366->1366
[2026-07-26T11:29:29.348+0200][254120.661s][info][gc,heap       ] GC(10977) Humongous regions: 16->16
[2026-07-26T11:29:29.348+0200][254120.661s][info][gc,metaspace  ] GC(10977) Metaspace: 924300K(1395072K)->924300K(1395072K) NonClass: 815486K(1266688K)->815486K(1266688K) Class: 108813K(128384K)->108813K(128384K)
[2026-07-26T11:29:29.348+0200][254120.661s][info][gc            ] GC(10977) Pause Young (Normal) (G1 Evacuation Pause) 1925M->1392M(2159M) 13.259ms
[2026-07-26T11:29:29.348+0200][254120.661s][info][gc,cpu        ] GC(10977) User=0.11s Sys=0.00s Real=0.01s
[2026-07-26T11:32:39.016+0200][254310.329s][info][gc,start      ] GC(10978) Pause Young (Normal) (G1 Evacuation Pause)
[2026-07-26T11:32:39.016+0200][254310.329s][info][gc,task       ] GC(10978) Using 13 workers of 13 for evacuation
[2026-07-26T11:32:39.028+0200][254310.341s][info][gc,phases     ] GC(10978)   Pre Evacuate Collection Set: 0.1ms
[2026-07-26T11:32:39.029+0200][254310.341s][info][gc,phases     ] GC(10978)   Evacuate Collection Set: 8.9ms
[2026-07-26T11:32:39.029+0200][254310.341s][info][gc,phases     ] GC(10978)   Post Evacuate Collection Set: 3.1ms
[2026-07-26T11:32:39.029+0200][254310.341s][info][gc,phases     ] GC(10978)   Other: 0.3ms
[2026-07-26T11:32:39.029+0200][254310.341s][info][gc,heap       ] GC(10978) Eden regions: 536->0(537)
[2026-07-26T11:32:39.029+0200][254310.341s][info][gc,heap       ] GC(10978) Survivor regions: 12->12(69)
[2026-07-26T11:32:39.029+0200][254310.341s][info][gc,heap       ] GC(10978) Old regions: 1366->1366
[2026-07-26T11:32:39.029+0200][254310.341s][info][gc,heap       ] GC(10978) Humongous regions: 16->16
[2026-07-26T11:32:39.029+0200][254310.341s][info][gc,metaspace  ] GC(10978) Metaspace: 924300K(1395072K)->924300K(1395072K) NonClass: 815486K(1266688K)->815486K(1266688K) Class: 108813K(128384K)->108813K(128384K)
[2026-07-26T11:32:39.029+0200][254310.341s][info][gc            ] GC(10978) Pause Young (Normal) (G1 Evacuation Pause) 1928M->1392M(2159M) 12.541ms
[2026-07-26T11:32:39.029+0200][254310.341s][info][gc,cpu        ] GC(10978) User=0.11s Sys=0.00s Real=0.01s
[2026-07-26T11:39:37.031+0200][254728.344s][info][gc,start      ] GC(10979) Pause Young (Normal) (G1 Evacuation Pause)
[2026-07-26T11:39:37.031+0200][254728.344s][info][gc,task       ] GC(10979) Using 13 workers of 13 for evacuation
[2026-07-26T11:39:37.046+0200][254728.359s][info][gc,phases     ] GC(10979)   Pre Evacuate Collection Set: 0.1ms
[2026-07-26T11:39:37.046+0200][254728.359s][info][gc,phases     ] GC(10979)   Evacuate Collection Set: 10.7ms
[2026-07-26T11:39:37.046+0200][254728.359s][info][gc,phases     ] GC(10979)   Post Evacuate Collection Set: 4.2ms
[2026-07-26T11:39:37.046+0200][254728.359s][info][gc,phases     ] GC(10979)   Other: 0.4ms
[2026-07-26T11:39:37.046+0200][254728.359s][info][gc,heap       ] GC(10979) Eden regions: 537->0(529)
[2026-07-26T11:39:37.046+0200][254728.359s][info][gc,heap       ] GC(10979) Survivor regions: 12->16(69)
[2026-07-26T11:39:37.046+0200][254728.359s][info][gc,heap       ] GC(10979) Old regions: 1366->1366
[2026-07-26T11:39:37.046+0200][254728.359s][info][gc,heap       ] GC(10979) Humongous regions: 16->16
[2026-07-26T11:39:37.047+0200][254728.359s][info][gc,metaspace  ] GC(10979) Metaspace: 924300K(1395072K)->924300K(1395072K) NonClass: 815486K(1266688K)->815486K(1266688K) Class: 108813K(128384K)->108813K(128384K)
[2026-07-26T11:39:37.047+0200][254728.359s][info][gc            ] GC(10979) Pause Young (Normal) (G1 Evacuation Pause) 1929M->1396M(2159M) 15.567ms
[2026-07-26T11:39:37.047+0200][254728.359s][info][gc,cpu        ] GC(10979) User=0.14s Sys=0.00s Real=0.02s
[2026-07-26T11:39:37.732+0200][254729.045s][info][gc,start      ] GC(10980) Pause Young (Normal) (G1 Evacuation Pause)
[2026-07-26T11:39:37.732+0200][254729.045s][info][gc,task       ] GC(10980) Using 13 workers of 13 for evacuation
[2026-07-26T11:39:37.746+0200][254729.059s][info][gc,phases     ] GC(10980)   Pre Evacuate Collection Set: 0.1ms
[2026-07-26T11:39:37.746+0200][254729.059s][info][gc,phases     ] GC(10980)   Evacuate Collection Set: 10.2ms
[2026-07-26T11:39:37.746+0200][254729.059s][info][gc,phases     ] GC(10980)   Post Evacuate Collection Set: 3.7ms
[2026-07-26T11:39:37.746+0200][254729.059s][info][gc,phases     ] GC(10980)   Other: 0.3ms
[2026-07-26T11:39:37.746+0200][254729.059s][info][gc,heap       ] GC(10980) Eden regions: 529->0(529)
[2026-07-26T11:39:37.746+0200][254729.059s][info][gc,heap       ] GC(10980) Survivor regions: 16->15(69)
[2026-07-26T11:39:37.746+0200][254729.059s][info][gc,heap       ] GC(10980) Old regions: 1366->1368
[2026-07-26T11:39:37.746+0200][254729.059s][info][gc,heap       ] GC(10980) Humongous regions: 16->16
[2026-07-26T11:39:37.746+0200][254729.059s][info][gc,metaspace  ] GC(10980) Metaspace: 924300K(1395072K)->924300K(1395072K) NonClass: 815486K(1266688K)->815486K(1266688K) Class: 108813K(128384K)->108813K(128384K)
[2026-07-26T11:39:37.746+0200][254729.059s][info][gc            ] GC(10980) Pause Young (Normal) (G1 Evacuation Pause) 1925M->1397M(2159M) 14.444ms
[2026-07-26T11:39:37.747+0200][254729.059s][info][gc,cpu        ] GC(10980) User=0.13s Sys=0.00s Real=0.02s
[2026-07-26T11:40:28.616+0200][254779.929s][info][gc,start      ] GC(10981) Pause Young (Normal) (G1 Evacuation Pause)
[2026-07-26T11:40:28.616+0200][254779.929s][info][gc,task       ] GC(10981) Using 13 workers of 13 for evacuation
[2026-07-26T11:40:28.636+0200][254779.949s][info][gc,phases     ] GC(10981)   Pre Evacuate Collection Set: 0.1ms
[2026-07-26T11:40:28.636+0200][254779.949s][info][gc,phases     ] GC(10981)   Evacuate Collection Set: 9.9ms
[2026-07-26T11:40:28.636+0200][254779.949s][info][gc,phases     ] GC(10981)   Post Evacuate Collection Set: 9.8ms
[2026-07-26T11:40:28.636+0200][254779.949s][info][gc,phases     ] GC(10981)   Other: 0.6ms
[2026-07-26T11:40:28.636+0200][254779.949s][info][gc,heap       ] GC(10981) Eden regions: 529->0(534)
[2026-07-26T11:40:28.636+0200][254779.949s][info][gc,heap       ] GC(10981) Survivor regions: 15->12(68)
[2026-07-26T11:40:28.636+0200][254779.949s][info][gc,heap       ] GC(10981) Old regions: 1368->1368
[2026-07-26T11:40:28.637+0200][254779.949s][info][gc,heap       ] GC(10981) Humongous regions: 16->16
[2026-07-26T11:40:28.637+0200][254779.949s][info][gc,metaspace  ] GC(10981) Metaspace: 924300K(1395072K)->924300K(1395072K) NonClass: 815486K(1266688K)->815486K(1266688K) Class: 108813K(128384K)->108813K(128384K)
[2026-07-26T11:40:28.637+0200][254779.949s][info][gc            ] GC(10981) Pause Young (Normal) (G1 Evacuation Pause) 1926M->1394M(2159M) 20.708ms
[2026-07-26T11:40:28.637+0200][254779.949s][info][gc,cpu        ] GC(10981) User=0.14s Sys=0.00s Real=0.02s
[2026-07-26T11:45:19.015+0200][255070.328s][info][gc,start      ] GC(10982) Pause Young (Normal) (G1 Evacuation Pause)
[2026-07-26T11:45:19.015+0200][255070.328s][info][gc,task       ] GC(10982) Using 13 workers of 13 for evacuation
[2026-07-26T11:45:19.026+0200][255070.339s][info][gc,phases     ] GC(10982)   Pre Evacuate Collection Set: 0.1ms
[2026-07-26T11:45:19.026+0200][255070.339s][info][gc,phases     ] GC(10982)   Evacuate Collection Set: 7.3ms
[2026-07-26T11:45:19.026+0200][255070.339s][info][gc,phases     ] GC(10982)   Post Evacuate Collection Set: 3.0ms
[2026-07-26T11:45:19.026+0200][255070.339s][info][gc,phases     ] GC(10982)   Other: 0.4ms
[2026-07-26T11:45:19.026+0200][255070.339s][info][gc,heap       ] GC(10982) Eden regions: 534->0(538)
[2026-07-26T11:45:19.026+0200][255070.339s][info][gc,heap       ] GC(10982) Survivor regions: 12->10(69)
[2026-07-26T11:45:19.026+0200][255070.339s][info][gc,heap       ] GC(10982) Old regions: 1368->1368
[2026-07-26T11:45:19.026+0200][255070.339s][info][gc,heap       ] GC(10982) Humongous regions: 16->16
[2026-07-26T11:45:19.026+0200][255070.339s][info][gc,metaspace  ] GC(10982) Metaspace: 924300K(1395072K)->924300K(1395072K) NonClass: 815486K(1266688K)->815486K(1266688K) Class: 108813K(128384K)->108813K(128384K)
[2026-07-26T11:45:19.026+0200][255070.339s][info][gc            ] GC(10982) Pause Young (Normal) (G1 Evacuation Pause) 1928M->1393M(2159M) 10.971ms
[2026-07-26T11:45:19.026+0200][255070.339s][info][gc,cpu        ] GC(10982) User=0.05s Sys=0.05s Real=0.01s
[2026-07-26T11:47:34.980+0200][255206.293s][info][gc,start      ] GC(10983) Pause Young (Normal) (G1 Evacuation Pause)
[2026-07-26T11:47:34.980+0200][255206.293s][info][gc,task       ] GC(10983) Using 13 workers of 13 for evacuation
[2026-07-26T11:47:34.996+0200][255206.308s][info][gc,phases     ] GC(10983)   Pre Evacuate Collection Set: 0.1ms
[2026-07-26T11:47:34.996+0200][255206.308s][info][gc,phases     ] GC(10983)   Evacuate Collection Set: 10.3ms
[2026-07-26T11:47:34.996+0200][255206.308s][info][gc,phases     ] GC(10983)   Post Evacuate Collection Set: 4.5ms
[2026-07-26T11:47:34.996+0200][255206.308s][info][gc,phases     ] GC(10983)   Other: 0.4ms
[2026-07-26T11:47:34.996+0200][255206.308s][info][gc,heap       ] GC(10983) Eden regions: 538->0(531)
[2026-07-26T11:47:34.996+0200][255206.308s][info][gc,heap       ] GC(10983) Survivor regions: 10->14(69)
[2026-07-26T11:47:34.996+0200][255206.308s][info][gc,heap       ] GC(10983) Old regions: 1368->1368
[2026-07-26T11:47:34.996+0200][255206.308s][info][gc,heap       ] GC(10983) Humongous regions: 16->16
[2026-07-26T11:47:34.996+0200][255206.308s][info][gc,metaspace  ] GC(10983) Metaspace: 924300K(1395072K)->924300K(1395072K) NonClass: 815486K(1266688K)->815486K(1266688K) Class: 108813K(128384K)->108813K(128384K)
[2026-07-26T11:47:34.996+0200][255206.308s][info][gc            ] GC(10983) Pause Young (Normal) (G1 Evacuation Pause) 1931M->1397M(2159M) 15.503ms
[2026-07-26T11:47:34.996+0200][255206.308s][info][gc,cpu        ] GC(10983) User=0.13s Sys=0.01s Real=0.02s
[2026-07-26T11:48:00.833+0200][255232.145s][info][gc,start      ] GC(10984) Pause Young (Normal) (G1 Evacuation Pause)
[2026-07-26T11:48:00.833+0200][255232.145s][info][gc,task       ] GC(10984) Using 13 workers of 13 for evacuation
[2026-07-26T11:48:00.845+0200][255232.158s][info][gc,phases     ] GC(10984)   Pre Evacuate Collection Set: 0.1ms
[2026-07-26T11:48:00.845+0200][255232.158s][info][gc,phases     ] GC(10984)   Evacuate Collection Set: 8.6ms
[2026-07-26T11:48:00.845+0200][255232.158s][info][gc,phases     ] GC(10984)   Post Evacuate Collection Set: 3.5ms
[2026-07-26T11:48:00.845+0200][255232.158s][info][gc,phases     ] GC(10984)   Other: 0.3ms
[2026-07-26T11:48:00.845+0200][255232.158s][info][gc,heap       ] GC(10984) Eden regions: 531->0(534)
[2026-07-26T11:48:00.845+0200][255232.158s][info][gc,heap       ] GC(10984) Survivor regions: 14->10(69)
[2026-07-26T11:48:00.845+0200][255232.158s][info][gc,heap       ] GC(10984) Old regions: 1368->1370
[2026-07-26T11:48:00.845+0200][255232.158s][info][gc,heap       ] GC(10984) Humongous regions: 16->16
[2026-07-26T11:48:00.845+0200][255232.158s][info][gc,metaspace  ] GC(10984) Metaspace: 924300K(1395072K)->924300K(1395072K) NonClass: 815486K(1266688K)->815486K(1266688K) Class: 108813K(128384K)->108813K(128384K)
[2026-07-26T11:48:00.845+0200][255232.158s][info][gc            ] GC(10984) Pause Young (Normal) (G1 Evacuation Pause) 1928M->1394M(2159M) 12.764ms
[2026-07-26T11:48:00.845+0200][255232.158s][info][gc,cpu        ] GC(10984) User=0.09s Sys=0.00s Real=0.02s
[2026-07-26T11:48:06.416+0200][255237.729s][info][gc,start      ] GC(10985) Pause Young (Normal) (G1 Evacuation Pause)
[2026-07-26T11:48:06.416+0200][255237.729s][info][gc,task       ] GC(10985) Using 13 workers of 13 for evacuation
[2026-07-26T11:48:06.429+0200][255237.741s][info][gc,phases     ] GC(10985)   Pre Evacuate Collection Set: 0.1ms
[2026-07-26T11:48:06.429+0200][255237.741s][info][gc,phases     ] GC(10985)   Evacuate Collection Set: 8.5ms
[2026-07-26T11:48:06.429+0200][255237.741s][info][gc,phases     ] GC(10985)   Post Evacuate Collection Set: 3.6ms
[2026-07-26T11:48:06.429+0200][255237.741s][info][gc,phases     ] GC(10985)   Other: 0.4ms
[2026-07-26T11:48:06.429+0200][255237.741s][info][gc,heap       ] GC(10985) Eden regions: 534->0(529)
[2026-07-26T11:48:06.429+0200][255237.742s][info][gc,heap       ] GC(10985) Survivor regions: 10->13(68)
[2026-07-26T11:48:06.429+0200][255237.742s][info][gc,heap       ] GC(10985) Old regions: 1370->1370
[2026-07-26T11:48:06.429+0200][255237.742s][info][gc,heap       ] GC(10985) Humongous regions: 16->16
[2026-07-26T11:48:06.429+0200][255237.742s][info][gc,metaspace  ] GC(10985) Metaspace: 924300K(1395072K)->924300K(1395072K) NonClass: 815486K(1266688K)->815486K(1266688K) Class: 108813K(128384K)->108813K(128384K)
[2026-07-26T11:48:06.429+0200][255237.742s][info][gc            ] GC(10985) Pause Young (Normal) (G1 Evacuation Pause) 1928M->1397M(2159M) 12.743ms
[2026-07-26T11:48:06.429+0200][255237.742s][info][gc,cpu        ] GC(10985) User=0.12s Sys=0.00s Real=0.01s
[2026-07-26T11:48:07.121+0200][255238.433s][info][gc,start      ] GC(10986) Pause Young (Normal) (G1 Evacuation Pause)
[2026-07-26T11:48:07.121+0200][255238.433s][info][gc,task       ] GC(10986) Using 13 workers of 13 for evacuation
[2026-07-26T11:48:07.133+0200][255238.445s][info][gc,phases     ] GC(10986)   Pre Evacuate Collection Set: 0.1ms
[2026-07-26T11:48:07.133+0200][255238.445s][info][gc,phases     ] GC(10986)   Evacuate Collection Set: 8.6ms
[2026-07-26T11:48:07.133+0200][255238.445s][info][gc,phases     ] GC(10986)   Post Evacuate Collection Set: 3.2ms
[2026-07-26T11:48:07.133+0200][255238.446s][info][gc,phases     ] GC(10986)   Other: 0.3ms
[2026-07-26T11:48:07.133+0200][255238.446s][info][gc,heap       ] GC(10986) Eden regions: 529->0(529)
[2026-07-26T11:48:07.133+0200][255238.446s][info][gc,heap       ] GC(10986) Survivor regions: 13->13(68)
[2026-07-26T11:48:07.133+0200][255238.446s][info][gc,heap       ] GC(10986) Old regions: 1370->1370
[2026-07-26T11:48:07.133+0200][255238.446s][info][gc,heap       ] GC(10986) Humongous regions: 16->16
[2026-07-26T11:48:07.133+0200][255238.446s][info][gc,metaspace  ] GC(10986) Metaspace: 924300K(1395072K)->924300K(1395072K) NonClass: 815486K(1266688K)->815486K(1266688K) Class: 108813K(128384K)->108813K(128384K)
[2026-07-26T11:48:07.133+0200][255238.446s][info][gc            ] GC(10986) Pause Young (Normal) (G1 Evacuation Pause) 1926M->1398M(2159M) 12.389ms
[2026-07-26T11:48:07.133+0200][255238.446s][info][gc,cpu        ] GC(10986) User=0.11s Sys=0.00s Real=0.01s
[2026-07-26T11:48:21.134+0200][255252.447s][info][gc,start      ] GC(10987) Pause Young (Normal) (G1 Evacuation Pause)
[2026-07-26T11:48:21.134+0200][255252.447s][info][gc,task       ] GC(10987) Using 13 workers of 13 for evacuation
[2026-07-26T11:48:21.149+0200][255252.461s][info][gc,phases     ] GC(10987)   Pre Evacuate Collection Set: 0.1ms
[2026-07-26T11:48:21.149+0200][255252.461s][info][gc,phases     ] GC(10987)   Evacuate Collection Set: 8.8ms
[2026-07-26T11:48:21.149+0200][255252.461s][info][gc,phases     ] GC(10987)   Post Evacuate Collection Set: 5.0ms
[2026-07-26T11:48:21.149+0200][255252.461s][info][gc,phases     ] GC(10987)   Other: 0.4ms
[2026-07-26T11:48:21.149+0200][255252.461s][info][gc,heap       ] GC(10987) Eden regions: 529->0(528)
[2026-07-26T11:48:21.149+0200][255252.461s][info][gc,heap       ] GC(10987) Survivor regions: 13->7(68)
[2026-07-26T11:48:21.149+0200][255252.461s][info][gc,heap       ] GC(10987) Old regions: 1370->1376
[2026-07-26T11:48:21.149+0200][255252.461s][info][gc,heap       ] GC(10987) Humongous regions: 16->16
[2026-07-26T11:48:21.149+0200][255252.461s][info][gc,metaspace  ] GC(10987) Metaspace: 924300K(1395072K)->924300K(1395072K) NonClass: 815486K(1266688K)->815486K(1266688K) Class: 108813K(128384K)->108813K(128384K)
[2026-07-26T11:48:21.149+0200][255252.461s][info][gc            ] GC(10987) Pause Young (Normal) (G1 Evacuation Pause) 1927M->1397M(2159M) 14.524ms
[2026-07-26T11:48:21.149+0200][255252.462s][info][gc,cpu        ] GC(10987) User=0.11s Sys=0.00s Real=0.01s
[2026-07-26T11:48:31.071+0200][255262.384s][info][gc,start      ] GC(10988) Pause Young (Normal) (G1 Evacuation Pause)
[2026-07-26T11:48:31.071+0200][255262.384s][info][gc,task       ] GC(10988) Using 13 workers of 13 for evacuation
[2026-07-26T11:48:31.081+0200][255262.393s][info][gc,phases     ] GC(10988)   Pre Evacuate Collection Set: 0.1ms
[2026-07-26T11:48:31.081+0200][255262.393s][info][gc,phases     ] GC(10988)   Evacuate Collection Set: 5.4ms
[2026-07-26T11:48:31.081+0200][255262.393s][info][gc,phases     ] GC(10988)   Post Evacuate Collection Set: 3.8ms
[2026-07-26T11:48:31.081+0200][255262.393s][info][gc,phases     ] GC(10988)   Other: 0.3ms
[2026-07-26T11:48:31.081+0200][255262.393s][info][gc,heap       ] GC(10988) Eden regions: 528->0(527)
[2026-07-26T11:48:31.081+0200][255262.393s][info][gc,heap       ] GC(10988) Survivor regions: 7->6(67)
[2026-07-26T11:48:31.081+0200][255262.393s][info][gc,heap       ] GC(10988) Old regions: 1376->1376
[2026-07-26T11:48:31.081+0200][255262.393s][info][gc,heap       ] GC(10988) Humongous regions: 16->16
[2026-07-26T11:48:31.081+0200][255262.393s][info][gc,metaspace  ] GC(10988) Metaspace: 924300K(1395072K)->924300K(1395072K) NonClass: 815486K(1266688K)->815486K(1266688K) Class: 108813K(128384K)->108813K(128384K)
[2026-07-26T11:48:31.081+0200][255262.394s][info][gc            ] GC(10988) Pause Young (Normal) (G1 Evacuation Pause) 1925M->1397M(2159M) 9.808ms
[2026-07-26T11:48:31.081+0200][255262.394s][info][gc,cpu        ] GC(10988) User=0.07s Sys=0.00s Real=0.01s
[2026-07-26T11:48:31.713+0200][255263.026s][info][gc,start      ] GC(10989) Pause Young (Normal) (G1 Evacuation Pause)
[2026-07-26T11:48:31.713+0200][255263.026s][info][gc,task       ] GC(10989) Using 13 workers of 13 for evacuation
[2026-07-26T11:48:31.723+0200][255263.036s][info][gc,phases     ] GC(10989)   Pre Evacuate Collection Set: 0.1ms
[2026-07-26T11:48:31.723+0200][255263.036s][info][gc,phases     ] GC(10989)   Evacuate Collection Set: 4.8ms
[2026-07-26T11:48:31.723+0200][255263.036s][info][gc,phases     ] GC(10989)   Post Evacuate Collection Set: 4.6ms
[2026-07-26T11:48:31.723+0200][255263.036s][info][gc,phases     ] GC(10989)   Other: 0.5ms
[2026-07-26T11:48:31.723+0200][255263.036s][info][gc,heap       ] GC(10989) Eden regions: 527->0(529)
[2026-07-26T11:48:31.723+0200][255263.036s][info][gc,heap       ] GC(10989) Survivor regions: 6->5(67)
[2026-07-26T11:48:31.723+0200][255263.036s][info][gc,heap       ] GC(10989) Old regions: 1376->1376
[2026-07-26T11:48:31.723+0200][255263.036s][info][gc,heap       ] GC(10989) Humongous regions: 16->16
[2026-07-26T11:48:31.724+0200][255263.036s][info][gc,metaspace  ] GC(10989) Metaspace: 924300K(1395072K)->924300K(1395072K) NonClass: 815486K(1266688K)->815486K(1266688K) Class: 108813K(128384K)->108813K(128384K)
[2026-07-26T11:48:31.724+0200][255263.036s][info][gc            ] GC(10989) Pause Young (Normal) (G1 Evacuation Pause) 1924M->1396M(2159M) 10.252ms
[2026-07-26T11:48:31.724+0200][255263.036s][info][gc,cpu        ] GC(10989) User=0.04s Sys=0.00s Real=0.01s
[2026-07-26T11:48:34.285+0200][255265.597s][info][gc,start      ] GC(10990) Pause Young (Normal) (G1 Evacuation Pause)
[2026-07-26T11:48:34.285+0200][255265.597s][info][gc,task       ] GC(10990) Using 13 workers of 13 for evacuation
[2026-07-26T11:48:34.293+0200][255265.605s][info][gc,phases     ] GC(10990)   Pre Evacuate Collection Set: 0.1ms
[2026-07-26T11:48:34.293+0200][255265.605s][info][gc,phases     ] GC(10990)   Evacuate Collection Set: 4.3ms
[2026-07-26T11:48:34.293+0200][255265.605s][info][gc,phases     ] GC(10990)   Post Evacuate Collection Set: 3.3ms
[2026-07-26T11:48:34.293+0200][255265.605s][info][gc,phases     ] GC(10990)   Other: 0.3ms
[2026-07-26T11:48:34.293+0200][255265.605s][info][gc,heap       ] GC(10990) Eden regions: 529->0(527)
[2026-07-26T11:48:34.293+0200][255265.605s][info][gc,heap       ] GC(10990) Survivor regions: 5->6(67)
[2026-07-26T11:48:34.293+0200][255265.605s][info][gc,heap       ] GC(10990) Old regions: 1376->1376
[2026-07-26T11:48:34.293+0200][255265.605s][info][gc,heap       ] GC(10990) Humongous regions: 16->16
[2026-07-26T11:48:34.293+0200][255265.605s][info][gc,metaspace  ] GC(10990) Metaspace: 924300K(1395072K)->924300K(1395072K) NonClass: 815486K(1266688K)->815486K(1266688K) Class: 108813K(128384K)->108813K(128384K)
[2026-07-26T11:48:34.293+0200][255265.605s][info][gc            ] GC(10990) Pause Young (Normal) (G1 Evacuation Pause) 1925M->1397M(2159M) 8.209ms
[2026-07-26T11:48:34.293+0200][255265.605s][info][gc,cpu        ] GC(10990) User=0.05s Sys=0.01s Real=0.00s
[2026-07-26T11:49:01.673+0200][255292.986s][info][gc,start      ] GC(10991) Pause Young (Normal) (G1 Evacuation Pause)
[2026-07-26T11:49:01.673+0200][255292.986s][info][gc,task       ] GC(10991) Using 13 workers of 13 for evacuation
[2026-07-26T11:49:01.682+0200][255292.994s][info][gc,phases     ] GC(10991)   Pre Evacuate Collection Set: 0.1ms
[2026-07-26T11:49:01.682+0200][255292.994s][info][gc,phases     ] GC(10991)   Evacuate Collection Set: 4.5ms
[2026-07-26T11:49:01.682+0200][255292.994s][info][gc,phases     ] GC(10991)   Post Evacuate Collection Set: 3.6ms
[2026-07-26T11:49:01.682+0200][255292.994s][info][gc,phases     ] GC(10991)   Other: 0.3ms
[2026-07-26T11:49:01.682+0200][255292.994s][info][gc,heap       ] GC(10991) Eden regions: 527->0(531)
[2026-07-26T11:49:01.682+0200][255292.994s][info][gc,heap       ] GC(10991) Survivor regions: 6->4(67)
[2026-07-26T11:49:01.682+0200][255292.994s][info][gc,heap       ] GC(10991) Old regions: 1376->1376
[2026-07-26T11:49:01.682+0200][255292.994s][info][gc,heap       ] GC(10991) Humongous regions: 16->16
[2026-07-26T11:49:01.682+0200][255292.994s][info][gc,metaspace  ] GC(10991) Metaspace: 924300K(1395072K)->924300K(1395072K) NonClass: 815486K(1266688K)->815486K(1266688K) Class: 108813K(128384K)->108813K(128384K)
[2026-07-26T11:49:01.682+0200][255292.994s][info][gc            ] GC(10991) Pause Young (Normal) (G1 Evacuation Pause) 1924M->1394M(2159M) 8.647ms
[2026-07-26T11:49:01.682+0200][255292.995s][info][gc,cpu        ] GC(10991) User=0.04s Sys=0.02s Real=0.00s
[2026-07-26T11:50:20.879+0200][255372.192s][info][gc,start      ] GC(10992) Pause Young (Normal) (G1 Evacuation Pause)
[2026-07-26T11:50:20.879+0200][255372.192s][info][gc,task       ] GC(10992) Using 13 workers of 13 for evacuation
[2026-07-26T11:50:20.886+0200][255372.199s][info][gc,phases     ] GC(10992)   Pre Evacuate Collection Set: 0.1ms
[2026-07-26T11:50:20.887+0200][255372.199s][info][gc,phases     ] GC(10992)   Evacuate Collection Set: 3.8ms
[2026-07-26T11:50:20.887+0200][255372.199s][info][gc,phases     ] GC(10992)   Post Evacuate Collection Set: 3.2ms
[2026-07-26T11:50:20.887+0200][255372.199s][info][gc,phases     ] GC(10992)   Other: 0.3ms
[2026-07-26T11:50:20.887+0200][255372.199s][info][gc,heap       ] GC(10992) Eden regions: 531->0(536)
[2026-07-26T11:50:20.887+0200][255372.199s][info][gc,heap       ] GC(10992) Survivor regions: 4->2(67)
[2026-07-26T11:50:20.887+0200][255372.199s][info][gc,heap       ] GC(10992) Old regions: 1376->1376
[2026-07-26T11:50:20.887+0200][255372.199s][info][gc,heap       ] GC(10992) Humongous regions: 16->16
[2026-07-26T11:50:20.887+0200][255372.199s][info][gc,metaspace  ] GC(10992) Metaspace: 924300K(1395072K)->924300K(1395072K) NonClass: 815486K(1266688K)->815486K(1266688K) Class: 108813K(128384K)->108813K(128384K)
[2026-07-26T11:50:20.887+0200][255372.199s][info][gc            ] GC(10992) Pause Young (Normal) (G1 Evacuation Pause) 1925M->1393M(2159M) 7.546ms
[2026-07-26T11:50:20.887+0200][255372.199s][info][gc,cpu        ] GC(10992) User=0.04s Sys=0.00s Real=0.01s
[2026-07-26T11:50:40.990+0200][255392.303s][info][gc,start      ] GC(10993) Pause Young (Normal) (G1 Evacuation Pause)
[2026-07-26T11:50:40.990+0200][255392.303s][info][gc,task       ] GC(10993) Using 13 workers of 13 for evacuation
[2026-07-26T11:50:40.999+0200][255392.312s][info][gc,phases     ] GC(10993)   Pre Evacuate Collection Set: 0.1ms
[2026-07-26T11:50:40.999+0200][255392.312s][info][gc,phases     ] GC(10993)   Evacuate Collection Set: 5.8ms
[2026-07-26T11:50:40.999+0200][255392.312s][info][gc,phases     ] GC(10993)   Post Evacuate Collection Set: 3.1ms
[2026-07-26T11:50:40.999+0200][255392.312s][info][gc,phases     ] GC(10993)   Other: 0.3ms
[2026-07-26T11:50:40.999+0200][255392.312s][info][gc,heap       ] GC(10993) Eden regions: 536->0(530)
[2026-07-26T11:50:40.999+0200][255392.312s][info][gc,heap       ] GC(10993) Survivor regions: 2->6(68)
[2026-07-26T11:50:40.999+0200][255392.312s][info][gc,heap       ] GC(10993) Old regions: 1376->1376
[2026-07-26T11:50:40.999+0200][255392.312s][info][gc,heap       ] GC(10993) Humongous regions: 16->16
[2026-07-26T11:50:40.999+0200][255392.312s][info][gc,metaspace  ] GC(10993) Metaspace: 924300K(1395072K)->924300K(1395072K) NonClass: 815486K(1266688K)->815486K(1266688K) Class: 108813K(128384K)->108813K(128384K)
[2026-07-26T11:50:41.000+0200][255392.312s][info][gc            ] GC(10993) Pause Young (Normal) (G1 Evacuation Pause) 1929M->1397M(2159M) 9.550ms
[2026-07-26T11:50:41.000+0200][255392.312s][info][gc,cpu        ] GC(10993) User=0.06s Sys=0.00s Real=0.01s
[2026-07-26T11:51:28.136+0200][255439.448s][info][gc,start      ] GC(10994) Pause Young (Normal) (G1 Evacuation Pause)
[2026-07-26T11:51:28.136+0200][255439.448s][info][gc,task       ] GC(10994) Using 13 workers of 13 for evacuation
[2026-07-26T11:51:28.154+0200][255439.467s][info][gc,phases     ] GC(10994)   Pre Evacuate Collection Set: 0.1ms
[2026-07-26T11:51:28.154+0200][255439.467s][info][gc,phases     ] GC(10994)   Evacuate Collection Set: 12.0ms
[2026-07-26T11:51:28.154+0200][255439.467s][info][gc,phases     ] GC(10994)   Post Evacuate Collection Set: 6.3ms
[2026-07-26T11:51:28.155+0200][255439.467s][info][gc,phases     ] GC(10994)   Other: 0.4ms
[2026-07-26T11:51:28.155+0200][255439.467s][info][gc,heap       ] GC(10994) Eden regions: 530->0(528)
[2026-07-26T11:51:28.155+0200][255439.467s][info][gc,heap       ] GC(10994) Survivor regions: 6->6(67)
[2026-07-26T11:51:28.155+0200][255439.467s][info][gc,heap       ] GC(10994) Old regions: 1376->1376
[2026-07-26T11:51:28.155+0200][255439.467s][info][gc,heap       ] GC(10994) Humongous regions: 16->16
[2026-07-26T11:51:28.155+0200][255439.467s][info][gc,metaspace  ] GC(10994) Metaspace: 924300K(1395072K)->924300K(1395072K) NonClass: 815486K(1266688K)->815486K(1266688K) Class: 108813K(128384K)->108813K(128384K)
[2026-07-26T11:51:28.155+0200][255439.467s][info][gc            ] GC(10994) Pause Young (Normal) (G1 Evacuation Pause) 1927M->1397M(2159M) 18.940ms
[2026-07-26T11:51:28.155+0200][255439.467s][info][gc,cpu        ] GC(10994) User=0.15s Sys=0.00s Real=0.02s
[2026-07-26T11:51:28.770+0200][255440.083s][info][gc,start      ] GC(10995) Pause Young (Normal) (G1 Evacuation Pause)
[2026-07-26T11:51:28.770+0200][255440.083s][info][gc,task       ] GC(10995) Using 13 workers of 13 for evacuation
[2026-07-26T11:51:28.779+0200][255440.091s][info][gc,phases     ] GC(10995)   Pre Evacuate Collection Set: 0.1ms
[2026-07-26T11:51:28.779+0200][255440.091s][info][gc,phases     ] GC(10995)   Evacuate Collection Set: 5.1ms
[2026-07-26T11:51:28.779+0200][255440.091s][info][gc,phases     ] GC(10995)   Post Evacuate Collection Set: 2.9ms
[2026-07-26T11:51:28.779+0200][255440.091s][info][gc,phases     ] GC(10995)   Other: 0.4ms
[2026-07-26T11:51:28.779+0200][255440.091s][info][gc,heap       ] GC(10995) Eden regions: 528->0(528)
[2026-07-26T11:51:28.779+0200][255440.091s][info][gc,heap       ] GC(10995) Survivor regions: 6->6(67)
[2026-07-26T11:51:28.779+0200][255440.091s][info][gc,heap       ] GC(10995) Old regions: 1376->1376
[2026-07-26T11:51:28.779+0200][255440.091s][info][gc,heap       ] GC(10995) Humongous regions: 16->16
[2026-07-26T11:51:28.779+0200][255440.091s][info][gc,metaspace  ] GC(10995) Metaspace: 924300K(1395072K)->924300K(1395072K) NonClass: 815486K(1266688K)->815486K(1266688K) Class: 108813K(128384K)->108813K(128384K)
[2026-07-26T11:51:28.779+0200][255440.091s][info][gc            ] GC(10995) Pause Young (Normal) (G1 Evacuation Pause) 1925M->1397M(2159M) 8.685ms
[2026-07-26T11:51:28.779+0200][255440.091s][info][gc,cpu        ] GC(10995) User=0.07s Sys=0.00s Real=0.01s
[2026-07-26T11:52:14.445+0200][255485.757s][info][gc,start      ] GC(10996) Pause Young (Normal) (G1 Evacuation Pause)
[2026-07-26T11:52:14.445+0200][255485.757s][info][gc,task       ] GC(10996) Using 13 workers of 13 for evacuation
[2026-07-26T11:52:14.456+0200][255485.769s][info][gc,phases     ] GC(10996)   Pre Evacuate Collection Set: 0.1ms
[2026-07-26T11:52:14.456+0200][255485.769s][info][gc,phases     ] GC(10996)   Evacuate Collection Set: 5.9ms
[2026-07-26T11:52:14.456+0200][255485.769s][info][gc,phases     ] GC(10996)   Post Evacuate Collection Set: 4.8ms
[2026-07-26T11:52:14.456+0200][255485.769s][info][gc,phases     ] GC(10996)   Other: 0.4ms
[2026-07-26T11:52:14.456+0200][255485.769s][info][gc,heap       ] GC(10996) Eden regions: 528->0(527)
[2026-07-26T11:52:14.456+0200][255485.769s][info][gc,heap       ] GC(10996) Survivor regions: 6->6(67)
[2026-07-26T11:52:14.456+0200][255485.769s][info][gc,heap       ] GC(10996) Old regions: 1376->1376
[2026-07-26T11:52:14.456+0200][255485.769s][info][gc,heap       ] GC(10996) Humongous regions: 16->16
[2026-07-26T11:52:14.456+0200][255485.769s][info][gc,metaspace  ] GC(10996) Metaspace: 924300K(1395072K)->924300K(1395072K) NonClass: 815486K(1266688K)->815486K(1266688K) Class: 108813K(128384K)->108813K(128384K)
[2026-07-26T11:52:14.456+0200][255485.769s][info][gc            ] GC(10996) Pause Young (Normal) (G1 Evacuation Pause) 1925M->1397M(2159M) 11.428ms
[2026-07-26T11:52:14.456+0200][255485.769s][info][gc,cpu        ] GC(10996) User=0.08s Sys=0.00s Real=0.01s
[2026-07-26T11:52:15.052+0200][255486.365s][info][gc,start      ] GC(10997) Pause Young (Normal) (G1 Evacuation Pause)
[2026-07-26T11:52:15.052+0200][255486.365s][info][gc,task       ] GC(10997) Using 13 workers of 13 for evacuation
[2026-07-26T11:52:15.062+0200][255486.375s][info][gc,phases     ] GC(10997)   Pre Evacuate Collection Set: 0.1ms
[2026-07-26T11:52:15.062+0200][255486.375s][info][gc,phases     ] GC(10997)   Evacuate Collection Set: 4.8ms
[2026-07-26T11:52:15.062+0200][255486.375s][info][gc,phases     ] GC(10997)   Post Evacuate Collection Set: 4.5ms
[2026-07-26T11:52:15.062+0200][255486.375s][info][gc,phases     ] GC(10997)   Other: 0.5ms
[2026-07-26T11:52:15.062+0200][255486.375s][info][gc,heap       ] GC(10997) Eden regions: 527->0(529)
[2026-07-26T11:52:15.062+0200][255486.375s][info][gc,heap       ] GC(10997) Survivor regions: 6->5(67)
[2026-07-26T11:52:15.062+0200][255486.375s][info][gc,heap       ] GC(10997) Old regions: 1376->1376
[2026-07-26T11:52:15.062+0200][255486.375s][info][gc,heap       ] GC(10997) Humongous regions: 16->16
[2026-07-26T11:52:15.062+0200][255486.375s][info][gc,metaspace  ] GC(10997) Metaspace: 924300K(1395072K)->924300K(1395072K) NonClass: 815486K(1266688K)->815486K(1266688K) Class: 108813K(128384K)->108813K(128384K)
[2026-07-26T11:52:15.062+0200][255486.375s][info][gc            ] GC(10997) Pause Young (Normal) (G1 Evacuation Pause) 1924M->1396M(2159M) 10.103ms
[2026-07-26T11:52:15.062+0200][255486.375s][info][gc,cpu        ] GC(10997) User=0.06s Sys=0.00s Real=0.01s
[2026-07-26T11:54:02.031+0200][255593.344s][info][gc,start      ] GC(10998) Pause Young (Normal) (G1 Evacuation Pause)
[2026-07-26T11:54:02.031+0200][255593.344s][info][gc,task       ] GC(10998) Using 13 workers of 13 for evacuation
[2026-07-26T11:54:02.039+0200][255593.352s][info][gc,phases     ] GC(10998)   Pre Evacuate Collection Set: 0.1ms
[2026-07-26T11:54:02.039+0200][255593.352s][info][gc,phases     ] GC(10998)   Evacuate Collection Set: 4.4ms
[2026-07-26T11:54:02.039+0200][255593.352s][info][gc,phases     ] GC(10998)   Post Evacuate Collection Set: 3.2ms
[2026-07-26T11:54:02.039+0200][255593.352s][info][gc,phases     ] GC(10998)   Other: 0.4ms
[2026-07-26T11:54:02.039+0200][255593.352s][info][gc,heap       ] GC(10998) Eden regions: 529->0(529)
[2026-07-26T11:54:02.039+0200][255593.352s][info][gc,heap       ] GC(10998) Survivor regions: 5->5(67)
[2026-07-26T11:54:02.039+0200][255593.352s][info][gc,heap       ] GC(10998) Old regions: 1376->1376
[2026-07-26T11:54:02.039+0200][255593.352s][info][gc,heap       ] GC(10998) Humongous regions: 16->16
[2026-07-26T11:54:02.039+0200][255593.352s][info][gc,metaspace  ] GC(10998) Metaspace: 924300K(1395072K)->924300K(1395072K) NonClass: 815486K(1266688K)->815486K(1266688K) Class: 108813K(128384K)->108813K(128384K)
[2026-07-26T11:54:02.039+0200][255593.352s][info][gc            ] GC(10998) Pause Young (Normal) (G1 Evacuation Pause) 1925M->1395M(2159M) 8.279ms
[2026-07-26T11:54:02.039+0200][255593.352s][info][gc,cpu        ] GC(10998) User=0.06s Sys=0.00s Real=0.01s
[2026-07-26T11:54:55.510+0200][255646.822s][info][gc,start      ] GC(10999) Pause Young (Normal) (G1 Evacuation Pause)
[2026-07-26T11:54:55.510+0200][255646.822s][info][gc,task       ] GC(10999) Using 13 workers of 13 for evacuation
[2026-07-26T11:54:55.519+0200][255646.832s][info][gc,phases     ] GC(10999)   Pre Evacuate Collection Set: 0.1ms
[2026-07-26T11:54:55.519+0200][255646.832s][info][gc,phases     ] GC(10999)   Evacuate Collection Set: 5.5ms
[2026-07-26T11:54:55.519+0200][255646.832s][info][gc,phases     ] GC(10999)   Post Evacuate Collection Set: 3.5ms
[2026-07-26T11:54:55.519+0200][255646.832s][info][gc,phases     ] GC(10999)   Other: 0.3ms
[2026-07-26T11:54:55.519+0200][255646.832s][info][gc,heap       ] GC(10999) Eden regions: 529->0(527)
[2026-07-26T11:54:55.519+0200][255646.832s][info][gc,heap       ] GC(10999) Survivor regions: 5->6(67)
[2026-07-26T11:54:55.519+0200][255646.832s][info][gc,heap       ] GC(10999) Old regions: 1376->1376
[2026-07-26T11:54:55.519+0200][255646.832s][info][gc,heap       ] GC(10999) Humongous regions: 16->16
[2026-07-26T11:54:55.519+0200][255646.832s][info][gc,metaspace  ] GC(10999) Metaspace: 924300K(1395072K)->924300K(1395072K) NonClass: 815486K(1266688K)->815486K(1266688K) Class: 108813K(128384K)->108813K(128384K)
[2026-07-26T11:54:55.519+0200][255646.832s][info][gc            ] GC(10999) Pause Young (Normal) (G1 Evacuation Pause) 1924M->1397M(2159M) 9.521ms
[2026-07-26T11:54:55.519+0200][255646.832s][info][gc,cpu        ] GC(10999) User=0.05s Sys=0.00s Real=0.01s
[2026-07-26T11:54:58.176+0200][255649.488s][info][gc,start      ] GC(11000) Pause Young (Normal) (G1 Evacuation Pause)
[2026-07-26T11:54:58.176+0200][255649.488s][info][gc,task       ] GC(11000) Using 13 workers of 13 for evacuation
[2026-07-26T11:54:58.184+0200][255649.497s][info][gc,phases     ] GC(11000)   Pre Evacuate Collection Set: 0.1ms
[2026-07-26T11:54:58.184+0200][255649.497s][info][gc,phases     ] GC(11000)   Evacuate Collection Set: 4.4ms
[2026-07-26T11:54:58.184+0200][255649.497s][info][gc,phases     ] GC(11000)   Post Evacuate Collection Set: 3.5ms
[2026-07-26T11:54:58.184+0200][255649.497s][info][gc,phases     ] GC(11000)   Other: 0.3ms
[2026-07-26T11:54:58.184+0200][255649.497s][info][gc,heap       ] GC(11000) Eden regions: 527->0(526)
[2026-07-26T11:54:58.184+0200][255649.497s][info][gc,heap       ] GC(11000) Survivor regions: 6->6(67)
[2026-07-26T11:54:58.184+0200][255649.497s][info][gc,heap       ] GC(11000) Old regions: 1376->1376
[2026-07-26T11:54:58.184+0200][255649.497s][info][gc,heap       ] GC(11000) Humongous regions: 16->16
[2026-07-26T11:54:58.184+0200][255649.497s][info][gc,metaspace  ] GC(11000) Metaspace: 924300K(1395072K)->924300K(1395072K) NonClass: 815486K(1266688K)->815486K(1266688K) Class: 108813K(128384K)->108813K(128384K)
[2026-07-26T11:54:58.184+0200][255649.497s][info][gc            ] GC(11000) Pause Young (Normal) (G1 Evacuation Pause) 1924M->1397M(2159M) 8.406ms
[2026-07-26T11:54:58.184+0200][255649.497s][info][gc,cpu        ] GC(11000) User=0.06s Sys=0.01s Real=0.01s
[2026-07-26T11:54:58.849+0200][255650.161s][info][gc,start      ] GC(11001) Pause Young (Normal) (G1 Evacuation Pause)
[2026-07-26T11:54:58.849+0200][255650.161s][info][gc,task       ] GC(11001) Using 13 workers of 13 for evacuation
[2026-07-26T11:54:58.857+0200][255650.169s][info][gc,phases     ] GC(11001)   Pre Evacuate Collection Set: 0.1ms
[2026-07-26T11:54:58.857+0200][255650.169s][info][gc,phases     ] GC(11001)   Evacuate Collection Set: 4.3ms
[2026-07-26T11:54:58.857+0200][255650.169s][info][gc,phases     ] GC(11001)   Post Evacuate Collection Set: 3.1ms
[2026-07-26T11:54:58.857+0200][255650.169s][info][gc,phases     ] GC(11001)   Other: 0.3ms
[2026-07-26T11:54:58.857+0200][255650.169s][info][gc,heap       ] GC(11001) Eden regions: 526->0(529)
[2026-07-26T11:54:58.857+0200][255650.169s][info][gc,heap       ] GC(11001) Survivor regions: 6->5(67)
[2026-07-26T11:54:58.857+0200][255650.169s][info][gc,heap       ] GC(11001) Old regions: 1376->1376
[2026-07-26T11:54:58.857+0200][255650.169s][info][gc,heap       ] GC(11001) Humongous regions: 16->16
[2026-07-26T11:54:58.857+0200][255650.169s][info][gc,metaspace  ] GC(11001) Metaspace: 924300K(1395072K)->924300K(1395072K) NonClass: 815486K(1266688K)->815486K(1266688K) Class: 108813K(128384K)->108813K(128384K)
[2026-07-26T11:54:58.857+0200][255650.169s][info][gc            ] GC(11001) Pause Young (Normal) (G1 Evacuation Pause) 1923M->1396M(2159M) 7.886ms
[2026-07-26T11:54:58.857+0200][255650.169s][info][gc,cpu        ] GC(11001) User=0.05s Sys=0.00s Real=0.01s
[2026-07-26T11:59:29.299+0200][255920.612s][info][gc,start      ] GC(11002) Pause Young (Normal) (G1 Evacuation Pause)
[2026-07-26T11:59:29.299+0200][255920.612s][info][gc,task       ] GC(11002) Using 13 workers of 13 for evacuation
[2026-07-26T11:59:29.307+0200][255920.620s][info][gc,phases     ] GC(11002)   Pre Evacuate Collection Set: 0.1ms
[2026-07-26T11:59:29.307+0200][255920.620s][info][gc,phases     ] GC(11002)   Evacuate Collection Set: 3.6ms
[2026-07-26T11:59:29.307+0200][255920.620s][info][gc,phases     ] GC(11002)   Post Evacuate Collection Set: 3.6ms
[2026-07-26T11:59:29.307+0200][255920.620s][info][gc,phases     ] GC(11002)   Other: 0.4ms
[2026-07-26T11:59:29.307+0200][255920.620s][info][gc,heap       ] GC(11002) Eden regions: 529->0(535)
[2026-07-26T11:59:29.307+0200][255920.620s][info][gc,heap       ] GC(11002) Survivor regions: 5->2(67)
[2026-07-26T11:59:29.307+0200][255920.620s][info][gc,heap       ] GC(11002) Old regions: 1376->1376
[2026-07-26T11:59:29.307+0200][255920.620s][info][gc,heap       ] GC(11002) Humongous regions: 16->16
[2026-07-26T11:59:29.307+0200][255920.620s][info][gc,metaspace  ] GC(11002) Metaspace: 924300K(1395072K)->924300K(1395072K) NonClass: 815486K(1266688K)->815486K(1266688K) Class: 108813K(128384K)->108813K(128384K)
[2026-07-26T11:59:29.307+0200][255920.620s][info][gc            ] GC(11002) Pause Young (Normal) (G1 Evacuation Pause) 1925M->1393M(2159M) 7.916ms
[2026-07-26T11:59:29.307+0200][255920.620s][info][gc,cpu        ] GC(11002) User=0.05s Sys=0.00s Real=0.01s
[2026-07-26T12:03:48.972+0200][256180.285s][info][gc,start      ] GC(11003) Pause Young (Normal) (G1 Evacuation Pause)
[2026-07-26T12:03:48.972+0200][256180.285s][info][gc,task       ] GC(11003) Using 13 workers of 13 for evacuation
[2026-07-26T12:03:48.983+0200][256180.295s][info][gc,phases     ] GC(11003)   Pre Evacuate Collection Set: 0.1ms
[2026-07-26T12:03:48.983+0200][256180.295s][info][gc,phases     ] GC(11003)   Evacuate Collection Set: 5.8ms
[2026-07-26T12:03:48.983+0200][256180.295s][info][gc,phases     ] GC(11003)   Post Evacuate Collection Set: 4.4ms
[2026-07-26T12:03:48.983+0200][256180.295s][info][gc,phases     ] GC(11003)   Other: 0.4ms
[2026-07-26T12:03:48.983+0200][256180.295s][info][gc,heap       ] GC(11003) Eden regions: 535->0(533)
[2026-07-26T12:03:48.983+0200][256180.295s][info][gc,heap       ] GC(11003) Survivor regions: 2->4(68)
[2026-07-26T12:03:48.983+0200][256180.295s][info][gc,heap       ] GC(11003) Old regions: 1376->1376
[2026-07-26T12:03:48.983+0200][256180.295s][info][gc,heap       ] GC(11003) Humongous regions: 16->16
[2026-07-26T12:03:48.983+0200][256180.296s][info][gc,metaspace  ] GC(11003) Metaspace: 924303K(1395072K)->924303K(1395072K) NonClass: 815489K(1266688K)->815489K(1266688K) Class: 108813K(128384K)->108813K(128384K)
[2026-07-26T12:03:48.983+0200][256180.296s][info][gc            ] GC(11003) Pause Young (Normal) (G1 Evacuation Pause) 1928M->1395M(2159M) 10.871ms
[2026-07-26T12:03:48.983+0200][256180.296s][info][gc,cpu        ] GC(11003) User=0.06s Sys=0.00s Real=0.01s
[2026-07-26T12:05:18.110+0200][256269.423s][info][gc,start      ] GC(11004) Pause Young (Normal) (G1 Evacuation Pause)
[2026-07-26T12:05:18.110+0200][256269.423s][info][gc,task       ] GC(11004) Using 13 workers of 13 for evacuation
[2026-07-26T12:05:18.124+0200][256269.437s][info][gc,phases     ] GC(11004)   Pre Evacuate Collection Set: 0.2ms
[2026-07-26T12:05:18.124+0200][256269.437s][info][gc,phases     ] GC(11004)   Evacuate Collection Set: 6.5ms
[2026-07-26T12:05:18.124+0200][256269.437s][info][gc,phases     ] GC(11004)   Post Evacuate Collection Set: 6.3ms
[2026-07-26T12:05:18.124+0200][256269.437s][info][gc,phases     ] GC(11004)   Other: 0.7ms
[2026-07-26T12:05:18.124+0200][256269.437s][info][gc,heap       ] GC(11004) Eden regions: 533->0(529)
[2026-07-26T12:05:18.124+0200][256269.437s][info][gc,heap       ] GC(11004) Survivor regions: 4->7(68)
[2026-07-26T12:05:18.124+0200][256269.437s][info][gc,heap       ] GC(11004) Old regions: 1376->1376
[2026-07-26T12:05:18.124+0200][256269.437s][info][gc,heap       ] GC(11004) Humongous regions: 39->16
[2026-07-26T12:05:18.124+0200][256269.437s][info][gc,metaspace  ] GC(11004) Metaspace: 924303K(1395072K)->924303K(1395072K) NonClass: 815489K(1266688K)->815489K(1266688K) Class: 108813K(128384K)->108813K(128384K)
[2026-07-26T12:05:18.124+0200][256269.437s][info][gc            ] GC(11004) Pause Young (Normal) (G1 Evacuation Pause) 1951M->1398M(2159M) 14.063ms
[2026-07-26T12:05:18.124+0200][256269.437s][info][gc,cpu        ] GC(11004) User=0.09s Sys=0.00s Real=0.02s
[2026-07-26T12:08:50.115+0200][256481.427s][info][gc,start      ] GC(11005) Pause Young (Normal) (G1 Evacuation Pause)
[2026-07-26T12:08:50.115+0200][256481.428s][info][gc,task       ] GC(11005) Using 13 workers of 13 for evacuation
[2026-07-26T12:08:50.125+0200][256481.438s][info][gc,phases     ] GC(11005)   Pre Evacuate Collection Set: 0.1ms
[2026-07-26T12:08:50.125+0200][256481.438s][info][gc,phases     ] GC(11005)   Evacuate Collection Set: 5.8ms
[2026-07-26T12:08:50.125+0200][256481.438s][info][gc,phases     ] GC(11005)   Post Evacuate Collection Set: 3.8ms
[2026-07-26T12:08:50.125+0200][256481.438s][info][gc,phases     ] GC(11005)   Other: 0.5ms
[2026-07-26T12:08:50.125+0200][256481.438s][info][gc,heap       ] GC(11005) Eden regions: 529->0(529)
[2026-07-26T12:08:50.125+0200][256481.438s][info][gc,heap       ] GC(11005) Survivor regions: 7->7(67)
[2026-07-26T12:08:50.125+0200][256481.438s][info][gc,heap       ] GC(11005) Old regions: 1376->1376
[2026-07-26T12:08:50.125+0200][256481.438s][info][gc,heap       ] GC(11005) Humongous regions: 16->16
[2026-07-26T12:08:50.125+0200][256481.438s][info][gc,metaspace  ] GC(11005) Metaspace: 924303K(1395072K)->924303K(1395072K) NonClass: 815489K(1266688K)->815489K(1266688K) Class: 108813K(128384K)->108813K(128384K)
[2026-07-26T12:08:50.125+0200][256481.438s][info][gc            ] GC(11005) Pause Young (Normal) (G1 Evacuation Pause) 1927M->1398M(2159M) 10.423ms
[2026-07-26T12:08:50.125+0200][256481.438s][info][gc,cpu        ] GC(11005) User=0.07s Sys=0.01s Real=0.01s
[2026-07-26T12:09:00.563+0200][256491.876s][info][gc,start      ] GC(11006) Pause Young (Normal) (G1 Evacuation Pause)
[2026-07-26T12:09:00.563+0200][256491.876s][info][gc,task       ] GC(11006) Using 13 workers of 13 for evacuation
[2026-07-26T12:09:00.577+0200][256491.889s][info][gc,phases     ] GC(11006)   Pre Evacuate Collection Set: 0.1ms
[2026-07-26T12:09:00.577+0200][256491.889s][info][gc,phases     ] GC(11006)   Evacuate Collection Set: 6.9ms
[2026-07-26T12:09:00.577+0200][256491.889s][info][gc,phases     ] GC(11006)   Post Evacuate Collection Set: 6.1ms
[2026-07-26T12:09:00.577+0200][256491.890s][info][gc,phases     ] GC(11006)   Other: 0.3ms
[2026-07-26T12:09:00.577+0200][256491.890s][info][gc,heap       ] GC(11006) Eden regions: 529->0(526)
[2026-07-26T12:09:00.577+0200][256491.890s][info][gc,heap       ] GC(11006) Survivor regions: 7->9(67)
[2026-07-26T12:09:00.577+0200][256491.890s][info][gc,heap       ] GC(11006) Old regions: 1376->1376
[2026-07-26T12:09:00.577+0200][256491.890s][info][gc,heap       ] GC(11006) Humongous regions: 16->16
[2026-07-26T12:09:00.577+0200][256491.890s][info][gc,metaspace  ] GC(11006) Metaspace: 924303K(1395072K)->924303K(1395072K) NonClass: 815489K(1266688K)->815489K(1266688K) Class: 108813K(128384K)->108813K(128384K)
[2026-07-26T12:09:00.577+0200][256491.890s][info][gc            ] GC(11006) Pause Young (Normal) (G1 Evacuation Pause) 1927M->1400M(2159M) 13.573ms
[2026-07-26T12:09:00.577+0200][256491.890s][info][gc,cpu        ] GC(11006) User=0.09s Sys=0.01s Real=0.01s
[2026-07-26T12:09:08.232+0200][256499.544s][info][gc,start      ] GC(11007) Pause Young (Normal) (G1 Evacuation Pause)
[2026-07-26T12:09:08.232+0200][256499.545s][info][gc,task       ] GC(11007) Using 13 workers of 13 for evacuation
[2026-07-26T12:09:08.241+0200][256499.554s][info][gc,phases     ] GC(11007)   Pre Evacuate Collection Set: 0.1ms
[2026-07-26T12:09:08.241+0200][256499.554s][info][gc,phases     ] GC(11007)   Evacuate Collection Set: 5.3ms
[2026-07-26T12:09:08.241+0200][256499.554s][info][gc,phases     ] GC(11007)   Post Evacuate Collection Set: 3.7ms
[2026-07-26T12:09:08.241+0200][256499.554s][info][gc,phases     ] GC(11007)   Other: 0.4ms
[2026-07-26T12:09:08.241+0200][256499.554s][info][gc,heap       ] GC(11007) Eden regions: 526->0(528)
[2026-07-26T12:09:08.241+0200][256499.554s][info][gc,heap       ] GC(11007) Survivor regions: 9->7(67)
[2026-07-26T12:09:08.241+0200][256499.554s][info][gc,heap       ] GC(11007) Old regions: 1376->1376
[2026-07-26T12:09:08.241+0200][256499.554s][info][gc,heap       ] GC(11007) Humongous regions: 16->16
[2026-07-26T12:09:08.241+0200][256499.554s][info][gc,metaspace  ] GC(11007) Metaspace: 924303K(1395072K)->924303K(1395072K) NonClass: 815489K(1266688K)->815489K(1266688K) Class: 108813K(128384K)->108813K(128384K)
[2026-07-26T12:09:08.241+0200][256499.554s][info][gc            ] GC(11007) Pause Young (Normal) (G1 Evacuation Pause) 1926M->1398M(2159M) 9.534ms
[2026-07-26T12:09:08.241+0200][256499.554s][info][gc,cpu        ] GC(11007) User=0.07s Sys=0.00s Real=0.01s
[2026-07-26T12:10:20.851+0200][256572.163s][info][gc,start      ] GC(11008) Pause Young (Normal) (G1 Evacuation Pause)
[2026-07-26T12:10:20.851+0200][256572.163s][info][gc,task       ] GC(11008) Using 13 workers of 13 for evacuation
[2026-07-26T12:10:20.860+0200][256572.173s][info][gc,phases     ] GC(11008)   Pre Evacuate Collection Set: 0.1ms
[2026-07-26T12:10:20.860+0200][256572.173s][info][gc,phases     ] GC(11008)   Evacuate Collection Set: 5.4ms
[2026-07-26T12:10:20.860+0200][256572.173s][info][gc,phases     ] GC(11008)   Post Evacuate Collection Set: 3.2ms
[2026-07-26T12:10:20.860+0200][256572.173s][info][gc,phases     ] GC(11008)   Other: 0.5ms
[2026-07-26T12:10:20.860+0200][256572.173s][info][gc,heap       ] GC(11008) Eden regions: 528->0(531)
[2026-07-26T12:10:20.860+0200][256572.173s][info][gc,heap       ] GC(11008) Survivor regions: 7->6(67)
[2026-07-26T12:10:20.860+0200][256572.173s][info][gc,heap       ] GC(11008) Old regions: 1376->1376
[2026-07-26T12:10:20.860+0200][256572.173s][info][gc,heap       ] GC(11008) Humongous regions: 16->16
[2026-07-26T12:10:20.860+0200][256572.173s][info][gc,metaspace  ] GC(11008) Metaspace: 924313K(1395072K)->924313K(1395072K) NonClass: 815498K(1266688K)->815498K(1266688K) Class: 108815K(128384K)->108815K(128384K)
[2026-07-26T12:10:20.860+0200][256572.173s][info][gc            ] GC(11008) Pause Young (Normal) (G1 Evacuation Pause) 1926M->1397M(2159M) 9.347ms
[2026-07-26T12:10:20.860+0200][256572.173s][info][gc,cpu        ] GC(11008) User=0.06s Sys=0.00s Real=0.01s
[2026-07-26T12:13:33.865+0200][256765.177s][info][gc,start      ] GC(11009) Pause Young (Normal) (G1 Evacuation Pause)
[2026-07-26T12:13:33.865+0200][256765.177s][info][gc,task       ] GC(11009) Using 13 workers of 13 for evacuation
[2026-07-26T12:13:33.877+0200][256765.190s][info][gc,phases     ] GC(11009)   Pre Evacuate Collection Set: 0.1ms
[2026-07-26T12:13:33.877+0200][256765.190s][info][gc,phases     ] GC(11009)   Evacuate Collection Set: 7.6ms
[2026-07-26T12:13:33.877+0200][256765.190s][info][gc,phases     ] GC(11009)   Post Evacuate Collection Set: 4.3ms
[2026-07-26T12:13:33.877+0200][256765.190s][info][gc,phases     ] GC(11009)   Other: 0.4ms
[2026-07-26T12:13:33.877+0200][256765.190s][info][gc,heap       ] GC(11009) Eden regions: 531->0(521)
[2026-07-26T12:13:33.877+0200][256765.190s][info][gc,heap       ] GC(11009) Survivor regions: 6->12(68)
[2026-07-26T12:13:33.877+0200][256765.190s][info][gc,heap       ] GC(11009) Old regions: 1376->1376
[2026-07-26T12:13:33.877+0200][256765.190s][info][gc,heap       ] GC(11009) Humongous regions: 16->16
[2026-07-26T12:13:33.877+0200][256765.190s][info][gc,metaspace  ] GC(11009) Metaspace: 924325K(1395072K)->924325K(1395072K) NonClass: 815508K(1266688K)->815508K(1266688K) Class: 108816K(128384K)->108816K(128384K)
[2026-07-26T12:13:33.877+0200][256765.190s][info][gc            ] GC(11009) Pause Young (Normal) (G1 Evacuation Pause) 1928M->1403M(2159M) 12.557ms
[2026-07-26T12:13:33.877+0200][256765.190s][info][gc,cpu        ] GC(11009) User=0.10s Sys=0.01s Real=0.01s
[2026-07-26T12:13:34.493+0200][256765.805s][info][gc,start      ] GC(11010) Pause Young (Normal) (G1 Evacuation Pause)
[2026-07-26T12:13:34.493+0200][256765.806s][info][gc,task       ] GC(11010) Using 13 workers of 13 for evacuation
[2026-07-26T12:13:34.503+0200][256765.815s][info][gc,phases     ] GC(11010)   Pre Evacuate Collection Set: 0.1ms
[2026-07-26T12:13:34.503+0200][256765.815s][info][gc,phases     ] GC(11010)   Evacuate Collection Set: 5.9ms
[2026-07-26T12:13:34.503+0200][256765.815s][info][gc,phases     ] GC(11010)   Post Evacuate Collection Set: 3.6ms
[2026-07-26T12:13:34.503+0200][256765.816s][info][gc,phases     ] GC(11010)   Other: 0.3ms
[2026-07-26T12:13:34.503+0200][256765.816s][info][gc,heap       ] GC(11010) Eden regions: 521->0(526)
[2026-07-26T12:13:34.503+0200][256765.816s][info][gc,heap       ] GC(11010) Survivor regions: 12->9(67)
[2026-07-26T12:13:34.503+0200][256765.816s][info][gc,heap       ] GC(11010) Old regions: 1376->1376
[2026-07-26T12:13:34.503+0200][256765.816s][info][gc,heap       ] GC(11010) Humongous regions: 16->16
[2026-07-26T12:13:34.503+0200][256765.816s][info][gc,metaspace  ] GC(11010) Metaspace: 924325K(1395072K)->924325K(1395072K) NonClass: 815508K(1266688K)->815508K(1266688K) Class: 108816K(128384K)->108816K(128384K)
[2026-07-26T12:13:34.503+0200][256765.816s][info][gc            ] GC(11010) Pause Young (Normal) (G1 Evacuation Pause) 1924M->1400M(2159M) 10.108ms
[2026-07-26T12:13:34.503+0200][256765.816s][info][gc,cpu        ] GC(11010) User=0.08s Sys=0.00s Real=0.01s
[2026-07-26T12:15:09.031+0200][256860.344s][info][gc,start      ] GC(11011) Pause Young (Normal) (G1 Evacuation Pause)
[2026-07-26T12:15:09.031+0200][256860.344s][info][gc,task       ] GC(11011) Using 13 workers of 13 for evacuation
[2026-07-26T12:15:09.041+0200][256860.354s][info][gc,phases     ] GC(11011)   Pre Evacuate Collection Set: 0.1ms
[2026-07-26T12:15:09.041+0200][256860.354s][info][gc,phases     ] GC(11011)   Evacuate Collection Set: 4.5ms
[2026-07-26T12:15:09.041+0200][256860.354s][info][gc,phases     ] GC(11011)   Post Evacuate Collection Set: 4.5ms
[2026-07-26T12:15:09.041+0200][256860.354s][info][gc,phases     ] GC(11011)   Other: 0.5ms
[2026-07-26T12:15:09.041+0200][256860.354s][info][gc,heap       ] GC(11011) Eden regions: 526->0(532)
[2026-07-26T12:15:09.041+0200][256860.354s][info][gc,heap       ] GC(11011) Survivor regions: 9->5(67)
[2026-07-26T12:15:09.041+0200][256860.354s][info][gc,heap       ] GC(11011) Old regions: 1376->1376
[2026-07-26T12:15:09.041+0200][256860.354s][info][gc,heap       ] GC(11011) Humongous regions: 16->16
[2026-07-26T12:15:09.041+0200][256860.354s][info][gc,metaspace  ] GC(11011) Metaspace: 924325K(1395072K)->924325K(1395072K) NonClass: 815508K(1266688K)->815508K(1266688K) Class: 108816K(128384K)->108816K(128384K)
[2026-07-26T12:15:09.041+0200][256860.354s][info][gc            ] GC(11011) Pause Young (Normal) (G1 Evacuation Pause) 1926M->1396M(2159M) 9.767ms
[2026-07-26T12:15:09.041+0200][256860.354s][info][gc,cpu        ] GC(11011) User=0.07s Sys=0.00s Real=0.01s
[2026-07-26T12:16:47.169+0200][256958.482s][info][gc,start      ] GC(11012) Pause Young (Normal) (G1 Evacuation Pause)
[2026-07-26T12:16:47.169+0200][256958.482s][info][gc,task       ] GC(11012) Using 13 workers of 13 for evacuation
[2026-07-26T12:16:47.182+0200][256958.494s][info][gc,phases     ] GC(11012)   Pre Evacuate Collection Set: 0.1ms
[2026-07-26T12:16:47.182+0200][256958.494s][info][gc,phases     ] GC(11012)   Evacuate Collection Set: 7.9ms
[2026-07-26T12:16:47.182+0200][256958.494s][info][gc,phases     ] GC(11012)   Post Evacuate Collection Set: 4.0ms
[2026-07-26T12:16:47.182+0200][256958.494s][info][gc,phases     ] GC(11012)   Other: 0.3ms
[2026-07-26T12:16:47.182+0200][256958.494s][info][gc,heap       ] GC(11012) Eden regions: 532->0(527)
[2026-07-26T12:16:47.182+0200][256958.494s][info][gc,heap       ] GC(11012) Survivor regions: 5->9(68)
[2026-07-26T12:16:47.182+0200][256958.494s][info][gc,heap       ] GC(11012) Old regions: 1376->1376
[2026-07-26T12:16:47.182+0200][256958.494s][info][gc,heap       ] GC(11012) Humongous regions: 16->16
[2026-07-26T12:16:47.182+0200][256958.494s][info][gc,metaspace  ] GC(11012) Metaspace: 924325K(1395072K)->924325K(1395072K) NonClass: 815508K(1266688K)->815508K(1266688K) Class: 108816K(128384K)->108816K(128384K)
[2026-07-26T12:16:47.182+0200][256958.495s][info][gc            ] GC(11012) Pause Young (Normal) (G1 Evacuation Pause) 1928M->1400M(2159M) 12.490ms
[2026-07-26T12:16:47.182+0200][256958.495s][info][gc,cpu        ] GC(11012) User=0.09s Sys=0.00s Real=0.01s
[2026-07-26T12:20:31.953+0200][257183.266s][info][gc,start      ] GC(11013) Pause Young (Normal) (G1 Evacuation Pause)
[2026-07-26T12:20:31.953+0200][257183.266s][info][gc,task       ] GC(11013) Using 13 workers of 13 for evacuation
[2026-07-26T12:20:31.962+0200][257183.274s][info][gc,phases     ] GC(11013)   Pre Evacuate Collection Set: 0.1ms
[2026-07-26T12:20:31.962+0200][257183.274s][info][gc,phases     ] GC(11013)   Evacuate Collection Set: 4.7ms
[2026-07-26T12:20:31.962+0200][257183.274s][info][gc,phases     ] GC(11013)   Post Evacuate Collection Set: 3.2ms
[2026-07-26T12:20:31.962+0200][257183.274s][info][gc,phases     ] GC(11013)   Other: 0.4ms
[2026-07-26T12:20:31.962+0200][257183.274s][info][gc,heap       ] GC(11013) Eden regions: 527->0(533)
[2026-07-26T12:20:31.962+0200][257183.274s][info][gc,heap       ] GC(11013) Survivor regions: 9->5(67)
[2026-07-26T12:20:31.962+0200][257183.274s][info][gc,heap       ] GC(11013) Old regions: 1376->1376
[2026-07-26T12:20:31.962+0200][257183.274s][info][gc,heap       ] GC(11013) Humongous regions: 16->16
[2026-07-26T12:20:31.962+0200][257183.274s][info][gc,metaspace  ] GC(11013) Metaspace: 924325K(1395072K)->924325K(1395072K) NonClass: 815508K(1266688K)->815508K(1266688K) Class: 108816K(128384K)->108816K(128384K)
[2026-07-26T12:20:31.962+0200][257183.274s][info][gc            ] GC(11013) Pause Young (Normal) (G1 Evacuation Pause) 1927M->1396M(2159M) 8.676ms
[2026-07-26T12:20:31.962+0200][257183.274s][info][gc,cpu        ] GC(11013) User=0.04s Sys=0.01s Real=0.00s
[2026-07-26T12:21:25.113+0200][257236.425s][info][gc,start      ] GC(11014) Pause Young (Normal) (G1 Evacuation Pause)
[2026-07-26T12:21:25.113+0200][257236.425s][info][gc,task       ] GC(11014) Using 13 workers of 13 for evacuation
[2026-07-26T12:21:25.124+0200][257236.437s][info][gc,phases     ] GC(11014)   Pre Evacuate Collection Set: 0.1ms
[2026-07-26T12:21:25.124+0200][257236.437s][info][gc,phases     ] GC(11014)   Evacuate Collection Set: 6.9ms
[2026-07-26T12:21:25.124+0200][257236.437s][info][gc,phases     ] GC(11014)   Post Evacuate Collection Set: 3.8ms
[2026-07-26T12:21:25.124+0200][257236.437s][info][gc,phases     ] GC(11014)   Other: 0.5ms
[2026-07-26T12:21:25.124+0200][257236.437s][info][gc,heap       ] GC(11014) Eden regions: 533->0(528)
[2026-07-26T12:21:25.124+0200][257236.437s][info][gc,heap       ] GC(11014) Survivor regions: 5->9(68)
[2026-07-26T12:21:25.124+0200][257236.437s][info][gc,heap       ] GC(11014) Old regions: 1376->1376
[2026-07-26T12:21:25.124+0200][257236.437s][info][gc,heap       ] GC(11014) Humongous regions: 16->16
[2026-07-26T12:21:25.124+0200][257236.437s][info][gc,metaspace  ] GC(11014) Metaspace: 924325K(1395072K)->924325K(1395072K) NonClass: 815508K(1266688K)->815508K(1266688K) Class: 108816K(128384K)->108816K(128384K)
[2026-07-26T12:21:25.124+0200][257236.437s][info][gc            ] GC(11014) Pause Young (Normal) (G1 Evacuation Pause) 1929M->1400M(2159M) 11.460ms
[2026-07-26T12:21:25.124+0200][257236.437s][info][gc,cpu        ] GC(11014) User=0.08s Sys=0.00s Real=0.02s
[2026-07-26T12:21:26.902+0200][257238.214s][info][gc,start      ] GC(11015) Pause Young (Normal) (G1 Evacuation Pause)
[2026-07-26T12:21:26.902+0200][257238.214s][info][gc,task       ] GC(11015) Using 13 workers of 13 for evacuation
[2026-07-26T12:21:26.910+0200][257238.223s][info][gc,phases     ] GC(11015)   Pre Evacuate Collection Set: 0.1ms
[2026-07-26T12:21:26.910+0200][257238.223s][info][gc,phases     ] GC(11015)   Evacuate Collection Set: 4.7ms
[2026-07-26T12:21:26.910+0200][257238.223s][info][gc,phases     ] GC(11015)   Post Evacuate Collection Set: 3.4ms
[2026-07-26T12:21:26.910+0200][257238.223s][info][gc,phases     ] GC(11015)   Other: 0.3ms
[2026-07-26T12:21:26.910+0200][257238.223s][info][gc,heap       ] GC(11015) Eden regions: 528->0(532)
[2026-07-26T12:21:26.910+0200][257238.223s][info][gc,heap       ] GC(11015) Survivor regions: 9->6(68)
[2026-07-26T12:21:26.910+0200][257238.223s][info][gc,heap       ] GC(11015) Old regions: 1376->1376
[2026-07-26T12:21:26.910+0200][257238.223s][info][gc,heap       ] GC(11015) Humongous regions: 16->16
[2026-07-26T12:21:26.910+0200][257238.223s][info][gc,metaspace  ] GC(11015) Metaspace: 924325K(1395072K)->924325K(1395072K) NonClass: 815508K(1266688K)->815508K(1266688K) Class: 108816K(128384K)->108816K(128384K)
[2026-07-26T12:21:26.910+0200][257238.223s][info][gc            ] GC(11015) Pause Young (Normal) (G1 Evacuation Pause) 1928M->1397M(2159M) 8.609ms
[2026-07-26T12:21:26.910+0200][257238.223s][info][gc,cpu        ] GC(11015) User=0.06s Sys=0.00s Real=0.01s
[2026-07-26T12:21:27.540+0200][257238.853s][info][gc,start      ] GC(11016) Pause Young (Normal) (G1 Evacuation Pause)
[2026-07-26T12:21:27.540+0200][257238.853s][info][gc,task       ] GC(11016) Using 13 workers of 13 for evacuation
[2026-07-26T12:21:27.549+0200][257238.862s][info][gc,phases     ] GC(11016)   Pre Evacuate Collection Set: 0.1ms
[2026-07-26T12:21:27.549+0200][257238.862s][info][gc,phases     ] GC(11016)   Evacuate Collection Set: 5.8ms
[2026-07-26T12:21:27.549+0200][257238.862s][info][gc,phases     ] GC(11016)   Post Evacuate Collection Set: 2.9ms
[2026-07-26T12:21:27.549+0200][257238.862s][info][gc,phases     ] GC(11016)   Other: 0.3ms
[2026-07-26T12:21:27.549+0200][257238.862s][info][gc,heap       ] GC(11016) Eden regions: 532->0(530)
[2026-07-26T12:21:27.549+0200][257238.862s][info][gc,heap       ] GC(11016) Survivor regions: 6->9(68)
[2026-07-26T12:21:27.549+0200][257238.862s][info][gc,heap       ] GC(11016) Old regions: 1376->1376
[2026-07-26T12:21:27.549+0200][257238.862s][info][gc,heap       ] GC(11016) Humongous regions: 16->16
[2026-07-26T12:21:27.550+0200][257238.862s][info][gc,metaspace  ] GC(11016) Metaspace: 924325K(1395072K)->924325K(1395072K) NonClass: 815508K(1266688K)->815508K(1266688K) Class: 108816K(128384K)->108816K(128384K)
[2026-07-26T12:21:27.550+0200][257238.862s][info][gc            ] GC(11016) Pause Young (Normal) (G1 Evacuation Pause) 1929M->1400M(2159M) 9.293ms
[2026-07-26T12:21:27.550+0200][257238.862s][info][gc,cpu        ] GC(11016) User=0.07s Sys=0.00s Real=0.01s
[2026-07-26T12:24:17.787+0200][257409.100s][info][gc,start      ] GC(11017) Pause Young (Normal) (G1 Evacuation Pause)
[2026-07-26T12:24:17.787+0200][257409.100s][info][gc,task       ] GC(11017) Using 13 workers of 13 for evacuation
[2026-07-26T12:24:17.796+0200][257409.109s][info][gc,phases     ] GC(11017)   Pre Evacuate Collection Set: 0.1ms
[2026-07-26T12:24:17.796+0200][257409.109s][info][gc,phases     ] GC(11017)   Evacuate Collection Set: 6.0ms
[2026-07-26T12:24:17.796+0200][257409.109s][info][gc,phases     ] GC(11017)   Post Evacuate Collection Set: 3.0ms
[2026-07-26T12:24:17.797+0200][257409.109s][info][gc,phases     ] GC(11017)   Other: 0.4ms
[2026-07-26T12:24:17.797+0200][257409.109s][info][gc,heap       ] GC(11017) Eden regions: 530->0(533)
[2026-07-26T12:24:17.797+0200][257409.109s][info][gc,heap       ] GC(11017) Survivor regions: 9->6(68)
[2026-07-26T12:24:17.797+0200][257409.109s][info][gc,heap       ] GC(11017) Old regions: 1376->1376
[2026-07-26T12:24:17.797+0200][257409.109s][info][gc,heap       ] GC(11017) Humongous regions: 16->16
[2026-07-26T12:24:17.797+0200][257409.109s][info][gc,metaspace  ] GC(11017) Metaspace: 924325K(1395072K)->924325K(1395072K) NonClass: 815508K(1266688K)->815508K(1266688K) Class: 108816K(128384K)->108816K(128384K)
[2026-07-26T12:24:17.797+0200][257409.109s][info][gc            ] GC(11017) Pause Young (Normal) (G1 Evacuation Pause) 1930M->1397M(2159M) 9.689ms
[2026-07-26T12:24:17.797+0200][257409.109s][info][gc,cpu        ] GC(11017) User=0.07s Sys=0.00s Real=0.01s
[2026-07-26T12:24:31.887+0200][257423.200s][info][gc,start      ] GC(11018) Pause Young (Normal) (G1 Evacuation Pause)
[2026-07-26T12:24:31.887+0200][257423.200s][info][gc,task       ] GC(11018) Using 13 workers of 13 for evacuation
[2026-07-26T12:24:31.898+0200][257423.211s][info][gc,phases     ] GC(11018)   Pre Evacuate Collection Set: 0.1ms
[2026-07-26T12:24:31.898+0200][257423.211s][info][gc,phases     ] GC(11018)   Evacuate Collection Set: 6.7ms
[2026-07-26T12:24:31.898+0200][257423.211s][info][gc,phases     ] GC(11018)   Post Evacuate Collection Set: 3.8ms
[2026-07-26T12:24:31.898+0200][257423.211s][info][gc,phases     ] GC(11018)   Other: 0.5ms
[2026-07-26T12:24:31.898+0200][257423.211s][info][gc,heap       ] GC(11018) Eden regions: 533->0(528)
[2026-07-26T12:24:31.898+0200][257423.211s][info][gc,heap       ] GC(11018) Survivor regions: 6->8(68)
[2026-07-26T12:24:31.898+0200][257423.211s][info][gc,heap       ] GC(11018) Old regions: 1376->1378
[2026-07-26T12:24:31.898+0200][257423.211s][info][gc,heap       ] GC(11018) Humongous regions: 16->16
[2026-07-26T12:24:31.898+0200][257423.211s][info][gc,metaspace  ] GC(11018) Metaspace: 924325K(1395072K)->924325K(1395072K) NonClass: 815508K(1266688K)->815508K(1266688K) Class: 108816K(128384K)->108816K(128384K)
[2026-07-26T12:24:31.898+0200][257423.211s][info][gc            ] GC(11018) Pause Young (Normal) (G1 Evacuation Pause) 1930M->1400M(2159M) 11.240ms
[2026-07-26T12:24:31.898+0200][257423.211s][info][gc,cpu        ] GC(11018) User=0.08s Sys=0.00s Real=0.01s
[2026-07-26T12:24:35.677+0200][257426.990s][info][gc,start      ] GC(11019) Pause Young (Normal) (G1 Evacuation Pause)
[2026-07-26T12:24:35.677+0200][257426.990s][info][gc,task       ] GC(11019) Using 13 workers of 13 for evacuation
[2026-07-26T12:24:35.686+0200][257426.999s][info][gc,phases     ] GC(11019)   Pre Evacuate Collection Set: 0.1ms
[2026-07-26T12:24:35.686+0200][257426.999s][info][gc,phases     ] GC(11019)   Evacuate Collection Set: 4.3ms
[2026-07-26T12:24:35.686+0200][257426.999s][info][gc,phases     ] GC(11019)   Post Evacuate Collection Set: 4.5ms
[2026-07-26T12:24:35.686+0200][257426.999s][info][gc,phases     ] GC(11019)   Other: 0.4ms
[2026-07-26T12:24:35.686+0200][257426.999s][info][gc,heap       ] GC(11019) Eden regions: 528->0(532)
[2026-07-26T12:24:35.686+0200][257426.999s][info][gc,heap       ] GC(11019) Survivor regions: 8->3(67)
[2026-07-26T12:24:35.686+0200][257426.999s][info][gc,heap       ] GC(11019) Old regions: 1378->1380
[2026-07-26T12:24:35.686+0200][257426.999s][info][gc,heap       ] GC(11019) Humongous regions: 16->16
[2026-07-26T12:24:35.686+0200][257426.999s][info][gc,metaspace  ] GC(11019) Metaspace: 924325K(1395072K)->924325K(1395072K) NonClass: 815508K(1266688K)->815508K(1266688K) Class: 108816K(128384K)->108816K(128384K)
[2026-07-26T12:24:35.686+0200][257426.999s][info][gc            ] GC(11019) Pause Young (Normal) (G1 Evacuation Pause) 1928M->1397M(2159M) 9.431ms
[2026-07-26T12:24:35.686+0200][257426.999s][info][gc,cpu        ] GC(11019) User=0.06s Sys=0.00s Real=0.01s
[2026-07-26T12:25:28.106+0200][257479.419s][info][gc,start      ] GC(11020) Pause Young (Normal) (G1 Evacuation Pause)
[2026-07-26T12:25:28.106+0200][257479.419s][info][gc,task       ] GC(11020) Using 13 workers of 13 for evacuation
[2026-07-26T12:25:28.116+0200][257479.429s][info][gc,phases     ] GC(11020)   Pre Evacuate Collection Set: 0.1ms
[2026-07-26T12:25:28.116+0200][257479.429s][info][gc,phases     ] GC(11020)   Evacuate Collection Set: 4.6ms
[2026-07-26T12:25:28.116+0200][257479.429s][info][gc,phases     ] GC(11020)   Post Evacuate Collection Set: 5.5ms
[2026-07-26T12:25:28.116+0200][257479.429s][info][gc,phases     ] GC(11020)   Other: 0.4ms
[2026-07-26T12:25:28.116+0200][257479.429s][info][gc,heap       ] GC(11020) Eden regions: 532->0(530)
[2026-07-26T12:25:28.116+0200][257479.429s][info][gc,heap       ] GC(11020) Survivor regions: 3->5(67)
[2026-07-26T12:25:28.117+0200][257479.429s][info][gc,heap       ] GC(11020) Old regions: 1380->1380
[2026-07-26T12:25:28.117+0200][257479.429s][info][gc,heap       ] GC(11020) Humongous regions: 16->16
[2026-07-26T12:25:28.117+0200][257479.429s][info][gc,metaspace  ] GC(11020) Metaspace: 924325K(1395072K)->924325K(1395072K) NonClass: 815508K(1266688K)->815508K(1266688K) Class: 108816K(128384K)->108816K(128384K)
[2026-07-26T12:25:28.117+0200][257479.429s][info][gc            ] GC(11020) Pause Young (Normal) (G1 Evacuation Pause) 1929M->1399M(2159M) 10.713ms
[2026-07-26T12:25:28.117+0200][257479.429s][info][gc,cpu        ] GC(11020) User=0.07s Sys=0.00s Real=0.01s
[2026-07-26T12:25:41.352+0200][257492.665s][info][gc,start      ] GC(11021) Pause Young (Normal) (G1 Evacuation Pause)
[2026-07-26T12:25:41.352+0200][257492.665s][info][gc,task       ] GC(11021) Using 13 workers of 13 for evacuation
[2026-07-26T12:25:41.360+0200][257492.673s][info][gc,phases     ] GC(11021)   Pre Evacuate Collection Set: 0.1ms
[2026-07-26T12:25:41.360+0200][257492.673s][info][gc,phases     ] GC(11021)   Evacuate Collection Set: 4.0ms
[2026-07-26T12:25:41.360+0200][257492.673s][info][gc,phases     ] GC(11021)   Post Evacuate Collection Set: 3.1ms
[2026-07-26T12:25:41.360+0200][257492.673s][info][gc,phases     ] GC(11021)   Other: 0.5ms
[2026-07-26T12:25:41.360+0200][257492.673s][info][gc,heap       ] GC(11021) Eden regions: 530->0(534)
[2026-07-26T12:25:41.360+0200][257492.673s][info][gc,heap       ] GC(11021) Survivor regions: 5->2(67)
[2026-07-26T12:25:41.360+0200][257492.673s][info][gc,heap       ] GC(11021) Old regions: 1380->1380
[2026-07-26T12:25:41.360+0200][257492.673s][info][gc,heap       ] GC(11021) Humongous regions: 16->16
[2026-07-26T12:25:41.360+0200][257492.673s][info][gc,metaspace  ] GC(11021) Metaspace: 924325K(1395072K)->924325K(1395072K) NonClass: 815508K(1266688K)->815508K(1266688K) Class: 108816K(128384K)->108816K(128384K)
[2026-07-26T12:25:41.360+0200][257492.673s][info][gc            ] GC(11021) Pause Young (Normal) (G1 Evacuation Pause) 1929M->1396M(2159M) 7.883ms
[2026-07-26T12:25:41.360+0200][257492.673s][info][gc,cpu        ] GC(11021) User=0.05s Sys=0.00s Real=0.01s
[2026-07-26T12:29:16.250+0200][257707.563s][info][gc,start      ] GC(11022) Pause Young (Normal) (G1 Evacuation Pause)
[2026-07-26T12:29:16.250+0200][257707.563s][info][gc,task       ] GC(11022) Using 13 workers of 13 for evacuation
[2026-07-26T12:29:16.258+0200][257707.571s][info][gc,phases     ] GC(11022)   Pre Evacuate Collection Set: 0.1ms
[2026-07-26T12:29:16.258+0200][257707.571s][info][gc,phases     ] GC(11022)   Evacuate Collection Set: 4.3ms
[2026-07-26T12:29:16.258+0200][257707.571s][info][gc,phases     ] GC(11022)   Post Evacuate Collection Set: 3.0ms
[2026-07-26T12:29:16.258+0200][257707.571s][info][gc,phases     ] GC(11022)   Other: 0.4ms
[2026-07-26T12:29:16.258+0200][257707.571s][info][gc,heap       ] GC(11022) Eden regions: 534->0(533)
[2026-07-26T12:29:16.258+0200][257707.571s][info][gc,heap       ] GC(11022) Survivor regions: 2->4(67)
[2026-07-26T12:29:16.258+0200][257707.571s][info][gc,heap       ] GC(11022) Old regions: 1380->1380
[2026-07-26T12:29:16.258+0200][257707.571s][info][gc,heap       ] GC(11022) Humongous regions: 16->16
[2026-07-26T12:29:16.258+0200][257707.571s][info][gc,metaspace  ] GC(11022) Metaspace: 924325K(1395072K)->924325K(1395072K) NonClass: 815508K(1266688K)->815508K(1266688K) Class: 108816K(128384K)->108816K(128384K)
[2026-07-26T12:29:16.258+0200][257707.571s][info][gc            ] GC(11022) Pause Young (Normal) (G1 Evacuation Pause) 1930M->1398M(2159M) 7.901ms
[2026-07-26T12:29:16.258+0200][257707.571s][info][gc,cpu        ] GC(11022) User=0.06s Sys=0.00s Real=0.01s
[2026-07-26T12:29:25.700+0200][257717.013s][info][gc,start      ] GC(11023) Pause Young (Normal) (G1 Evacuation Pause)
[2026-07-26T12:29:25.700+0200][257717.013s][info][gc,task       ] GC(11023) Using 13 workers of 13 for evacuation
[2026-07-26T12:29:25.709+0200][257717.022s][info][gc,phases     ] GC(11023)   Pre Evacuate Collection Set: 0.1ms
[2026-07-26T12:29:25.709+0200][257717.022s][info][gc,phases     ] GC(11023)   Evacuate Collection Set: 4.7ms
[2026-07-26T12:29:25.709+0200][257717.022s][info][gc,phases     ] GC(11023)   Post Evacuate Collection Set: 3.5ms
[2026-07-26T12:29:25.709+0200][257717.022s][info][gc,phases     ] GC(11023)   Other: 0.3ms
[2026-07-26T12:29:25.709+0200][257717.022s][info][gc,heap       ] GC(11023) Eden regions: 533->0(530)
[2026-07-26T12:29:25.709+0200][257717.022s][info][gc,heap       ] GC(11023) Survivor regions: 4->5(68)
[2026-07-26T12:29:25.709+0200][257717.022s][info][gc,heap       ] GC(11023) Old regions: 1380->1380
[2026-07-26T12:29:25.709+0200][257717.022s][info][gc,heap       ] GC(11023) Humongous regions: 16->16
[2026-07-26T12:29:25.709+0200][257717.022s][info][gc,metaspace  ] GC(11023) Metaspace: 924325K(1395072K)->924325K(1395072K) NonClass: 815508K(1266688K)->815508K(1266688K) Class: 108816K(128384K)->108816K(128384K)
[2026-07-26T12:29:25.709+0200][257717.022s][info][gc            ] GC(11023) Pause Young (Normal) (G1 Evacuation Pause) 1931M->1399M(2159M) 8.693ms
[2026-07-26T12:29:25.709+0200][257717.022s][info][gc,cpu        ] GC(11023) User=0.07s Sys=0.00s Real=0.01s
[2026-07-26T12:30:11.758+0200][257763.071s][info][gc,start      ] GC(11024) Pause Young (Normal) (G1 Evacuation Pause)
[2026-07-26T12:30:11.758+0200][257763.071s][info][gc,task       ] GC(11024) Using 13 workers of 13 for evacuation
[2026-07-26T12:30:11.772+0200][257763.085s][info][gc,phases     ] GC(11024)   Pre Evacuate Collection Set: 0.2ms
[2026-07-26T12:30:11.772+0200][257763.085s][info][gc,phases     ] GC(11024)   Evacuate Collection Set: 5.8ms
[2026-07-26T12:30:11.772+0200][257763.085s][info][gc,phases     ] GC(11024)   Post Evacuate Collection Set: 6.9ms
[2026-07-26T12:30:11.772+0200][257763.085s][info][gc,phases     ] GC(11024)   Other: 0.8ms
[2026-07-26T12:30:11.772+0200][257763.085s][info][gc,heap       ] GC(11024) Eden regions: 530->0(527)
[2026-07-26T12:30:11.772+0200][257763.085s][info][gc,heap       ] GC(11024) Survivor regions: 5->6(67)
[2026-07-26T12:30:11.772+0200][257763.085s][info][gc,heap       ] GC(11024) Old regions: 1380->1380
[2026-07-26T12:30:11.772+0200][257763.085s][info][gc,heap       ] GC(11024) Humongous regions: 16->16
[2026-07-26T12:30:11.772+0200][257763.085s][info][gc,metaspace  ] GC(11024) Metaspace: 924325K(1395072K)->924325K(1395072K) NonClass: 815508K(1266688K)->815508K(1266688K) Class: 108816K(128384K)->108816K(128384K)
[2026-07-26T12:30:11.772+0200][257763.085s][info][gc            ] GC(11024) Pause Young (Normal) (G1 Evacuation Pause) 1929M->1400M(2159M) 14.012ms
[2026-07-26T12:30:11.772+0200][257763.085s][info][gc,cpu        ] GC(11024) User=0.08s Sys=0.00s Real=0.01s
[2026-07-26T12:30:12.487+0200][257763.800s][info][gc,start      ] GC(11025) Pause Young (Normal) (G1 Evacuation Pause)
[2026-07-26T12:30:12.487+0200][257763.800s][info][gc,task       ] GC(11025) Using 13 workers of 13 for evacuation
[2026-07-26T12:30:12.496+0200][257763.809s][info][gc,phases     ] GC(11025)   Pre Evacuate Collection Set: 0.1ms
[2026-07-26T12:30:12.496+0200][257763.809s][info][gc,phases     ] GC(11025)   Evacuate Collection Set: 5.1ms
[2026-07-26T12:30:12.496+0200][257763.809s][info][gc,phases     ] GC(11025)   Post Evacuate Collection Set: 3.3ms
[2026-07-26T12:30:12.496+0200][257763.809s][info][gc,phases     ] GC(11025)   Other: 0.3ms
[2026-07-26T12:30:12.496+0200][257763.809s][info][gc,heap       ] GC(11025) Eden regions: 527->0(529)
[2026-07-26T12:30:12.496+0200][257763.809s][info][gc,heap       ] GC(11025) Survivor regions: 6->5(67)
[2026-07-26T12:30:12.496+0200][257763.809s][info][gc,heap       ] GC(11025) Old regions: 1380->1380
[2026-07-26T12:30:12.496+0200][257763.809s][info][gc,heap       ] GC(11025) Humongous regions: 16->16
[2026-07-26T12:30:12.496+0200][257763.809s][info][gc,metaspace  ] GC(11025) Metaspace: 924325K(1395072K)->924325K(1395072K) NonClass: 815508K(1266688K)->815508K(1266688K) Class: 108816K(128384K)->108816K(128384K)
[2026-07-26T12:30:12.496+0200][257763.809s][info][gc            ] GC(11025) Pause Young (Normal) (G1 Evacuation Pause) 1927M->1400M(2159M) 8.925ms
[2026-07-26T12:30:12.496+0200][257763.809s][info][gc,cpu        ] GC(11025) User=0.06s Sys=0.00s Real=0.01s
[2026-07-26T12:30:25.956+0200][257777.268s][info][gc,start      ] GC(11026) Pause Young (Normal) (G1 Evacuation Pause)
[2026-07-26T12:30:25.956+0200][257777.269s][info][gc,task       ] GC(11026) Using 13 workers of 13 for evacuation
[2026-07-26T12:30:25.970+0200][257777.282s][info][gc,phases     ] GC(11026)   Pre Evacuate Collection Set: 0.1ms
[2026-07-26T12:30:25.970+0200][257777.282s][info][gc,phases     ] GC(11026)   Evacuate Collection Set: 7.5ms
[2026-07-26T12:30:25.970+0200][257777.282s][info][gc,phases     ] GC(11026)   Post Evacuate Collection Set: 5.8ms
[2026-07-26T12:30:25.970+0200][257777.282s][info][gc,phases     ] GC(11026)   Other: 0.5ms
[2026-07-26T12:30:25.970+0200][257777.283s][info][gc,heap       ] GC(11026) Eden regions: 529->0(522)
[2026-07-26T12:30:25.970+0200][257777.283s][info][gc,heap       ] GC(11026) Survivor regions: 5->8(67)
[2026-07-26T12:30:25.970+0200][257777.283s][info][gc,heap       ] GC(11026) Old regions: 1380->1380
[2026-07-26T12:30:25.970+0200][257777.283s][info][gc,heap       ] GC(11026) Humongous regions: 16->16
[2026-07-26T12:30:25.970+0200][257777.283s][info][gc,metaspace  ] GC(11026) Metaspace: 924325K(1395072K)->924325K(1395072K) NonClass: 815508K(1266688K)->815508K(1266688K) Class: 108816K(128384K)->108816K(128384K)
[2026-07-26T12:30:25.970+0200][257777.283s][info][gc            ] GC(11026) Pause Young (Normal) (G1 Evacuation Pause) 1929M->1403M(2159M) 14.142ms
[2026-07-26T12:30:25.970+0200][257777.283s][info][gc,cpu        ] GC(11026) User=0.09s Sys=0.00s Real=0.01s
[2026-07-26T12:30:27.012+0200][257778.324s][info][gc,start      ] GC(11027) Pause Young (Normal) (G1 Evacuation Pause)
[2026-07-26T12:30:27.012+0200][257778.324s][info][gc,task       ] GC(11027) Using 13 workers of 13 for evacuation
[2026-07-26T12:30:27.022+0200][257778.335s][info][gc,phases     ] GC(11027)   Pre Evacuate Collection Set: 0.1ms
[2026-07-26T12:30:27.022+0200][257778.335s][info][gc,phases     ] GC(11027)   Evacuate Collection Set: 5.9ms
[2026-07-26T12:30:27.022+0200][257778.335s][info][gc,phases     ] GC(11027)   Post Evacuate Collection Set: 4.1ms
[2026-07-26T12:30:27.022+0200][257778.335s][info][gc,phases     ] GC(11027)   Other: 0.3ms
[2026-07-26T12:30:27.022+0200][257778.335s][info][gc,heap       ] GC(11027) Eden regions: 522->0(521)
[2026-07-26T12:30:27.022+0200][257778.335s][info][gc,heap       ] GC(11027) Survivor regions: 8->8(67)
[2026-07-26T12:30:27.022+0200][257778.335s][info][gc,heap       ] GC(11027) Old regions: 1380->1380
[2026-07-26T12:30:27.022+0200][257778.335s][info][gc,heap       ] GC(11027) Humongous regions: 16->16
[2026-07-26T12:30:27.022+0200][257778.335s][info][gc,metaspace  ] GC(11027) Metaspace: 924325K(1395072K)->924325K(1395072K) NonClass: 815508K(1266688K)->815508K(1266688K) Class: 108816K(128384K)->108816K(128384K)
[2026-07-26T12:30:27.022+0200][257778.335s][info][gc            ] GC(11027) Pause Young (Normal) (G1 Evacuation Pause) 1925M->1402M(2159M) 10.614ms
[2026-07-26T12:30:27.022+0200][257778.335s][info][gc,cpu        ] GC(11027) User=0.07s Sys=0.00s Real=0.01s
[2026-07-26T12:30:27.845+0200][257779.158s][info][gc,start      ] GC(11028) Pause Young (Normal) (G1 Evacuation Pause)
[2026-07-26T12:30:27.845+0200][257779.158s][info][gc,task       ] GC(11028) Using 13 workers of 13 for evacuation
[2026-07-26T12:30:27.855+0200][257779.168s][info][gc,phases     ] GC(11028)   Pre Evacuate Collection Set: 0.1ms
[2026-07-26T12:30:27.855+0200][257779.168s][info][gc,phases     ] GC(11028)   Evacuate Collection Set: 6.1ms
[2026-07-26T12:30:27.855+0200][257779.168s][info][gc,phases     ] GC(11028)   Post Evacuate Collection Set: 3.6ms
[2026-07-26T12:30:27.855+0200][257779.168s][info][gc,phases     ] GC(11028)   Other: 0.4ms
[2026-07-26T12:30:27.855+0200][257779.168s][info][gc,heap       ] GC(11028) Eden regions: 521->0(525)
[2026-07-26T12:30:27.855+0200][257779.168s][info][gc,heap       ] GC(11028) Survivor regions: 8->7(67)
[2026-07-26T12:30:27.855+0200][257779.168s][info][gc,heap       ] GC(11028) Old regions: 1380->1380
[2026-07-26T12:30:27.855+0200][257779.168s][info][gc,heap       ] GC(11028) Humongous regions: 16->16
[2026-07-26T12:30:27.855+0200][257779.168s][info][gc,metaspace  ] GC(11028) Metaspace: 924325K(1395072K)->924325K(1395072K) NonClass: 815508K(1266688K)->815508K(1266688K) Class: 108816K(128384K)->108816K(128384K)
[2026-07-26T12:30:27.855+0200][257779.168s][info][gc            ] GC(11028) Pause Young (Normal) (G1 Evacuation Pause) 1923M->1402M(2159M) 10.394ms
[2026-07-26T12:30:27.855+0200][257779.168s][info][gc,cpu        ] GC(11028) User=0.07s Sys=0.01s Real=0.01s
[2026-07-26T12:30:38.851+0200][257790.164s][info][gc,start      ] GC(11029) Pause Young (Normal) (G1 Evacuation Pause)
[2026-07-26T12:30:38.851+0200][257790.164s][info][gc,task       ] GC(11029) Using 13 workers of 13 for evacuation
[2026-07-26T12:30:38.862+0200][257790.174s][info][gc,phases     ] GC(11029)   Pre Evacuate Collection Set: 0.1ms
[2026-07-26T12:30:38.862+0200][257790.175s][info][gc,phases     ] GC(11029)   Evacuate Collection Set: 6.9ms
[2026-07-26T12:30:38.862+0200][257790.175s][info][gc,phases     ] GC(11029)   Post Evacuate Collection Set: 3.1ms
[2026-07-26T12:30:38.862+0200][257790.175s][info][gc,phases     ] GC(11029)   Other: 0.3ms
[2026-07-26T12:30:38.862+0200][257790.175s][info][gc,heap       ] GC(11029) Eden regions: 525->0(518)
[2026-07-26T12:30:38.862+0200][257790.175s][info][gc,heap       ] GC(11029) Survivor regions: 7->10(67)
[2026-07-26T12:30:38.862+0200][257790.175s][info][gc,heap       ] GC(11029) Old regions: 1380->1380
[2026-07-26T12:30:38.862+0200][257790.175s][info][gc,heap       ] GC(11029) Humongous regions: 16->16
[2026-07-26T12:30:38.862+0200][257790.175s][info][gc,metaspace  ] GC(11029) Metaspace: 924325K(1395072K)->924325K(1395072K) NonClass: 815508K(1266688K)->815508K(1266688K) Class: 108816K(128384K)->108816K(128384K)
[2026-07-26T12:30:38.862+0200][257790.175s][info][gc            ] GC(11029) Pause Young (Normal) (G1 Evacuation Pause) 1927M->1405M(2159M) 10.502ms
[2026-07-26T12:30:38.862+0200][257790.175s][info][gc,cpu        ] GC(11029) User=0.09s Sys=0.00s Real=0.01s
[2026-07-26T12:30:39.424+0200][257790.736s][info][gc,start      ] GC(11030) Pause Young (Normal) (G1 Evacuation Pause)
[2026-07-26T12:30:39.424+0200][257790.736s][info][gc,task       ] GC(11030) Using 13 workers of 13 for evacuation
[2026-07-26T12:30:39.433+0200][257790.746s][info][gc,phases     ] GC(11030)   Pre Evacuate Collection Set: 0.1ms
[2026-07-26T12:30:39.433+0200][257790.746s][info][gc,phases     ] GC(11030)   Evacuate Collection Set: 6.3ms
[2026-07-26T12:30:39.433+0200][257790.746s][info][gc,phases     ] GC(11030)   Post Evacuate Collection Set: 2.9ms
[2026-07-26T12:30:39.433+0200][257790.746s][info][gc,phases     ] GC(11030)   Other: 0.3ms
[2026-07-26T12:30:39.433+0200][257790.746s][info][gc,heap       ] GC(11030) Eden regions: 518->0(517)
[2026-07-26T12:30:39.433+0200][257790.746s][info][gc,heap       ] GC(11030) Survivor regions: 10->9(66)
[2026-07-26T12:30:39.433+0200][257790.746s][info][gc,heap       ] GC(11030) Old regions: 1380->1380
[2026-07-26T12:30:39.433+0200][257790.746s][info][gc,heap       ] GC(11030) Humongous regions: 16->16
[2026-07-26T12:30:39.433+0200][257790.746s][info][gc,metaspace  ] GC(11030) Metaspace: 924325K(1395072K)->924325K(1395072K) NonClass: 815508K(1266688K)->815508K(1266688K) Class: 108816K(128384K)->108816K(128384K)
[2026-07-26T12:30:39.433+0200][257790.746s][info][gc            ] GC(11030) Pause Young (Normal) (G1 Evacuation Pause) 1923M->1404M(2159M) 9.749ms
[2026-07-26T12:30:39.433+0200][257790.746s][info][gc,cpu        ] GC(11030) User=0.08s Sys=0.00s Real=0.01s
[2026-07-26T12:30:39.975+0200][257791.288s][info][gc,start      ] GC(11031) Pause Young (Normal) (G1 Evacuation Pause)
[2026-07-26T12:30:39.975+0200][257791.288s][info][gc,task       ] GC(11031) Using 13 workers of 13 for evacuation
[2026-07-26T12:30:39.984+0200][257791.296s][info][gc,phases     ] GC(11031)   Pre Evacuate Collection Set: 0.1ms
[2026-07-26T12:30:39.984+0200][257791.296s][info][gc,phases     ] GC(11031)   Evacuate Collection Set: 5.3ms
[2026-07-26T12:30:39.984+0200][257791.296s][info][gc,phases     ] GC(11031)   Post Evacuate Collection Set: 2.7ms
[2026-07-26T12:30:39.984+0200][257791.296s][info][gc,phases     ] GC(11031)   Other: 0.3ms
[2026-07-26T12:30:39.984+0200][257791.296s][info][gc,heap       ] GC(11031) Eden regions: 517->0(518)
[2026-07-26T12:30:39.984+0200][257791.296s][info][gc,heap       ] GC(11031) Survivor regions: 9->8(66)
[2026-07-26T12:30:39.984+0200][257791.296s][info][gc,heap       ] GC(11031) Old regions: 1380->1380
[2026-07-26T12:30:39.984+0200][257791.296s][info][gc,heap       ] GC(11031) Humongous regions: 16->16
[2026-07-26T12:30:39.984+0200][257791.296s][info][gc,metaspace  ] GC(11031) Metaspace: 924325K(1395072K)->924325K(1395072K) NonClass: 815508K(1266688K)->815508K(1266688K) Class: 108816K(128384K)->108816K(128384K)
[2026-07-26T12:30:39.984+0200][257791.296s][info][gc            ] GC(11031) Pause Young (Normal) (G1 Evacuation Pause) 1921M->1403M(2159M) 8.523ms
[2026-07-26T12:30:39.984+0200][257791.296s][info][gc,cpu        ] GC(11031) User=0.07s Sys=0.01s Real=0.01s
[2026-07-26T12:30:40.443+0200][257791.755s][info][gc,start      ] GC(11032) Pause Young (Normal) (G1 Evacuation Pause)
[2026-07-26T12:30:40.443+0200][257791.755s][info][gc,task       ] GC(11032) Using 13 workers of 13 for evacuation
[2026-07-26T12:30:40.451+0200][257791.764s][info][gc,phases     ] GC(11032)   Pre Evacuate Collection Set: 0.1ms
[2026-07-26T12:30:40.451+0200][257791.764s][info][gc,phases     ] GC(11032)   Evacuate Collection Set: 5.6ms
[2026-07-26T12:30:40.451+0200][257791.764s][info][gc,phases     ] GC(11032)   Post Evacuate Collection Set: 2.7ms
[2026-07-26T12:30:40.451+0200][257791.764s][info][gc,phases     ] GC(11032)   Other: 0.3ms
[2026-07-26T12:30:40.451+0200][257791.764s][info][gc,heap       ] GC(11032) Eden regions: 518->0(521)
[2026-07-26T12:30:40.451+0200][257791.764s][info][gc,heap       ] GC(11032) Survivor regions: 8->8(66)
[2026-07-26T12:30:40.451+0200][257791.764s][info][gc,heap       ] GC(11032) Old regions: 1380->1380
[2026-07-26T12:30:40.451+0200][257791.764s][info][gc,heap       ] GC(11032) Humongous regions: 16->16
[2026-07-26T12:30:40.451+0200][257791.764s][info][gc,metaspace  ] GC(11032) Metaspace: 924325K(1395072K)->924325K(1395072K) NonClass: 815508K(1266688K)->815508K(1266688K) Class: 108816K(128384K)->108816K(128384K)
[2026-07-26T12:30:40.451+0200][257791.764s][info][gc            ] GC(11032) Pause Young (Normal) (G1 Evacuation Pause) 1921M->1403M(2159M) 8.747ms
[2026-07-26T12:30:40.451+0200][257791.764s][info][gc,cpu        ] GC(11032) User=0.07s Sys=0.00s Real=0.01s
[2026-07-26T12:30:49.015+0200][257800.328s][info][gc,start      ] GC(11033) Pause Young (Normal) (G1 Evacuation Pause)
[2026-07-26T12:30:49.016+0200][257800.328s][info][gc,task       ] GC(11033) Using 13 workers of 13 for evacuation
[2026-07-26T12:30:49.023+0200][257800.335s][info][gc,phases     ] GC(11033)   Pre Evacuate Collection Set: 0.1ms
[2026-07-26T12:30:49.023+0200][257800.335s][info][gc,phases     ] GC(11033)   Evacuate Collection Set: 4.0ms
[2026-07-26T12:30:49.023+0200][257800.335s][info][gc,phases     ] GC(11033)   Post Evacuate Collection Set: 2.7ms
[2026-07-26T12:30:49.023+0200][257800.335s][info][gc,phases     ] GC(11033)   Other: 0.3ms
[2026-07-26T12:30:49.023+0200][257800.335s][info][gc,heap       ] GC(11033) Eden regions: 521->0(530)
[2026-07-26T12:30:49.023+0200][257800.335s][info][gc,heap       ] GC(11033) Survivor regions: 8->2(67)
[2026-07-26T12:30:49.023+0200][257800.335s][info][gc,heap       ] GC(11033) Old regions: 1380->1380
[2026-07-26T12:30:49.023+0200][257800.335s][info][gc,heap       ] GC(11033) Humongous regions: 16->16
[2026-07-26T12:30:49.023+0200][257800.335s][info][gc,metaspace  ] GC(11033) Metaspace: 924325K(1395072K)->924325K(1395072K) NonClass: 815508K(1266688K)->815508K(1266688K) Class: 108816K(128384K)->108816K(128384K)
[2026-07-26T12:30:49.023+0200][257800.335s][info][gc            ] GC(11033) Pause Young (Normal) (G1 Evacuation Pause) 1924M->1397M(2159M) 7.293ms
[2026-07-26T12:30:49.023+0200][257800.335s][info][gc,cpu        ] GC(11033) User=0.01s Sys=0.06s Real=0.00s
[2026-07-26T12:32:04.608+0200][257875.921s][info][gc,start      ] GC(11034) Pause Young (Normal) (G1 Evacuation Pause)
[2026-07-26T12:32:04.608+0200][257875.921s][info][gc,task       ] GC(11034) Using 13 workers of 13 for evacuation
[2026-07-26T12:32:04.618+0200][257875.930s][info][gc,phases     ] GC(11034)   Pre Evacuate Collection Set: 0.2ms
[2026-07-26T12:32:04.618+0200][257875.930s][info][gc,phases     ] GC(11034)   Evacuate Collection Set: 5.5ms
[2026-07-26T12:32:04.618+0200][257875.931s][info][gc,phases     ] GC(11034)   Post Evacuate Collection Set: 3.5ms
[2026-07-26T12:32:04.618+0200][257875.931s][info][gc,phases     ] GC(11034)   Other: 0.6ms
[2026-07-26T12:32:04.618+0200][257875.931s][info][gc,heap       ] GC(11034) Eden regions: 530->0(528)
[2026-07-26T12:32:04.618+0200][257875.931s][info][gc,heap       ] GC(11034) Survivor regions: 2->4(67)
[2026-07-26T12:32:04.618+0200][257875.931s][info][gc,heap       ] GC(11034) Old regions: 1380->1380
[2026-07-26T12:32:04.618+0200][257875.931s][info][gc,heap       ] GC(11034) Humongous regions: 16->16
[2026-07-26T12:32:04.618+0200][257875.931s][info][gc,metaspace  ] GC(11034) Metaspace: 924325K(1395072K)->924325K(1395072K) NonClass: 815508K(1266688K)->815508K(1266688K) Class: 108816K(128384K)->108816K(128384K)
[2026-07-26T12:32:04.618+0200][257875.931s][info][gc            ] GC(11034) Pause Young (Normal) (G1 Evacuation Pause) 1927M->1399M(2159M) 9.911ms
[2026-07-26T12:32:04.618+0200][257875.931s][info][gc,cpu        ] GC(11034) User=0.07s Sys=0.00s Real=0.01s
[2026-07-26T12:32:13.532+0200][257884.845s][info][gc,start      ] GC(11035) Pause Young (Normal) (G1 Evacuation Pause)
[2026-07-26T12:32:13.532+0200][257884.845s][info][gc,task       ] GC(11035) Using 13 workers of 13 for evacuation
[2026-07-26T12:32:13.541+0200][257884.854s][info][gc,phases     ] GC(11035)   Pre Evacuate Collection Set: 0.1ms
[2026-07-26T12:32:13.541+0200][257884.854s][info][gc,phases     ] GC(11035)   Evacuate Collection Set: 5.3ms
[2026-07-26T12:32:13.541+0200][257884.854s][info][gc,phases     ] GC(11035)   Post Evacuate Collection Set: 3.1ms
[2026-07-26T12:32:13.541+0200][257884.854s][info][gc,phases     ] GC(11035)   Other: 0.5ms
[2026-07-26T12:32:13.541+0200][257884.854s][info][gc,heap       ] GC(11035) Eden regions: 528->0(526)
[2026-07-26T12:32:13.541+0200][257884.854s][info][gc,heap       ] GC(11035) Survivor regions: 4->5(67)
[2026-07-26T12:32:13.541+0200][257884.854s][info][gc,heap       ] GC(11035) Old regions: 1380->1380
[2026-07-26T12:32:13.541+0200][257884.854s][info][gc,heap       ] GC(11035) Humongous regions: 16->16
[2026-07-26T12:32:13.541+0200][257884.854s][info][gc,metaspace  ] GC(11035) Metaspace: 924325K(1395072K)->924325K(1395072K) NonClass: 815508K(1266688K)->815508K(1266688K) Class: 108816K(128384K)->108816K(128384K)
[2026-07-26T12:32:13.541+0200][257884.854s][info][gc            ] GC(11035) Pause Young (Normal) (G1 Evacuation Pause) 1927M->1400M(2159M) 9.222ms
[2026-07-26T12:32:13.541+0200][257884.854s][info][gc,cpu        ] GC(11035) User=0.05s Sys=0.00s Real=0.01s
[2026-07-26T12:33:09.778+0200][257941.090s][info][gc,start      ] GC(11036) Pause Young (Normal) (G1 Evacuation Pause)
[2026-07-26T12:33:09.778+0200][257941.090s][info][gc,task       ] GC(11036) Using 13 workers of 13 for evacuation
[2026-07-26T12:33:09.788+0200][257941.101s][info][gc,phases     ] GC(11036)   Pre Evacuate Collection Set: 0.1ms
[2026-07-26T12:33:09.788+0200][257941.101s][info][gc,phases     ] GC(11036)   Evacuate Collection Set: 6.6ms
[2026-07-26T12:33:09.788+0200][257941.101s][info][gc,phases     ] GC(11036)   Post Evacuate Collection Set: 3.0ms
[2026-07-26T12:33:09.788+0200][257941.101s][info][gc,phases     ] GC(11036)   Other: 0.5ms
[2026-07-26T12:33:09.788+0200][257941.101s][info][gc,heap       ] GC(11036) Eden regions: 526->0(519)
[2026-07-26T12:33:09.788+0200][257941.101s][info][gc,heap       ] GC(11036) Survivor regions: 5->9(67)
[2026-07-26T12:33:09.788+0200][257941.101s][info][gc,heap       ] GC(11036) Old regions: 1380->1380
[2026-07-26T12:33:09.788+0200][257941.101s][info][gc,heap       ] GC(11036) Humongous regions: 16->16
[2026-07-26T12:33:09.788+0200][257941.101s][info][gc,metaspace  ] GC(11036) Metaspace: 924325K(1395072K)->924325K(1395072K) NonClass: 815508K(1266688K)->815508K(1266688K) Class: 108816K(128384K)->108816K(128384K)
[2026-07-26T12:33:09.788+0200][257941.101s][info][gc            ] GC(11036) Pause Young (Normal) (G1 Evacuation Pause) 1926M->1404M(2159M) 10.429ms
[2026-07-26T12:33:09.788+0200][257941.101s][info][gc,cpu        ] GC(11036) User=0.09s Sys=0.00s Real=0.01s
[2026-07-26T12:33:10.239+0200][257941.551s][info][gc,start      ] GC(11037) Pause Young (Normal) (G1 Evacuation Pause)
[2026-07-26T12:33:10.239+0200][257941.551s][info][gc,task       ] GC(11037) Using 13 workers of 13 for evacuation
[2026-07-26T12:33:10.250+0200][257941.562s][info][gc,phases     ] GC(11037)   Pre Evacuate Collection Set: 0.1ms
[2026-07-26T12:33:10.250+0200][257941.563s][info][gc,phases     ] GC(11037)   Evacuate Collection Set: 7.8ms
[2026-07-26T12:33:10.250+0200][257941.563s][info][gc,phases     ] GC(11037)   Post Evacuate Collection Set: 2.9ms
[2026-07-26T12:33:10.250+0200][257941.563s][info][gc,phases     ] GC(11037)   Other: 0.3ms
[2026-07-26T12:33:10.250+0200][257941.563s][info][gc,heap       ] GC(11037) Eden regions: 519->0(517)
[2026-07-26T12:33:10.250+0200][257941.563s][info][gc,heap       ] GC(11037) Survivor regions: 9->12(66)
[2026-07-26T12:33:10.250+0200][257941.563s][info][gc,heap       ] GC(11037) Old regions: 1380->1380
[2026-07-26T12:33:10.250+0200][257941.563s][info][gc,heap       ] GC(11037) Humongous regions: 16->16
[2026-07-26T12:33:10.250+0200][257941.563s][info][gc,metaspace  ] GC(11037) Metaspace: 924325K(1395072K)->924325K(1395072K) NonClass: 815508K(1266688K)->815508K(1266688K) Class: 108816K(128384K)->108816K(128384K)
[2026-07-26T12:33:10.250+0200][257941.563s][info][gc            ] GC(11037) Pause Young (Normal) (G1 Evacuation Pause) 1923M->1407M(2159M) 11.206ms
[2026-07-26T12:33:10.250+0200][257941.563s][info][gc,cpu        ] GC(11037) User=0.10s Sys=0.00s Real=0.01s
[2026-07-26T12:33:10.859+0200][257942.171s][info][gc,start      ] GC(11038) Pause Young (Normal) (G1 Evacuation Pause)
[2026-07-26T12:33:10.859+0200][257942.171s][info][gc,task       ] GC(11038) Using 13 workers of 13 for evacuation
[2026-07-26T12:33:10.870+0200][257942.182s][info][gc,phases     ] GC(11038)   Pre Evacuate Collection Set: 0.1ms
[2026-07-26T12:33:10.870+0200][257942.182s][info][gc,phases     ] GC(11038)   Evacuate Collection Set: 7.4ms
[2026-07-26T12:33:10.870+0200][257942.182s][info][gc,phases     ] GC(11038)   Post Evacuate Collection Set: 3.2ms
[2026-07-26T12:33:10.870+0200][257942.182s][info][gc,phases     ] GC(11038)   Other: 0.3ms
[2026-07-26T12:33:10.870+0200][257942.182s][info][gc,heap       ] GC(11038) Eden regions: 517->0(513)
[2026-07-26T12:33:10.870+0200][257942.182s][info][gc,heap       ] GC(11038) Survivor regions: 12->12(67)
[2026-07-26T12:33:10.870+0200][257942.182s][info][gc,heap       ] GC(11038) Old regions: 1380->1380
[2026-07-26T12:33:10.870+0200][257942.182s][info][gc,heap       ] GC(11038) Humongous regions: 16->16
[2026-07-26T12:33:10.870+0200][257942.182s][info][gc,metaspace  ] GC(11038) Metaspace: 924325K(1395072K)->924325K(1395072K) NonClass: 815508K(1266688K)->815508K(1266688K) Class: 108816K(128384K)->108816K(128384K)
[2026-07-26T12:33:10.870+0200][257942.182s][info][gc            ] GC(11038) Pause Young (Normal) (G1 Evacuation Pause) 1924M->1407M(2159M) 11.162ms
[2026-07-26T12:33:10.870+0200][257942.182s][info][gc,cpu        ] GC(11038) User=0.09s Sys=0.00s Real=0.01s
[2026-07-26T12:33:11.504+0200][257942.817s][info][gc,start      ] GC(11039) Pause Young (Normal) (G1 Evacuation Pause)
[2026-07-26T12:33:11.504+0200][257942.817s][info][gc,task       ] GC(11039) Using 13 workers of 13 for evacuation
[2026-07-26T12:33:11.513+0200][257942.826s][info][gc,phases     ] GC(11039)   Pre Evacuate Collection Set: 0.1ms
[2026-07-26T12:33:11.513+0200][257942.826s][info][gc,phases     ] GC(11039)   Evacuate Collection Set: 5.7ms
[2026-07-26T12:33:11.513+0200][257942.826s][info][gc,phases     ] GC(11039)   Post Evacuate Collection Set: 3.0ms
[2026-07-26T12:33:11.513+0200][257942.826s][info][gc,phases     ] GC(11039)   Other: 0.3ms
[2026-07-26T12:33:11.513+0200][257942.826s][info][gc,heap       ] GC(11039) Eden regions: 513->0(514)
[2026-07-26T12:33:11.513+0200][257942.826s][info][gc,heap       ] GC(11039) Survivor regions: 12->9(66)
[2026-07-26T12:33:11.513+0200][257942.826s][info][gc,heap       ] GC(11039) Old regions: 1380->1380
[2026-07-26T12:33:11.513+0200][257942.826s][info][gc,heap       ] GC(11039) Humongous regions: 16->16
[2026-07-26T12:33:11.513+0200][257942.826s][info][gc,metaspace  ] GC(11039) Metaspace: 924325K(1395072K)->924325K(1395072K) NonClass: 815508K(1266688K)->815508K(1266688K) Class: 108816K(128384K)->108816K(128384K)
[2026-07-26T12:33:11.513+0200][257942.826s][info][gc            ] GC(11039) Pause Young (Normal) (G1 Evacuation Pause) 1920M->1404M(2159M) 9.373ms
[2026-07-26T12:33:11.513+0200][257942.826s][info][gc,cpu        ] GC(11039) User=0.07s Sys=0.01s Real=0.01s
[2026-07-26T12:33:12.004+0200][257943.317s][info][gc,start      ] GC(11040) Pause Young (Normal) (G1 Evacuation Pause)
[2026-07-26T12:33:12.004+0200][257943.317s][info][gc,task       ] GC(11040) Using 13 workers of 13 for evacuation
[2026-07-26T12:33:12.014+0200][257943.327s][info][gc,phases     ] GC(11040)   Pre Evacuate Collection Set: 0.1ms
[2026-07-26T12:33:12.014+0200][257943.327s][info][gc,phases     ] GC(11040)   Evacuate Collection Set: 6.5ms
[2026-07-26T12:33:12.014+0200][257943.327s][info][gc,phases     ] GC(11040)   Post Evacuate Collection Set: 3.0ms
[2026-07-26T12:33:12.014+0200][257943.327s][info][gc,phases     ] GC(11040)   Other: 0.3ms
[2026-07-26T12:33:12.014+0200][257943.327s][info][gc,heap       ] GC(11040) Eden regions: 514->0(517)
[2026-07-26T12:33:12.014+0200][257943.327s][info][gc,heap       ] GC(11040) Survivor regions: 9->10(66)
[2026-07-26T12:33:12.014+0200][257943.327s][info][gc,heap       ] GC(11040) Old regions: 1380->1380
[2026-07-26T12:33:12.014+0200][257943.327s][info][gc,heap       ] GC(11040) Humongous regions: 16->16
[2026-07-26T12:33:12.014+0200][257943.327s][info][gc,metaspace  ] GC(11040) Metaspace: 924325K(1395072K)->924325K(1395072K) NonClass: 815508K(1266688K)->815508K(1266688K) Class: 108816K(128384K)->108816K(128384K)
[2026-07-26T12:33:12.014+0200][257943.327s][info][gc            ] GC(11040) Pause Young (Normal) (G1 Evacuation Pause) 1918M->1405M(2159M) 10.074ms
[2026-07-26T12:33:12.014+0200][257943.327s][info][gc,cpu        ] GC(11040) User=0.09s Sys=0.00s Real=0.01s
[2026-07-26T12:33:12.515+0200][257943.828s][info][gc,start      ] GC(11041) Pause Young (Normal) (G1 Evacuation Pause)
[2026-07-26T12:33:12.515+0200][257943.828s][info][gc,task       ] GC(11041) Using 13 workers of 13 for evacuation
[2026-07-26T12:33:12.525+0200][257943.838s][info][gc,phases     ] GC(11041)   Pre Evacuate Collection Set: 0.1ms
[2026-07-26T12:33:12.525+0200][257943.838s][info][gc,phases     ] GC(11041)   Evacuate Collection Set: 6.5ms
[2026-07-26T12:33:12.525+0200][257943.838s][info][gc,phases     ] GC(11041)   Post Evacuate Collection Set: 3.0ms
[2026-07-26T12:33:12.525+0200][257943.838s][info][gc,phases     ] GC(11041)   Other: 0.3ms
[2026-07-26T12:33:12.525+0200][257943.838s][info][gc,heap       ] GC(11041) Eden regions: 517->0(520)
[2026-07-26T12:33:12.525+0200][257943.838s][info][gc,heap       ] GC(11041) Survivor regions: 10->10(66)
[2026-07-26T12:33:12.525+0200][257943.838s][info][gc,heap       ] GC(11041) Old regions: 1380->1380
[2026-07-26T12:33:12.525+0200][257943.838s][info][gc,heap       ] GC(11041) Humongous regions: 16->16
[2026-07-26T12:33:12.525+0200][257943.838s][info][gc,metaspace  ] GC(11041) Metaspace: 924325K(1395072K)->924325K(1395072K) NonClass: 815508K(1266688K)->815508K(1266688K) Class: 108816K(128384K)->108816K(128384K)
[2026-07-26T12:33:12.525+0200][257943.838s][info][gc            ] GC(11041) Pause Young (Normal) (G1 Evacuation Pause) 1922M->1405M(2159M) 10.122ms
[2026-07-26T12:33:12.525+0200][257943.838s][info][gc,cpu        ] GC(11041) User=0.08s Sys=0.01s Real=0.01s
[2026-07-26T12:33:13.067+0200][257944.380s][info][gc,start      ] GC(11042) Pause Young (Normal) (G1 Evacuation Pause)
[2026-07-26T12:33:13.067+0200][257944.380s][info][gc,task       ] GC(11042) Using 13 workers of 13 for evacuation
[2026-07-26T12:33:13.078+0200][257944.391s][info][gc,phases     ] GC(11042)   Pre Evacuate Collection Set: 0.1ms
[2026-07-26T12:33:13.078+0200][257944.391s][info][gc,phases     ] GC(11042)   Evacuate Collection Set: 7.5ms
[2026-07-26T12:33:13.078+0200][257944.391s][info][gc,phases     ] GC(11042)   Post Evacuate Collection Set: 3.0ms
[2026-07-26T12:33:13.078+0200][257944.391s][info][gc,phases     ] GC(11042)   Other: 0.3ms
[2026-07-26T12:33:13.078+0200][257944.391s][info][gc,heap       ] GC(11042) Eden regions: 520->0(518)
[2026-07-26T12:33:13.078+0200][257944.391s][info][gc,heap       ] GC(11042) Survivor regions: 10->13(67)
[2026-07-26T12:33:13.078+0200][257944.391s][info][gc,heap       ] GC(11042) Old regions: 1380->1380
[2026-07-26T12:33:13.078+0200][257944.391s][info][gc,heap       ] GC(11042) Humongous regions: 16->16
[2026-07-26T12:33:13.078+0200][257944.391s][info][gc,metaspace  ] GC(11042) Metaspace: 924325K(1395072K)->924325K(1395072K) NonClass: 815508K(1266688K)->815508K(1266688K) Class: 108816K(128384K)->108816K(128384K)
[2026-07-26T12:33:13.078+0200][257944.391s][info][gc            ] GC(11042) Pause Young (Normal) (G1 Evacuation Pause) 1925M->1408M(2159M) 11.081ms
[2026-07-26T12:33:13.078+0200][257944.391s][info][gc,cpu        ] GC(11042) User=0.10s Sys=0.00s Real=0.01s
[2026-07-26T12:34:06.110+0200][257997.423s][info][gc,start      ] GC(11043) Pause Young (Normal) (G1 Evacuation Pause)
[2026-07-26T12:34:06.110+0200][257997.423s][info][gc,task       ] GC(11043) Using 13 workers of 13 for evacuation
[2026-07-26T12:34:06.120+0200][257997.432s][info][gc,phases     ] GC(11043)   Pre Evacuate Collection Set: 0.1ms
[2026-07-26T12:34:06.120+0200][257997.432s][info][gc,phases     ] GC(11043)   Evacuate Collection Set: 6.0ms
[2026-07-26T12:34:06.120+0200][257997.432s][info][gc,phases     ] GC(11043)   Post Evacuate Collection Set: 3.2ms
[2026-07-26T12:34:06.120+0200][257997.432s][info][gc,phases     ] GC(11043)   Other: 0.4ms
[2026-07-26T12:34:06.120+0200][257997.432s][info][gc,heap       ] GC(11043) Eden regions: 518->0(521)
[2026-07-26T12:34:06.120+0200][257997.433s][info][gc,heap       ] GC(11043) Survivor regions: 13->7(67)
[2026-07-26T12:34:06.120+0200][257997.433s][info][gc,heap       ] GC(11043) Old regions: 1380->1380
[2026-07-26T12:34:06.120+0200][257997.433s][info][gc,heap       ] GC(11043) Humongous regions: 16->16
[2026-07-26T12:34:06.120+0200][257997.433s][info][gc,metaspace  ] GC(11043) Metaspace: 924325K(1395072K)->924325K(1395072K) NonClass: 815508K(1266688K)->815508K(1266688K) Class: 108816K(128384K)->108816K(128384K)
[2026-07-26T12:34:06.120+0200][257997.433s][info][gc            ] GC(11043) Pause Young (Normal) (G1 Evacuation Pause) 1926M->1402M(2159M) 9.843ms
[2026-07-26T12:34:06.120+0200][257997.433s][info][gc,cpu        ] GC(11043) User=0.06s Sys=0.00s Real=0.01s
[2026-07-26T12:34:06.722+0200][257998.034s][info][gc,start      ] GC(11044) Pause Young (Normal) (G1 Evacuation Pause)
[2026-07-26T12:34:06.722+0200][257998.034s][info][gc,task       ] GC(11044) Using 13 workers of 13 for evacuation
[2026-07-26T12:34:06.729+0200][257998.042s][info][gc,phases     ] GC(11044)   Pre Evacuate Collection Set: 0.1ms
[2026-07-26T12:34:06.729+0200][257998.042s][info][gc,phases     ] GC(11044)   Evacuate Collection Set: 4.3ms
[2026-07-26T12:34:06.730+0200][257998.042s][info][gc,phases     ] GC(11044)   Post Evacuate Collection Set: 3.1ms
[2026-07-26T12:34:06.730+0200][257998.042s][info][gc,phases     ] GC(11044)   Other: 0.4ms
[2026-07-26T12:34:06.730+0200][257998.042s][info][gc,heap       ] GC(11044) Eden regions: 521->0(524)
[2026-07-26T12:34:06.730+0200][257998.042s][info][gc,heap       ] GC(11044) Survivor regions: 7->5(66)
[2026-07-26T12:34:06.730+0200][257998.042s][info][gc,heap       ] GC(11044) Old regions: 1380->1380
[2026-07-26T12:34:06.730+0200][257998.042s][info][gc,heap       ] GC(11044) Humongous regions: 16->16
[2026-07-26T12:34:06.730+0200][257998.042s][info][gc,metaspace  ] GC(11044) Metaspace: 924325K(1395072K)->924325K(1395072K) NonClass: 815508K(1266688K)->815508K(1266688K) Class: 108816K(128384K)->108816K(128384K)
[2026-07-26T12:34:06.730+0200][257998.042s][info][gc            ] GC(11044) Pause Young (Normal) (G1 Evacuation Pause) 1923M->1400M(2159M) 7.991ms
[2026-07-26T12:34:06.730+0200][257998.042s][info][gc,cpu        ] GC(11044) User=0.06s Sys=0.00s Real=0.01s
[2026-07-26T12:35:03.301+0200][258054.614s][info][gc,start      ] GC(11045) Pause Young (Normal) (G1 Evacuation Pause)
[2026-07-26T12:35:03.302+0200][258054.614s][info][gc,task       ] GC(11045) Using 13 workers of 13 for evacuation
[2026-07-26T12:35:03.311+0200][258054.624s][info][gc,phases     ] GC(11045)   Pre Evacuate Collection Set: 0.1ms
[2026-07-26T12:35:03.311+0200][258054.624s][info][gc,phases     ] GC(11045)   Evacuate Collection Set: 4.8ms
[2026-07-26T12:35:03.311+0200][258054.624s][info][gc,phases     ] GC(11045)   Post Evacuate Collection Set: 4.5ms
[2026-07-26T12:35:03.311+0200][258054.624s][info][gc,phases     ] GC(11045)   Other: 0.5ms
[2026-07-26T12:35:03.311+0200][258054.624s][info][gc,heap       ] GC(11045) Eden regions: 524->0(523)
[2026-07-26T12:35:03.311+0200][258054.624s][info][gc,heap       ] GC(11045) Survivor regions: 5->6(67)
[2026-07-26T12:35:03.311+0200][258054.624s][info][gc,heap       ] GC(11045) Old regions: 1380->1380
[2026-07-26T12:35:03.311+0200][258054.624s][info][gc,heap       ] GC(11045) Humongous regions: 16->16
[2026-07-26T12:35:03.311+0200][258054.624s][info][gc,metaspace  ] GC(11045) Metaspace: 924325K(1395072K)->924325K(1395072K) NonClass: 815508K(1266688K)->815508K(1266688K) Class: 108816K(128384K)->108816K(128384K)
[2026-07-26T12:35:03.312+0200][258054.624s][info][gc            ] GC(11045) Pause Young (Normal) (G1 Evacuation Pause) 1924M->1401M(2159M) 10.054ms
[2026-07-26T12:35:03.312+0200][258054.624s][info][gc,cpu        ] GC(11045) User=0.07s Sys=0.00s Real=0.01s
[2026-07-26T12:35:06.478+0200][258057.790s][info][gc,start      ] GC(11046) Pause Young (Normal) (G1 Evacuation Pause)
[2026-07-26T12:35:06.478+0200][258057.790s][info][gc,task       ] GC(11046) Using 13 workers of 13 for evacuation
[2026-07-26T12:35:06.487+0200][258057.800s][info][gc,phases     ] GC(11046)   Pre Evacuate Collection Set: 0.1ms
[2026-07-26T12:35:06.487+0200][258057.800s][info][gc,phases     ] GC(11046)   Evacuate Collection Set: 4.3ms
[2026-07-26T12:35:06.487+0200][258057.800s][info][gc,phases     ] GC(11046)   Post Evacuate Collection Set: 4.6ms
[2026-07-26T12:35:06.487+0200][258057.800s][info][gc,phases     ] GC(11046)   Other: 0.5ms
[2026-07-26T12:35:06.487+0200][258057.800s][info][gc,heap       ] GC(11046) Eden regions: 523->0(524)
[2026-07-26T12:35:06.487+0200][258057.800s][info][gc,heap       ] GC(11046) Survivor regions: 6->5(67)
[2026-07-26T12:35:06.487+0200][258057.800s][info][gc,heap       ] GC(11046) Old regions: 1380->1380
[2026-07-26T12:35:06.487+0200][258057.800s][info][gc,heap       ] GC(11046) Humongous regions: 16->16
[2026-07-26T12:35:06.487+0200][258057.800s][info][gc,metaspace  ] GC(11046) Metaspace: 924325K(1395072K)->924325K(1395072K) NonClass: 815508K(1266688K)->815508K(1266688K) Class: 108816K(128384K)->108816K(128384K)
[2026-07-26T12:35:06.487+0200][258057.800s][info][gc            ] GC(11046) Pause Young (Normal) (G1 Evacuation Pause) 1924M->1399M(2159M) 9.755ms
[2026-07-26T12:35:06.487+0200][258057.800s][info][gc,cpu        ] GC(11046) User=0.05s Sys=0.00s Real=0.01s
[2026-07-26T12:36:07.064+0200][258118.377s][info][gc,start      ] GC(11047) Pause Young (Normal) (G1 Evacuation Pause)
[2026-07-26T12:36:07.064+0200][258118.377s][info][gc,task       ] GC(11047) Using 13 workers of 13 for evacuation
[2026-07-26T12:36:07.072+0200][258118.385s][info][gc,phases     ] GC(11047)   Pre Evacuate Collection Set: 0.1ms
[2026-07-26T12:36:07.072+0200][258118.385s][info][gc,phases     ] GC(11047)   Evacuate Collection Set: 4.3ms
[2026-07-26T12:36:07.072+0200][258118.385s][info][gc,phases     ] GC(11047)   Post Evacuate Collection Set: 3.2ms
[2026-07-26T12:36:07.072+0200][258118.385s][info][gc,phases     ] GC(11047)   Other: 0.3ms
[2026-07-26T12:36:07.072+0200][258118.385s][info][gc,heap       ] GC(11047) Eden regions: 524->0(526)
[2026-07-26T12:36:07.072+0200][258118.385s][info][gc,heap       ] GC(11047) Survivor regions: 5->4(67)
[2026-07-26T12:36:07.072+0200][258118.385s][info][gc,heap       ] GC(11047) Old regions: 1380->1380
[2026-07-26T12:36:07.072+0200][258118.385s][info][gc,heap       ] GC(11047) Humongous regions: 16->16
[2026-07-26T12:36:07.073+0200][258118.385s][info][gc,metaspace  ] GC(11047) Metaspace: 924325K(1395072K)->924325K(1395072K) NonClass: 815508K(1266688K)->815508K(1266688K) Class: 108816K(128384K)->108816K(128384K)
[2026-07-26T12:36:07.073+0200][258118.385s][info][gc            ] GC(11047) Pause Young (Normal) (G1 Evacuation Pause) 1923M->1399M(2159M) 8.117ms
[2026-07-26T12:36:07.073+0200][258118.385s][info][gc,cpu        ] GC(11047) User=0.06s Sys=0.01s Real=0.00s
[2026-07-26T12:40:32.233+0200][258383.545s][info][gc,start      ] GC(11048) Pause Young (Normal) (G1 Evacuation Pause)
[2026-07-26T12:40:32.233+0200][258383.546s][info][gc,task       ] GC(11048) Using 13 workers of 13 for evacuation
[2026-07-26T12:40:32.245+0200][258383.558s][info][gc,phases     ] GC(11048)   Pre Evacuate Collection Set: 0.1ms
[2026-07-26T12:40:32.245+0200][258383.558s][info][gc,phases     ] GC(11048)   Evacuate Collection Set: 4.6ms
[2026-07-26T12:40:32.245+0200][258383.558s][info][gc,phases     ] GC(11048)   Post Evacuate Collection Set: 6.7ms
[2026-07-26T12:40:32.245+0200][258383.558s][info][gc,phases     ] GC(11048)   Other: 0.6ms
[2026-07-26T12:40:32.245+0200][258383.558s][info][gc,heap       ] GC(11048) Eden regions: 526->0(526)
[2026-07-26T12:40:32.245+0200][258383.558s][info][gc,heap       ] GC(11048) Survivor regions: 4->4(67)
[2026-07-26T12:40:32.245+0200][258383.558s][info][gc,heap       ] GC(11048) Old regions: 1380->1380
[2026-07-26T12:40:32.245+0200][258383.558s][info][gc,heap       ] GC(11048) Humongous regions: 16->16
[2026-07-26T12:40:32.245+0200][258383.558s][info][gc,metaspace  ] GC(11048) Metaspace: 924325K(1395072K)->924325K(1395072K) NonClass: 815508K(1266688K)->815508K(1266688K) Class: 108816K(128384K)->108816K(128384K)
[2026-07-26T12:40:32.245+0200][258383.558s][info][gc            ] GC(11048) Pause Young (Normal) (G1 Evacuation Pause) 1925M->1399M(2159M) 12.321ms
[2026-07-26T12:40:32.245+0200][258383.558s][info][gc,cpu        ] GC(11048) User=0.06s Sys=0.00s Real=0.02s
[2026-07-26T12:44:29.534+0200][258620.847s][info][gc,start      ] GC(11049) Pause Young (Normal) (G1 Evacuation Pause)
[2026-07-26T12:44:29.534+0200][258620.847s][info][gc,task       ] GC(11049) Using 13 workers of 13 for evacuation
[2026-07-26T12:44:29.542+0200][258620.855s][info][gc,phases     ] GC(11049)   Pre Evacuate Collection Set: 0.1ms
[2026-07-26T12:44:29.542+0200][258620.855s][info][gc,phases     ] GC(11049)   Evacuate Collection Set: 3.7ms
[2026-07-26T12:44:29.542+0200][258620.855s][info][gc,phases     ] GC(11049)   Post Evacuate Collection Set: 4.2ms
[2026-07-26T12:44:29.542+0200][258620.855s][info][gc,phases     ] GC(11049)   Other: 0.4ms
[2026-07-26T12:44:29.542+0200][258620.855s][info][gc,heap       ] GC(11049) Eden regions: 526->0(531)
[2026-07-26T12:44:29.542+0200][258620.855s][info][gc,heap       ] GC(11049) Survivor regions: 4->2(67)
[2026-07-26T12:44:29.542+0200][258620.855s][info][gc,heap       ] GC(11049) Old regions: 1380->1380
[2026-07-26T12:44:29.542+0200][258620.855s][info][gc,heap       ] GC(11049) Humongous regions: 16->16
[2026-07-26T12:44:29.542+0200][258620.855s][info][gc,metaspace  ] GC(11049) Metaspace: 924325K(1395072K)->924325K(1395072K) NonClass: 815508K(1266688K)->815508K(1266688K) Class: 108816K(128384K)->108816K(128384K)
[2026-07-26T12:44:29.542+0200][258620.855s][info][gc            ] GC(11049) Pause Young (Normal) (G1 Evacuation Pause) 1925M->1397M(2159M) 8.457ms
[2026-07-26T12:44:29.542+0200][258620.855s][info][gc,cpu        ] GC(11049) User=0.03s Sys=0.00s Real=0.00s
[2026-07-26T12:46:42.390+0200][258753.703s][info][gc,start      ] GC(11050) Pause Young (Normal) (G1 Evacuation Pause)
[2026-07-26T12:46:42.390+0200][258753.703s][info][gc,task       ] GC(11050) Using 13 workers of 13 for evacuation
[2026-07-26T12:46:42.403+0200][258753.715s][info][gc,phases     ] GC(11050)   Pre Evacuate Collection Set: 0.1ms
[2026-07-26T12:46:42.403+0200][258753.715s][info][gc,phases     ] GC(11050)   Evacuate Collection Set: 8.1ms
[2026-07-26T12:46:42.403+0200][258753.715s][info][gc,phases     ] GC(11050)   Post Evacuate Collection Set: 4.2ms
[2026-07-26T12:46:42.403+0200][258753.715s][info][gc,phases     ] GC(11050)   Other: 0.4ms
[2026-07-26T12:46:42.403+0200][258753.715s][info][gc,heap       ] GC(11050) Eden regions: 531->0(518)
[2026-07-26T12:46:42.403+0200][258753.715s][info][gc,heap       ] GC(11050) Survivor regions: 2->10(67)
[2026-07-26T12:46:42.403+0200][258753.715s][info][gc,heap       ] GC(11050) Old regions: 1380->1380
[2026-07-26T12:46:42.403+0200][258753.715s][info][gc,heap       ] GC(11050) Humongous regions: 16->16
[2026-07-26T12:46:42.403+0200][258753.716s][info][gc,metaspace  ] GC(11050) Metaspace: 924325K(1395072K)->924325K(1395072K) NonClass: 815508K(1266688K)->815508K(1266688K) Class: 108816K(128384K)->108816K(128384K)
[2026-07-26T12:46:42.403+0200][258753.716s][info][gc            ] GC(11050) Pause Young (Normal) (G1 Evacuation Pause) 1928M->1405M(2159M) 12.858ms
[2026-07-26T12:46:42.403+0200][258753.716s][info][gc,cpu        ] GC(11050) User=0.10s Sys=0.00s Real=0.01s
[2026-07-26T12:46:43.035+0200][258754.347s][info][gc,start      ] GC(11051) Pause Young (Normal) (G1 Evacuation Pause)
[2026-07-26T12:46:43.035+0200][258754.347s][info][gc,task       ] GC(11051) Using 13 workers of 13 for evacuation
[2026-07-26T12:46:43.045+0200][258754.357s][info][gc,phases     ] GC(11051)   Pre Evacuate Collection Set: 0.1ms
[2026-07-26T12:46:43.045+0200][258754.357s][info][gc,phases     ] GC(11051)   Evacuate Collection Set: 6.3ms
[2026-07-26T12:46:43.045+0200][258754.357s][info][gc,phases     ] GC(11051)   Post Evacuate Collection Set: 3.3ms
[2026-07-26T12:46:43.045+0200][258754.357s][info][gc,phases     ] GC(11051)   Other: 0.3ms
[2026-07-26T12:46:43.045+0200][258754.357s][info][gc,heap       ] GC(11051) Eden regions: 518->0(515)
[2026-07-26T12:46:43.045+0200][258754.357s][info][gc,heap       ] GC(11051) Survivor regions: 10->10(66)
[2026-07-26T12:46:43.045+0200][258754.357s][info][gc,heap       ] GC(11051) Old regions: 1380->1380
[2026-07-26T12:46:43.045+0200][258754.357s][info][gc,heap       ] GC(11051) Humongous regions: 16->16
[2026-07-26T12:46:43.045+0200][258754.357s][info][gc,metaspace  ] GC(11051) Metaspace: 924325K(1395072K)->924325K(1395072K) NonClass: 815508K(1266688K)->815508K(1266688K) Class: 108816K(128384K)->108816K(128384K)
[2026-07-26T12:46:43.045+0200][258754.357s][info][gc            ] GC(11051) Pause Young (Normal) (G1 Evacuation Pause) 1923M->1405M(2159M) 10.130ms
[2026-07-26T12:46:43.045+0200][258754.357s][info][gc,cpu        ] GC(11051) User=0.08s Sys=0.01s Real=0.01s
[2026-07-26T12:46:43.649+0200][258754.961s][info][gc,start      ] GC(11052) Pause Young (Normal) (G1 Evacuation Pause)
[2026-07-26T12:46:43.649+0200][258754.961s][info][gc,task       ] GC(11052) Using 13 workers of 13 for evacuation
[2026-07-26T12:46:43.658+0200][258754.971s][info][gc,phases     ] GC(11052)   Pre Evacuate Collection Set: 0.1ms
[2026-07-26T12:46:43.658+0200][258754.971s][info][gc,phases     ] GC(11052)   Evacuate Collection Set: 6.0ms
[2026-07-26T12:46:43.658+0200][258754.971s][info][gc,phases     ] GC(11052)   Post Evacuate Collection Set: 3.2ms
[2026-07-26T12:46:43.658+0200][258754.971s][info][gc,phases     ] GC(11052)   Other: 0.3ms
[2026-07-26T12:46:43.658+0200][258754.971s][info][gc,heap       ] GC(11052) Eden regions: 515->0(517)
[2026-07-26T12:46:43.658+0200][258754.971s][info][gc,heap       ] GC(11052) Survivor regions: 10->8(66)
[2026-07-26T12:46:43.658+0200][258754.971s][info][gc,heap       ] GC(11052) Old regions: 1380->1380
[2026-07-26T12:46:43.658+0200][258754.971s][info][gc,heap       ] GC(11052) Humongous regions: 16->16
[2026-07-26T12:46:43.658+0200][258754.971s][info][gc,metaspace  ] GC(11052) Metaspace: 924325K(1395072K)->924325K(1395072K) NonClass: 815508K(1266688K)->815508K(1266688K) Class: 108816K(128384K)->108816K(128384K)
[2026-07-26T12:46:43.658+0200][258754.971s][info][gc            ] GC(11052) Pause Young (Normal) (G1 Evacuation Pause) 1920M->1403M(2159M) 9.726ms
[2026-07-26T12:46:43.658+0200][258754.971s][info][gc,cpu        ] GC(11052) User=0.08s Sys=0.00s Real=0.01s
[2026-07-26T12:46:44.163+0200][258755.476s][info][gc,start      ] GC(11053) Pause Young (Normal) (G1 Evacuation Pause)
[2026-07-26T12:46:44.163+0200][258755.476s][info][gc,task       ] GC(11053) Using 13 workers of 13 for evacuation
[2026-07-26T12:46:44.172+0200][258755.485s][info][gc,phases     ] GC(11053)   Pre Evacuate Collection Set: 0.1ms
[2026-07-26T12:46:44.172+0200][258755.485s][info][gc,phases     ] GC(11053)   Evacuate Collection Set: 5.6ms
[2026-07-26T12:46:44.172+0200][258755.485s][info][gc,phases     ] GC(11053)   Post Evacuate Collection Set: 3.1ms
[2026-07-26T12:46:44.172+0200][258755.485s][info][gc,phases     ] GC(11053)   Other: 0.3ms
[2026-07-26T12:46:44.172+0200][258755.485s][info][gc,heap       ] GC(11053) Eden regions: 517->0(521)
[2026-07-26T12:46:44.172+0200][258755.485s][info][gc,heap       ] GC(11053) Survivor regions: 8->8(66)
[2026-07-26T12:46:44.172+0200][258755.485s][info][gc,heap       ] GC(11053) Old regions: 1380->1380
[2026-07-26T12:46:44.172+0200][258755.485s][info][gc,heap       ] GC(11053) Humongous regions: 16->16
[2026-07-26T12:46:44.172+0200][258755.485s][info][gc,metaspace  ] GC(11053) Metaspace: 924325K(1395072K)->924325K(1395072K) NonClass: 815508K(1266688K)->815508K(1266688K) Class: 108816K(128384K)->108816K(128384K)
[2026-07-26T12:46:44.172+0200][258755.485s][info][gc            ] GC(11053) Pause Young (Normal) (G1 Evacuation Pause) 1920M->1403M(2159M) 9.234ms
[2026-07-26T12:46:44.172+0200][258755.485s][info][gc,cpu        ] GC(11053) User=0.06s Sys=0.01s Real=0.00s
[2026-07-26T12:46:46.333+0200][258757.646s][info][gc,start      ] GC(11054) Pause Young (Normal) (G1 Evacuation Pause)
[2026-07-26T12:46:46.333+0200][258757.646s][info][gc,task       ] GC(11054) Using 13 workers of 13 for evacuation
[2026-07-26T12:46:46.342+0200][258757.654s][info][gc,phases     ] GC(11054)   Pre Evacuate Collection Set: 0.1ms
[2026-07-26T12:46:46.342+0200][258757.654s][info][gc,phases     ] GC(11054)   Evacuate Collection Set: 4.6ms
[2026-07-26T12:46:46.342+0200][258757.654s][info][gc,phases     ] GC(11054)   Post Evacuate Collection Set: 3.2ms
[2026-07-26T12:46:46.342+0200][258757.654s][info][gc,phases     ] GC(11054)   Other: 0.3ms
[2026-07-26T12:46:46.342+0200][258757.654s][info][gc,heap       ] GC(11054) Eden regions: 521->0(522)
[2026-07-26T12:46:46.342+0200][258757.654s][info][gc,heap       ] GC(11054) Survivor regions: 8->6(67)
[2026-07-26T12:46:46.342+0200][258757.654s][info][gc,heap       ] GC(11054) Old regions: 1380->1380
[2026-07-26T12:46:46.342+0200][258757.654s][info][gc,heap       ] GC(11054) Humongous regions: 16->16
[2026-07-26T12:46:46.342+0200][258757.654s][info][gc,metaspace  ] GC(11054) Metaspace: 924325K(1395072K)->924325K(1395072K) NonClass: 815508K(1266688K)->815508K(1266688K) Class: 108816K(128384K)->108816K(128384K)
[2026-07-26T12:46:46.342+0200][258757.654s][info][gc            ] GC(11054) Pause Young (Normal) (G1 Evacuation Pause) 1924M->1401M(2159M) 8.395ms
[2026-07-26T12:46:46.342+0200][258757.655s][info][gc,cpu        ] GC(11054) User=0.06s Sys=0.00s Real=0.00s
[2026-07-26T12:46:46.954+0200][258758.267s][info][gc,start      ] GC(11055) Pause Young (Normal) (G1 Evacuation Pause)
[2026-07-26T12:46:46.955+0200][258758.267s][info][gc,task       ] GC(11055) Using 13 workers of 13 for evacuation
[2026-07-26T12:46:46.962+0200][258758.275s][info][gc,phases     ] GC(11055)   Pre Evacuate Collection Set: 0.1ms
[2026-07-26T12:46:46.962+0200][258758.275s][info][gc,phases     ] GC(11055)   Evacuate Collection Set: 4.3ms
[2026-07-26T12:46:46.962+0200][258758.275s][info][gc,phases     ] GC(11055)   Post Evacuate Collection Set: 3.0ms
[2026-07-26T12:46:46.962+0200][258758.275s][info][gc,phases     ] GC(11055)   Other: 0.3ms
[2026-07-26T12:46:46.962+0200][258758.275s][info][gc,heap       ] GC(11055) Eden regions: 522->0(524)
[2026-07-26T12:46:46.962+0200][258758.275s][info][gc,heap       ] GC(11055) Survivor regions: 6->5(66)
[2026-07-26T12:46:46.962+0200][258758.275s][info][gc,heap       ] GC(11055) Old regions: 1380->1380
[2026-07-26T12:46:46.962+0200][258758.275s][info][gc,heap       ] GC(11055) Humongous regions: 16->16
[2026-07-26T12:46:46.962+0200][258758.275s][info][gc,metaspace  ] GC(11055) Metaspace: 924325K(1395072K)->924325K(1395072K) NonClass: 815508K(1266688K)->815508K(1266688K) Class: 108816K(128384K)->108816K(128384K)
[2026-07-26T12:46:46.962+0200][258758.275s][info][gc            ] GC(11055) Pause Young (Normal) (G1 Evacuation Pause) 1923M->1400M(2159M) 7.782ms
[2026-07-26T12:46:46.962+0200][258758.275s][info][gc,cpu        ] GC(11055) User=0.06s Sys=0.01s Real=0.00s
[2026-07-26T12:47:51.225+0200][258822.538s][info][gc,start      ] GC(11056) Pause Young (Normal) (G1 Evacuation Pause)
[2026-07-26T12:47:51.225+0200][258822.538s][info][gc,task       ] GC(11056) Using 13 workers of 13 for evacuation
[2026-07-26T12:47:51.238+0200][258822.551s][info][gc,phases     ] GC(11056)   Pre Evacuate Collection Set: 0.1ms
[2026-07-26T12:47:51.238+0200][258822.551s][info][gc,phases     ] GC(11056)   Evacuate Collection Set: 6.6ms
[2026-07-26T12:47:51.238+0200][258822.551s][info][gc,phases     ] GC(11056)   Post Evacuate Collection Set: 6.2ms
[2026-07-26T12:47:51.238+0200][258822.551s][info][gc,phases     ] GC(11056)   Other: 0.4ms
[2026-07-26T12:47:51.238+0200][258822.551s][info][gc,heap       ] GC(11056) Eden regions: 524->0(521)
[2026-07-26T12:47:51.238+0200][258822.551s][info][gc,heap       ] GC(11056) Survivor regions: 5->7(67)
[2026-07-26T12:47:51.238+0200][258822.551s][info][gc,heap       ] GC(11056) Old regions: 1380->1380
[2026-07-26T12:47:51.238+0200][258822.551s][info][gc,heap       ] GC(11056) Humongous regions: 16->16
[2026-07-26T12:47:51.238+0200][258822.551s][info][gc,metaspace  ] GC(11056) Metaspace: 924504K(1395328K)->924504K(1395328K) NonClass: 815663K(1266944K)->815663K(1266944K) Class: 108841K(128384K)->108841K(128384K)
[2026-07-26T12:47:51.238+0200][258822.551s][info][gc            ] GC(11056) Pause Young (Normal) (G1 Evacuation Pause) 1924M->1402M(2159M) 13.326ms
[2026-07-26T12:47:51.238+0200][258822.551s][info][gc,cpu        ] GC(11056) User=0.10s Sys=0.00s Real=0.01s
[2026-07-26T12:47:52.104+0200][258823.416s][info][gc,start      ] GC(11057) Pause Young (Normal) (G1 Evacuation Pause)
[2026-07-26T12:47:52.104+0200][258823.416s][info][gc,task       ] GC(11057) Using 13 workers of 13 for evacuation
[2026-07-26T12:47:52.115+0200][258823.428s][info][gc,phases     ] GC(11057)   Pre Evacuate Collection Set: 0.1ms
[2026-07-26T12:47:52.115+0200][258823.428s][info][gc,phases     ] GC(11057)   Evacuate Collection Set: 8.3ms
[2026-07-26T12:47:52.115+0200][258823.428s][info][gc,phases     ] GC(11057)   Post Evacuate Collection Set: 3.1ms
[2026-07-26T12:47:52.115+0200][258823.428s][info][gc,phases     ] GC(11057)   Other: 0.3ms
[2026-07-26T12:47:52.115+0200][258823.428s][info][gc,heap       ] GC(11057) Eden regions: 521->0(510)
[2026-07-26T12:47:52.115+0200][258823.428s][info][gc,heap       ] GC(11057) Survivor regions: 7->13(66)
[2026-07-26T12:47:52.115+0200][258823.428s][info][gc,heap       ] GC(11057) Old regions: 1380->1380
[2026-07-26T12:47:52.115+0200][258823.428s][info][gc,heap       ] GC(11057) Humongous regions: 16->16
[2026-07-26T12:47:52.115+0200][258823.428s][info][gc,metaspace  ] GC(11057) Metaspace: 924504K(1395328K)->924504K(1395328K) NonClass: 815663K(1266944K)->815663K(1266944K) Class: 108841K(128384K)->108841K(128384K)
[2026-07-26T12:47:52.115+0200][258823.428s][info][gc            ] GC(11057) Pause Young (Normal) (G1 Evacuation Pause) 1923M->1408M(2159M) 11.928ms
[2026-07-26T12:47:52.115+0200][258823.428s][info][gc,cpu        ] GC(11057) User=0.10s Sys=0.00s Real=0.01s
[2026-07-26T12:47:52.715+0200][258824.027s][info][gc,start      ] GC(11058) Pause Young (Normal) (G1 Evacuation Pause)
[2026-07-26T12:47:52.715+0200][258824.027s][info][gc,task       ] GC(11058) Using 13 workers of 13 for evacuation
[2026-07-26T12:47:52.726+0200][258824.038s][info][gc,phases     ] GC(11058)   Pre Evacuate Collection Set: 0.1ms
[2026-07-26T12:47:52.726+0200][258824.039s][info][gc,phases     ] GC(11058)   Evacuate Collection Set: 7.9ms
[2026-07-26T12:47:52.726+0200][258824.039s][info][gc,phases     ] GC(11058)   Post Evacuate Collection Set: 2.9ms
[2026-07-26T12:47:52.726+0200][258824.039s][info][gc,phases     ] GC(11058)   Other: 0.3ms
[2026-07-26T12:47:52.726+0200][258824.039s][info][gc,heap       ] GC(11058) Eden regions: 510->0(507)
[2026-07-26T12:47:52.726+0200][258824.039s][info][gc,heap       ] GC(11058) Survivor regions: 13->13(66)
[2026-07-26T12:47:52.726+0200][258824.039s][info][gc,heap       ] GC(11058) Old regions: 1380->1380
[2026-07-26T12:47:52.726+0200][258824.039s][info][gc,heap       ] GC(11058) Humongous regions: 16->16
[2026-07-26T12:47:52.726+0200][258824.039s][info][gc,metaspace  ] GC(11058) Metaspace: 924504K(1395328K)->924504K(1395328K) NonClass: 815663K(1266944K)->815663K(1266944K) Class: 108841K(128384K)->108841K(128384K)
[2026-07-26T12:47:52.726+0200][258824.039s][info][gc            ] GC(11058) Pause Young (Normal) (G1 Evacuation Pause) 1918M->1408M(2159M) 11.307ms
[2026-07-26T12:47:52.726+0200][258824.039s][info][gc,cpu        ] GC(11058) User=0.10s Sys=0.01s Real=0.01s
[2026-07-26T12:47:53.317+0200][258824.630s][info][gc,start      ] GC(11059) Pause Young (Normal) (G1 Evacuation Pause)
[2026-07-26T12:47:53.317+0200][258824.630s][info][gc,task       ] GC(11059) Using 13 workers of 13 for evacuation
[2026-07-26T12:47:53.328+0200][258824.641s][info][gc,phases     ] GC(11059)   Pre Evacuate Collection Set: 0.1ms
[2026-07-26T12:47:53.328+0200][258824.641s][info][gc,phases     ] GC(11059)   Evacuate Collection Set: 7.9ms
[2026-07-26T12:47:53.328+0200][258824.641s][info][gc,phases     ] GC(11059)   Post Evacuate Collection Set: 2.9ms
[2026-07-26T12:47:53.328+0200][258824.641s][info][gc,phases     ] GC(11059)   Other: 0.3ms
[2026-07-26T12:47:53.328+0200][258824.641s][info][gc,heap       ] GC(11059) Eden regions: 507->0(505)
[2026-07-26T12:47:53.328+0200][258824.641s][info][gc,heap       ] GC(11059) Survivor regions: 13->13(65)
[2026-07-26T12:47:53.328+0200][258824.641s][info][gc,heap       ] GC(11059) Old regions: 1380->1380
[2026-07-26T12:47:53.328+0200][258824.641s][info][gc,heap       ] GC(11059) Humongous regions: 16->16
[2026-07-26T12:47:53.328+0200][258824.641s][info][gc,metaspace  ] GC(11059) Metaspace: 924504K(1395328K)->924504K(1395328K) NonClass: 815663K(1266944K)->815663K(1266944K) Class: 108841K(128384K)->108841K(128384K)
[2026-07-26T12:47:53.329+0200][258824.641s][info][gc            ] GC(11059) Pause Young (Normal) (G1 Evacuation Pause) 1915M->1408M(2159M) 11.330ms
[2026-07-26T12:47:53.329+0200][258824.641s][info][gc,cpu        ] GC(11059) User=0.10s Sys=0.00s Real=0.01s
[2026-07-26T12:47:53.783+0200][258825.096s][info][gc,start      ] GC(11060) Pause Young (Normal) (G1 Evacuation Pause)
[2026-07-26T12:47:53.783+0200][258825.096s][info][gc,task       ] GC(11060) Using 13 workers of 13 for evacuation
[2026-07-26T12:47:53.793+0200][258825.106s][info][gc,phases     ] GC(11060)   Pre Evacuate Collection Set: 0.1ms
[2026-07-26T12:47:53.793+0200][258825.106s][info][gc,phases     ] GC(11060)   Evacuate Collection Set: 6.8ms
[2026-07-26T12:47:53.793+0200][258825.106s][info][gc,phases     ] GC(11060)   Post Evacuate Collection Set: 2.8ms
[2026-07-26T12:47:53.793+0200][258825.106s][info][gc,phases     ] GC(11060)   Other: 0.3ms
[2026-07-26T12:47:53.793+0200][258825.106s][info][gc,heap       ] GC(11060) Eden regions: 505->0(511)
[2026-07-26T12:47:53.793+0200][258825.106s][info][gc,heap       ] GC(11060) Survivor regions: 13->10(65)
[2026-07-26T12:47:53.793+0200][258825.106s][info][gc,heap       ] GC(11060) Old regions: 1380->1380
[2026-07-26T12:47:53.793+0200][258825.106s][info][gc,heap       ] GC(11060) Humongous regions: 16->16
[2026-07-26T12:47:53.793+0200][258825.106s][info][gc,metaspace  ] GC(11060) Metaspace: 924504K(1395328K)->924504K(1395328K) NonClass: 815663K(1266944K)->815663K(1266944K) Class: 108841K(128384K)->108841K(128384K)
[2026-07-26T12:47:53.793+0200][258825.106s][info][gc            ] GC(11060) Pause Young (Normal) (G1 Evacuation Pause) 1913M->1405M(2159M) 10.124ms
[2026-07-26T12:47:53.793+0200][258825.106s][info][gc,cpu        ] GC(11060) User=0.07s Sys=0.01s Real=0.01s
[2026-07-26T12:47:54.262+0200][258825.575s][info][gc,start      ] GC(11061) Pause Young (Normal) (G1 Evacuation Pause)
[2026-07-26T12:47:54.262+0200][258825.575s][info][gc,task       ] GC(11061) Using 13 workers of 13 for evacuation
[2026-07-26T12:47:54.272+0200][258825.585s][info][gc,phases     ] GC(11061)   Pre Evacuate Collection Set: 0.1ms
[2026-07-26T12:47:54.272+0200][258825.585s][info][gc,phases     ] GC(11061)   Evacuate Collection Set: 7.0ms
[2026-07-26T12:47:54.272+0200][258825.585s][info][gc,phases     ] GC(11061)   Post Evacuate Collection Set: 2.8ms
[2026-07-26T12:47:54.272+0200][258825.585s][info][gc,phases     ] GC(11061)   Other: 0.3ms
[2026-07-26T12:47:54.272+0200][258825.585s][info][gc,heap       ] GC(11061) Eden regions: 511->0(513)
[2026-07-26T12:47:54.272+0200][258825.585s][info][gc,heap       ] GC(11061) Survivor regions: 10->11(66)
[2026-07-26T12:47:54.272+0200][258825.585s][info][gc,heap       ] GC(11061) Old regions: 1380->1381
[2026-07-26T12:47:54.272+0200][258825.585s][info][gc,heap       ] GC(11061) Humongous regions: 16->16
[2026-07-26T12:47:54.272+0200][258825.585s][info][gc,metaspace  ] GC(11061) Metaspace: 924504K(1395328K)->924504K(1395328K) NonClass: 815663K(1266944K)->815663K(1266944K) Class: 108841K(128384K)->108841K(128384K)
[2026-07-26T12:47:54.272+0200][258825.585s][info][gc            ] GC(11061) Pause Young (Normal) (G1 Evacuation Pause) 1916M->1406M(2159M) 10.285ms
[2026-07-26T12:47:54.272+0200][258825.585s][info][gc,cpu        ] GC(11061) User=0.09s Sys=0.00s Real=0.01s
[2026-07-26T12:47:54.798+0200][258826.111s][info][gc,start      ] GC(11062) Pause Young (Normal) (G1 Evacuation Pause)
[2026-07-26T12:47:54.798+0200][258826.111s][info][gc,task       ] GC(11062) Using 13 workers of 13 for evacuation
[2026-07-26T12:47:54.809+0200][258826.122s][info][gc,phases     ] GC(11062)   Pre Evacuate Collection Set: 0.1ms
[2026-07-26T12:47:54.809+0200][258826.122s][info][gc,phases     ] GC(11062)   Evacuate Collection Set: 8.2ms
[2026-07-26T12:47:54.809+0200][258826.122s][info][gc,phases     ] GC(11062)   Post Evacuate Collection Set: 2.8ms
[2026-07-26T12:47:54.809+0200][258826.122s][info][gc,phases     ] GC(11062)   Other: 0.3ms
[2026-07-26T12:47:54.809+0200][258826.122s][info][gc,heap       ] GC(11062) Eden regions: 513->0(512)
[2026-07-26T12:47:54.809+0200][258826.122s][info][gc,heap       ] GC(11062) Survivor regions: 11->14(66)
[2026-07-26T12:47:54.809+0200][258826.122s][info][gc,heap       ] GC(11062) Old regions: 1381->1381
[2026-07-26T12:47:54.809+0200][258826.122s][info][gc,heap       ] GC(11062) Humongous regions: 16->16
[2026-07-26T12:47:54.809+0200][258826.122s][info][gc,metaspace  ] GC(11062) Metaspace: 924504K(1395328K)->924504K(1395328K) NonClass: 815663K(1266944K)->815663K(1266944K) Class: 108841K(128384K)->108841K(128384K)
[2026-07-26T12:47:54.809+0200][258826.122s][info][gc            ] GC(11062) Pause Young (Normal) (G1 Evacuation Pause) 1919M->1409M(2159M) 11.533ms
[2026-07-26T12:47:54.809+0200][258826.122s][info][gc,cpu        ] GC(11062) User=0.11s Sys=0.00s Real=0.01s
[2026-07-26T12:48:11.302+0200][258842.615s][info][gc,start      ] GC(11063) Pause Young (Normal) (G1 Evacuation Pause)
[2026-07-26T12:48:11.302+0200][258842.615s][info][gc,task       ] GC(11063) Using 13 workers of 13 for evacuation
[2026-07-26T12:48:11.311+0200][258842.624s][info][gc,phases     ] GC(11063)   Pre Evacuate Collection Set: 0.1ms
[2026-07-26T12:48:11.311+0200][258842.624s][info][gc,phases     ] GC(11063)   Evacuate Collection Set: 5.4ms
[2026-07-26T12:48:11.311+0200][258842.624s][info][gc,phases     ] GC(11063)   Post Evacuate Collection Set: 3.2ms
[2026-07-26T12:48:11.311+0200][258842.624s][info][gc,phases     ] GC(11063)   Other: 0.5ms
[2026-07-26T12:48:11.311+0200][258842.624s][info][gc,heap       ] GC(11063) Eden regions: 512->0(517)
[2026-07-26T12:48:11.311+0200][258842.624s][info][gc,heap       ] GC(11063) Survivor regions: 14->7(66)
[2026-07-26T12:48:11.311+0200][258842.624s][info][gc,heap       ] GC(11063) Old regions: 1381->1381
[2026-07-26T12:48:11.311+0200][258842.624s][info][gc,heap       ] GC(11063) Humongous regions: 16->16
[2026-07-26T12:48:11.311+0200][258842.624s][info][gc,metaspace  ] GC(11063) Metaspace: 924504K(1395328K)->924504K(1395328K) NonClass: 815663K(1266944K)->815663K(1266944K) Class: 108841K(128384K)->108841K(128384K)
[2026-07-26T12:48:11.311+0200][258842.624s][info][gc            ] GC(11063) Pause Young (Normal) (G1 Evacuation Pause) 1921M->1402M(2159M) 9.353ms
[2026-07-26T12:48:11.311+0200][258842.624s][info][gc,cpu        ] GC(11063) User=0.08s Sys=0.00s Real=0.01s
[2026-07-26T12:48:12.671+0200][258843.984s][info][gc,start      ] GC(11064) Pause Young (Normal) (G1 Evacuation Pause)
[2026-07-26T12:48:12.671+0200][258843.984s][info][gc,task       ] GC(11064) Using 13 workers of 13 for evacuation
[2026-07-26T12:48:12.681+0200][258843.994s][info][gc,phases     ] GC(11064)   Pre Evacuate Collection Set: 0.2ms
[2026-07-26T12:48:12.681+0200][258843.994s][info][gc,phases     ] GC(11064)   Evacuate Collection Set: 5.5ms
[2026-07-26T12:48:12.681+0200][258843.994s][info][gc,phases     ] GC(11064)   Post Evacuate Collection Set: 3.6ms
[2026-07-26T12:48:12.681+0200][258843.994s][info][gc,phases     ] GC(11064)   Other: 0.7ms
[2026-07-26T12:48:12.681+0200][258843.994s][info][gc,heap       ] GC(11064) Eden regions: 517->0(519)
[2026-07-26T12:48:12.681+0200][258843.994s][info][gc,heap       ] GC(11064) Survivor regions: 7->6(66)
[2026-07-26T12:48:12.681+0200][258843.994s][info][gc,heap       ] GC(11064) Old regions: 1381->1381
[2026-07-26T12:48:12.681+0200][258843.994s][info][gc,heap       ] GC(11064) Humongous regions: 16->16
[2026-07-26T12:48:12.681+0200][258843.994s][info][gc,metaspace  ] GC(11064) Metaspace: 924504K(1395328K)->924504K(1395328K) NonClass: 815663K(1266944K)->815663K(1266944K) Class: 108841K(128384K)->108841K(128384K)
[2026-07-26T12:48:12.681+0200][258843.994s][info][gc            ] GC(11064) Pause Young (Normal) (G1 Evacuation Pause) 1919M->1401M(2159M) 10.127ms
[2026-07-26T12:48:12.681+0200][258843.994s][info][gc,cpu        ] GC(11064) User=0.07s Sys=0.00s Real=0.01s
[2026-07-26T12:48:13.587+0200][258844.900s][info][gc,start      ] GC(11065) Pause Young (Normal) (G1 Evacuation Pause)
[2026-07-26T12:48:13.587+0200][258844.900s][info][gc,task       ] GC(11065) Using 13 workers of 13 for evacuation
[2026-07-26T12:48:13.600+0200][258844.912s][info][gc,phases     ] GC(11065)   Pre Evacuate Collection Set: 0.1ms
[2026-07-26T12:48:13.600+0200][258844.912s][info][gc,phases     ] GC(11065)   Evacuate Collection Set: 8.7ms
[2026-07-26T12:48:13.600+0200][258844.912s][info][gc,phases     ] GC(11065)   Post Evacuate Collection Set: 3.1ms
[2026-07-26T12:48:13.600+0200][258844.912s][info][gc,phases     ] GC(11065)   Other: 0.5ms
[2026-07-26T12:48:13.600+0200][258844.912s][info][gc,heap       ] GC(11065) Eden regions: 519->0(510)
[2026-07-26T12:48:13.600+0200][258844.912s][info][gc,heap       ] GC(11065) Survivor regions: 6->12(66)
[2026-07-26T12:48:13.600+0200][258844.912s][info][gc,heap       ] GC(11065) Old regions: 1381->1381
[2026-07-26T12:48:13.600+0200][258844.912s][info][gc,heap       ] GC(11065) Humongous regions: 16->16
[2026-07-26T12:48:13.600+0200][258844.912s][info][gc,metaspace  ] GC(11065) Metaspace: 924504K(1395328K)->924504K(1395328K) NonClass: 815663K(1266944K)->815663K(1266944K) Class: 108841K(128384K)->108841K(128384K)
[2026-07-26T12:48:13.600+0200][258844.912s][info][gc            ] GC(11065) Pause Young (Normal) (G1 Evacuation Pause) 1920M->1408M(2159M) 12.608ms
[2026-07-26T12:48:13.600+0200][258844.912s][info][gc,cpu        ] GC(11065) User=0.11s Sys=0.00s Real=0.01s
[2026-07-26T12:48:14.498+0200][258845.810s][info][gc,start      ] GC(11066) Pause Young (Normal) (G1 Evacuation Pause)
[2026-07-26T12:48:14.498+0200][258845.810s][info][gc,task       ] GC(11066) Using 13 workers of 13 for evacuation
[2026-07-26T12:48:14.513+0200][258845.826s][info][gc,phases     ] GC(11066)   Pre Evacuate Collection Set: 0.1ms
[2026-07-26T12:48:14.514+0200][258845.826s][info][gc,phases     ] GC(11066)   Evacuate Collection Set: 12.1ms
[2026-07-26T12:48:14.514+0200][258845.826s][info][gc,phases     ] GC(11066)   Post Evacuate Collection Set: 3.2ms
[2026-07-26T12:48:14.514+0200][258845.826s][info][gc,phases     ] GC(11066)   Other: 0.3ms
[2026-07-26T12:48:14.514+0200][258845.826s][info][gc,heap       ] GC(11066) Eden regions: 510->0(506)
[2026-07-26T12:48:14.514+0200][258845.826s][info][gc,heap       ] GC(11066) Survivor regions: 12->13(66)
[2026-07-26T12:48:14.514+0200][258845.826s][info][gc,heap       ] GC(11066) Old regions: 1381->1381
[2026-07-26T12:48:14.514+0200][258845.826s][info][gc,heap       ] GC(11066) Humongous regions: 16->16
[2026-07-26T12:48:14.514+0200][258845.826s][info][gc,metaspace  ] GC(11066) Metaspace: 924504K(1395328K)->924504K(1395328K) NonClass: 815663K(1266944K)->815663K(1266944K) Class: 108841K(128384K)->108841K(128384K)
[2026-07-26T12:48:14.514+0200][258845.826s][info][gc            ] GC(11066) Pause Young (Normal) (G1 Evacuation Pause) 1918M->1408M(2159M) 15.913ms
[2026-07-26T12:48:14.514+0200][258845.826s][info][gc,cpu        ] GC(11066) User=0.11s Sys=0.00s Real=0.02s
[2026-07-26T12:48:15.131+0200][258846.444s][info][gc,start      ] GC(11067) Pause Young (Normal) (G1 Evacuation Pause)
[2026-07-26T12:48:15.132+0200][258846.444s][info][gc,task       ] GC(11067) Using 13 workers of 13 for evacuation
[2026-07-26T12:48:15.143+0200][258846.456s][info][gc,phases     ] GC(11067)   Pre Evacuate Collection Set: 0.1ms
[2026-07-26T12:48:15.143+0200][258846.456s][info][gc,phases     ] GC(11067)   Evacuate Collection Set: 8.0ms
[2026-07-26T12:48:15.143+0200][258846.456s][info][gc,phases     ] GC(11067)   Post Evacuate Collection Set: 3.2ms
[2026-07-26T12:48:15.143+0200][258846.456s][info][gc,phases     ] GC(11067)   Other: 0.4ms
[2026-07-26T12:48:15.143+0200][258846.456s][info][gc,heap       ] GC(11067) Eden regions: 506->0(505)
[2026-07-26T12:48:15.143+0200][258846.456s][info][gc,heap       ] GC(11067) Survivor regions: 13->13(65)
[2026-07-26T12:48:15.143+0200][258846.456s][info][gc,heap       ] GC(11067) Old regions: 1381->1381
[2026-07-26T12:48:15.143+0200][258846.456s][info][gc,heap       ] GC(11067) Humongous regions: 16->16
[2026-07-26T12:48:15.143+0200][258846.456s][info][gc,metaspace  ] GC(11067) Metaspace: 924504K(1395328K)->924504K(1395328K) NonClass: 815663K(1266944K)->815663K(1266944K) Class: 108841K(128384K)->108841K(128384K)
[2026-07-26T12:48:15.143+0200][258846.456s][info][gc            ] GC(11067) Pause Young (Normal) (G1 Evacuation Pause) 1914M->1409M(2159M) 11.859ms
[2026-07-26T12:48:15.143+0200][258846.456s][info][gc,cpu        ] GC(11067) User=0.11s Sys=0.00s Real=0.02s
[2026-07-26T12:48:15.710+0200][258847.023s][info][gc,start      ] GC(11068) Pause Young (Normal) (G1 Evacuation Pause)
[2026-07-26T12:48:15.710+0200][258847.023s][info][gc,task       ] GC(11068) Using 13 workers of 13 for evacuation
[2026-07-26T12:48:15.720+0200][258847.033s][info][gc,phases     ] GC(11068)   Pre Evacuate Collection Set: 0.1ms
[2026-07-26T12:48:15.721+0200][258847.033s][info][gc,phases     ] GC(11068)   Evacuate Collection Set: 6.8ms
[2026-07-26T12:48:15.721+0200][258847.033s][info][gc,phases     ] GC(11068)   Post Evacuate Collection Set: 3.2ms
[2026-07-26T12:48:15.721+0200][258847.033s][info][gc,phases     ] GC(11068)   Other: 0.4ms
[2026-07-26T12:48:15.721+0200][258847.033s][info][gc,heap       ] GC(11068) Eden regions: 505->0(510)
[2026-07-26T12:48:15.721+0200][258847.033s][info][gc,heap       ] GC(11068) Survivor regions: 13->11(65)
[2026-07-26T12:48:15.721+0200][258847.033s][info][gc,heap       ] GC(11068) Old regions: 1381->1381
[2026-07-26T12:48:15.721+0200][258847.033s][info][gc,heap       ] GC(11068) Humongous regions: 16->16
[2026-07-26T12:48:15.721+0200][258847.033s][info][gc,metaspace  ] GC(11068) Metaspace: 924535K(1395456K)->924535K(1395456K) NonClass: 815690K(1266944K)->815690K(1266944K) Class: 108845K(128512K)->108845K(128512K)
[2026-07-26T12:48:15.721+0200][258847.033s][info][gc            ] GC(11068) Pause Young (Normal) (G1 Evacuation Pause) 1914M->1406M(2159M) 10.676ms
[2026-07-26T12:48:15.721+0200][258847.033s][info][gc,cpu        ] GC(11068) User=0.09s Sys=0.00s Real=0.01s
[2026-07-26T12:48:16.344+0200][258847.656s][info][gc,start      ] GC(11069) Pause Young (Normal) (G1 Evacuation Pause)
[2026-07-26T12:48:16.344+0200][258847.656s][info][gc,task       ] GC(11069) Using 13 workers of 13 for evacuation
[2026-07-26T12:48:16.359+0200][258847.672s][info][gc,phases     ] GC(11069)   Pre Evacuate Collection Set: 0.2ms
[2026-07-26T12:48:16.359+0200][258847.672s][info][gc,phases     ] GC(11069)   Evacuate Collection Set: 8.2ms
[2026-07-26T12:48:16.359+0200][258847.672s][info][gc,phases     ] GC(11069)   Post Evacuate Collection Set: 6.2ms
[2026-07-26T12:48:16.359+0200][258847.672s][info][gc,phases     ] GC(11069)   Other: 0.7ms
[2026-07-26T12:48:16.359+0200][258847.672s][info][gc,heap       ] GC(11069) Eden regions: 510->0(512)
[2026-07-26T12:48:16.359+0200][258847.672s][info][gc,heap       ] GC(11069) Survivor regions: 11->12(66)
[2026-07-26T12:48:16.359+0200][258847.672s][info][gc,heap       ] GC(11069) Old regions: 1381->1381
[2026-07-26T12:48:16.359+0200][258847.672s][info][gc,heap       ] GC(11069) Humongous regions: 16->16
[2026-07-26T12:48:16.359+0200][258847.672s][info][gc,metaspace  ] GC(11069) Metaspace: 924619K(1395712K)->924619K(1395712K) NonClass: 815764K(1267200K)->815764K(1267200K) Class: 108854K(128512K)->108854K(128512K)
[2026-07-26T12:48:16.359+0200][258847.672s][info][gc            ] GC(11069) Pause Young (Normal) (G1 Evacuation Pause) 1916M->1407M(2159M) 15.571ms
[2026-07-26T12:48:16.359+0200][258847.672s][info][gc,cpu        ] GC(11069) User=0.12s Sys=0.00s Real=0.01s
[2026-07-26T12:48:17.122+0200][258848.435s][info][gc,start      ] GC(11070) Pause Young (Normal) (G1 Evacuation Pause)
[2026-07-26T12:48:17.122+0200][258848.435s][info][gc,task       ] GC(11070) Using 13 workers of 13 for evacuation
[2026-07-26T12:48:17.137+0200][258848.450s][info][gc,phases     ] GC(11070)   Pre Evacuate Collection Set: 0.1ms
[2026-07-26T12:48:17.137+0200][258848.450s][info][gc,phases     ] GC(11070)   Evacuate Collection Set: 9.3ms
[2026-07-26T12:48:17.137+0200][258848.450s][info][gc,phases     ] GC(11070)   Post Evacuate Collection Set: 4.9ms
[2026-07-26T12:48:17.137+0200][258848.450s][info][gc,phases     ] GC(11070)   Other: 0.4ms
[2026-07-26T12:48:17.137+0200][258848.450s][info][gc,heap       ] GC(11070) Eden regions: 512->0(511)
[2026-07-26T12:48:17.137+0200][258848.450s][info][gc,heap       ] GC(11070) Survivor regions: 12->14(66)
[2026-07-26T12:48:17.137+0200][258848.450s][info][gc,heap       ] GC(11070) Old regions: 1381->1381
[2026-07-26T12:48:17.137+0200][258848.450s][info][gc,heap       ] GC(11070) Humongous regions: 16->16
[2026-07-26T12:48:17.137+0200][258848.450s][info][gc,metaspace  ] GC(11070) Metaspace: 924619K(1395712K)->924619K(1395712K) NonClass: 815764K(1267200K)->815764K(1267200K) Class: 108854K(128512K)->108854K(128512K)
[2026-07-26T12:48:17.137+0200][258848.450s][info][gc            ] GC(11070) Pause Young (Normal) (G1 Evacuation Pause) 1919M->1409M(2159M) 14.966ms
[2026-07-26T12:48:17.137+0200][258848.450s][info][gc,cpu        ] GC(11070) User=0.12s Sys=0.00s Real=0.02s
[2026-07-26T12:48:38.641+0200][258869.954s][info][gc,start      ] GC(11071) Pause Young (Normal) (G1 Evacuation Pause)
[2026-07-26T12:48:38.641+0200][258869.954s][info][gc,task       ] GC(11071) Using 13 workers of 13 for evacuation
[2026-07-26T12:48:38.649+0200][258869.962s][info][gc,phases     ] GC(11071)   Pre Evacuate Collection Set: 0.1ms
[2026-07-26T12:48:38.649+0200][258869.962s][info][gc,phases     ] GC(11071)   Evacuate Collection Set: 4.4ms
[2026-07-26T12:48:38.649+0200][258869.962s][info][gc,phases     ] GC(11071)   Post Evacuate Collection Set: 3.1ms
[2026-07-26T12:48:38.649+0200][258869.962s][info][gc,phases     ] GC(11071)   Other: 0.3ms
[2026-07-26T12:48:38.649+0200][258869.962s][info][gc,heap       ] GC(11071) Eden regions: 511->0(520)
[2026-07-26T12:48:38.649+0200][258869.962s][info][gc,heap       ] GC(11071) Survivor regions: 14->5(66)
[2026-07-26T12:48:38.649+0200][258869.962s][info][gc,heap       ] GC(11071) Old regions: 1381->1381
[2026-07-26T12:48:38.649+0200][258869.962s][info][gc,heap       ] GC(11071) Humongous regions: 16->16
[2026-07-26T12:48:38.649+0200][258869.962s][info][gc,metaspace  ] GC(11071) Metaspace: 924619K(1395712K)->924619K(1395712K) NonClass: 815764K(1267200K)->815764K(1267200K) Class: 108854K(128512K)->108854K(128512K)
[2026-07-26T12:48:38.649+0200][258869.962s][info][gc            ] GC(11071) Pause Young (Normal) (G1 Evacuation Pause) 1920M->1401M(2159M) 8.078ms
[2026-07-26T12:48:38.649+0200][258869.962s][info][gc,cpu        ] GC(11071) User=0.04s Sys=0.00s Real=0.01s
[2026-07-26T12:50:20.953+0200][258972.266s][info][gc,start      ] GC(11072) Pause Young (Normal) (G1 Evacuation Pause)
[2026-07-26T12:50:20.953+0200][258972.266s][info][gc,task       ] GC(11072) Using 13 workers of 13 for evacuation
[2026-07-26T12:50:20.967+0200][258972.280s][info][gc,phases     ] GC(11072)   Pre Evacuate Collection Set: 0.2ms
[2026-07-26T12:50:20.967+0200][258972.280s][info][gc,phases     ] GC(11072)   Evacuate Collection Set: 6.9ms
[2026-07-26T12:50:20.967+0200][258972.280s][info][gc,phases     ] GC(11072)   Post Evacuate Collection Set: 6.5ms
[2026-07-26T12:50:20.967+0200][258972.280s][info][gc,phases     ] GC(11072)   Other: 0.4ms
[2026-07-26T12:50:20.967+0200][258972.280s][info][gc,heap       ] GC(11072) Eden regions: 520->0(515)
[2026-07-26T12:50:20.967+0200][258972.280s][info][gc,heap       ] GC(11072) Survivor regions: 5->8(66)
[2026-07-26T12:50:20.968+0200][258972.280s][info][gc,heap       ] GC(11072) Old regions: 1381->1381
[2026-07-26T12:50:20.968+0200][258972.280s][info][gc,heap       ] GC(11072) Humongous regions: 16->16
[2026-07-26T12:50:20.968+0200][258972.280s][info][gc,metaspace  ] GC(11072) Metaspace: 924619K(1395712K)->924619K(1395712K) NonClass: 815764K(1267200K)->815764K(1267200K) Class: 108854K(128512K)->108854K(128512K)
[2026-07-26T12:50:20.968+0200][258972.280s][info][gc            ] GC(11072) Pause Young (Normal) (G1 Evacuation Pause) 1921M->1404M(2159M) 14.281ms
[2026-07-26T12:50:20.968+0200][258972.280s][info][gc,cpu        ] GC(11072) User=0.07s Sys=0.01s Real=0.01s
[2026-07-26T12:50:21.889+0200][258973.202s][info][gc,start      ] GC(11073) Pause Young (Normal) (G1 Evacuation Pause)
[2026-07-26T12:50:21.889+0200][258973.202s][info][gc,task       ] GC(11073) Using 13 workers of 13 for evacuation
[2026-07-26T12:50:21.900+0200][258973.213s][info][gc,phases     ] GC(11073)   Pre Evacuate Collection Set: 0.1ms
[2026-07-26T12:50:21.900+0200][258973.213s][info][gc,phases     ] GC(11073)   Evacuate Collection Set: 5.5ms
[2026-07-26T12:50:21.900+0200][258973.213s][info][gc,phases     ] GC(11073)   Post Evacuate Collection Set: 4.6ms
[2026-07-26T12:50:21.900+0200][258973.213s][info][gc,phases     ] GC(11073)   Other: 0.5ms
[2026-07-26T12:50:21.900+0200][258973.213s][info][gc,heap       ] GC(11073) Eden regions: 515->0(518)
[2026-07-26T12:50:21.900+0200][258973.213s][info][gc,heap       ] GC(11073) Survivor regions: 8->7(66)
[2026-07-26T12:50:21.900+0200][258973.213s][info][gc,heap       ] GC(11073) Old regions: 1381->1381
[2026-07-26T12:50:21.900+0200][258973.213s][info][gc,heap       ] GC(11073) Humongous regions: 16->16
[2026-07-26T12:50:21.900+0200][258973.213s][info][gc,metaspace  ] GC(11073) Metaspace: 924619K(1395712K)->924619K(1395712K) NonClass: 815764K(1267200K)->815764K(1267200K) Class: 108854K(128512K)->108854K(128512K)
[2026-07-26T12:50:21.900+0200][258973.213s][info][gc            ] GC(11073) Pause Young (Normal) (G1 Evacuation Pause) 1919M->1403M(2159M) 10.923ms
[2026-07-26T12:50:21.900+0200][258973.213s][info][gc,cpu        ] GC(11073) User=0.07s Sys=0.00s Real=0.01s
[2026-07-26T12:50:22.547+0200][258973.860s][info][gc,start      ] GC(11074) Pause Young (Normal) (G1 Evacuation Pause)
[2026-07-26T12:50:22.548+0200][258973.860s][info][gc,task       ] GC(11074) Using 13 workers of 13 for evacuation
[2026-07-26T12:50:22.560+0200][258973.873s][info][gc,phases     ] GC(11074)   Pre Evacuate Collection Set: 0.2ms
[2026-07-26T12:50:22.560+0200][258973.873s][info][gc,phases     ] GC(11074)   Evacuate Collection Set: 6.5ms
[2026-07-26T12:50:22.560+0200][258973.873s][info][gc,phases     ] GC(11074)   Post Evacuate Collection Set: 5.2ms
[2026-07-26T12:50:22.560+0200][258973.873s][info][gc,phases     ] GC(11074)   Other: 0.7ms
[2026-07-26T12:50:22.560+0200][258973.873s][info][gc,heap       ] GC(11074) Eden regions: 518->0(521)
[2026-07-26T12:50:22.560+0200][258973.873s][info][gc,heap       ] GC(11074) Survivor regions: 7->7(66)
[2026-07-26T12:50:22.560+0200][258973.873s][info][gc,heap       ] GC(11074) Old regions: 1381->1381
[2026-07-26T12:50:22.560+0200][258973.873s][info][gc,heap       ] GC(11074) Humongous regions: 16->16
[2026-07-26T12:50:22.560+0200][258973.873s][info][gc,metaspace  ] GC(11074) Metaspace: 924619K(1395712K)->924619K(1395712K) NonClass: 815764K(1267200K)->815764K(1267200K) Class: 108854K(128512K)->108854K(128512K)
[2026-07-26T12:50:22.560+0200][258973.873s][info][gc            ] GC(11074) Pause Young (Normal) (G1 Evacuation Pause) 1921M->1403M(2159M) 12.934ms
[2026-07-26T12:50:22.560+0200][258973.873s][info][gc,cpu        ] GC(11074) User=0.08s Sys=0.00s Real=0.01s
[2026-07-26T12:50:26.069+0200][258977.382s][info][gc,start      ] GC(11075) Pause Young (Normal) (G1 Evacuation Pause)
[2026-07-26T12:50:26.069+0200][258977.382s][info][gc,task       ] GC(11075) Using 13 workers of 13 for evacuation
[2026-07-26T12:50:26.080+0200][258977.393s][info][gc,phases     ] GC(11075)   Pre Evacuate Collection Set: 0.2ms
[2026-07-26T12:50:26.080+0200][258977.393s][info][gc,phases     ] GC(11075)   Evacuate Collection Set: 4.9ms
[2026-07-26T12:50:26.080+0200][258977.393s][info][gc,phases     ] GC(11075)   Post Evacuate Collection Set: 5.4ms
[2026-07-26T12:50:26.080+0200][258977.393s][info][gc,phases     ] GC(11075)   Other: 0.7ms
[2026-07-26T12:50:26.080+0200][258977.393s][info][gc,heap       ] GC(11075) Eden regions: 521->0(523)
[2026-07-26T12:50:26.080+0200][258977.393s][info][gc,heap       ] GC(11075) Survivor regions: 7->5(66)
[2026-07-26T12:50:26.080+0200][258977.393s][info][gc,heap       ] GC(11075) Old regions: 1381->1381
[2026-07-26T12:50:26.080+0200][258977.393s][info][gc,heap       ] GC(11075) Humongous regions: 16->16
[2026-07-26T12:50:26.080+0200][258977.393s][info][gc,metaspace  ] GC(11075) Metaspace: 924619K(1395712K)->924619K(1395712K) NonClass: 815764K(1267200K)->815764K(1267200K) Class: 108854K(128512K)->108854K(128512K)
[2026-07-26T12:50:26.081+0200][258977.393s][info][gc            ] GC(11075) Pause Young (Normal) (G1 Evacuation Pause) 1924M->1401M(2159M) 11.372ms
[2026-07-26T12:50:26.081+0200][258977.393s][info][gc,cpu        ] GC(11075) User=0.07s Sys=0.00s Real=0.01s
[2026-07-26T12:51:58.689+0200][259070.002s][info][gc,start      ] GC(11076) Pause Young (Normal) (G1 Evacuation Pause)
[2026-07-26T12:51:58.689+0200][259070.002s][info][gc,task       ] GC(11076) Using 13 workers of 13 for evacuation
[2026-07-26T12:51:58.698+0200][259070.010s][info][gc,phases     ] GC(11076)   Pre Evacuate Collection Set: 0.2ms
[2026-07-26T12:51:58.698+0200][259070.010s][info][gc,phases     ] GC(11076)   Evacuate Collection Set: 5.0ms
[2026-07-26T12:51:58.698+0200][259070.010s][info][gc,phases     ] GC(11076)   Post Evacuate Collection Set: 3.1ms
[2026-07-26T12:51:58.698+0200][259070.010s][info][gc,phases     ] GC(11076)   Other: 0.5ms
[2026-07-26T12:51:58.698+0200][259070.010s][info][gc,heap       ] GC(11076) Eden regions: 523->0(520)
[2026-07-26T12:51:58.698+0200][259070.010s][info][gc,heap       ] GC(11076) Survivor regions: 5->7(66)
[2026-07-26T12:51:58.698+0200][259070.010s][info][gc,heap       ] GC(11076) Old regions: 1381->1381
[2026-07-26T12:51:58.698+0200][259070.010s][info][gc,heap       ] GC(11076) Humongous regions: 16->16
[2026-07-26T12:51:58.698+0200][259070.011s][info][gc,metaspace  ] GC(11076) Metaspace: 924619K(1395712K)->924619K(1395712K) NonClass: 815764K(1267200K)->815764K(1267200K) Class: 108854K(128512K)->108854K(128512K)
[2026-07-26T12:51:58.698+0200][259070.011s][info][gc            ] GC(11076) Pause Young (Normal) (G1 Evacuation Pause) 1924M->1403M(2159M) 8.970ms
[2026-07-26T12:51:58.698+0200][259070.011s][info][gc,cpu        ] GC(11076) User=0.07s Sys=0.00s Real=0.01s
[2026-07-26T12:51:59.281+0200][259070.594s][info][gc,start      ] GC(11077) Pause Young (Normal) (G1 Evacuation Pause)
[2026-07-26T12:51:59.282+0200][259070.594s][info][gc,task       ] GC(11077) Using 13 workers of 13 for evacuation
[2026-07-26T12:51:59.289+0200][259070.602s][info][gc,phases     ] GC(11077)   Pre Evacuate Collection Set: 0.1ms
[2026-07-26T12:51:59.289+0200][259070.602s][info][gc,phases     ] GC(11077)   Evacuate Collection Set: 4.4ms
[2026-07-26T12:51:59.289+0200][259070.602s][info][gc,phases     ] GC(11077)   Post Evacuate Collection Set: 2.9ms
[2026-07-26T12:51:59.289+0200][259070.602s][info][gc,phases     ] GC(11077)   Other: 0.3ms
[2026-07-26T12:51:59.289+0200][259070.602s][info][gc,heap       ] GC(11077) Eden regions: 520->0(523)
[2026-07-26T12:51:59.289+0200][259070.602s][info][gc,heap       ] GC(11077) Survivor regions: 7->5(66)
[2026-07-26T12:51:59.289+0200][259070.602s][info][gc,heap       ] GC(11077) Old regions: 1381->1381
[2026-07-26T12:51:59.289+0200][259070.602s][info][gc,heap       ] GC(11077) Humongous regions: 16->16
[2026-07-26T12:51:59.289+0200][259070.602s][info][gc,metaspace  ] GC(11077) Metaspace: 924619K(1395712K)->924619K(1395712K) NonClass: 815764K(1267200K)->815764K(1267200K) Class: 108854K(128512K)->108854K(128512K)
[2026-07-26T12:51:59.289+0200][259070.602s][info][gc            ] GC(11077) Pause Young (Normal) (G1 Evacuation Pause) 1923M->1401M(2159M) 7.808ms
[2026-07-26T12:51:59.289+0200][259070.602s][info][gc,cpu        ] GC(11077) User=0.06s Sys=0.00s Real=0.01s
[2026-07-26T12:53:38.478+0200][259169.791s][info][gc,start      ] GC(11078) Pause Young (Normal) (G1 Evacuation Pause)
[2026-07-26T12:53:38.478+0200][259169.791s][info][gc,task       ] GC(11078) Using 13 workers of 13 for evacuation
[2026-07-26T12:53:38.489+0200][259169.801s][info][gc,phases     ] GC(11078)   Pre Evacuate Collection Set: 0.1ms
[2026-07-26T12:53:38.489+0200][259169.801s][info][gc,phases     ] GC(11078)   Evacuate Collection Set: 4.8ms
[2026-07-26T12:53:38.489+0200][259169.801s][info][gc,phases     ] GC(11078)   Post Evacuate Collection Set: 4.7ms
[2026-07-26T12:53:38.489+0200][259169.801s][info][gc,phases     ] GC(11078)   Other: 0.7ms
[2026-07-26T12:53:38.489+0200][259169.801s][info][gc,heap       ] GC(11078) Eden regions: 523->0(505)
[2026-07-26T12:53:38.489+0200][259169.801s][info][gc,heap       ] GC(11078) Survivor regions: 5->6(66)
[2026-07-26T12:53:38.489+0200][259169.801s][info][gc,heap       ] GC(11078) Old regions: 1381->1381
[2026-07-26T12:53:38.489+0200][259169.801s][info][gc,heap       ] GC(11078) Humongous regions: 39->34
[2026-07-26T12:53:38.489+0200][259169.801s][info][gc,metaspace  ] GC(11078) Metaspace: 924623K(1395712K)->924623K(1395712K) NonClass: 815768K(1267200K)->815768K(1267200K) Class: 108854K(128512K)->108854K(128512K)
[2026-07-26T12:53:38.489+0200][259169.801s][info][gc            ] GC(11078) Pause Young (Normal) (G1 Evacuation Pause) 1947M->1420M(2159M) 10.509ms
[2026-07-26T12:53:38.489+0200][259169.801s][info][gc,cpu        ] GC(11078) User=0.07s Sys=0.00s Real=0.01s
[2026-07-26T12:54:21.403+0200][259212.716s][info][gc,start      ] GC(11079) Pause Young (Normal) (G1 Evacuation Pause)
[2026-07-26T12:54:21.403+0200][259212.716s][info][gc,task       ] GC(11079) Using 13 workers of 13 for evacuation
[2026-07-26T12:54:21.415+0200][259212.728s][info][gc,phases     ] GC(11079)   Pre Evacuate Collection Set: 0.1ms
[2026-07-26T12:54:21.415+0200][259212.728s][info][gc,phases     ] GC(11079)   Evacuate Collection Set: 6.5ms
[2026-07-26T12:54:21.415+0200][259212.728s][info][gc,phases     ] GC(11079)   Post Evacuate Collection Set: 5.1ms
[2026-07-26T12:54:21.416+0200][259212.728s][info][gc,phases     ] GC(11079)   Other: 0.5ms
[2026-07-26T12:54:21.416+0200][259212.728s][info][gc,heap       ] GC(11079) Eden regions: 505->0(519)
[2026-07-26T12:54:21.416+0200][259212.728s][info][gc,heap       ] GC(11079) Survivor regions: 6->8(64)
[2026-07-26T12:54:21.416+0200][259212.728s][info][gc,heap       ] GC(11079) Old regions: 1381->1381
[2026-07-26T12:54:21.416+0200][259212.728s][info][gc,heap       ] GC(11079) Humongous regions: 66->16
[2026-07-26T12:54:21.416+0200][259212.728s][info][gc,metaspace  ] GC(11079) Metaspace: 924627K(1395712K)->924627K(1395712K) NonClass: 815771K(1267200K)->815771K(1267200K) Class: 108855K(128512K)->108855K(128512K)
[2026-07-26T12:54:21.416+0200][259212.728s][info][gc            ] GC(11079) Pause Young (Normal) (G1 Evacuation Pause) 1957M->1404M(2159M) 12.490ms
[2026-07-26T12:54:21.416+0200][259212.728s][info][gc,cpu        ] GC(11079) User=0.08s Sys=0.00s Real=0.01s
[2026-07-26T12:54:22.188+0200][259213.500s][info][gc,start      ] GC(11080) Pause Young (Normal) (G1 Evacuation Pause)
[2026-07-26T12:54:22.188+0200][259213.500s][info][gc,task       ] GC(11080) Using 13 workers of 13 for evacuation
[2026-07-26T12:54:22.197+0200][259213.510s][info][gc,phases     ] GC(11080)   Pre Evacuate Collection Set: 0.1ms
[2026-07-26T12:54:22.197+0200][259213.510s][info][gc,phases     ] GC(11080)   Evacuate Collection Set: 5.2ms
[2026-07-26T12:54:22.197+0200][259213.510s][info][gc,phases     ] GC(11080)   Post Evacuate Collection Set: 3.7ms
[2026-07-26T12:54:22.197+0200][259213.510s][info][gc,phases     ] GC(11080)   Other: 0.3ms
[2026-07-26T12:54:22.197+0200][259213.510s][info][gc,heap       ] GC(11080) Eden regions: 519->0(522)
[2026-07-26T12:54:22.197+0200][259213.510s][info][gc,heap       ] GC(11080) Survivor regions: 8->7(66)
[2026-07-26T12:54:22.197+0200][259213.510s][info][gc,heap       ] GC(11080) Old regions: 1381->1381
[2026-07-26T12:54:22.197+0200][259213.510s][info][gc,heap       ] GC(11080) Humongous regions: 16->16
[2026-07-26T12:54:22.197+0200][259213.510s][info][gc,metaspace  ] GC(11080) Metaspace: 924627K(1395712K)->924627K(1395712K) NonClass: 815771K(1267200K)->815771K(1267200K) Class: 108855K(128512K)->108855K(128512K)
[2026-07-26T12:54:22.197+0200][259213.510s][info][gc            ] GC(11080) Pause Young (Normal) (G1 Evacuation Pause) 1923M->1403M(2159M) 9.500ms
[2026-07-26T12:54:22.197+0200][259213.510s][info][gc,cpu        ] GC(11080) User=0.06s Sys=0.00s Real=0.01s
[2026-07-26T12:54:25.653+0200][259216.965s][info][gc,start      ] GC(11081) Pause Young (Normal) (G1 Evacuation Pause)
[2026-07-26T12:54:25.653+0200][259216.965s][info][gc,task       ] GC(11081) Using 13 workers of 13 for evacuation
[2026-07-26T12:54:25.665+0200][259216.978s][info][gc,phases     ] GC(11081)   Pre Evacuate Collection Set: 0.1ms
[2026-07-26T12:54:25.665+0200][259216.978s][info][gc,phases     ] GC(11081)   Evacuate Collection Set: 6.3ms
[2026-07-26T12:54:25.665+0200][259216.978s][info][gc,phases     ] GC(11081)   Post Evacuate Collection Set: 5.8ms
[2026-07-26T12:54:25.665+0200][259216.978s][info][gc,phases     ] GC(11081)   Other: 0.7ms
[2026-07-26T12:54:25.665+0200][259216.978s][info][gc,heap       ] GC(11081) Eden regions: 522->0(521)
[2026-07-26T12:54:25.665+0200][259216.978s][info][gc,heap       ] GC(11081) Survivor regions: 7->7(67)
[2026-07-26T12:54:25.666+0200][259216.978s][info][gc,heap       ] GC(11081) Old regions: 1381->1381
[2026-07-26T12:54:25.666+0200][259216.978s][info][gc,heap       ] GC(11081) Humongous regions: 16->16
[2026-07-26T12:54:25.666+0200][259216.978s][info][gc,metaspace  ] GC(11081) Metaspace: 924628K(1395712K)->924628K(1395712K) NonClass: 815773K(1267200K)->815773K(1267200K) Class: 108855K(128512K)->108855K(128512K)
[2026-07-26T12:54:25.666+0200][259216.978s][info][gc            ] GC(11081) Pause Young (Normal) (G1 Evacuation Pause) 1925M->1403M(2159M) 13.109ms
[2026-07-26T12:54:25.666+0200][259216.978s][info][gc,cpu        ] GC(11081) User=0.08s Sys=0.00s Real=0.02s
[2026-07-26T12:54:39.056+0200][259230.369s][info][gc,start      ] GC(11082) Pause Young (Normal) (G1 Evacuation Pause)
[2026-07-26T12:54:39.056+0200][259230.369s][info][gc,task       ] GC(11082) Using 13 workers of 13 for evacuation
[2026-07-26T12:54:39.064+0200][259230.376s][info][gc,phases     ] GC(11082)   Pre Evacuate Collection Set: 0.1ms
[2026-07-26T12:54:39.064+0200][259230.376s][info][gc,phases     ] GC(11082)   Evacuate Collection Set: 4.3ms
[2026-07-26T12:54:39.064+0200][259230.376s][info][gc,phases     ] GC(11082)   Post Evacuate Collection Set: 3.0ms
[2026-07-26T12:54:39.064+0200][259230.376s][info][gc,phases     ] GC(11082)   Other: 0.3ms
[2026-07-26T12:54:39.064+0200][259230.376s][info][gc,heap       ] GC(11082) Eden regions: 521->0(527)
[2026-07-26T12:54:39.064+0200][259230.376s][info][gc,heap       ] GC(11082) Survivor regions: 7->4(66)
[2026-07-26T12:54:39.064+0200][259230.376s][info][gc,heap       ] GC(11082) Old regions: 1381->1381
[2026-07-26T12:54:39.064+0200][259230.376s][info][gc,heap       ] GC(11082) Humongous regions: 16->16
[2026-07-26T12:54:39.064+0200][259230.376s][info][gc,metaspace  ] GC(11082) Metaspace: 924628K(1395712K)->924628K(1395712K) NonClass: 815773K(1267200K)->815773K(1267200K) Class: 108855K(128512K)->108855K(128512K)
[2026-07-26T12:54:39.064+0200][259230.377s][info][gc            ] GC(11082) Pause Young (Normal) (G1 Evacuation Pause) 1924M->1400M(2159M) 7.773ms
[2026-07-26T12:54:39.064+0200][259230.377s][info][gc,cpu        ] GC(11082) User=0.05s Sys=0.00s Real=0.01s
[2026-07-26T12:54:48.147+0200][259239.460s][info][gc,start      ] GC(11083) Pause Young (Normal) (G1 Evacuation Pause)
[2026-07-26T12:54:48.148+0200][259239.460s][info][gc,task       ] GC(11083) Using 13 workers of 13 for evacuation
[2026-07-26T12:54:48.157+0200][259239.469s][info][gc,phases     ] GC(11083)   Pre Evacuate Collection Set: 0.1ms
[2026-07-26T12:54:48.157+0200][259239.469s][info][gc,phases     ] GC(11083)   Evacuate Collection Set: 5.7ms
[2026-07-26T12:54:48.157+0200][259239.469s][info][gc,phases     ] GC(11083)   Post Evacuate Collection Set: 3.1ms
[2026-07-26T12:54:48.157+0200][259239.469s][info][gc,phases     ] GC(11083)   Other: 0.3ms
[2026-07-26T12:54:48.157+0200][259239.469s][info][gc,heap       ] GC(11083) Eden regions: 527->0(521)
[2026-07-26T12:54:48.157+0200][259239.469s][info][gc,heap       ] GC(11083) Survivor regions: 4->8(67)
[2026-07-26T12:54:48.157+0200][259239.469s][info][gc,heap       ] GC(11083) Old regions: 1381->1382
[2026-07-26T12:54:48.157+0200][259239.469s][info][gc,heap       ] GC(11083) Humongous regions: 16->16
[2026-07-26T12:54:48.157+0200][259239.469s][info][gc,metaspace  ] GC(11083) Metaspace: 924628K(1395712K)->924628K(1395712K) NonClass: 815773K(1267200K)->815773K(1267200K) Class: 108855K(128512K)->108855K(128512K)
[2026-07-26T12:54:48.157+0200][259239.469s][info][gc            ] GC(11083) Pause Young (Normal) (G1 Evacuation Pause) 1927M->1404M(2159M) 9.305ms
[2026-07-26T12:54:48.157+0200][259239.469s][info][gc,cpu        ] GC(11083) User=0.08s Sys=0.00s Real=0.01s
[2026-07-26T12:55:23.078+0200][259274.391s][info][gc,start      ] GC(11084) Pause Young (Normal) (G1 Evacuation Pause)
[2026-07-26T12:55:23.078+0200][259274.391s][info][gc,task       ] GC(11084) Using 13 workers of 13 for evacuation
[2026-07-26T12:55:23.089+0200][259274.401s][info][gc,phases     ] GC(11084)   Pre Evacuate Collection Set: 0.1ms
[2026-07-26T12:55:23.089+0200][259274.401s][info][gc,phases     ] GC(11084)   Evacuate Collection Set: 6.9ms
[2026-07-26T12:55:23.089+0200][259274.401s][info][gc,phases     ] GC(11084)   Post Evacuate Collection Set: 2.9ms
[2026-07-26T12:55:23.089+0200][259274.401s][info][gc,phases     ] GC(11084)   Other: 0.5ms
[2026-07-26T12:55:23.089+0200][259274.401s][info][gc,heap       ] GC(11084) Eden regions: 521->0(520)
[2026-07-26T12:55:23.089+0200][259274.401s][info][gc,heap       ] GC(11084) Survivor regions: 8->8(67)
[2026-07-26T12:55:23.089+0200][259274.401s][info][gc,heap       ] GC(11084) Old regions: 1382->1382
[2026-07-26T12:55:23.089+0200][259274.401s][info][gc,heap       ] GC(11084) Humongous regions: 16->16
[2026-07-26T12:55:23.089+0200][259274.401s][info][gc,metaspace  ] GC(11084) Metaspace: 924628K(1395712K)->924628K(1395712K) NonClass: 815773K(1267200K)->815773K(1267200K) Class: 108855K(128512K)->108855K(128512K)
[2026-07-26T12:55:23.089+0200][259274.401s][info][gc            ] GC(11084) Pause Young (Normal) (G1 Evacuation Pause) 1925M->1404M(2159M) 10.647ms
[2026-07-26T12:55:23.089+0200][259274.402s][info][gc,cpu        ] GC(11084) User=0.08s Sys=0.00s Real=0.01s
[2026-07-26T12:55:23.751+0200][259275.063s][info][gc,start      ] GC(11085) Pause Young (Normal) (G1 Evacuation Pause)
[2026-07-26T12:55:23.751+0200][259275.064s][info][gc,task       ] GC(11085) Using 13 workers of 13 for evacuation
[2026-07-26T12:55:23.761+0200][259275.074s][info][gc,phases     ] GC(11085)   Pre Evacuate Collection Set: 0.1ms
[2026-07-26T12:55:23.761+0200][259275.074s][info][gc,phases     ] GC(11085)   Evacuate Collection Set: 6.3ms
[2026-07-26T12:55:23.761+0200][259275.074s][info][gc,phases     ] GC(11085)   Post Evacuate Collection Set: 3.6ms
[2026-07-26T12:55:23.761+0200][259275.074s][info][gc,phases     ] GC(11085)   Other: 0.3ms
[2026-07-26T12:55:23.761+0200][259275.074s][info][gc,heap       ] GC(11085) Eden regions: 520->0(522)
[2026-07-26T12:55:23.761+0200][259275.074s][info][gc,heap       ] GC(11085) Survivor regions: 8->7(66)
[2026-07-26T12:55:23.761+0200][259275.074s][info][gc,heap       ] GC(11085) Old regions: 1382->1382
[2026-07-26T12:55:23.761+0200][259275.074s][info][gc,heap       ] GC(11085) Humongous regions: 16->16
[2026-07-26T12:55:23.761+0200][259275.074s][info][gc,metaspace  ] GC(11085) Metaspace: 924628K(1395712K)->924628K(1395712K) NonClass: 815773K(1267200K)->815773K(1267200K) Class: 108855K(128512K)->108855K(128512K)
[2026-07-26T12:55:23.761+0200][259275.074s][info][gc            ] GC(11085) Pause Young (Normal) (G1 Evacuation Pause) 1924M->1403M(2159M) 10.436ms
[2026-07-26T12:55:23.761+0200][259275.074s][info][gc,cpu        ] GC(11085) User=0.07s Sys=0.00s Real=0.01s
[2026-07-26T12:57:09.030+0200][259380.342s][info][gc,start      ] GC(11086) Pause Young (Normal) (G1 Evacuation Pause)
[2026-07-26T12:57:09.030+0200][259380.342s][info][gc,task       ] GC(11086) Using 13 workers of 13 for evacuation
[2026-07-26T12:57:09.037+0200][259380.350s][info][gc,phases     ] GC(11086)   Pre Evacuate Collection Set: 0.1ms
[2026-07-26T12:57:09.037+0200][259380.350s][info][gc,phases     ] GC(11086)   Evacuate Collection Set: 4.2ms
[2026-07-26T12:57:09.037+0200][259380.350s][info][gc,phases     ] GC(11086)   Post Evacuate Collection Set: 3.1ms
[2026-07-26T12:57:09.037+0200][259380.350s][info][gc,phases     ] GC(11086)   Other: 0.4ms
[2026-07-26T12:57:09.037+0200][259380.350s][info][gc,heap       ] GC(11086) Eden regions: 522->0(527)
[2026-07-26T12:57:09.037+0200][259380.350s][info][gc,heap       ] GC(11086) Survivor regions: 7->4(67)
[2026-07-26T12:57:09.037+0200][259380.350s][info][gc,heap       ] GC(11086) Old regions: 1382->1382
[2026-07-26T12:57:09.037+0200][259380.350s][info][gc,heap       ] GC(11086) Humongous regions: 16->16
[2026-07-26T12:57:09.038+0200][259380.350s][info][gc,metaspace  ] GC(11086) Metaspace: 924628K(1395712K)->924628K(1395712K) NonClass: 815773K(1267200K)->815773K(1267200K) Class: 108855K(128512K)->108855K(128512K)
[2026-07-26T12:57:09.038+0200][259380.350s][info][gc            ] GC(11086) Pause Young (Normal) (G1 Evacuation Pause) 1925M->1400M(2159M) 7.956ms
[2026-07-26T12:57:09.038+0200][259380.350s][info][gc,cpu        ] GC(11086) User=0.05s Sys=0.00s Real=0.01s
[2026-07-26T13:00:10.275+0200][259561.588s][info][gc,start      ] GC(11087) Pause Young (Normal) (G1 Evacuation Pause)
[2026-07-26T13:00:10.275+0200][259561.588s][info][gc,task       ] GC(11087) Using 13 workers of 13 for evacuation
[2026-07-26T13:00:10.294+0200][259561.607s][info][gc,phases     ] GC(11087)   Pre Evacuate Collection Set: 0.1ms
[2026-07-26T13:00:10.295+0200][259561.607s][info][gc,phases     ] GC(11087)   Evacuate Collection Set: 7.2ms
[2026-07-26T13:00:10.295+0200][259561.607s][info][gc,phases     ] GC(11087)   Post Evacuate Collection Set: 11.8ms
[2026-07-26T13:00:10.295+0200][259561.607s][info][gc,phases     ] GC(11087)   Other: 0.6ms
[2026-07-26T13:00:10.295+0200][259561.607s][info][gc,heap       ] GC(11087) Eden regions: 527->0(525)
[2026-07-26T13:00:10.295+0200][259561.607s][info][gc,heap       ] GC(11087) Survivor regions: 4->6(67)
[2026-07-26T13:00:10.295+0200][259561.607s][info][gc,heap       ] GC(11087) Old regions: 1382->1382
[2026-07-26T13:00:10.295+0200][259561.607s][info][gc,heap       ] GC(11087) Humongous regions: 16->16
[2026-07-26T13:00:10.295+0200][259561.607s][info][gc,metaspace  ] GC(11087) Metaspace: 924628K(1395712K)->924628K(1395712K) NonClass: 815773K(1267200K)->815773K(1267200K) Class: 108855K(128512K)->108855K(128512K)
[2026-07-26T13:00:10.295+0200][259561.607s][info][gc            ] GC(11087) Pause Young (Normal) (G1 Evacuation Pause) 1927M->1402M(2159M) 19.935ms
[2026-07-26T13:00:10.295+0200][259561.608s][info][gc,cpu        ] GC(11087) User=0.11s Sys=0.00s Real=0.02s
[2026-07-26T13:00:11.514+0200][259562.826s][info][gc,start      ] GC(11088) Pause Young (Normal) (G1 Evacuation Pause)
[2026-07-26T13:00:11.514+0200][259562.827s][info][gc,task       ] GC(11088) Using 13 workers of 13 for evacuation
[2026-07-26T13:00:11.525+0200][259562.838s][info][gc,phases     ] GC(11088)   Pre Evacuate Collection Set: 0.1ms
[2026-07-26T13:00:11.525+0200][259562.838s][info][gc,phases     ] GC(11088)   Evacuate Collection Set: 6.5ms
[2026-07-26T13:00:11.525+0200][259562.838s][info][gc,phases     ] GC(11088)   Post Evacuate Collection Set: 3.9ms
[2026-07-26T13:00:11.525+0200][259562.838s][info][gc,phases     ] GC(11088)   Other: 0.5ms
[2026-07-26T13:00:11.525+0200][259562.838s][info][gc,heap       ] GC(11088) Eden regions: 525->0(523)
[2026-07-26T13:00:11.525+0200][259562.838s][info][gc,heap       ] GC(11088) Survivor regions: 6->8(67)
[2026-07-26T13:00:11.525+0200][259562.838s][info][gc,heap       ] GC(11088) Old regions: 1382->1382
[2026-07-26T13:00:11.525+0200][259562.838s][info][gc,heap       ] GC(11088) Humongous regions: 16->16
[2026-07-26T13:00:11.525+0200][259562.838s][info][gc,metaspace  ] GC(11088) Metaspace: 924628K(1395712K)->924628K(1395712K) NonClass: 815773K(1267200K)->815773K(1267200K) Class: 108855K(128512K)->108855K(128512K)
[2026-07-26T13:00:11.525+0200][259562.838s][info][gc            ] GC(11088) Pause Young (Normal) (G1 Evacuation Pause) 1927M->1404M(2159M) 11.253ms
[2026-07-26T13:00:11.525+0200][259562.838s][info][gc,cpu        ] GC(11088) User=0.08s Sys=0.00s Real=0.01s
[2026-07-26T13:01:59.723+0200][259671.035s][info][gc,start      ] GC(11089) Pause Young (Normal) (G1 Evacuation Pause)
[2026-07-26T13:01:59.723+0200][259671.035s][info][gc,task       ] GC(11089) Using 13 workers of 13 for evacuation
[2026-07-26T13:01:59.731+0200][259671.044s][info][gc,phases     ] GC(11089)   Pre Evacuate Collection Set: 0.1ms
[2026-07-26T13:01:59.731+0200][259671.044s][info][gc,phases     ] GC(11089)   Evacuate Collection Set: 4.8ms
[2026-07-26T13:01:59.732+0200][259671.044s][info][gc,phases     ] GC(11089)   Post Evacuate Collection Set: 3.6ms
[2026-07-26T13:01:59.732+0200][259671.044s][info][gc,phases     ] GC(11089)   Other: 0.3ms
[2026-07-26T13:01:59.732+0200][259671.044s][info][gc,heap       ] GC(11089) Eden regions: 523->0(525)
[2026-07-26T13:01:59.732+0200][259671.044s][info][gc,heap       ] GC(11089) Survivor regions: 8->6(67)
[2026-07-26T13:01:59.732+0200][259671.044s][info][gc,heap       ] GC(11089) Old regions: 1382->1382
[2026-07-26T13:01:59.732+0200][259671.044s][info][gc,heap       ] GC(11089) Humongous regions: 16->16
[2026-07-26T13:01:59.732+0200][259671.044s][info][gc,metaspace  ] GC(11089) Metaspace: 924677K(1395968K)->924677K(1395968K) NonClass: 815815K(1267456K)->815815K(1267456K) Class: 108862K(128512K)->108862K(128512K)
[2026-07-26T13:01:59.732+0200][259671.044s][info][gc            ] GC(11089) Pause Young (Normal) (G1 Evacuation Pause) 1927M->1403M(2159M) 8.884ms
[2026-07-26T13:01:59.732+0200][259671.044s][info][gc,cpu        ] GC(11089) User=0.06s Sys=0.00s Real=0.01s
[2026-07-26T13:03:59.640+0200][259790.953s][info][gc,start      ] GC(11090) Pause Young (Normal) (G1 Evacuation Pause)
[2026-07-26T13:03:59.640+0200][259790.953s][info][gc,task       ] GC(11090) Using 13 workers of 13 for evacuation
[2026-07-26T13:03:59.653+0200][259790.966s][info][gc,phases     ] GC(11090)   Pre Evacuate Collection Set: 0.1ms
[2026-07-26T13:03:59.653+0200][259790.966s][info][gc,phases     ] GC(11090)   Evacuate Collection Set: 8.1ms
[2026-07-26T13:03:59.653+0200][259790.966s][info][gc,phases     ] GC(11090)   Post Evacuate Collection Set: 4.5ms
[2026-07-26T13:03:59.653+0200][259790.966s][info][gc,phases     ] GC(11090)   Other: 0.4ms
[2026-07-26T13:03:59.653+0200][259790.966s][info][gc,heap       ] GC(11090) Eden regions: 525->0(513)
[2026-07-26T13:03:59.653+0200][259790.966s][info][gc,heap       ] GC(11090) Survivor regions: 6->12(67)
[2026-07-26T13:03:59.653+0200][259790.966s][info][gc,heap       ] GC(11090) Old regions: 1382->1382
[2026-07-26T13:03:59.653+0200][259790.966s][info][gc,heap       ] GC(11090) Humongous regions: 16->16
[2026-07-26T13:03:59.653+0200][259790.966s][info][gc,metaspace  ] GC(11090) Metaspace: 924711K(1395968K)->924711K(1395968K) NonClass: 815843K(1267456K)->815843K(1267456K) Class: 108867K(128512K)->108867K(128512K)
[2026-07-26T13:03:59.653+0200][259790.966s][info][gc            ] GC(11090) Pause Young (Normal) (G1 Evacuation Pause) 1928M->1408M(2159M) 13.127ms
[2026-07-26T13:03:59.653+0200][259790.966s][info][gc,cpu        ] GC(11090) User=0.11s Sys=0.00s Real=0.02s
[2026-07-26T13:04:00.335+0200][259791.648s][info][gc,start      ] GC(11091) Pause Young (Normal) (G1 Evacuation Pause)
[2026-07-26T13:04:00.335+0200][259791.648s][info][gc,task       ] GC(11091) Using 13 workers of 13 for evacuation
[2026-07-26T13:04:00.347+0200][259791.660s][info][gc,phases     ] GC(11091)   Pre Evacuate Collection Set: 0.1ms
[2026-07-26T13:04:00.347+0200][259791.660s][info][gc,phases     ] GC(11091)   Evacuate Collection Set: 8.3ms
[2026-07-26T13:04:00.347+0200][259791.660s][info][gc,phases     ] GC(11091)   Post Evacuate Collection Set: 3.6ms
[2026-07-26T13:04:00.347+0200][259791.660s][info][gc,phases     ] GC(11091)   Other: 0.3ms
[2026-07-26T13:04:00.347+0200][259791.660s][info][gc,heap       ] GC(11091) Eden regions: 513->0(514)
[2026-07-26T13:04:00.347+0200][259791.660s][info][gc,heap       ] GC(11091) Survivor regions: 12->12(66)
[2026-07-26T13:04:00.347+0200][259791.660s][info][gc,heap       ] GC(11091) Old regions: 1382->1382
[2026-07-26T13:04:00.347+0200][259791.660s][info][gc,heap       ] GC(11091) Humongous regions: 16->16
[2026-07-26T13:04:00.347+0200][259791.660s][info][gc,metaspace  ] GC(11091) Metaspace: 924711K(1395968K)->924711K(1395968K) NonClass: 815843K(1267456K)->815843K(1267456K) Class: 108867K(128512K)->108867K(128512K)
[2026-07-26T13:04:00.347+0200][259791.660s][info][gc            ] GC(11091) Pause Young (Normal) (G1 Evacuation Pause) 1921M->1408M(2159M) 12.458ms
[2026-07-26T13:04:00.347+0200][259791.660s][info][gc,cpu        ] GC(11091) User=0.11s Sys=0.00s Real=0.01s
