[2026-07-26T03:44:39.086+0200][372934969ms] GC(15183) Survivor regions: 2->2(18)
[2026-07-26T03:44:39.086+0200][372934969ms] GC(15183) Old regions: 593->593
[2026-07-26T03:44:39.086+0200][372934969ms] GC(15183) Humongous regions: 8->8
[2026-07-26T03:44:39.086+0200][372934969ms] GC(15183) Metaspace: 1030013K(1123328K)->1030013K(1123328K)
[2026-07-26T03:44:39.086+0200][372934969ms] GC(15183) Pause Young (Normal) (G1 Evacuation Pause) 11813M->9638M(32768M) 49.281ms
[2026-07-26T03:44:39.086+0200][372934969ms] GC(15183) User=1.08s Sys=0.00s Real=0.05s
[2026-07-26T03:44:39.087+0200][372934970ms] Concurrent String Deduplication (372934.970s)
[2026-07-26T03:44:39.088+0200][372934971ms] Concurrent String Deduplication 395.2K->2664.0B(392.6K) avg 65.5% (372934.970s, 372934.972s) 1.219ms
[2026-07-26T03:45:07.692+0200][372963575ms] GC(15184) Pause Young (Normal) (G1 Evacuation Pause)
[2026-07-26T03:45:07.692+0200][372963575ms] GC(15184) Using 32 workers of 32 for evacuation
[2026-07-26T03:45:07.755+0200][372963638ms] GC(15184)   Pre Evacuate Collection Set: 0.1ms
[2026-07-26T03:45:07.755+0200][372963638ms] GC(15184)   Evacuate Collection Set: 18.6ms
[2026-07-26T03:45:07.755+0200][372963638ms] GC(15184)   Post Evacuate Collection Set: 44.1ms
[2026-07-26T03:45:07.755+0200][372963638ms] GC(15184)   Other: 0.6ms
[2026-07-26T03:45:07.755+0200][372963638ms] GC(15184) Eden regions: 207->0(236)
[2026-07-26T03:45:07.755+0200][372963638ms] GC(15184) Survivor regions: 2->2(27)
[2026-07-26T03:45:07.755+0200][372963638ms] GC(15184) Old regions: 593->593
[2026-07-26T03:45:07.755+0200][372963638ms] GC(15184) Humongous regions: 8->8
[2026-07-26T03:45:07.755+0200][372963638ms] GC(15184) Metaspace: 1030013K(1123328K)->1030013K(1123328K)
[2026-07-26T03:45:07.755+0200][372963638ms] GC(15184) Pause Young (Normal) (G1 Evacuation Pause) 12950M->9638M(32768M) 63.571ms
[2026-07-26T03:45:07.755+0200][372963638ms] GC(15184) User=1.36s Sys=0.00s Real=0.06s
[2026-07-26T03:45:07.759+0200][372963642ms] Concurrent String Deduplication (372963.643s)
[2026-07-26T03:45:07.761+0200][372963644ms] Concurrent String Deduplication 471.3K->10800.0B(460.7K) avg 65.5% (372963.643s, 372963.645s) 1.553ms
[2026-07-26T03:45:36.402+0200][372992285ms] GC(15185) Pause Young (Normal) (G1 Evacuation Pause)
[2026-07-26T03:45:36.402+0200][372992285ms] GC(15185) Using 32 workers of 32 for evacuation
[2026-07-26T03:45:36.450+0200][372992333ms] GC(15185)   Pre Evacuate Collection Set: 0.1ms
[2026-07-26T03:45:36.450+0200][372992333ms] GC(15185)   Evacuate Collection Set: 11.7ms
[2026-07-26T03:45:36.450+0200][372992333ms] GC(15185)   Post Evacuate Collection Set: 35.6ms
[2026-07-26T03:45:36.450+0200][372992333ms] GC(15185)   Other: 0.4ms
[2026-07-26T03:45:36.450+0200][372992333ms] GC(15185) Eden regions: 236->0(261)
[2026-07-26T03:45:36.450+0200][372992333ms] GC(15185) Survivor regions: 2->2(30)
[2026-07-26T03:45:36.450+0200][372992333ms] GC(15185) Old regions: 593->593
[2026-07-26T03:45:36.450+0200][372992333ms] GC(15185) Humongous regions: 8->8
[2026-07-26T03:45:36.450+0200][372992333ms] GC(15185) Metaspace: 1030013K(1123328K)->1030013K(1123328K)
[2026-07-26T03:45:36.450+0200][372992333ms] GC(15185) Pause Young (Normal) (G1 Evacuation Pause) 13414M->9638M(32768M) 47.923ms
[2026-07-26T03:45:36.450+0200][372992333ms] GC(15185) User=0.98s Sys=0.00s Real=0.05s
[2026-07-26T03:45:36.450+0200][372992333ms] Concurrent String Deduplication (372992.334s)
[2026-07-26T03:45:36.451+0200][372992334ms] Concurrent String Deduplication 2760.0B->2760.0B(0.0B) avg 65.5% (372992.334s, 372992.334s) 0.227ms
[2026-07-26T03:46:07.400+0200][373023283ms] GC(15186) Pause Young (Normal) (G1 Evacuation Pause)
[2026-07-26T03:46:07.400+0200][373023283ms] GC(15186) Using 32 workers of 32 for evacuation
[2026-07-26T03:46:07.461+0200][373023344ms] GC(15186)   Pre Evacuate Collection Set: 0.1ms
[2026-07-26T03:46:07.461+0200][373023344ms] GC(15186)   Evacuate Collection Set: 14.2ms
[2026-07-26T03:46:07.461+0200][373023344ms] GC(15186)   Post Evacuate Collection Set: 46.3ms
[2026-07-26T03:46:07.461+0200][373023344ms] GC(15186)   Other: 0.4ms
[2026-07-26T03:46:07.461+0200][373023344ms] GC(15186) Eden regions: 261->0(279)
[2026-07-26T03:46:07.461+0200][373023344ms] GC(15186) Survivor regions: 2->2(33)
[2026-07-26T03:46:07.461+0200][373023344ms] GC(15186) Old regions: 593->593
[2026-07-26T03:46:07.461+0200][373023344ms] GC(15186) Humongous regions: 8->8
[2026-07-26T03:46:07.461+0200][373023344ms] GC(15186) Metaspace: 1030032K(1123328K)->1030032K(1123328K)
[2026-07-26T03:46:07.461+0200][373023344ms] GC(15186) Pause Young (Normal) (G1 Evacuation Pause) 13814M->9639M(32768M) 61.184ms
[2026-07-26T03:46:07.461+0200][373023344ms] GC(15186) User=1.11s Sys=0.01s Real=0.06s
[2026-07-26T03:46:07.461+0200][373023344ms] Concurrent String Deduplication (373023.345s)
[2026-07-26T03:46:07.464+0200][373023347ms] Concurrent String Deduplication 126.9K->5056.0B(122.0K) avg 65.5% (373023.345s, 373023.348s) 0.938ms
[2026-07-26T03:46:37.267+0200][373053150ms] GC(15187) Pause Young (Normal) (G1 Evacuation Pause)
[2026-07-26T03:46:37.267+0200][373053150ms] GC(15187) Using 32 workers of 32 for evacuation
[2026-07-26T03:46:37.310+0200][373053193ms] GC(15187)   Pre Evacuate Collection Set: 0.1ms
[2026-07-26T03:46:37.310+0200][373053193ms] GC(15187)   Evacuate Collection Set: 12.8ms
[2026-07-26T03:46:37.310+0200][373053193ms] GC(15187)   Post Evacuate Collection Set: 29.7ms
[2026-07-26T03:46:37.310+0200][373053193ms] GC(15187)   Other: 0.4ms
[2026-07-26T03:46:37.310+0200][373053193ms] GC(15187) Eden regions: 279->0(310)
[2026-07-26T03:46:37.310+0200][373053193ms] GC(15187) Survivor regions: 2->2(36)
[2026-07-26T03:46:37.310+0200][373053193ms] GC(15187) Old regions: 593->593
[2026-07-26T03:46:37.310+0200][373053193ms] GC(15187) Humongous regions: 8->8
[2026-07-26T03:46:37.310+0200][373053193ms] GC(15187) Metaspace: 1030032K(1123328K)->1030032K(1123328K)
[2026-07-26T03:46:37.310+0200][373053193ms] GC(15187) Pause Young (Normal) (G1 Evacuation Pause) 14103M->9631M(32768M) 43.068ms
[2026-07-26T03:46:37.311+0200][373053194ms] GC(15187) User=0.83s Sys=0.00s Real=0.05s
[2026-07-26T03:46:37.311+0200][373053194ms] Concurrent String Deduplication (373053.194s)
[2026-07-26T03:46:37.311+0200][373053194ms] Concurrent String Deduplication 29688.0B->13136.0B(16552.0B) avg 65.5% (373053.194s, 373053.195s) 0.365ms
[2026-07-26T03:47:07.748+0200][373083631ms] GC(15188) Pause Young (Normal) (G1 Evacuation Pause)
[2026-07-26T03:47:07.748+0200][373083631ms] GC(15188) Using 32 workers of 32 for evacuation
[2026-07-26T03:47:07.785+0200][373083668ms] GC(15188)   Pre Evacuate Collection Set: 0.1ms
[2026-07-26T03:47:07.785+0200][373083668ms] GC(15188)   Evacuate Collection Set: 11.2ms
[2026-07-26T03:47:07.785+0200][373083668ms] GC(15188)   Post Evacuate Collection Set: 25.2ms
[2026-07-26T03:47:07.785+0200][373083668ms] GC(15188)   Other: 0.3ms
[2026-07-26T03:47:07.785+0200][373083668ms] GC(15188) Eden regions: 310->0(346)
[2026-07-26T03:47:07.785+0200][373083668ms] GC(15188) Survivor regions: 2->2(39)
[2026-07-26T03:47:07.785+0200][373083668ms] GC(15188) Old regions: 593->593
[2026-07-26T03:47:07.785+0200][373083668ms] GC(15188) Humongous regions: 8->8
[2026-07-26T03:47:07.785+0200][373083668ms] GC(15188) Metaspace: 1030032K(1123328K)->1030032K(1123328K)
[2026-07-26T03:47:07.785+0200][373083668ms] GC(15188) Pause Young (Normal) (G1 Evacuation Pause) 14591M->9632M(32768M) 36.892ms
[2026-07-26T03:47:07.785+0200][373083668ms] GC(15188) User=0.76s Sys=0.00s Real=0.03s
[2026-07-26T03:47:07.785+0200][373083668ms] Concurrent String Deduplication (373083.669s)
[2026-07-26T03:47:07.786+0200][373083669ms] Concurrent String Deduplication 88704.0B->46504.0B(42200.0B) avg 65.5% (373083.669s, 373083.670s) 0.799ms
[2026-07-26T03:48:06.511+0200][373142394ms] GC(15189) Pause Young (Normal) (G1 Evacuation Pause)
[2026-07-26T03:48:06.511+0200][373142394ms] GC(15189) Using 32 workers of 32 for evacuation
[2026-07-26T03:48:06.554+0200][373142437ms] GC(15189)   Pre Evacuate Collection Set: 0.1ms
[2026-07-26T03:48:06.555+0200][373142438ms] GC(15189)   Evacuate Collection Set: 12.9ms
[2026-07-26T03:48:06.555+0200][373142438ms] GC(15189)   Post Evacuate Collection Set: 30.3ms
[2026-07-26T03:48:06.555+0200][373142438ms] GC(15189)   Other: 0.4ms
[2026-07-26T03:48:06.555+0200][373142438ms] GC(15189) Eden regions: 346->0(392)
[2026-07-26T03:48:06.555+0200][373142438ms] GC(15189) Survivor regions: 2->2(44)
[2026-07-26T03:48:06.555+0200][373142438ms] GC(15189) Old regions: 593->593
[2026-07-26T03:48:06.555+0200][373142438ms] GC(15189) Humongous regions: 8->8
[2026-07-26T03:48:06.555+0200][373142438ms] GC(15189) Metaspace: 1030032K(1123328K)->1030032K(1123328K)
[2026-07-26T03:48:06.555+0200][373142438ms] GC(15189) Pause Young (Normal) (G1 Evacuation Pause) 15168M->9630M(32768M) 43.933ms
[2026-07-26T03:48:06.555+0200][373142438ms] GC(15189) User=0.88s Sys=0.05s Real=0.04s
[2026-07-26T03:48:06.555+0200][373142438ms] Concurrent String Deduplication (373142.439s)
[2026-07-26T03:48:06.555+0200][373142438ms] Concurrent String Deduplication 2976.0B->2936.0B(40.0B) avg 65.5% (373142.439s, 373142.439s) 0.056ms
[2026-07-26T03:49:04.943+0200][373200826ms] GC(15190) Pause Young (Normal) (G1 Evacuation Pause)
[2026-07-26T03:49:04.943+0200][373200826ms] GC(15190) Using 32 workers of 32 for evacuation
[2026-07-26T03:49:04.985+0200][373200868ms] GC(15190)   Pre Evacuate Collection Set: 0.1ms
[2026-07-26T03:49:04.985+0200][373200868ms] GC(15190)   Evacuate Collection Set: 10.9ms
[2026-07-26T03:49:04.985+0200][373200868ms] GC(15190)   Post Evacuate Collection Set: 30.5ms
[2026-07-26T03:49:04.985+0200][373200868ms] GC(15190)   Other: 0.4ms
[2026-07-26T03:49:04.985+0200][373200868ms] GC(15190) Eden regions: 392->0(426)
[2026-07-26T03:49:04.985+0200][373200868ms] GC(15190) Survivor regions: 2->2(50)
[2026-07-26T03:49:04.985+0200][373200868ms] GC(15190) Old regions: 593->593
[2026-07-26T03:49:04.985+0200][373200868ms] GC(15190) Humongous regions: 8->8
[2026-07-26T03:49:04.985+0200][373200868ms] GC(15190) Metaspace: 1030032K(1123328K)->1030032K(1123328K)
[2026-07-26T03:49:04.985+0200][373200868ms] GC(15190) Pause Young (Normal) (G1 Evacuation Pause) 15902M->9631M(32768M) 42.016ms
[2026-07-26T03:49:04.985+0200][373200868ms] GC(15190) User=0.89s Sys=0.02s Real=0.04s
[2026-07-26T03:49:04.985+0200][373200868ms] Concurrent String Deduplication (373200.869s)
[2026-07-26T03:49:04.986+0200][373200869ms] Concurrent String Deduplication 51744.0B->22456.0B(29288.0B) avg 65.5% (373200.869s, 373200.869s) 0.382ms
[2026-07-26T03:49:36.816+0200][373232699ms] GC(15191) Pause Young (Normal) (G1 Evacuation Pause)
[2026-07-26T03:49:36.816+0200][373232699ms] GC(15191) Using 32 workers of 32 for evacuation
[2026-07-26T03:49:36.854+0200][373232737ms] GC(15191)   Pre Evacuate Collection Set: 0.1ms
[2026-07-26T03:49:36.854+0200][373232737ms] GC(15191)   Evacuate Collection Set: 9.2ms
[2026-07-26T03:49:36.854+0200][373232737ms] GC(15191)   Post Evacuate Collection Set: 29.1ms
[2026-07-26T03:49:36.854+0200][373232737ms] GC(15191)   Other: 0.3ms
[2026-07-26T03:49:36.854+0200][373232737ms] GC(15191) Eden regions: 426->0(481)
[2026-07-26T03:49:36.854+0200][373232737ms] GC(15191) Survivor regions: 2->2(54)
[2026-07-26T03:49:36.854+0200][373232737ms] GC(15191) Old regions: 593->593
[2026-07-26T03:49:36.854+0200][373232737ms] GC(15191) Humongous regions: 8->8
[2026-07-26T03:49:36.855+0200][373232738ms] GC(15191) Metaspace: 1030032K(1123328K)->1030032K(1123328K)
[2026-07-26T03:49:36.855+0200][373232738ms] GC(15191) Pause Young (Normal) (G1 Evacuation Pause) 16447M->9632M(32768M) 38.875ms
[2026-07-26T03:49:36.855+0200][373232738ms] GC(15191) User=0.83s Sys=0.00s Real=0.04s
[2026-07-26T03:49:36.855+0200][373232738ms] Concurrent String Deduplication (373232.739s)
[2026-07-26T03:49:36.855+0200][373232738ms] Concurrent String Deduplication 69816.0B->32472.0B(37344.0B) avg 65.5% (373232.739s, 373232.739s) 0.661ms
[2026-07-26T03:50:36.901+0200][373292784ms] GC(15192) Pause Young (Normal) (G1 Evacuation Pause)
[2026-07-26T03:50:36.901+0200][373292784ms] GC(15192) Using 32 workers of 32 for evacuation
[2026-07-26T03:50:36.947+0200][373292830ms] GC(15192)   Pre Evacuate Collection Set: 0.1ms
[2026-07-26T03:50:36.947+0200][373292830ms] GC(15192)   Evacuate Collection Set: 13.0ms
[2026-07-26T03:50:36.947+0200][373292830ms] GC(15192)   Post Evacuate Collection Set: 32.5ms
[2026-07-26T03:50:36.947+0200][373292830ms] GC(15192)   Other: 0.4ms
[2026-07-26T03:50:36.947+0200][373292830ms] GC(15192) Eden regions: 481->0(494)
[2026-07-26T03:50:36.947+0200][373292830ms] GC(15192) Survivor regions: 2->2(61)
[2026-07-26T03:50:36.947+0200][373292830ms] GC(15192) Old regions: 593->593
[2026-07-26T03:50:36.947+0200][373292830ms] GC(15192) Humongous regions: 8->8
[2026-07-26T03:50:36.947+0200][373292830ms] GC(15192) Metaspace: 1030032K(1123328K)->1030032K(1123328K)
[2026-07-26T03:50:36.947+0200][373292830ms] GC(15192) Pause Young (Normal) (G1 Evacuation Pause) 17328M->9632M(32768M) 46.092ms
[2026-07-26T03:50:36.947+0200][373292830ms] GC(15192) User=0.95s Sys=0.00s Real=0.04s
[2026-07-26T03:50:36.947+0200][373292830ms] Concurrent String Deduplication (373292.831s)
[2026-07-26T03:50:36.951+0200][373292834ms] Concurrent String Deduplication 330.0K->131.0K(199.0K) avg 65.5% (373292.831s, 373292.834s) 3.354ms
[2026-07-26T03:51:36.622+0200][373352505ms] GC(15193) Pause Young (Normal) (G1 Evacuation Pause)
[2026-07-26T03:51:36.622+0200][373352505ms] GC(15193) Using 32 workers of 32 for evacuation
[2026-07-26T03:51:36.681+0200][373352564ms] GC(15193)   Pre Evacuate Collection Set: 0.1ms
[2026-07-26T03:51:36.681+0200][373352564ms] GC(15193)   Evacuate Collection Set: 18.8ms
[2026-07-26T03:51:36.681+0200][373352564ms] GC(15193)   Post Evacuate Collection Set: 40.2ms
[2026-07-26T03:51:36.681+0200][373352564ms] GC(15193)   Other: 0.4ms
[2026-07-26T03:51:36.681+0200][373352564ms] GC(15193) Eden regions: 494->0(543)
[2026-07-26T03:51:36.681+0200][373352564ms] GC(15193) Survivor regions: 2->2(62)
[2026-07-26T03:51:36.681+0200][373352564ms] GC(15193) Old regions: 593->593
[2026-07-26T03:51:36.681+0200][373352564ms] GC(15193) Humongous regions: 8->8
[2026-07-26T03:51:36.681+0200][373352564ms] GC(15193) Metaspace: 1030032K(1123328K)->1030032K(1123328K)
[2026-07-26T03:51:36.681+0200][373352564ms] GC(15193) Pause Young (Normal) (G1 Evacuation Pause) 17536M->9632M(32768M) 59.703ms
[2026-07-26T03:51:36.681+0200][373352564ms] GC(15193) User=1.33s Sys=0.02s Real=0.06s
[2026-07-26T03:51:36.682+0200][373352565ms] Concurrent String Deduplication (373352.565s)
[2026-07-26T03:51:36.682+0200][373352565ms] Concurrent String Deduplication 2992.0B->2992.0B(0.0B) avg 65.5% (373352.565s, 373352.565s) 0.043ms
[2026-07-26T03:52:10.840+0200][373386723ms] GC(15194) Pause Young (Normal) (G1 Evacuation Pause)
[2026-07-26T03:52:10.840+0200][373386723ms] GC(15194) Using 32 workers of 32 for evacuation
[2026-07-26T03:52:10.895+0200][373386778ms] GC(15194)   Pre Evacuate Collection Set: 0.1ms
[2026-07-26T03:52:10.895+0200][373386778ms] GC(15194)   Evacuate Collection Set: 19.5ms
[2026-07-26T03:52:10.895+0200][373386778ms] GC(15194)   Post Evacuate Collection Set: 34.9ms
[2026-07-26T03:52:10.895+0200][373386778ms] GC(15194)   Other: 0.5ms
[2026-07-26T03:52:10.895+0200][373386778ms] GC(15194) Eden regions: 543->0(559)
[2026-07-26T03:52:10.896+0200][373386779ms] GC(15194) Survivor regions: 2->2(69)
[2026-07-26T03:52:10.896+0200][373386779ms] GC(15194) Old regions: 593->593
[2026-07-26T03:52:10.896+0200][373386779ms] GC(15194) Humongous regions: 8->8
[2026-07-26T03:52:10.896+0200][373386779ms] GC(15194) Metaspace: 1030032K(1123328K)->1030032K(1123328K)
[2026-07-26T03:52:10.896+0200][373386779ms] GC(15194) Pause Young (Normal) (G1 Evacuation Pause) 18320M->9632M(32768M) 55.282ms
[2026-07-26T03:52:10.896+0200][373386779ms] GC(15194) User=1.30s Sys=0.00s Real=0.05s
[2026-07-26T03:52:10.900+0200][373386783ms] Concurrent String Deduplication (373386.783s)
[2026-07-26T03:52:10.900+0200][373386783ms] Concurrent String Deduplication 71840.0B->32392.0B(39448.0B) avg 65.5% (373386.783s, 373386.784s) 0.736ms
[2026-07-26T03:53:09.202+0200][373445085ms] GC(15195) Pause Young (Normal) (G1 Evacuation Pause)
[2026-07-26T03:53:09.202+0200][373445085ms] GC(15195) Using 32 workers of 32 for evacuation
[2026-07-26T03:53:09.245+0200][373445128ms] GC(15195)   Pre Evacuate Collection Set: 0.1ms
[2026-07-26T03:53:09.245+0200][373445128ms] GC(15195)   Evacuate Collection Set: 11.5ms
[2026-07-26T03:53:09.245+0200][373445128ms] GC(15195)   Post Evacuate Collection Set: 30.7ms
[2026-07-26T03:53:09.245+0200][373445128ms] GC(15195)   Other: 0.4ms
[2026-07-26T03:53:09.245+0200][373445128ms] GC(15195) Eden regions: 559->0(630)
[2026-07-26T03:53:09.245+0200][373445128ms] GC(15195) Survivor regions: 2->1(71)
[2026-07-26T03:53:09.245+0200][373445128ms] GC(15195) Old regions: 593->594
[2026-07-26T03:53:09.245+0200][373445128ms] GC(15195) Humongous regions: 8->8
[2026-07-26T03:53:09.245+0200][373445128ms] GC(15195) Metaspace: 1030032K(1123328K)->1030032K(1123328K)
[2026-07-26T03:53:09.245+0200][373445128ms] GC(15195) Pause Young (Normal) (G1 Evacuation Pause) 18576M->9633M(32768M) 42.718ms
[2026-07-26T03:53:09.245+0200][373445128ms] GC(15195) User=0.74s Sys=0.08s Real=0.04s
[2026-07-26T03:53:09.245+0200][373445128ms] Concurrent String Deduplication (373445.129s)
[2026-07-26T03:53:09.246+0200][373445129ms] Concurrent String Deduplication 66616.0B->28968.0B(37648.0B) avg 65.5% (373445.129s, 373445.129s) 0.495ms
[2026-07-26T03:55:05.050+0200][373560933ms] GC(15196) Pause Young (Normal) (G1 Evacuation Pause)
[2026-07-26T03:55:05.050+0200][373560933ms] GC(15196) Using 32 workers of 32 for evacuation
[2026-07-26T03:55:05.095+0200][373560978ms] GC(15196)   Pre Evacuate Collection Set: 0.1ms
[2026-07-26T03:55:05.095+0200][373560978ms] GC(15196)   Evacuate Collection Set: 11.7ms
[2026-07-26T03:55:05.095+0200][373560978ms] GC(15196)   Post Evacuate Collection Set: 32.6ms
[2026-07-26T03:55:05.095+0200][373560978ms] GC(15196)   Other: 0.5ms
[2026-07-26T03:55:05.095+0200][373560978ms] GC(15196) Eden regions: 630->0(676)
[2026-07-26T03:55:05.095+0200][373560978ms] GC(15196) Survivor regions: 1->2(79)
[2026-07-26T03:55:05.095+0200][373560978ms] GC(15196) Old regions: 594->594
[2026-07-26T03:55:05.095+0200][373560978ms] GC(15196) Humongous regions: 8->8
[2026-07-26T03:55:05.095+0200][373560978ms] GC(15196) Metaspace: 1030032K(1123328K)->1030032K(1123328K)
[2026-07-26T03:55:05.095+0200][373560978ms] GC(15196) Pause Young (Normal) (G1 Evacuation Pause) 19713M->9637M(32768M) 45.126ms
[2026-07-26T03:55:05.095+0200][373560978ms] GC(15196) User=0.95s Sys=0.00s Real=0.04s
[2026-07-26T03:55:05.095+0200][373560978ms] Concurrent String Deduplication (373560.979s)
[2026-07-26T03:55:05.095+0200][373560978ms] Concurrent String Deduplication 3160.0B->3160.0B(0.0B) avg 65.5% (373560.979s, 373560.979s) 0.053ms
[2026-07-26T03:56:07.671+0200][373623554ms] GC(15197) Pause Young (Normal) (G1 Evacuation Pause)
[2026-07-26T03:56:07.671+0200][373623554ms] GC(15197) Using 32 workers of 32 for evacuation
[2026-07-26T03:56:07.733+0200][373623616ms] GC(15197)   Pre Evacuate Collection Set: 0.1ms
[2026-07-26T03:56:07.733+0200][373623616ms] GC(15197)   Evacuate Collection Set: 19.3ms
[2026-07-26T03:56:07.733+0200][373623616ms] GC(15197)   Post Evacuate Collection Set: 41.7ms
[2026-07-26T03:56:07.733+0200][373623616ms] GC(15197)   Other: 0.4ms
[2026-07-26T03:56:07.733+0200][373623616ms] GC(15197) Eden regions: 676->0(733)
[2026-07-26T03:56:07.733+0200][373623616ms] GC(15197) Survivor regions: 2->2(85)
[2026-07-26T03:56:07.733+0200][373623616ms] GC(15197) Old regions: 594->594
[2026-07-26T03:56:07.733+0200][373623616ms] GC(15197) Humongous regions: 8->8
[2026-07-26T03:56:07.733+0200][373623616ms] GC(15197) Metaspace: 1030032K(1123328K)->1030032K(1123328K)
[2026-07-26T03:56:07.733+0200][373623616ms] GC(15197) Pause Young (Normal) (G1 Evacuation Pause) 20453M->9637M(32768M) 61.728ms
[2026-07-26T03:56:07.733+0200][373623616ms] GC(15197) User=1.29s Sys=0.00s Real=0.06s
[2026-07-26T03:56:07.733+0200][373623616ms] Concurrent String Deduplication (373623.617s)
[2026-07-26T03:56:07.734+0200][373623617ms] Concurrent String Deduplication 83800.0B->41360.0B(42440.0B) avg 65.5% (373623.617s, 373623.618s) 0.828ms
[2026-07-26T03:57:37.153+0200][373713037ms] GC(15198) Pause Young (Normal) (G1 Evacuation Pause)
[2026-07-26T03:57:37.154+0200][373713037ms] GC(15198) Using 32 workers of 32 for evacuation
[2026-07-26T03:57:37.196+0200][373713079ms] GC(15198)   Pre Evacuate Collection Set: 0.1ms
[2026-07-26T03:57:37.199+0200][373713082ms] GC(15198)   Evacuate Collection Set: 9.7ms
[2026-07-26T03:57:37.199+0200][373713082ms] GC(15198)   Post Evacuate Collection Set: 32.5ms
[2026-07-26T03:57:37.199+0200][373713082ms] GC(15198)   Other: 0.4ms
[2026-07-26T03:57:37.199+0200][373713082ms] GC(15198) Eden regions: 733->0(803)
[2026-07-26T03:57:37.199+0200][373713082ms] GC(15198) Survivor regions: 2->2(92)
[2026-07-26T03:57:37.199+0200][373713082ms] GC(15198) Old regions: 594->594
[2026-07-26T03:57:37.199+0200][373713082ms] GC(15198) Humongous regions: 8->8
[2026-07-26T03:57:37.199+0200][373713082ms] GC(15198) Metaspace: 1030032K(1123328K)->1030032K(1123328K)
[2026-07-26T03:57:37.199+0200][373713082ms] GC(15198) Pause Young (Normal) (G1 Evacuation Pause) 21365M->9637M(32768M) 45.824ms
[2026-07-26T03:57:37.199+0200][373713082ms] GC(15198) User=0.87s Sys=0.06s Real=0.05s
[2026-07-26T03:57:37.200+0200][373713083ms] Concurrent String Deduplication (373713.083s)
[2026-07-26T03:57:37.202+0200][373713085ms] Concurrent String Deduplication 313.1K->185.2K(127.9K) avg 65.5% (373713.083s, 373713.086s) 2.297ms
[2026-07-26T03:59:07.747+0200][373803630ms] GC(15199) Pause Young (Normal) (G1 Evacuation Pause)
[2026-07-26T03:59:07.747+0200][373803630ms] GC(15199) Using 32 workers of 32 for evacuation
[2026-07-26T03:59:07.787+0200][373803670ms] GC(15199)   Pre Evacuate Collection Set: 0.1ms
[2026-07-26T03:59:07.787+0200][373803670ms] GC(15199)   Evacuate Collection Set: 12.9ms
[2026-07-26T03:59:07.787+0200][373803670ms] GC(15199)   Post Evacuate Collection Set: 26.7ms
[2026-07-26T03:59:07.787+0200][373803670ms] GC(15199)   Other: 0.4ms
[2026-07-26T03:59:07.787+0200][373803670ms] GC(15199) Eden regions: 803->0(881)
[2026-07-26T03:59:07.787+0200][373803670ms] GC(15199) Survivor regions: 2->2(101)
[2026-07-26T03:59:07.787+0200][373803670ms] GC(15199) Old regions: 594->594
[2026-07-26T03:59:07.787+0200][373803670ms] GC(15199) Humongous regions: 8->8
[2026-07-26T03:59:07.787+0200][373803670ms] GC(15199) Metaspace: 1030032K(1123328K)->1030032K(1123328K)
[2026-07-26T03:59:07.787+0200][373803670ms] GC(15199) Pause Young (Normal) (G1 Evacuation Pause) 22485M->9637M(32768M) 40.163ms
[2026-07-26T03:59:07.787+0200][373803670ms] GC(15199) User=0.80s Sys=0.08s Real=0.04s
[2026-07-26T03:59:07.789+0200][373803672ms] Concurrent String Deduplication (373803.673s)
[2026-07-26T03:59:07.789+0200][373803672ms] Concurrent String Deduplication 6608.0B->6568.0B(40.0B) avg 65.5% (373803.673s, 373803.673s) 0.125ms
[2026-07-26T04:01:06.896+0200][373922779ms] GC(15200) Pause Young (Normal) (G1 Evacuation Pause)
[2026-07-26T04:01:06.896+0200][373922779ms] GC(15200) Using 32 workers of 32 for evacuation
[2026-07-26T04:01:06.941+0200][373922824ms] GC(15200)   Pre Evacuate Collection Set: 0.1ms
[2026-07-26T04:01:06.941+0200][373922824ms] GC(15200)   Evacuate Collection Set: 13.0ms
[2026-07-26T04:01:06.941+0200][373922824ms] GC(15200)   Post Evacuate Collection Set: 31.7ms
[2026-07-26T04:01:06.941+0200][373922824ms] GC(15200)   Other: 0.4ms
[2026-07-26T04:01:06.941+0200][373922824ms] GC(15200) Eden regions: 881->0(904)
[2026-07-26T04:01:06.941+0200][373922824ms] GC(15200) Survivor regions: 2->2(111)
[2026-07-26T04:01:06.941+0200][373922824ms] GC(15200) Old regions: 594->594
[2026-07-26T04:01:06.941+0200][373922824ms] GC(15200) Humongous regions: 8->8
[2026-07-26T04:01:06.941+0200][373922824ms] GC(15200) Metaspace: 1030032K(1123328K)->1030032K(1123328K)
[2026-07-26T04:01:06.941+0200][373922824ms] GC(15200) Pause Young (Normal) (G1 Evacuation Pause) 23733M->9637M(32768M) 45.237ms
[2026-07-26T04:01:06.941+0200][373922824ms] GC(15200) User=0.98s Sys=0.00s Real=0.05s
[2026-07-26T04:01:06.942+0200][373922825ms] Concurrent String Deduplication (373922.825s)
[2026-07-26T04:01:06.942+0200][373922825ms] Concurrent String Deduplication 8544.0B->8544.0B(0.0B) avg 65.5% (373922.825s, 373922.825s) 0.093ms
[2026-07-26T04:03:05.955+0200][374041838ms] GC(15201) Pause Young (Normal) (G1 Evacuation Pause)
[2026-07-26T04:03:05.955+0200][374041838ms] GC(15201) Using 32 workers of 32 for evacuation
[2026-07-26T04:03:05.995+0200][374041878ms] GC(15201)   Pre Evacuate Collection Set: 0.1ms
[2026-07-26T04:03:05.995+0200][374041878ms] GC(15201)   Evacuate Collection Set: 9.4ms
[2026-07-26T04:03:05.995+0200][374041878ms] GC(15201)   Post Evacuate Collection Set: 30.1ms
[2026-07-26T04:03:05.995+0200][374041878ms] GC(15201)   Other: 0.4ms
[2026-07-26T04:03:05.995+0200][374041878ms] GC(15201) Eden regions: 904->0(924)
[2026-07-26T04:03:05.995+0200][374041878ms] GC(15201) Survivor regions: 2->2(114)
[2026-07-26T04:03:05.995+0200][374041878ms] GC(15201) Old regions: 594->594
[2026-07-26T04:03:05.995+0200][374041878ms] GC(15201) Humongous regions: 8->8
[2026-07-26T04:03:05.995+0200][374041878ms] GC(15201) Metaspace: 1030032K(1123328K)->1030032K(1123328K)
[2026-07-26T04:03:05.995+0200][374041878ms] GC(15201) Pause Young (Normal) (G1 Evacuation Pause) 24101M->9636M(32768M) 40.115ms
[2026-07-26T04:03:05.995+0200][374041878ms] GC(15201) User=0.87s Sys=0.00s Real=0.04s
[2026-07-26T04:03:05.995+0200][374041878ms] Concurrent String Deduplication (374041.879s)
[2026-07-26T04:03:05.995+0200][374041878ms] Concurrent String Deduplication 9224.0B->9224.0B(0.0B) avg 65.5% (374041.879s, 374041.879s) 0.060ms
[2026-07-26T04:05:05.277+0200][374161160ms] GC(15202) Pause Young (Normal) (G1 Evacuation Pause)
[2026-07-26T04:05:05.277+0200][374161160ms] GC(15202) Using 32 workers of 32 for evacuation
[2026-07-26T04:05:05.333+0200][374161216ms] GC(15202)   Pre Evacuate Collection Set: 0.1ms
[2026-07-26T04:05:05.333+0200][374161216ms] GC(15202)   Evacuate Collection Set: 14.8ms
[2026-07-26T04:05:05.333+0200][374161216ms] GC(15202)   Post Evacuate Collection Set: 40.4ms
[2026-07-26T04:05:05.333+0200][374161216ms] GC(15202)   Other: 0.4ms
[2026-07-26T04:05:05.333+0200][374161216ms] GC(15202) Eden regions: 924->0(942)
[2026-07-26T04:05:05.333+0200][374161216ms] GC(15202) Survivor regions: 2->2(116)
[2026-07-26T04:05:05.333+0200][374161216ms] GC(15202) Old regions: 594->594
[2026-07-26T04:05:05.333+0200][374161216ms] GC(15202) Humongous regions: 8->8
[2026-07-26T04:05:05.333+0200][374161216ms] GC(15202) Metaspace: 1030032K(1123328K)->1030032K(1123328K)
[2026-07-26T04:05:05.333+0200][374161216ms] GC(15202) Pause Young (Normal) (G1 Evacuation Pause) 24420M->9634M(32768M) 55.891ms
[2026-07-26T04:05:05.333+0200][374161216ms] GC(15202) User=1.30s Sys=0.00s Real=0.06s
[2026-07-26T04:05:05.333+0200][374161216ms] Concurrent String Deduplication (374161.217s)
[2026-07-26T04:05:05.333+0200][374161216ms] Concurrent String Deduplication 38872.0B->16472.0B(22400.0B) avg 65.5% (374161.217s, 374161.217s) 0.360ms
[2026-07-26T04:07:04.615+0200][374280498ms] GC(15203) Pause Young (Normal) (G1 Evacuation Pause)
[2026-07-26T04:07:04.615+0200][374280498ms] GC(15203) Using 32 workers of 32 for evacuation
[2026-07-26T04:07:04.661+0200][374280544ms] GC(15203)   Pre Evacuate Collection Set: 0.1ms
[2026-07-26T04:07:04.661+0200][374280544ms] GC(15203)   Evacuate Collection Set: 9.5ms
[2026-07-26T04:07:04.661+0200][374280544ms] GC(15203)   Post Evacuate Collection Set: 35.9ms
[2026-07-26T04:07:04.661+0200][374280544ms] GC(15203)   Other: 0.4ms
[2026-07-26T04:07:04.661+0200][374280544ms] GC(15203) Eden regions: 942->0(959)
[2026-07-26T04:07:04.661+0200][374280544ms] GC(15203) Survivor regions: 2->1(118)
[2026-07-26T04:07:04.661+0200][374280544ms] GC(15203) Old regions: 594->594
[2026-07-26T04:07:04.661+0200][374280544ms] GC(15203) Humongous regions: 8->8
[2026-07-26T04:07:04.661+0200][374280544ms] GC(15203) Metaspace: 1030032K(1123328K)->1030032K(1123328K)
[2026-07-26T04:07:04.661+0200][374280544ms] GC(15203) Pause Young (Normal) (G1 Evacuation Pause) 24706M->9634M(32768M) 46.091ms
[2026-07-26T04:07:04.661+0200][374280544ms] GC(15203) User=0.91s Sys=0.00s Real=0.05s
[2026-07-26T04:07:04.661+0200][374280544ms] Concurrent String Deduplication (374280.545s)
[2026-07-26T04:07:04.662+0200][374280545ms] Concurrent String Deduplication 114.1K->13880.0B(100.6K) avg 65.5% (374280.545s, 374280.546s) 1.163ms
[2026-07-26T04:08:09.222+0200][374345105ms] GC(15204) Pause Young (Concurrent Start) (G1 Evacuation Pause)
[2026-07-26T04:08:09.222+0200][374345105ms] GC(15204) Using 32 workers of 32 for evacuation
[2026-07-26T04:08:09.314+0200][374345197ms] GC(15204)   Pre Evacuate Collection Set: 8.8ms
[2026-07-26T04:08:09.314+0200][374345197ms] GC(15204)   Evacuate Collection Set: 52.9ms
[2026-07-26T04:08:09.314+0200][374345197ms] GC(15204)   Post Evacuate Collection Set: 30.0ms
[2026-07-26T04:08:09.314+0200][374345197ms] GC(15204)   Other: 0.5ms
[2026-07-26T04:08:09.314+0200][374345197ms] GC(15204) Eden regions: 959->0(969)
[2026-07-26T04:08:09.314+0200][374345197ms] GC(15204) Survivor regions: 1->1(120)
[2026-07-26T04:08:09.314+0200][374345197ms] GC(15204) Old regions: 594->594
[2026-07-26T04:08:09.314+0200][374345197ms] GC(15204) Humongous regions: 8->8
[2026-07-26T04:08:09.314+0200][374345197ms] GC(15204) Metaspace: 1030032K(1123328K)->1030032K(1123328K)
[2026-07-26T04:08:09.314+0200][374345197ms] GC(15204) Pause Young (Concurrent Start) (G1 Evacuation Pause) 24978M->9633M(32768M) 92.236ms
[2026-07-26T04:08:09.314+0200][374345197ms] GC(15204) User=1.81s Sys=0.00s Real=0.09s
[2026-07-26T04:08:09.314+0200][374345197ms] GC(15205) Concurrent Cycle
[2026-07-26T04:08:09.314+0200][374345197ms] GC(15205) Concurrent Clear Claimed Marks
[2026-07-26T04:08:09.314+0200][374345197ms] Concurrent String Deduplication (374345.198s)
[2026-07-26T04:08:09.314+0200][374345197ms] Concurrent String Deduplication 25504.0B->17968.0B(7536.0B) avg 65.5% (374345.198s, 374345.198s) 0.206ms
[2026-07-26T04:08:09.324+0200][374345207ms] GC(15205) Concurrent Clear Claimed Marks 9.659ms
[2026-07-26T04:08:09.324+0200][374345207ms] GC(15205) Concurrent Scan Root Regions
[2026-07-26T04:08:09.337+0200][374345220ms] GC(15205) Concurrent Scan Root Regions 13.828ms
[2026-07-26T04:08:09.337+0200][374345220ms] GC(15205) Concurrent Mark (374345.221s)
[2026-07-26T04:08:09.337+0200][374345220ms] GC(15205) Concurrent Mark From Roots
[2026-07-26T04:08:09.337+0200][374345220ms] GC(15205) Using 24 workers of 24 for marking
[2026-07-26T04:08:11.059+0200][374346942ms] GC(15205) Concurrent Mark From Roots 1721.902ms
[2026-07-26T04:08:11.059+0200][374346942ms] GC(15205) Concurrent Preclean
[2026-07-26T04:08:11.081+0200][374346964ms] GC(15205) Concurrent Preclean 21.121ms
[2026-07-26T04:08:11.081+0200][374346964ms] GC(15205) Concurrent Mark (374345.221s, 374346.964s) 1743.157ms
[2026-07-26T04:08:11.081+0200][374346964ms] GC(15205) Pause Remark
[2026-07-26T04:08:11.401+0200][374347284ms] GC(15205) Cleaned string and symbol table, strings: 489056 processed, 4064 removed, symbols: 1501860 processed, 0 removed
[2026-07-26T04:08:11.403+0200][374347286ms] GC(15205) MMU target violated: 201.0ms (200.0ms/201.0ms)
[2026-07-26T04:08:11.403+0200][374347286ms] GC(15205) Pause Remark 10353M->10353M(32768M) 321.791ms
[2026-07-26T04:08:11.403+0200][374347286ms] GC(15205) User=7.79s Sys=0.09s Real=0.32s
[2026-07-26T04:08:11.403+0200][374347286ms] GC(15205) Concurrent Rebuild Remembered Sets
[2026-07-26T04:08:13.358+0200][374349241ms] GC(15205) Concurrent Rebuild Remembered Sets 1954.879ms
[2026-07-26T04:08:13.359+0200][374349242ms] GC(15205) Pause Cleanup
[2026-07-26T04:08:13.361+0200][374349244ms] GC(15205) Pause Cleanup 11217M->11217M(32768M) 2.133ms
[2026-07-26T04:08:13.361+0200][374349244ms] GC(15205) User=0.03s Sys=0.00s Real=0.00s
[2026-07-26T04:08:13.361+0200][374349244ms] GC(15205) Concurrent Cleanup for Next Mark
[2026-07-26T04:08:13.371+0200][374349254ms] GC(15205) Concurrent Cleanup for Next Mark 10.231ms
[2026-07-26T04:08:13.371+0200][374349254ms] GC(15205) Concurrent Cycle 4057.372ms
[2026-07-26T04:10:09.675+0200][374465558ms] GC(15206) Pause Young (Prepare Mixed) (G1 Evacuation Pause)
[2026-07-26T04:10:09.675+0200][374465558ms] GC(15206) Using 32 workers of 32 for evacuation
[2026-07-26T04:10:09.734+0200][374465617ms] GC(15206)   Pre Evacuate Collection Set: 0.1ms
[2026-07-26T04:10:09.734+0200][374465617ms] GC(15206)   Evacuate Collection Set: 19.5ms
[2026-07-26T04:10:09.734+0200][374465617ms] GC(15206)   Post Evacuate Collection Set: 39.2ms
[2026-07-26T04:10:09.734+0200][374465617ms] GC(15206)   Other: 0.8ms
[2026-07-26T04:10:09.734+0200][374465617ms] GC(15206) Eden regions: 969->0(101)
[2026-07-26T04:10:09.734+0200][374465617ms] GC(15206) Survivor regions: 1->1(122)
[2026-07-26T04:10:09.734+0200][374465617ms] GC(15206) Old regions: 594->594
[2026-07-26T04:10:09.734+0200][374465617ms] GC(15206) Humongous regions: 8->8
[2026-07-26T04:10:09.734+0200][374465617ms] GC(15206) Metaspace: 1030010K(1123328K)->1030010K(1123328K)
[2026-07-26T04:10:09.734+0200][374465617ms] GC(15206) Pause Young (Prepare Mixed) (G1 Evacuation Pause) 25137M->9634M(32768M) 59.737ms
[2026-07-26T04:10:09.734+0200][374465617ms] GC(15206) User=1.31s Sys=0.00s Real=0.06s
[2026-07-26T04:10:09.735+0200][374465618ms] Concurrent String Deduplication (374465.618s)
[2026-07-26T04:10:09.740+0200][374465623ms] Concurrent String Deduplication 62176.0B->44152.0B(18024.0B) avg 65.5% (374465.618s, 374465.624s) 5.294ms
[2026-07-26T04:10:14.939+0200][374470822ms] GC(15207) Pause Young (Mixed) (G1 Evacuation Pause)
[2026-07-26T04:10:14.939+0200][374470822ms] GC(15207) Using 32 workers of 32 for evacuation
[2026-07-26T04:10:15.042+0200][374470925ms] GC(15207)   Pre Evacuate Collection Set: 0.2ms
[2026-07-26T04:10:15.042+0200][374470925ms] GC(15207)   Evacuate Collection Set: 59.8ms
[2026-07-26T04:10:15.042+0200][374470925ms] GC(15207)   Post Evacuate Collection Set: 41.6ms
[2026-07-26T04:10:15.042+0200][374470925ms] GC(15207)   Other: 1.0ms
[2026-07-26T04:10:15.042+0200][374470925ms] GC(15207) Eden regions: 101->0(977)
[2026-07-26T04:10:15.042+0200][374470925ms] GC(15207) Survivor regions: 1->1(13)
[2026-07-26T04:10:15.042+0200][374470925ms] GC(15207) Old regions: 594->593
[2026-07-26T04:10:15.042+0200][374470925ms] GC(15207) Humongous regions: 8->8
[2026-07-26T04:10:15.042+0200][374470925ms] GC(15207) Metaspace: 1030010K(1123328K)->1030010K(1123328K)
[2026-07-26T04:10:15.042+0200][374470925ms] GC(15207) Pause Young (Mixed) (G1 Evacuation Pause) 11250M->9616M(32768M) 102.745ms
[2026-07-26T04:10:15.042+0200][374470925ms] GC(15207) User=2.55s Sys=0.02s Real=0.10s
[2026-07-26T04:10:15.042+0200][374470926ms] Concurrent String Deduplication (374470.926s)
[2026-07-26T04:10:15.043+0200][374470926ms] Concurrent String Deduplication 73568.0B->44056.0B(29512.0B) avg 65.5% (374470.926s, 374470.927s) 0.758ms
[2026-07-26T04:12:09.615+0200][374585498ms] GC(15208) Pause Young (Normal) (G1 Evacuation Pause)
[2026-07-26T04:12:09.615+0200][374585498ms] GC(15208) Using 32 workers of 32 for evacuation
[2026-07-26T04:12:09.655+0200][374585538ms] GC(15208)   Pre Evacuate Collection Set: 0.1ms
[2026-07-26T04:12:09.655+0200][374585538ms] GC(15208)   Evacuate Collection Set: 9.8ms
[2026-07-26T04:12:09.655+0200][374585538ms] GC(15208)   Post Evacuate Collection Set: 30.4ms
[2026-07-26T04:12:09.655+0200][374585538ms] GC(15208)   Other: 0.4ms
[2026-07-26T04:12:09.655+0200][374585538ms] GC(15208) Eden regions: 977->0(983)
[2026-07-26T04:12:09.655+0200][374585538ms] GC(15208) Survivor regions: 1->2(123)
[2026-07-26T04:12:09.655+0200][374585538ms] GC(15208) Old regions: 593->593
[2026-07-26T04:12:09.655+0200][374585538ms] GC(15208) Humongous regions: 8->8
[2026-07-26T04:12:09.655+0200][374585538ms] GC(15208) Metaspace: 1030010K(1123328K)->1030010K(1123328K)
[2026-07-26T04:12:09.655+0200][374585538ms] GC(15208) Pause Young (Normal) (G1 Evacuation Pause) 25248M->9624M(32768M) 40.887ms
[2026-07-26T04:12:09.656+0200][374585539ms] GC(15208) User=0.87s Sys=0.00s Real=0.04s
[2026-07-26T04:12:09.656+0200][374585539ms] Concurrent String Deduplication (374585.539s)
[2026-07-26T04:12:09.658+0200][374585541ms] Concurrent String Deduplication 263.3K->159.3K(104.0K) avg 65.5% (374585.539s, 374585.542s) 2.437ms
[2026-07-26T04:14:09.367+0200][374705250ms] GC(15209) Pause Young (Normal) (G1 Evacuation Pause)
[2026-07-26T04:14:09.367+0200][374705250ms] GC(15209) Using 32 workers of 32 for evacuation
[2026-07-26T04:14:09.415+0200][374705298ms] GC(15209)   Pre Evacuate Collection Set: 0.1ms
[2026-07-26T04:14:09.415+0200][374705298ms] GC(15209)   Evacuate Collection Set: 15.7ms
[2026-07-26T04:14:09.415+0200][374705298ms] GC(15209)   Post Evacuate Collection Set: 31.8ms
[2026-07-26T04:14:09.415+0200][374705298ms] GC(15209)   Other: 0.4ms
[2026-07-26T04:14:09.415+0200][374705298ms] GC(15209) Eden regions: 983->0(989)
[2026-07-26T04:14:09.415+0200][374705298ms] GC(15209) Survivor regions: 2->2(124)
[2026-07-26T04:14:09.415+0200][374705298ms] GC(15209) Old regions: 593->593
[2026-07-26T04:14:09.415+0200][374705298ms] GC(15209) Humongous regions: 8->8
[2026-07-26T04:14:09.415+0200][374705298ms] GC(15209) Metaspace: 1030010K(1123328K)->1030010K(1123328K)
[2026-07-26T04:14:09.415+0200][374705298ms] GC(15209) Pause Young (Normal) (G1 Evacuation Pause) 25352M->9626M(32768M) 48.213ms
[2026-07-26T04:14:09.416+0200][374705299ms] GC(15209) User=0.96s Sys=0.00s Real=0.05s
[2026-07-26T04:14:09.416+0200][374705299ms] Concurrent String Deduplication (374705.300s)
[2026-07-26T04:14:09.416+0200][374705299ms] Concurrent String Deduplication 504.0B->504.0B(0.0B) avg 65.5% (374705.300s, 374705.300s) 0.041ms
[2026-07-26T04:16:09.470+0200][374825353ms] GC(15210) Pause Young (Concurrent Start) (G1 Evacuation Pause)
[2026-07-26T04:16:09.470+0200][374825353ms] GC(15210) Using 32 workers of 32 for evacuation
[2026-07-26T04:16:09.561+0200][374825444ms] GC(15210)   Pre Evacuate Collection Set: 8.3ms
[2026-07-26T04:16:09.561+0200][374825444ms] GC(15210)   Evacuate Collection Set: 50.2ms
[2026-07-26T04:16:09.561+0200][374825444ms] GC(15210)   Post Evacuate Collection Set: 31.1ms
[2026-07-26T04:16:09.561+0200][374825444ms] GC(15210)   Other: 0.5ms
[2026-07-26T04:16:09.561+0200][374825444ms] GC(15210) Eden regions: 989->0(994)
[2026-07-26T04:16:09.561+0200][374825444ms] GC(15210) Survivor regions: 2->2(124)
[2026-07-26T04:16:09.561+0200][374825444ms] GC(15210) Old regions: 593->593
[2026-07-26T04:16:09.561+0200][374825444ms] GC(15210) Humongous regions: 8->8
[2026-07-26T04:16:09.561+0200][374825444ms] GC(15210) Metaspace: 1030010K(1123328K)->1030010K(1123328K)
[2026-07-26T04:16:09.561+0200][374825444ms] GC(15210) Pause Young (Concurrent Start) (G1 Evacuation Pause) 25450M->9627M(32768M) 90.293ms
[2026-07-26T04:16:09.561+0200][374825444ms] GC(15210) User=1.76s Sys=0.01s Real=0.09s
[2026-07-26T04:16:09.561+0200][374825444ms] GC(15211) Concurrent Cycle
[2026-07-26T04:16:09.561+0200][374825444ms] GC(15211) Concurrent Clear Claimed Marks
[2026-07-26T04:16:09.561+0200][374825444ms] Concurrent String Deduplication (374825.445s)
[2026-07-26T04:16:09.571+0200][374825454ms] Concurrent String Deduplication 1758.4K->1505.8K(252.6K) avg 65.5% (374825.445s, 374825.455s) 10.308ms
[2026-07-26T04:16:09.572+0200][374825455ms] GC(15211) Concurrent Clear Claimed Marks 11.373ms
[2026-07-26T04:16:09.572+0200][374825455ms] GC(15211) Concurrent Scan Root Regions
[2026-07-26T04:16:09.589+0200][374825472ms] GC(15211) Concurrent Scan Root Regions 16.612ms
[2026-07-26T04:16:09.589+0200][374825472ms] GC(15211) Concurrent Mark (374825.473s)
[2026-07-26T04:16:09.589+0200][374825472ms] GC(15211) Concurrent Mark From Roots
[2026-07-26T04:16:09.589+0200][374825472ms] GC(15211) Using 24 workers of 24 for marking
[2026-07-26T04:16:11.219+0200][374827102ms] GC(15211) Concurrent Mark From Roots 1630.158ms
[2026-07-26T04:16:11.219+0200][374827102ms] GC(15211) Concurrent Preclean
[2026-07-26T04:16:11.241+0200][374827124ms] GC(15211) Concurrent Preclean 22.223ms
[2026-07-26T04:16:11.241+0200][374827124ms] GC(15211) Concurrent Mark (374825.473s, 374827.125s) 1652.513ms
[2026-07-26T04:16:11.242+0200][374827125ms] GC(15211) Pause Remark
[2026-07-26T04:16:11.572+0200][374827455ms] GC(15211) Cleaned string and symbol table, strings: 488914 processed, 297 removed, symbols: 1501860 processed, 14 removed
[2026-07-26T04:16:11.573+0200][374827456ms] GC(15211) MMU target violated: 201.0ms (200.0ms/201.0ms)
[2026-07-26T04:16:11.573+0200][374827456ms] GC(15211) Pause Remark 10403M->10403M(32768M) 330.989ms
[2026-07-26T04:16:11.573+0200][374827456ms] GC(15211) User=7.59s Sys=0.00s Real=0.33s
[2026-07-26T04:16:11.573+0200][374827456ms] GC(15211) Concurrent Rebuild Remembered Sets
[2026-07-26T04:16:13.551+0200][374829434ms] GC(15211) Concurrent Rebuild Remembered Sets 1977.595ms
[2026-07-26T04:16:13.551+0200][374829434ms] GC(15211) Pause Cleanup
[2026-07-26T04:16:13.554+0200][374829437ms] GC(15211) Pause Cleanup 10699M->10699M(32768M) 2.351ms
[2026-07-26T04:16:13.554+0200][374829437ms] GC(15211) User=0.03s Sys=0.00s Real=0.00s
[2026-07-26T04:16:13.554+0200][374829437ms] GC(15211) Concurrent Cleanup for Next Mark
[2026-07-26T04:16:13.562+0200][374829445ms] GC(15211) Concurrent Cleanup for Next Mark 7.755ms
[2026-07-26T04:16:13.562+0200][374829445ms] GC(15211) Concurrent Cycle 4000.844ms
[2026-07-26T04:18:09.420+0200][374945303ms] GC(15212) Pause Young (Normal) (G1 Evacuation Pause)
[2026-07-26T04:18:09.420+0200][374945303ms] GC(15212) Using 32 workers of 32 for evacuation
[2026-07-26T04:18:09.465+0200][374945348ms] GC(15212)   Pre Evacuate Collection Set: 0.1ms
[2026-07-26T04:18:09.465+0200][374945348ms] GC(15212)   Evacuate Collection Set: 18.4ms
[2026-07-26T04:18:09.465+0200][374945348ms] GC(15212)   Post Evacuate Collection Set: 25.7ms
[2026-07-26T04:18:09.465+0200][374945348ms] GC(15212)   Other: 0.5ms
[2026-07-26T04:18:09.465+0200][374945348ms] GC(15212) Eden regions: 994->0(998)
[2026-07-26T04:18:09.465+0200][374945348ms] GC(15212) Survivor regions: 2->2(125)
[2026-07-26T04:18:09.465+0200][374945348ms] GC(15212) Old regions: 593->593
[2026-07-26T04:18:09.465+0200][374945348ms] GC(15212) Humongous regions: 8->8
[2026-07-26T04:18:09.465+0200][374945348ms] GC(15212) Metaspace: 1030005K(1123328K)->1030005K(1123328K)
[2026-07-26T04:18:09.465+0200][374945348ms] GC(15212) Pause Young (Normal) (G1 Evacuation Pause) 25531M->9628M(32768M) 44.761ms
[2026-07-26T04:18:09.465+0200][374945348ms] GC(15212) User=0.89s Sys=0.05s Real=0.04s
[2026-07-26T04:18:09.469+0200][374945352ms] Concurrent String Deduplication (374945.353s)
[2026-07-26T04:18:09.471+0200][374945354ms] Concurrent String Deduplication 339.8K->200.8K(139.0K) avg 65.5% (374945.353s, 374945.355s) 1.751ms
[2026-07-26T04:20:12.144+0200][375068027ms] GC(15213) Pause Young (Concurrent Start) (G1 Evacuation Pause)
[2026-07-26T04:20:12.145+0200][375068028ms] GC(15213) Using 32 workers of 32 for evacuation
[2026-07-26T04:20:12.235+0200][375068118ms] GC(15213)   Pre Evacuate Collection Set: 8.8ms
[2026-07-26T04:20:12.235+0200][375068118ms] GC(15213)   Evacuate Collection Set: 49.0ms
[2026-07-26T04:20:12.235+0200][375068118ms] GC(15213)   Post Evacuate Collection Set: 32.2ms
[2026-07-26T04:20:12.235+0200][375068118ms] GC(15213)   Other: 0.6ms
[2026-07-26T04:20:12.235+0200][375068118ms] GC(15213) Eden regions: 998->0(1002)
[2026-07-26T04:20:12.235+0200][375068118ms] GC(15213) Survivor regions: 2->2(125)
[2026-07-26T04:20:12.235+0200][375068118ms] GC(15213) Old regions: 593->593
[2026-07-26T04:20:12.235+0200][375068118ms] GC(15213) Humongous regions: 8->8
[2026-07-26T04:20:12.235+0200][375068118ms] GC(15213) Metaspace: 1030005K(1123328K)->1030005K(1123328K)
[2026-07-26T04:20:12.235+0200][375068118ms] GC(15213) Pause Young (Concurrent Start) (G1 Evacuation Pause) 25596M->9629M(32768M) 90.798ms
[2026-07-26T04:20:12.235+0200][375068118ms] GC(15213) User=1.80s Sys=0.01s Real=0.09s
[2026-07-26T04:20:12.236+0200][375068119ms] GC(15214) Concurrent Cycle
[2026-07-26T04:20:12.236+0200][375068119ms] GC(15214) Concurrent Clear Claimed Marks
[2026-07-26T04:20:12.236+0200][375068119ms] Concurrent String Deduplication (375068.119s)
[2026-07-26T04:20:12.237+0200][375068120ms] Concurrent String Deduplication 55544.0B->27184.0B(28360.0B) avg 65.5% (375068.119s, 375068.120s) 0.888ms
[2026-07-26T04:20:12.244+0200][375068127ms] GC(15214) Concurrent Clear Claimed Marks 8.554ms
[2026-07-26T04:20:12.244+0200][375068127ms] GC(15214) Concurrent Scan Root Regions
[2026-07-26T04:20:12.258+0200][375068141ms] GC(15214) Concurrent Scan Root Regions 13.984ms
[2026-07-26T04:20:12.258+0200][375068141ms] GC(15214) Concurrent Mark (375068.142s)
[2026-07-26T04:20:12.258+0200][375068141ms] GC(15214) Concurrent Mark From Roots
[2026-07-26T04:20:12.258+0200][375068141ms] GC(15214) Using 24 workers of 24 for marking
[2026-07-26T04:20:13.773+0200][375069656ms] GC(15214) Concurrent Mark From Roots 1514.486ms
[2026-07-26T04:20:13.773+0200][375069656ms] GC(15214) Concurrent Preclean
[2026-07-26T04:20:13.795+0200][375069678ms] GC(15214) Concurrent Preclean 21.693ms
[2026-07-26T04:20:13.795+0200][375069678ms] GC(15214) Concurrent Mark (375068.142s, 375069.678s) 1536.307ms
[2026-07-26T04:20:13.795+0200][375069678ms] GC(15214) Pause Remark
[2026-07-26T04:20:14.099+0200][375069982ms] GC(15214) Cleaned string and symbol table, strings: 488914 processed, 61 removed, symbols: 1501846 processed, 2 removed
[2026-07-26T04:20:14.101+0200][375069984ms] GC(15214) MMU target violated: 201.0ms (200.0ms/201.0ms)
[2026-07-26T04:20:14.101+0200][375069984ms] GC(15214) Pause Remark 9869M->9869M(32768M) 305.779ms
[2026-07-26T04:20:14.101+0200][375069984ms] GC(15214) User=7.10s Sys=0.05s Real=0.31s
[2026-07-26T04:20:14.101+0200][375069984ms] GC(15214) Concurrent Rebuild Remembered Sets
[2026-07-26T04:20:16.146+0200][375072029ms] GC(15214) Concurrent Rebuild Remembered Sets 2045.567ms
[2026-07-26T04:20:16.147+0200][375072030ms] GC(15214) Pause Cleanup
[2026-07-26T04:20:16.149+0200][375072032ms] GC(15214) Pause Cleanup 10221M->10221M(32768M) 1.863ms
[2026-07-26T04:20:16.149+0200][375072032ms] GC(15214) User=0.02s Sys=0.00s Real=0.01s
[2026-07-26T04:20:16.149+0200][375072032ms] GC(15214) Concurrent Cleanup for Next Mark
[2026-07-26T04:20:16.161+0200][375072044ms] GC(15214) Concurrent Cleanup for Next Mark 11.735ms
[2026-07-26T04:20:16.161+0200][375072044ms] GC(15214) Concurrent Cycle 3925.188ms
[2026-07-26T04:22:09.584+0200][375185467ms] GC(15215) Pause Young (Prepare Mixed) (G1 Evacuation Pause)
[2026-07-26T04:22:09.584+0200][375185467ms] GC(15215) Using 32 workers of 32 for evacuation
[2026-07-26T04:22:09.651+0200][375185534ms] GC(15215)   Pre Evacuate Collection Set: 0.1ms
[2026-07-26T04:22:09.651+0200][375185534ms] GC(15215)   Evacuate Collection Set: 24.7ms
[2026-07-26T04:22:09.651+0200][375185534ms] GC(15215)   Post Evacuate Collection Set: 40.5ms
[2026-07-26T04:22:09.651+0200][375185534ms] GC(15215)   Other: 0.8ms
[2026-07-26T04:22:09.651+0200][375185534ms] GC(15215) Eden regions: 1002->0(100)
[2026-07-26T04:22:09.651+0200][375185534ms] GC(15215) Survivor regions: 2->2(126)
[2026-07-26T04:22:09.651+0200][375185534ms] GC(15215) Old regions: 593->593
[2026-07-26T04:22:09.651+0200][375185534ms] GC(15215) Humongous regions: 8->8
[2026-07-26T04:22:09.651+0200][375185534ms] GC(15215) Metaspace: 1029993K(1123328K)->1029993K(1123328K)
[2026-07-26T04:22:09.651+0200][375185534ms] GC(15215) Pause Young (Prepare Mixed) (G1 Evacuation Pause) 25661M->9628M(32768M) 66.239ms
[2026-07-26T04:22:09.651+0200][375185534ms] GC(15215) User=1.44s Sys=0.00s Real=0.07s
[2026-07-26T04:22:09.651+0200][375185534ms] Concurrent String Deduplication (375185.535s)
[2026-07-26T04:22:09.653+0200][375185536ms] Concurrent String Deduplication 189.8K->110.1K(81664.0B) avg 65.5% (375185.535s, 375185.536s) 1.723ms
[2026-07-26T04:22:10.939+0200][375186822ms] GC(15216) Pause Young (Mixed) (G1 Evacuation Pause)
[2026-07-26T04:22:10.939+0200][375186822ms] GC(15216) Using 32 workers of 32 for evacuation
[2026-07-26T04:22:11.064+0200][375186947ms] GC(15216)   Pre Evacuate Collection Set: 0.2ms
[2026-07-26T04:22:11.064+0200][375186947ms] GC(15216)   Evacuate Collection Set: 89.8ms
[2026-07-26T04:22:11.064+0200][375186947ms] GC(15216)   Post Evacuate Collection Set: 33.7ms
[2026-07-26T04:22:11.064+0200][375186947ms] GC(15216)   Other: 1.1ms
[2026-07-26T04:22:11.064+0200][375186947ms] GC(15216) Eden regions: 100->0(1006)
[2026-07-26T04:22:11.064+0200][375186947ms] GC(15216) Survivor regions: 2->2(13)
[2026-07-26T04:22:11.064+0200][375186947ms] GC(15216) Old regions: 593->592
[2026-07-26T04:22:11.064+0200][375186947ms] GC(15216) Humongous regions: 8->8
[2026-07-26T04:22:11.064+0200][375186947ms] GC(15216) Metaspace: 1029993K(1123328K)->1029993K(1123328K)
[2026-07-26T04:22:11.064+0200][375186947ms] GC(15216) Pause Young (Mixed) (G1 Evacuation Pause) 11228M->9619M(32768M) 124.990ms
[2026-07-26T04:22:11.064+0200][375186947ms] GC(15216) User=3.46s Sys=0.04s Real=0.12s
[2026-07-26T04:22:11.064+0200][375186947ms] Concurrent String Deduplication (375186.948s)
[2026-07-26T04:22:11.065+0200][375186948ms] Concurrent String Deduplication 52104.0B->27696.0B(24408.0B) avg 65.5% (375186.948s, 375186.949s) 0.368ms
[2026-07-26T04:24:09.508+0200][375305391ms] GC(15217) Pause Young (Normal) (G1 Evacuation Pause)
[2026-07-26T04:24:09.508+0200][375305391ms] GC(15217) Using 32 workers of 32 for evacuation
[2026-07-26T04:24:09.561+0200][375305444ms] GC(15217)   Pre Evacuate Collection Set: 0.1ms
[2026-07-26T04:24:09.561+0200][375305444ms] GC(15217)   Evacuate Collection Set: 14.0ms
[2026-07-26T04:24:09.561+0200][375305444ms] GC(15217)   Post Evacuate Collection Set: 37.8ms
[2026-07-26T04:24:09.561+0200][375305444ms] GC(15217)   Other: 0.4ms
[2026-07-26T04:24:09.561+0200][375305444ms] GC(15217) Eden regions: 1006->0(1009)
[2026-07-26T04:24:09.561+0200][375305444ms] GC(15217) Survivor regions: 2->2(126)
[2026-07-26T04:24:09.561+0200][375305444ms] GC(15217) Old regions: 592->592
[2026-07-26T04:24:09.561+0200][375305444ms] GC(15217) Humongous regions: 8->8
[2026-07-26T04:24:09.561+0200][375305444ms] GC(15217) Metaspace: 1029993K(1123328K)->1029993K(1123328K)
[2026-07-26T04:24:09.561+0200][375305444ms] GC(15217) Pause Young (Normal) (G1 Evacuation Pause) 25715M->9620M(32768M) 52.428ms
[2026-07-26T04:24:09.561+0200][375305444ms] GC(15217) User=1.00s Sys=0.00s Real=0.05s
[2026-07-26T04:24:09.561+0200][375305444ms] Concurrent String Deduplication (375305.445s)
[2026-07-26T04:24:09.562+0200][375305445ms] Concurrent String Deduplication 67576.0B->33536.0B(34040.0B) avg 65.5% (375305.445s, 375305.445s) 0.654ms
[2026-07-26T04:26:09.804+0200][375425687ms] GC(15218) Pause Young (Normal) (G1 Evacuation Pause)
[2026-07-26T04:26:09.805+0200][375425688ms] GC(15218) Using 32 workers of 32 for evacuation
[2026-07-26T04:26:09.861+0200][375425744ms] GC(15218)   Pre Evacuate Collection Set: 0.1ms
[2026-07-26T04:26:09.861+0200][375425744ms] GC(15218)   Evacuate Collection Set: 16.2ms
[2026-07-26T04:26:09.861+0200][375425744ms] GC(15218)   Post Evacuate Collection Set: 39.7ms
[2026-07-26T04:26:09.861+0200][375425744ms] GC(15218)   Other: 0.4ms
[2026-07-26T04:26:09.861+0200][375425744ms] GC(15218) Eden regions: 1009->0(1012)
[2026-07-26T04:26:09.861+0200][375425744ms] GC(15218) Survivor regions: 2->2(127)
[2026-07-26T04:26:09.861+0200][375425744ms] GC(15218) Old regions: 592->592
[2026-07-26T04:26:09.861+0200][375425744ms] GC(15218) Humongous regions: 8->8
[2026-07-26T04:26:09.861+0200][375425744ms] GC(15218) Metaspace: 1029993K(1123328K)->1029993K(1123328K)
[2026-07-26T04:26:09.861+0200][375425744ms] GC(15218) Pause Young (Normal) (G1 Evacuation Pause) 25764M->9616M(32768M) 56.580ms
[2026-07-26T04:26:09.861+0200][375425744ms] GC(15218) User=1.23s Sys=0.00s Real=0.06s
[2026-07-26T04:28:11.639+0200][375547522ms] GC(15219) Pause Young (Concurrent Start) (G1 Evacuation Pause)
[2026-07-26T04:28:11.639+0200][375547522ms] GC(15219) Using 32 workers of 32 for evacuation
[2026-07-26T04:28:11.742+0200][375547625ms] GC(15219)   Pre Evacuate Collection Set: 8.3ms
[2026-07-26T04:28:11.742+0200][375547625ms] GC(15219)   Evacuate Collection Set: 52.4ms
[2026-07-26T04:28:11.742+0200][375547625ms] GC(15219)   Post Evacuate Collection Set: 41.1ms
[2026-07-26T04:28:11.742+0200][375547625ms] GC(15219)   Other: 0.5ms
[2026-07-26T04:28:11.742+0200][375547625ms] GC(15219) Eden regions: 1012->0(1014)
[2026-07-26T04:28:11.742+0200][375547625ms] GC(15219) Survivor regions: 2->2(127)
[2026-07-26T04:28:11.742+0200][375547625ms] GC(15219) Old regions: 592->592
[2026-07-26T04:28:11.742+0200][375547625ms] GC(15219) Humongous regions: 8->8
[2026-07-26T04:28:11.742+0200][375547625ms] GC(15219) Metaspace: 1029993K(1123328K)->1029993K(1123328K)
[2026-07-26T04:28:11.742+0200][375547625ms] GC(15219) Pause Young (Concurrent Start) (G1 Evacuation Pause) 25808M->9614M(32768M) 102.538ms
[2026-07-26T04:28:11.742+0200][375547625ms] GC(15219) User=2.23s Sys=0.00s Real=0.10s
[2026-07-26T04:28:11.742+0200][375547625ms] GC(15220) Concurrent Cycle
[2026-07-26T04:28:11.742+0200][375547625ms] GC(15220) Concurrent Clear Claimed Marks
[2026-07-26T04:28:11.742+0200][375547625ms] Concurrent String Deduplication (375547.626s)
[2026-07-26T04:28:11.743+0200][375547626ms] Concurrent String Deduplication 66520.0B->33976.0B(32544.0B) avg 65.5% (375547.626s, 375547.627s) 0.771ms
[2026-07-26T04:28:11.751+0200][375547634ms] GC(15220) Concurrent Clear Claimed Marks 9.199ms
[2026-07-26T04:28:11.751+0200][375547634ms] GC(15220) Concurrent Scan Root Regions
[2026-07-26T04:28:11.780+0200][375547663ms] GC(15220) Concurrent Scan Root Regions 28.351ms
[2026-07-26T04:28:11.780+0200][375547663ms] GC(15220) Concurrent Mark (375547.664s)
[2026-07-26T04:28:11.780+0200][375547663ms] GC(15220) Concurrent Mark From Roots
[2026-07-26T04:28:11.780+0200][375547663ms] GC(15220) Using 24 workers of 24 for marking
[2026-07-26T04:28:13.319+0200][375549202ms] GC(15220) Concurrent Mark From Roots 1539.598ms
[2026-07-26T04:28:13.319+0200][375549202ms] GC(15220) Concurrent Preclean
[2026-07-26T04:28:13.338+0200][375549221ms] GC(15220) Concurrent Preclean 18.774ms
[2026-07-26T04:28:13.338+0200][375549221ms] GC(15220) Concurrent Mark (375547.664s, 375549.222s) 1558.498ms
[2026-07-26T04:28:13.339+0200][375549222ms] GC(15220) Pause Remark
[2026-07-26T04:28:13.633+0200][375549516ms] GC(15220) Cleaned string and symbol table, strings: 488909 processed, 13 removed, symbols: 1501844 processed, 6 removed
[2026-07-26T04:28:13.634+0200][375549517ms] GC(15220) MMU target violated: 201.0ms (200.0ms/201.0ms)
[2026-07-26T04:28:13.635+0200][375549518ms] GC(15220) Pause Remark 9711M->9711M(32768M) 295.697ms
[2026-07-26T04:28:13.635+0200][375549518ms] GC(15220) User=6.84s Sys=0.04s Real=0.29s
[2026-07-26T04:28:13.635+0200][375549518ms] GC(15220) Concurrent Rebuild Remembered Sets
[2026-07-26T04:28:15.558+0200][375551441ms] GC(15220) Concurrent Rebuild Remembered Sets 1923.544ms
[2026-07-26T04:28:15.559+0200][375551442ms] GC(15220) Pause Cleanup
[2026-07-26T04:28:15.562+0200][375551445ms] GC(15220) Pause Cleanup 9723M->9723M(32768M) 2.968ms
[2026-07-26T04:28:15.562+0200][375551445ms] GC(15220) User=0.03s Sys=0.00s Real=0.00s
[2026-07-26T04:28:15.562+0200][375551445ms] GC(15220) Concurrent Cleanup for Next Mark
[2026-07-26T04:28:15.571+0200][375551454ms] GC(15220) Concurrent Cleanup for Next Mark 9.255ms
[2026-07-26T04:28:15.571+0200][375551454ms] GC(15220) Concurrent Cycle 3829.116ms
[2026-07-26T04:30:37.408+0200][375693291ms] GC(15221) Pause Young (Normal) (G1 Evacuation Pause)
[2026-07-26T04:30:37.408+0200][375693291ms] GC(15221) Using 32 workers of 32 for evacuation
[2026-07-26T04:30:37.455+0200][375693338ms] GC(15221)   Pre Evacuate Collection Set: 0.1ms
[2026-07-26T04:30:37.455+0200][375693338ms] GC(15221)   Evacuate Collection Set: 13.3ms
[2026-07-26T04:30:37.455+0200][375693338ms] GC(15221)   Post Evacuate Collection Set: 33.3ms
[2026-07-26T04:30:37.455+0200][375693338ms] GC(15221)   Other: 0.5ms
[2026-07-26T04:30:37.455+0200][375693338ms] GC(15221) Eden regions: 1014->0(1017)
[2026-07-26T04:30:37.455+0200][375693338ms] GC(15221) Survivor regions: 2->2(127)
[2026-07-26T04:30:37.455+0200][375693338ms] GC(15221) Old regions: 592->592
[2026-07-26T04:30:37.455+0200][375693338ms] GC(15221) Humongous regions: 8->8
[2026-07-26T04:30:37.455+0200][375693338ms] GC(15221) Metaspace: 1029979K(1123328K)->1029979K(1123328K)
[2026-07-26T04:30:37.455+0200][375693338ms] GC(15221) Pause Young (Normal) (G1 Evacuation Pause) 25838M->9613M(32768M) 47.351ms
[2026-07-26T04:30:37.455+0200][375693338ms] GC(15221) User=1.11s Sys=0.06s Real=0.05s
[2026-07-26T04:30:37.456+0200][375693339ms] Concurrent String Deduplication (375693.339s)
[2026-07-26T04:30:37.457+0200][375693340ms] Concurrent String Deduplication 159.2K->72944.0B(90096.0B) avg 65.5% (375693.339s, 375693.341s) 1.092ms
[2026-07-26T04:32:38.480+0200][375814363ms] GC(15222) Pause Young (Concurrent Start) (G1 Evacuation Pause)
[2026-07-26T04:32:38.480+0200][375814363ms] GC(15222) Using 32 workers of 32 for evacuation
[2026-07-26T04:32:38.558+0200][375814441ms] GC(15222)   Pre Evacuate Collection Set: 8.3ms
[2026-07-26T04:32:38.558+0200][375814441ms] GC(15222)   Evacuate Collection Set: 41.5ms
[2026-07-26T04:32:38.558+0200][375814441ms] GC(15222)   Post Evacuate Collection Set: 27.5ms
[2026-07-26T04:32:38.558+0200][375814441ms] GC(15222)   Other: 0.5ms
[2026-07-26T04:32:38.558+0200][375814441ms] GC(15222) Eden regions: 1017->0(1019)
[2026-07-26T04:32:38.558+0200][375814441ms] GC(15222) Survivor regions: 2->2(128)
[2026-07-26T04:32:38.558+0200][375814441ms] GC(15222) Old regions: 592->592
[2026-07-26T04:32:38.558+0200][375814441ms] GC(15222) Humongous regions: 8->8
[2026-07-26T04:32:38.558+0200][375814441ms] GC(15222) Metaspace: 1029979K(1123328K)->1029979K(1123328K)
[2026-07-26T04:32:38.558+0200][375814441ms] GC(15222) Pause Young (Concurrent Start) (G1 Evacuation Pause) 25885M->9612M(32768M) 77.853ms
[2026-07-26T04:32:38.558+0200][375814441ms] GC(15222) User=1.32s Sys=0.00s Real=0.07s
[2026-07-26T04:32:38.558+0200][375814441ms] GC(15223) Concurrent Cycle
[2026-07-26T04:32:38.558+0200][375814441ms] GC(15223) Concurrent Clear Claimed Marks
[2026-07-26T04:32:38.560+0200][375814443ms] Concurrent String Deduplication (375814.443s)
[2026-07-26T04:32:38.560+0200][375814443ms] Concurrent String Deduplication 17944.0B->14392.0B(3552.0B) avg 65.5% (375814.443s, 375814.443s) 0.163ms
[2026-07-26T04:32:38.566+0200][375814449ms] GC(15223) Concurrent Clear Claimed Marks 7.811ms
[2026-07-26T04:32:38.566+0200][375814449ms] GC(15223) Concurrent Scan Root Regions
[2026-07-26T04:32:38.573+0200][375814456ms] GC(15223) Concurrent Scan Root Regions 6.670ms
[2026-07-26T04:32:38.573+0200][375814456ms] GC(15223) Concurrent Mark (375814.457s)
[2026-07-26T04:32:38.573+0200][375814456ms] GC(15223) Concurrent Mark From Roots
[2026-07-26T04:32:38.573+0200][375814456ms] GC(15223) Using 24 workers of 24 for marking
[2026-07-26T04:32:40.060+0200][375815943ms] GC(15223) Concurrent Mark From Roots 1486.764ms
[2026-07-26T04:32:40.060+0200][375815943ms] GC(15223) Concurrent Preclean
[2026-07-26T04:32:40.079+0200][375815962ms] GC(15223) Concurrent Preclean 18.704ms
[2026-07-26T04:32:40.079+0200][375815962ms] GC(15223) Concurrent Mark (375814.457s, 375815.962s) 1505.574ms
[2026-07-26T04:32:40.080+0200][375815963ms] GC(15223) Pause Remark
[2026-07-26T04:32:40.334+0200][375816217ms] GC(15223) Cleaned string and symbol table, strings: 488900 processed, 2 removed, symbols: 1501838 processed, 10 removed
[2026-07-26T04:32:40.340+0200][375816223ms] GC(15223) MMU target violated: 201.0ms (200.0ms/201.0ms)
[2026-07-26T04:32:40.340+0200][375816223ms] GC(15223) Pause Remark 9893M->9893M(32768M) 260.333ms
[2026-07-26T04:32:40.340+0200][375816223ms] GC(15223) User=5.76s Sys=0.00s Real=0.26s
[2026-07-26T04:32:40.340+0200][375816223ms] GC(15223) Concurrent Rebuild Remembered Sets
[2026-07-26T04:32:42.178+0200][375818061ms] GC(15223) Concurrent Rebuild Remembered Sets 1837.097ms
[2026-07-26T04:32:42.178+0200][375818061ms] GC(15223) Pause Cleanup
[2026-07-26T04:32:42.180+0200][375818063ms] GC(15223) Pause Cleanup 9894M->9894M(32768M) 2.268ms
[2026-07-26T04:32:42.180+0200][375818063ms] GC(15223) User=0.02s Sys=0.00s Real=0.01s
[2026-07-26T04:32:42.181+0200][375818064ms] GC(15223) Concurrent Cleanup for Next Mark
[2026-07-26T04:32:42.191+0200][375818074ms] GC(15223) Concurrent Cleanup for Next Mark 10.851ms
[2026-07-26T04:32:42.191+0200][375818074ms] GC(15223) Concurrent Cycle 3633.013ms
[2026-07-26T04:35:04.553+0200][375960436ms] GC(15224) Pause Young (Normal) (G1 Evacuation Pause)
[2026-07-26T04:35:04.553+0200][375960436ms] GC(15224) Using 32 workers of 32 for evacuation
[2026-07-26T04:35:04.603+0200][375960486ms] GC(15224)   Pre Evacuate Collection Set: 0.1ms
[2026-07-26T04:35:04.604+0200][375960487ms] GC(15224)   Evacuate Collection Set: 17.6ms
[2026-07-26T04:35:04.604+0200][375960487ms] GC(15224)   Post Evacuate Collection Set: 32.2ms
[2026-07-26T04:35:04.604+0200][375960487ms] GC(15224)   Other: 0.6ms
[2026-07-26T04:35:04.604+0200][375960487ms] GC(15224) Eden regions: 1019->0(1021)
[2026-07-26T04:35:04.604+0200][375960487ms] GC(15224) Survivor regions: 2->2(128)
[2026-07-26T04:35:04.604+0200][375960487ms] GC(15224) Old regions: 592->592
[2026-07-26T04:35:04.604+0200][375960487ms] GC(15224) Humongous regions: 8->8
[2026-07-26T04:35:04.604+0200][375960487ms] GC(15224) Metaspace: 1029975K(1123328K)->1029975K(1123328K)
[2026-07-26T04:35:04.604+0200][375960487ms] GC(15224) Pause Young (Normal) (G1 Evacuation Pause) 25916M->9614M(32768M) 50.577ms
[2026-07-26T04:35:04.604+0200][375960487ms] GC(15224) User=1.01s Sys=0.00s Real=0.05s
[2026-07-26T04:35:04.604+0200][375960487ms] Concurrent String Deduplication (375960.488s)
[2026-07-26T04:35:04.604+0200][375960487ms] Concurrent String Deduplication 50880.0B->29336.0B(21544.0B) avg 65.5% (375960.488s, 375960.488s) 0.351ms
[2026-07-26T04:37:04.965+0200][376080848ms] GC(15225) Pause Young (Concurrent Start) (G1 Evacuation Pause)
[2026-07-26T04:37:04.965+0200][376080848ms] GC(15225) Using 32 workers of 32 for evacuation
[2026-07-26T04:37:05.067+0200][376080950ms] GC(15225)   Pre Evacuate Collection Set: 8.3ms
[2026-07-26T04:37:05.068+0200][376080951ms] GC(15225)   Evacuate Collection Set: 66.9ms
[2026-07-26T04:37:05.068+0200][376080951ms] GC(15225)   Post Evacuate Collection Set: 26.5ms
[2026-07-26T04:37:05.068+0200][376080951ms] GC(15225)   Other: 0.5ms
[2026-07-26T04:37:05.068+0200][376080951ms] GC(15225) Eden regions: 1021->0(1023)
[2026-07-26T04:37:05.068+0200][376080951ms] GC(15225) Survivor regions: 2->2(128)
[2026-07-26T04:37:05.068+0200][376080951ms] GC(15225) Old regions: 592->592
[2026-07-26T04:37:05.068+0200][376080951ms] GC(15225) Humongous regions: 8->8
[2026-07-26T04:37:05.068+0200][376080951ms] GC(15225) Metaspace: 1029975K(1123328K)->1029975K(1123328K)
[2026-07-26T04:37:05.068+0200][376080951ms] GC(15225) Pause Young (Concurrent Start) (G1 Evacuation Pause) 25950M->9618M(32768M) 102.374ms
[2026-07-26T04:37:05.068+0200][376080951ms] GC(15225) User=1.91s Sys=0.00s Real=0.10s
[2026-07-26T04:37:05.068+0200][376080951ms] GC(15226) Concurrent Cycle
[2026-07-26T04:37:05.068+0200][376080951ms] GC(15226) Concurrent Clear Claimed Marks
[2026-07-26T04:37:05.068+0200][376080951ms] Concurrent String Deduplication (376080.952s)
[2026-07-26T04:37:05.068+0200][376080951ms] Concurrent String Deduplication 23344.0B->16784.0B(6560.0B) avg 65.5% (376080.952s, 376080.952s) 0.218ms
[2026-07-26T04:37:05.075+0200][376080958ms] GC(15226) Concurrent Clear Claimed Marks 7.733ms
[2026-07-26T04:37:05.076+0200][376080959ms] GC(15226) Concurrent Scan Root Regions
[2026-07-26T04:37:05.084+0200][376080967ms] GC(15226) Concurrent Scan Root Regions 8.148ms
[2026-07-26T04:37:05.084+0200][376080967ms] GC(15226) Concurrent Mark (376080.967s)
[2026-07-26T04:37:05.084+0200][376080967ms] GC(15226) Concurrent Mark From Roots
[2026-07-26T04:37:05.084+0200][376080967ms] GC(15226) Using 24 workers of 24 for marking
[2026-07-26T04:37:06.531+0200][376082414ms] GC(15226) Concurrent Mark From Roots 1446.855ms
[2026-07-26T04:37:06.531+0200][376082414ms] GC(15226) Concurrent Preclean
[2026-07-26T04:37:06.549+0200][376082432ms] GC(15226) Concurrent Preclean 17.941ms
[2026-07-26T04:37:06.549+0200][376082432ms] GC(15226) Concurrent Mark (376080.967s, 376082.432s) 1464.919ms
[2026-07-26T04:37:06.549+0200][376082432ms] GC(15226) Pause Remark
[2026-07-26T04:37:06.764+0200][376082647ms] GC(15226) Cleaned string and symbol table, strings: 488901 processed, 362 removed, symbols: 1501828 processed, 4 removed
[2026-07-26T04:37:06.765+0200][376082648ms] GC(15226) MMU target violated: 201.0ms (200.0ms/201.0ms)
[2026-07-26T04:37:06.766+0200][376082649ms] GC(15226) Pause Remark 10370M->10370M(32768M) 216.540ms
[2026-07-26T04:37:06.766+0200][376082649ms] GC(15226) User=4.67s Sys=0.04s Real=0.21s
[2026-07-26T04:37:06.766+0200][376082649ms] GC(15226) Concurrent Rebuild Remembered Sets
[2026-07-26T04:37:08.645+0200][376084528ms] GC(15226) Concurrent Rebuild Remembered Sets 1878.803ms
[2026-07-26T04:37:08.645+0200][376084528ms] GC(15226) Pause Cleanup
[2026-07-26T04:37:08.647+0200][376084530ms] GC(15226) Pause Cleanup 11986M->11986M(32768M) 2.271ms
[2026-07-26T04:37:08.647+0200][376084530ms] GC(15226) User=0.03s Sys=0.00s Real=0.00s
[2026-07-26T04:37:08.648+0200][376084531ms] GC(15226) Concurrent Cleanup for Next Mark
[2026-07-26T04:37:08.656+0200][376084539ms] GC(15226) Concurrent Cleanup for Next Mark 8.743ms
[2026-07-26T04:37:08.656+0200][376084539ms] GC(15226) Concurrent Cycle 3588.617ms
[2026-07-26T04:38:11.232+0200][376147115ms] GC(15227) Pause Young (Normal) (G1 Evacuation Pause)
[2026-07-26T04:38:11.232+0200][376147115ms] GC(15227) Using 32 workers of 32 for evacuation
[2026-07-26T04:38:11.303+0200][376147186ms] GC(15227)   Pre Evacuate Collection Set: 0.1ms
[2026-07-26T04:38:11.303+0200][376147186ms] GC(15227)   Evacuate Collection Set: 22.1ms
[2026-07-26T04:38:11.303+0200][376147186ms] GC(15227)   Post Evacuate Collection Set: 48.6ms
[2026-07-26T04:38:11.303+0200][376147186ms] GC(15227)   Other: 0.5ms
[2026-07-26T04:38:11.303+0200][376147186ms] GC(15227) Eden regions: 1023->0(1024)
[2026-07-26T04:38:11.303+0200][376147186ms] GC(15227) Survivor regions: 2->2(129)
[2026-07-26T04:38:11.303+0200][376147186ms] GC(15227) Old regions: 592->592
[2026-07-26T04:38:11.303+0200][376147186ms] GC(15227) Humongous regions: 8->8
[2026-07-26T04:38:11.303+0200][376147186ms] GC(15227) Metaspace: 1029666K(1123328K)->1029666K(1123328K)
[2026-07-26T04:38:11.303+0200][376147186ms] GC(15227) Pause Young (Normal) (G1 Evacuation Pause) 25986M->9615M(32768M) 71.536ms
[2026-07-26T04:38:11.303+0200][376147186ms] GC(15227) User=1.26s Sys=0.02s Real=0.07s
[2026-07-26T04:38:11.303+0200][376147186ms] Concurrent String Deduplication (376147.187s)
[2026-07-26T04:38:11.306+0200][376147189ms] Concurrent String Deduplication 344.3K->191.5K(152.8K) avg 65.5% (376147.187s, 376147.189s) 2.366ms
[2026-07-26T04:40:38.800+0200][376294683ms] GC(15228) Pause Young (Concurrent Start) (G1 Evacuation Pause)
[2026-07-26T04:40:38.800+0200][376294683ms] GC(15228) Using 32 workers of 32 for evacuation
[2026-07-26T04:40:38.893+0200][376294776ms] GC(15228)   Pre Evacuate Collection Set: 8.2ms
[2026-07-26T04:40:38.893+0200][376294776ms] GC(15228)   Evacuate Collection Set: 46.5ms
[2026-07-26T04:40:38.893+0200][376294776ms] GC(15228)   Post Evacuate Collection Set: 38.7ms
[2026-07-26T04:40:38.893+0200][376294776ms] GC(15228)   Other: 0.5ms
[2026-07-26T04:40:38.893+0200][376294776ms] GC(15228) Eden regions: 1024->0(1026)
[2026-07-26T04:40:38.893+0200][376294776ms] GC(15228) Survivor regions: 2->2(129)
[2026-07-26T04:40:38.893+0200][376294776ms] GC(15228) Old regions: 592->592
[2026-07-26T04:40:38.894+0200][376294777ms] GC(15228) Humongous regions: 8->8
[2026-07-26T04:40:38.894+0200][376294777ms] GC(15228) Metaspace: 1029666K(1123328K)->1029666K(1123328K)
[2026-07-26T04:40:38.894+0200][376294777ms] GC(15228) Pause Young (Concurrent Start) (G1 Evacuation Pause) 25999M->9614M(32768M) 93.993ms
[2026-07-26T04:40:38.894+0200][376294777ms] GC(15228) User=2.05s Sys=0.02s Real=0.09s
[2026-07-26T04:40:38.894+0200][376294777ms] GC(15229) Concurrent Cycle
[2026-07-26T04:40:38.894+0200][376294777ms] GC(15229) Concurrent Clear Claimed Marks
[2026-07-26T04:40:38.895+0200][376294778ms] Concurrent String Deduplication (376294.779s)
[2026-07-26T04:40:38.897+0200][376294780ms] Concurrent String Deduplication 242.0K->120.7K(121.3K) avg 65.5% (376294.779s, 376294.780s) 1.944ms
[2026-07-26T04:40:38.903+0200][376294786ms] GC(15229) Concurrent Clear Claimed Marks 9.112ms
[2026-07-26T04:40:38.903+0200][376294786ms] GC(15229) Concurrent Scan Root Regions
[2026-07-26T04:40:38.911+0200][376294794ms] GC(15229) Concurrent Scan Root Regions 8.465ms
[2026-07-26T04:40:38.911+0200][376294794ms] GC(15229) Concurrent Mark (376294.795s)
[2026-07-26T04:40:38.911+0200][376294794ms] GC(15229) Concurrent Mark From Roots
[2026-07-26T04:40:38.911+0200][376294794ms] GC(15229) Using 24 workers of 24 for marking
[2026-07-26T04:40:40.440+0200][376296323ms] GC(15229) Concurrent Mark From Roots 1528.603ms
[2026-07-26T04:40:40.440+0200][376296323ms] GC(15229) Concurrent Preclean
[2026-07-26T04:40:40.458+0200][376296341ms] GC(15229) Concurrent Preclean 17.555ms
[2026-07-26T04:40:40.458+0200][376296341ms] GC(15229) Concurrent Mark (376294.795s, 376296.341s) 1546.311ms
[2026-07-26T04:40:40.458+0200][376296341ms] GC(15229) Pause Remark
[2026-07-26T04:40:40.760+0200][376296643ms] GC(15229) Cleaned string and symbol table, strings: 488539 processed, 3530 removed, symbols: 1501824 processed, 132 removed
[2026-07-26T04:40:40.761+0200][376296644ms] GC(15229) MMU target violated: 201.0ms (200.0ms/201.0ms)
[2026-07-26T04:40:40.761+0200][376296644ms] GC(15229) Pause Remark 9847M->9847M(32768M) 302.945ms
[2026-07-26T04:40:40.761+0200][376296644ms] GC(15229) User=7.43s Sys=0.00s Real=0.30s
[2026-07-26T04:40:40.761+0200][376296644ms] GC(15229) Concurrent Rebuild Remembered Sets
[2026-07-26T04:40:42.544+0200][376298427ms] GC(15229) Concurrent Rebuild Remembered Sets 1782.508ms
[2026-07-26T04:40:42.544+0200][376298427ms] GC(15229) Pause Cleanup
[2026-07-26T04:40:42.546+0200][376298429ms] GC(15229) Pause Cleanup 10126M->10126M(32768M) 2.022ms
[2026-07-26T04:40:42.546+0200][376298429ms] GC(15229) User=0.03s Sys=0.00s Real=0.00s
[2026-07-26T04:40:42.546+0200][376298429ms] GC(15229) Concurrent Cleanup for Next Mark
[2026-07-26T04:40:42.554+0200][376298437ms] GC(15229) Concurrent Cleanup for Next Mark 7.455ms
[2026-07-26T04:40:42.554+0200][376298437ms] GC(15229) Concurrent Cycle 3660.236ms
[2026-07-26T04:43:04.597+0200][376440480ms] GC(15230) Pause Young (Prepare Mixed) (G1 Evacuation Pause)
[2026-07-26T04:43:04.597+0200][376440480ms] GC(15230) Using 32 workers of 32 for evacuation
[2026-07-26T04:43:04.644+0200][376440527ms] GC(15230)   Pre Evacuate Collection Set: 0.1ms
[2026-07-26T04:43:04.644+0200][376440527ms] GC(15230)   Evacuate Collection Set: 14.6ms
[2026-07-26T04:43:04.644+0200][376440527ms] GC(15230)   Post Evacuate Collection Set: 32.2ms
[2026-07-26T04:43:04.644+0200][376440527ms] GC(15230)   Other: 0.7ms
[2026-07-26T04:43:04.644+0200][376440527ms] GC(15230) Eden regions: 1026->0(100)
[2026-07-26T04:43:04.644+0200][376440527ms] GC(15230) Survivor regions: 2->2(129)
[2026-07-26T04:43:04.644+0200][376440527ms] GC(15230) Old regions: 592->592
[2026-07-26T04:43:04.644+0200][376440527ms] GC(15230) Humongous regions: 8->8
[2026-07-26T04:43:04.644+0200][376440527ms] GC(15230) Metaspace: 1029576K(1123328K)->1029576K(1123328K)
[2026-07-26T04:43:04.644+0200][376440527ms] GC(15230) Pause Young (Prepare Mixed) (G1 Evacuation Pause) 26030M->9615M(32768M) 47.608ms
[2026-07-26T04:43:04.645+0200][376440528ms] GC(15230) User=1.07s Sys=0.00s Real=0.05s
[2026-07-26T04:43:04.645+0200][376440528ms] Concurrent String Deduplication (376440.528s)
[2026-07-26T04:43:04.646+0200][376440529ms] Concurrent String Deduplication 7848.0B->7848.0B(0.0B) avg 65.5% (376440.528s, 376440.530s) 0.059ms
[2026-07-26T04:43:06.081+0200][376441964ms] GC(15231) Pause Young (Mixed) (G1 Evacuation Pause)
[2026-07-26T04:43:06.081+0200][376441964ms] GC(15231) Using 32 workers of 32 for evacuation
[2026-07-26T04:43:06.148+0200][376442031ms] GC(15231)   Pre Evacuate Collection Set: 0.1ms
[2026-07-26T04:43:06.148+0200][376442031ms] GC(15231)   Evacuate Collection Set: 40.2ms
[2026-07-26T04:43:06.148+0200][376442031ms] GC(15231)   Post Evacuate Collection Set: 25.2ms
[2026-07-26T04:43:06.148+0200][376442031ms] GC(15231)   Other: 1.0ms
[2026-07-26T04:43:06.148+0200][376442031ms] GC(15231) Eden regions: 100->0(1027)
[2026-07-26T04:43:06.148+0200][376442031ms] GC(15231) Survivor regions: 2->2(13)
[2026-07-26T04:43:06.148+0200][376442031ms] GC(15231) Old regions: 592->592
[2026-07-26T04:43:06.148+0200][376442031ms] GC(15231) Humongous regions: 8->8
[2026-07-26T04:43:06.148+0200][376442031ms] GC(15231) Metaspace: 1029576K(1123328K)->1029576K(1123328K)
[2026-07-26T04:43:06.148+0200][376442031ms] GC(15231) Pause Young (Mixed) (G1 Evacuation Pause) 11215M->9608M(32768M) 66.721ms
[2026-07-26T04:43:06.148+0200][376442031ms] GC(15231) User=1.75s Sys=0.02s Real=0.07s
[2026-07-26T04:43:06.150+0200][376442033ms] Concurrent String Deduplication (376442.033s)
[2026-07-26T04:43:06.150+0200][376442033ms] Concurrent String Deduplication 26776.0B->20176.0B(6600.0B) avg 65.5% (376442.033s, 376442.034s) 0.232ms
[2026-07-26T04:45:06.732+0200][376562615ms] GC(15232) Pause Young (Normal) (G1 Evacuation Pause)
[2026-07-26T04:45:06.732+0200][376562615ms] GC(15232) Using 32 workers of 32 for evacuation
[2026-07-26T04:45:06.785+0200][376562668ms] GC(15232)   Pre Evacuate Collection Set: 0.1ms
[2026-07-26T04:45:06.785+0200][376562668ms] GC(15232)   Evacuate Collection Set: 17.7ms
[2026-07-26T04:45:06.785+0200][376562668ms] GC(15232)   Post Evacuate Collection Set: 34.5ms
[2026-07-26T04:45:06.790+0200][376562673ms] GC(15232)   Other: 0.4ms
[2026-07-26T04:45:06.790+0200][376562673ms] GC(15232) Eden regions: 1027->0(1028)
[2026-07-26T04:45:06.790+0200][376562673ms] GC(15232) Survivor regions: 2->2(129)
[2026-07-26T04:45:06.790+0200][376562673ms] GC(15232) Old regions: 592->592
[2026-07-26T04:45:06.790+0200][376562673ms] GC(15232) Humongous regions: 8->8
[2026-07-26T04:45:06.790+0200][376562673ms] GC(15232) Metaspace: 1029576K(1123328K)->1029576K(1123328K)
[2026-07-26T04:45:06.790+0200][376562673ms] GC(15232) Pause Young (Normal) (G1 Evacuation Pause) 26040M->9608M(32768M) 57.434ms
[2026-07-26T04:45:06.790+0200][376562673ms] GC(15232) User=1.06s Sys=0.09s Real=0.06s
[2026-07-26T04:45:06.790+0200][376562673ms] Concurrent String Deduplication (376562.674s)
[2026-07-26T04:45:06.791+0200][376562674ms] Concurrent String Deduplication 59288.0B->32832.0B(26456.0B) avg 65.5% (376562.674s, 376562.675s) 1.373ms
[2026-07-26T04:47:06.961+0200][376682844ms] GC(15233) Pause Young (Normal) (G1 Evacuation Pause)
[2026-07-26T04:47:06.961+0200][376682844ms] GC(15233) Using 32 workers of 32 for evacuation
[2026-07-26T04:47:07.002+0200][376682885ms] GC(15233)   Pre Evacuate Collection Set: 0.1ms
[2026-07-26T04:47:07.002+0200][376682885ms] GC(15233)   Evacuate Collection Set: 9.4ms
[2026-07-26T04:47:07.002+0200][376682885ms] GC(15233)   Post Evacuate Collection Set: 31.6ms
[2026-07-26T04:47:07.002+0200][376682885ms] GC(15233)   Other: 0.4ms
[2026-07-26T04:47:07.002+0200][376682885ms] GC(15233) Eden regions: 1028->0(1029)
[2026-07-26T04:47:07.002+0200][376682885ms] GC(15233) Survivor regions: 2->2(129)
[2026-07-26T04:47:07.002+0200][376682885ms] GC(15233) Old regions: 592->592
[2026-07-26T04:47:07.002+0200][376682885ms] GC(15233) Humongous regions: 8->8
[2026-07-26T04:47:07.002+0200][376682885ms] GC(15233) Metaspace: 1029576K(1123328K)->1029576K(1123328K)
[2026-07-26T04:47:07.002+0200][376682885ms] GC(15233) Pause Young (Normal) (G1 Evacuation Pause) 26056M->9609M(32768M) 41.624ms
[2026-07-26T04:47:07.003+0200][376682886ms] GC(15233) User=0.97s Sys=0.00s Real=0.04s
[2026-07-26T04:49:07.264+0200][376803147ms] GC(15234) Pause Young (Concurrent Start) (G1 Evacuation Pause)
[2026-07-26T04:49:07.264+0200][376803147ms] GC(15234) Using 32 workers of 32 for evacuation
[2026-07-26T04:49:07.358+0200][376803241ms] GC(15234)   Pre Evacuate Collection Set: 8.2ms
[2026-07-26T04:49:07.358+0200][376803241ms] GC(15234)   Evacuate Collection Set: 57.4ms
[2026-07-26T04:49:07.358+0200][376803241ms] GC(15234)   Post Evacuate Collection Set: 27.1ms
[2026-07-26T04:49:07.358+0200][376803241ms] GC(15234)   Other: 0.5ms
[2026-07-26T04:49:07.358+0200][376803241ms] GC(15234) Eden regions: 1029->0(1030)
[2026-07-26T04:49:07.358+0200][376803241ms] GC(15234) Survivor regions: 2->2(129)
[2026-07-26T04:49:07.358+0200][376803241ms] GC(15234) Old regions: 592->592
[2026-07-26T04:49:07.358+0200][376803241ms] GC(15234) Humongous regions: 8->8
[2026-07-26T04:49:07.358+0200][376803241ms] GC(15234) Metaspace: 1029576K(1123328K)->1029576K(1123328K)
[2026-07-26T04:49:07.358+0200][376803241ms] GC(15234) Pause Young (Concurrent Start) (G1 Evacuation Pause) 26073M->9610M(32768M) 93.373ms
[2026-07-26T04:49:07.358+0200][376803241ms] GC(15234) User=1.72s Sys=0.05s Real=0.09s
[2026-07-26T04:49:07.359+0200][376803242ms] Concurrent String Deduplication (376803.243s)
[2026-07-26T04:49:07.359+0200][376803242ms] Concurrent String Deduplication 12248.0B->12160.0B(88.0B) avg 65.5% (376803.243s, 376803.243s) 0.087ms
[2026-07-26T04:49:07.359+0200][376803242ms] GC(15235) Concurrent Cycle
[2026-07-26T04:49:07.359+0200][376803242ms] GC(15235) Concurrent Clear Claimed Marks
[2026-07-26T04:49:07.367+0200][376803250ms] GC(15235) Concurrent Clear Claimed Marks 8.030ms
[2026-07-26T04:49:07.367+0200][376803250ms] GC(15235) Concurrent Scan Root Regions
[2026-07-26T04:49:07.377+0200][376803260ms] GC(15235) Concurrent Scan Root Regions 9.449ms
[2026-07-26T04:49:07.377+0200][376803260ms] GC(15235) Concurrent Mark (376803.260s)
[2026-07-26T04:49:07.377+0200][376803260ms] GC(15235) Concurrent Mark From Roots
[2026-07-26T04:49:07.377+0200][376803260ms] GC(15235) Using 24 workers of 24 for marking
[2026-07-26T04:49:08.859+0200][376804742ms] GC(15235) Concurrent Mark From Roots 1482.607ms
[2026-07-26T04:49:08.859+0200][376804742ms] GC(15235) Concurrent Preclean
[2026-07-26T04:49:08.878+0200][376804761ms] GC(15235) Concurrent Preclean 18.626ms
[2026-07-26T04:49:08.878+0200][376804761ms] GC(15235) Concurrent Mark (376803.260s, 376804.762s) 1501.343ms
[2026-07-26T04:49:08.878+0200][376804761ms] GC(15235) Pause Remark
[2026-07-26T04:49:09.159+0200][376805042ms] GC(15235) Cleaned string and symbol table, strings: 488505 processed, 717 removed, symbols: 1501692 processed, 44 removed
[2026-07-26T04:49:09.160+0200][376805043ms] GC(15235) MMU target violated: 201.0ms (200.0ms/201.0ms)
[2026-07-26T04:49:09.161+0200][376805044ms] GC(15235) Pause Remark 10410M->10410M(32768M) 282.129ms
[2026-07-26T04:49:09.161+0200][376805044ms] GC(15235) User=6.86s Sys=0.01s Real=0.28s
[2026-07-26T04:49:09.161+0200][376805044ms] GC(15235) Concurrent Rebuild Remembered Sets
[2026-07-26T04:49:11.102+0200][376806985ms] GC(15235) Concurrent Rebuild Remembered Sets 1941.513ms
[2026-07-26T04:49:11.103+0200][376806986ms] GC(15235) Pause Cleanup
[2026-07-26T04:49:11.105+0200][376806988ms] GC(15235) Pause Cleanup 11186M->11186M(32768M) 2.280ms
[2026-07-26T04:49:11.105+0200][376806988ms] GC(15235) User=0.02s Sys=0.00s Real=0.00s
[2026-07-26T04:49:11.105+0200][376806988ms] GC(15235) Concurrent Cleanup for Next Mark
[2026-07-26T04:49:11.113+0200][376806996ms] GC(15235) Concurrent Cleanup for Next Mark 7.503ms
[2026-07-26T04:49:11.113+0200][376806996ms] GC(15235) Concurrent Cycle 3753.803ms
[2026-07-26T04:51:07.621+0200][376923504ms] GC(15236) Pause Young (Normal) (G1 Evacuation Pause)
[2026-07-26T04:51:07.621+0200][376923504ms] GC(15236) Using 32 workers of 32 for evacuation
[2026-07-26T04:51:07.671+0200][376923554ms] GC(15236)   Pre Evacuate Collection Set: 0.1ms
[2026-07-26T04:51:07.671+0200][376923554ms] GC(15236)   Evacuate Collection Set: 17.3ms
[2026-07-26T04:51:07.671+0200][376923554ms] GC(15236)   Post Evacuate Collection Set: 31.5ms
[2026-07-26T04:51:07.671+0200][376923554ms] GC(15236)   Other: 0.5ms
[2026-07-26T04:51:07.671+0200][376923554ms] GC(15236) Eden regions: 1030->0(1031)
[2026-07-26T04:51:07.671+0200][376923554ms] GC(15236) Survivor regions: 2->2(129)
[2026-07-26T04:51:07.671+0200][376923554ms] GC(15236) Old regions: 592->592
[2026-07-26T04:51:07.671+0200][376923554ms] GC(15236) Humongous regions: 8->8
[2026-07-26T04:51:07.671+0200][376923554ms] GC(15236) Metaspace: 1029560K(1123328K)->1029560K(1123328K)
[2026-07-26T04:51:07.671+0200][376923554ms] GC(15236) Pause Young (Normal) (G1 Evacuation Pause) 26090M->9610M(32768M) 49.556ms
[2026-07-26T04:51:07.671+0200][376923554ms] GC(15236) User=1.10s Sys=0.00s Real=0.05s
[2026-07-26T04:51:07.671+0200][376923554ms] Concurrent String Deduplication (376923.555s)
[2026-07-26T04:51:07.672+0200][376923555ms] Concurrent String Deduplication 69720.0B->37648.0B(32072.0B) avg 65.5% (376923.555s, 376923.555s) 0.529ms
[2026-07-26T04:53:06.441+0200][377042324ms] GC(15237) Pause Young (Concurrent Start) (G1 Evacuation Pause)
[2026-07-26T04:53:06.441+0200][377042324ms] GC(15237) Using 32 workers of 32 for evacuation
[2026-07-26T04:53:06.540+0200][377042423ms] GC(15237)   Pre Evacuate Collection Set: 9.5ms
[2026-07-26T04:53:06.540+0200][377042423ms] GC(15237)   Evacuate Collection Set: 50.6ms
[2026-07-26T04:53:06.540+0200][377042423ms] GC(15237)   Post Evacuate Collection Set: 38.5ms
[2026-07-26T04:53:06.540+0200][377042423ms] GC(15237)   Other: 0.5ms
[2026-07-26T04:53:06.540+0200][377042423ms] GC(15237) Eden regions: 1031->0(1031)
[2026-07-26T04:53:06.540+0200][377042423ms] GC(15237) Survivor regions: 2->2(130)
[2026-07-26T04:53:06.540+0200][377042423ms] GC(15237) Old regions: 592->592
[2026-07-26T04:53:06.540+0200][377042423ms] GC(15237) Humongous regions: 8->8
[2026-07-26T04:53:06.540+0200][377042423ms] GC(15237) Metaspace: 1029560K(1123328K)->1029560K(1123328K)
[2026-07-26T04:53:06.540+0200][377042423ms] GC(15237) Pause Young (Concurrent Start) (G1 Evacuation Pause) 26106M->9611M(32768M) 99.307ms
[2026-07-26T04:53:06.540+0200][377042423ms] GC(15237) User=2.03s Sys=0.01s Real=0.10s
[2026-07-26T04:53:06.540+0200][377042423ms] GC(15238) Concurrent Cycle
[2026-07-26T04:53:06.540+0200][377042423ms] GC(15238) Concurrent Clear Claimed Marks
[2026-07-26T04:53:06.540+0200][377042423ms] Concurrent String Deduplication (377042.424s)
[2026-07-26T04:53:06.543+0200][377042426ms] Concurrent String Deduplication 281.1K->117.3K(163.8K) avg 65.5% (377042.424s, 377042.427s) 3.020ms
[2026-07-26T04:53:06.550+0200][377042433ms] GC(15238) Concurrent Clear Claimed Marks 9.315ms
[2026-07-26T04:53:06.550+0200][377042433ms] GC(15238) Concurrent Scan Root Regions
[2026-07-26T04:53:06.561+0200][377042444ms] GC(15238) Concurrent Scan Root Regions 10.980ms
[2026-07-26T04:53:06.561+0200][377042444ms] GC(15238) Concurrent Mark (377042.444s)
[2026-07-26T04:53:06.561+0200][377042444ms] GC(15238) Concurrent Mark From Roots
[2026-07-26T04:53:06.561+0200][377042444ms] GC(15238) Using 24 workers of 24 for marking
[2026-07-26T04:53:08.100+0200][377043983ms] GC(15238) Concurrent Mark From Roots 1539.163ms
[2026-07-26T04:53:08.100+0200][377043983ms] GC(15238) Concurrent Preclean
[2026-07-26T04:53:08.118+0200][377044001ms] GC(15238) Concurrent Preclean 18.607ms
[2026-07-26T04:53:08.118+0200][377044001ms] GC(15238) Concurrent Mark (377042.444s, 377044.002s) 1557.888ms
[2026-07-26T04:53:08.119+0200][377044002ms] GC(15238) Pause Remark
[2026-07-26T04:53:08.221+0200][377044104ms] GC(15238) Cleaned string and symbol table, strings: 488511 processed, 55 removed, symbols: 1501648 processed, 12 removed
[2026-07-26T04:53:08.222+0200][377044105ms] GC(15238) Pause Remark 10483M->10483M(32768M) 103.056ms
[2026-07-26T04:53:08.222+0200][377044105ms] GC(15238) User=2.74s Sys=0.00s Real=0.10s
[2026-07-26T04:53:08.222+0200][377044105ms] GC(15238) Concurrent Rebuild Remembered Sets
[2026-07-26T04:53:10.094+0200][377045977ms] GC(15238) Concurrent Rebuild Remembered Sets 1872.294ms
[2026-07-26T04:53:10.095+0200][377045978ms] GC(15238) Pause Cleanup
[2026-07-26T04:53:10.098+0200][377045981ms] GC(15238) Pause Cleanup 11779M->11779M(32768M) 2.531ms
[2026-07-26T04:53:10.098+0200][377045981ms] GC(15238) User=0.02s Sys=0.00s Real=0.00s
[2026-07-26T04:53:10.098+0200][377045981ms] GC(15238) Concurrent Cleanup for Next Mark
[2026-07-26T04:53:10.109+0200][377045992ms] GC(15238) Concurrent Cleanup for Next Mark 11.817ms
[2026-07-26T04:53:10.110+0200][377045993ms] GC(15238) Concurrent Cycle 3569.370ms
[2026-07-26T04:55:07.430+0200][377163313ms] GC(15239) Pause Young (Normal) (G1 Evacuation Pause)
[2026-07-26T04:55:07.430+0200][377163313ms] GC(15239) Using 32 workers of 32 for evacuation
[2026-07-26T04:55:07.484+0200][377163367ms] GC(15239)   Pre Evacuate Collection Set: 0.1ms
[2026-07-26T04:55:07.484+0200][377163367ms] GC(15239)   Evacuate Collection Set: 19.3ms
[2026-07-26T04:55:07.484+0200][377163367ms] GC(15239)   Post Evacuate Collection Set: 34.2ms
[2026-07-26T04:55:07.484+0200][377163367ms] GC(15239)   Other: 0.5ms
[2026-07-26T04:55:07.484+0200][377163367ms] GC(15239) Eden regions: 1031->0(1032)
[2026-07-26T04:55:07.484+0200][377163367ms] GC(15239) Survivor regions: 2->2(130)
[2026-07-26T04:55:07.484+0200][377163367ms] GC(15239) Old regions: 592->592
[2026-07-26T04:55:07.484+0200][377163367ms] GC(15239) Humongous regions: 8->8
[2026-07-26T04:55:07.484+0200][377163367ms] GC(15239) Metaspace: 1029560K(1123328K)->1029560K(1123328K)
[2026-07-26T04:55:07.484+0200][377163367ms] GC(15239) Pause Young (Normal) (G1 Evacuation Pause) 26107M->9612M(32768M) 54.260ms
[2026-07-26T04:55:07.484+0200][377163367ms] GC(15239) User=1.15s Sys=0.00s Real=0.05s
[2026-07-26T04:55:07.484+0200][377163367ms] Concurrent String Deduplication (377163.368s)
[2026-07-26T04:55:07.491+0200][377163374ms] Concurrent String Deduplication 338.4K->190.5K(147.9K) avg 65.5% (377163.368s, 377163.375s) 6.892ms
[2026-07-26T04:57:07.385+0200][377283268ms] GC(15240) Pause Young (Concurrent Start) (G1 Evacuation Pause)
[2026-07-26T04:57:07.385+0200][377283268ms] GC(15240) Using 32 workers of 32 for evacuation
[2026-07-26T04:57:07.462+0200][377283345ms] GC(15240)   Pre Evacuate Collection Set: 8.2ms
[2026-07-26T04:57:07.462+0200][377283345ms] GC(15240)   Evacuate Collection Set: 36.8ms
[2026-07-26T04:57:07.462+0200][377283345ms] GC(15240)   Post Evacuate Collection Set: 30.9ms
[2026-07-26T04:57:07.462+0200][377283345ms] GC(15240)   Other: 0.5ms
[2026-07-26T04:57:07.462+0200][377283345ms] GC(15240) Eden regions: 1032->0(1032)
[2026-07-26T04:57:07.462+0200][377283345ms] GC(15240) Survivor regions: 2->2(130)
[2026-07-26T04:57:07.462+0200][377283345ms] GC(15240) Old regions: 592->592
[2026-07-26T04:57:07.462+0200][377283345ms] GC(15240) Humongous regions: 8->8
[2026-07-26T04:57:07.462+0200][377283345ms] GC(15240) Metaspace: 1029560K(1123328K)->1029560K(1123328K)
[2026-07-26T04:57:07.462+0200][377283345ms] GC(15240) Pause Young (Concurrent Start) (G1 Evacuation Pause) 26124M->9611M(32768M) 76.663ms
[2026-07-26T04:57:07.462+0200][377283345ms] GC(15240) User=1.63s Sys=0.00s Real=0.08s
[2026-07-26T04:57:07.462+0200][377283345ms] GC(15241) Concurrent Cycle
[2026-07-26T04:57:07.462+0200][377283345ms] GC(15241) Concurrent Clear Claimed Marks
[2026-07-26T04:57:07.462+0200][377283345ms] Concurrent String Deduplication (377283.346s)
[2026-07-26T04:57:07.465+0200][377283348ms] Concurrent String Deduplication 227.9K->148.0K(81824.0B) avg 65.5% (377283.346s, 377283.348s) 2.216ms
[2026-07-26T04:57:07.476+0200][377283359ms] GC(15241) Concurrent Clear Claimed Marks 13.345ms
[2026-07-26T04:57:07.476+0200][377283359ms] GC(15241) Concurrent Scan Root Regions
[2026-07-26T04:57:07.491+0200][377283374ms] GC(15241) Concurrent Scan Root Regions 15.125ms
[2026-07-26T04:57:07.491+0200][377283374ms] GC(15241) Concurrent Mark (377283.375s)
[2026-07-26T04:57:07.491+0200][377283374ms] GC(15241) Concurrent Mark From Roots
[2026-07-26T04:57:07.491+0200][377283374ms] GC(15241) Using 24 workers of 24 for marking
[2026-07-26T04:57:09.010+0200][377284893ms] GC(15241) Concurrent Mark From Roots 1519.355ms
[2026-07-26T04:57:09.010+0200][377284893ms] GC(15241) Concurrent Preclean
[2026-07-26T04:57:09.027+0200][377284910ms] GC(15241) Concurrent Preclean 17.007ms
[2026-07-26T04:57:09.027+0200][377284910ms] GC(15241) Concurrent Mark (377283.375s, 377284.911s) 1536.485ms
[2026-07-26T04:57:09.028+0200][377284911ms] GC(15241) Pause Remark
[2026-07-26T04:57:09.304+0200][377285187ms] GC(15241) Cleaned string and symbol table, strings: 488458 processed, 4 removed, symbols: 1501636 processed, 0 removed
[2026-07-26T04:57:09.305+0200][377285188ms] GC(15241) MMU target violated: 201.0ms (200.0ms/201.0ms)
[2026-07-26T04:57:09.305+0200][377285188ms] GC(15241) Pause Remark 10467M->10467M(32768M) 277.699ms
[2026-07-26T04:57:09.305+0200][377285188ms] GC(15241) User=6.68s Sys=0.03s Real=0.28s
[2026-07-26T04:57:09.307+0200][377285190ms] GC(15241) Concurrent Rebuild Remembered Sets
[2026-07-26T04:57:11.175+0200][377287058ms] GC(15241) Concurrent Rebuild Remembered Sets 1868.470ms
[2026-07-26T04:57:11.176+0200][377287059ms] GC(15241) Pause Cleanup
[2026-07-26T04:57:11.179+0200][377287062ms] GC(15241) Pause Cleanup 11139M->11139M(32768M) 3.254ms
[2026-07-26T04:57:11.179+0200][377287062ms] GC(15241) User=0.03s Sys=0.00s Real=0.01s
[2026-07-26T04:57:11.179+0200][377287062ms] GC(15241) Concurrent Cleanup for Next Mark
[2026-07-26T04:57:11.191+0200][377287074ms] GC(15241) Concurrent Cleanup for Next Mark 11.753ms
[2026-07-26T04:57:11.191+0200][377287074ms] GC(15241) Concurrent Cycle 3728.967ms
[2026-07-26T04:59:07.906+0200][377403789ms] GC(15242) Pause Young (Prepare Mixed) (G1 Evacuation Pause)
[2026-07-26T04:59:07.906+0200][377403789ms] GC(15242) Using 32 workers of 32 for evacuation
[2026-07-26T04:59:07.946+0200][377403829ms] GC(15242)   Pre Evacuate Collection Set: 0.1ms
[2026-07-26T04:59:07.946+0200][377403829ms] GC(15242)   Evacuate Collection Set: 12.9ms
[2026-07-26T04:59:07.946+0200][377403829ms] GC(15242)   Post Evacuate Collection Set: 26.2ms
[2026-07-26T04:59:07.946+0200][377403829ms] GC(15242)   Other: 0.7ms
[2026-07-26T04:59:07.946+0200][377403829ms] GC(15242) Eden regions: 1032->0(100)
[2026-07-26T04:59:07.946+0200][377403829ms] GC(15242) Survivor regions: 2->2(130)
[2026-07-26T04:59:07.946+0200][377403829ms] GC(15242) Old regions: 592->592
[2026-07-26T04:59:07.946+0200][377403829ms] GC(15242) Humongous regions: 8->8
[2026-07-26T04:59:07.946+0200][377403829ms] GC(15242) Metaspace: 1029552K(1123328K)->1029552K(1123328K)
[2026-07-26T04:59:07.946+0200][377403829ms] GC(15242) Pause Young (Prepare Mixed) (G1 Evacuation Pause) 26123M->9611M(32768M) 40.055ms
[2026-07-26T04:59:07.947+0200][377403830ms] GC(15242) User=0.90s Sys=0.05s Real=0.04s
[2026-07-26T04:59:07.949+0200][377403832ms] Concurrent String Deduplication (377403.833s)
[2026-07-26T04:59:07.950+0200][377403833ms] Concurrent String Deduplication 100.3K->57520.0B(45176.0B) avg 65.5% (377403.833s, 377403.834s) 0.718ms
[2026-07-26T04:59:09.352+0200][377405235ms] GC(15243) Pause Young (Mixed) (G1 Evacuation Pause)
[2026-07-26T04:59:09.352+0200][377405235ms] GC(15243) Using 32 workers of 32 for evacuation
[2026-07-26T04:59:09.415+0200][377405298ms] GC(15243)   Pre Evacuate Collection Set: 0.1ms
[2026-07-26T04:59:09.415+0200][377405298ms] GC(15243)   Evacuate Collection Set: 36.4ms
[2026-07-26T04:59:09.415+0200][377405298ms] GC(15243)   Post Evacuate Collection Set: 25.3ms
[2026-07-26T04:59:09.415+0200][377405298ms] GC(15243)   Other: 0.9ms
[2026-07-26T04:59:09.415+0200][377405298ms] GC(15243) Eden regions: 100->0(1032)
[2026-07-26T04:59:09.415+0200][377405298ms] GC(15243) Survivor regions: 2->2(13)
[2026-07-26T04:59:09.415+0200][377405298ms] GC(15243) Old regions: 592->592
[2026-07-26T04:59:09.415+0200][377405298ms] GC(15243) Humongous regions: 8->8
[2026-07-26T04:59:09.415+0200][377405298ms] GC(15243) Metaspace: 1029552K(1123328K)->1029552K(1123328K)
[2026-07-26T04:59:09.415+0200][377405298ms] GC(15243) Pause Young (Mixed) (G1 Evacuation Pause) 11211M->9604M(32768M) 62.960ms
[2026-07-26T04:59:09.415+0200][377405298ms] GC(15243) User=1.68s Sys=0.00s Real=0.06s
[2026-07-26T04:59:09.415+0200][377405298ms] Concurrent String Deduplication (377405.299s)
[2026-07-26T04:59:09.415+0200][377405298ms] Concurrent String Deduplication 14152.0B->13760.0B(392.0B) avg 65.5% (377405.299s, 377405.299s) 0.080ms
[2026-07-26T05:01:36.425+0200][377552308ms] GC(15244) Pause Young (Normal) (G1 Evacuation Pause)
[2026-07-26T05:01:36.426+0200][377552309ms] GC(15244) Using 32 workers of 32 for evacuation
[2026-07-26T05:01:36.471+0200][377552354ms] GC(15244)   Pre Evacuate Collection Set: 0.1ms
[2026-07-26T05:01:36.471+0200][377552354ms] GC(15244)   Evacuate Collection Set: 13.6ms
[2026-07-26T05:01:36.471+0200][377552354ms] GC(15244)   Post Evacuate Collection Set: 31.6ms
[2026-07-26T05:01:36.471+0200][377552354ms] GC(15244)   Other: 0.4ms
[2026-07-26T05:01:36.471+0200][377552354ms] GC(15244) Eden regions: 1032->0(1032)
[2026-07-26T05:01:36.471+0200][377552354ms] GC(15244) Survivor regions: 2->2(130)
[2026-07-26T05:01:36.471+0200][377552354ms] GC(15244) Old regions: 592->592
[2026-07-26T05:01:36.471+0200][377552354ms] GC(15244) Humongous regions: 8->8
[2026-07-26T05:01:36.471+0200][377552354ms] GC(15244) Metaspace: 1029552K(1123328K)->1029552K(1123328K)
[2026-07-26T05:01:36.471+0200][377552354ms] GC(15244) Pause Young (Normal) (G1 Evacuation Pause) 26116M->9609M(32768M) 45.815ms
[2026-07-26T05:01:36.471+0200][377552354ms] GC(15244) User=0.97s Sys=0.03s Real=0.05s
[2026-07-26T05:01:36.472+0200][377552355ms] Concurrent String Deduplication (377552.355s)
[2026-07-26T05:01:36.472+0200][377552355ms] Concurrent String Deduplication 11840.0B->11800.0B(40.0B) avg 65.5% (377552.355s, 377552.355s) 0.068ms
[2026-07-26T05:03:37.610+0200][377673493ms] GC(15245) Pause Young (Normal) (G1 Evacuation Pause)
[2026-07-26T05:03:37.610+0200][377673493ms] GC(15245) Using 32 workers of 32 for evacuation
[2026-07-26T05:03:37.655+0200][377673538ms] GC(15245)   Pre Evacuate Collection Set: 0.1ms
[2026-07-26T05:03:37.655+0200][377673538ms] GC(15245)   Evacuate Collection Set: 14.2ms
[2026-07-26T05:03:37.655+0200][377673538ms] GC(15245)   Post Evacuate Collection Set: 30.7ms
[2026-07-26T05:03:37.655+0200][377673538ms] GC(15245)   Other: 0.4ms
[2026-07-26T05:03:37.655+0200][377673538ms] GC(15245) Eden regions: 1032->0(1032)
[2026-07-26T05:03:37.655+0200][377673538ms] GC(15245) Survivor regions: 2->2(130)
[2026-07-26T05:03:37.655+0200][377673538ms] GC(15245) Old regions: 592->592
[2026-07-26T05:03:37.655+0200][377673538ms] GC(15245) Humongous regions: 8->8
[2026-07-26T05:03:37.655+0200][377673538ms] GC(15245) Metaspace: 1029552K(1123328K)->1029552K(1123328K)
[2026-07-26T05:03:37.655+0200][377673538ms] GC(15245) Pause Young (Normal) (G1 Evacuation Pause) 26121M->9608M(32768M) 45.408ms
[2026-07-26T05:03:37.655+0200][377673538ms] GC(15245) User=1.00s Sys=0.00s Real=0.04s
[2026-07-26T05:06:04.963+0200][377820846ms] GC(15246) Pause Young (Concurrent Start) (G1 Evacuation Pause)
[2026-07-26T05:06:04.963+0200][377820846ms] GC(15246) Using 32 workers of 32 for evacuation
[2026-07-26T05:06:05.072+0200][377820955ms] GC(15246)   Pre Evacuate Collection Set: 8.3ms
[2026-07-26T05:06:05.072+0200][377820955ms] GC(15246)   Evacuate Collection Set: 62.3ms
[2026-07-26T05:06:05.072+0200][377820955ms] GC(15246)   Post Evacuate Collection Set: 38.1ms
[2026-07-26T05:06:05.072+0200][377820955ms] GC(15246)   Other: 0.5ms
[2026-07-26T05:06:05.072+0200][377820955ms] GC(15246) Eden regions: 1032->0(1032)
[2026-07-26T05:06:05.072+0200][377820955ms] GC(15246) Survivor regions: 2->2(130)
[2026-07-26T05:06:05.072+0200][377820955ms] GC(15246) Old regions: 592->592
[2026-07-26T05:06:05.072+0200][377820955ms] GC(15246) Humongous regions: 8->8
[2026-07-26T05:06:05.072+0200][377820955ms] GC(15246) Metaspace: 1029552K(1123328K)->1029552K(1123328K)
[2026-07-26T05:06:05.072+0200][377820955ms] GC(15246) Pause Young (Concurrent Start) (G1 Evacuation Pause) 26120M->9607M(32768M) 109.269ms
[2026-07-26T05:06:05.072+0200][377820955ms] GC(15246) User=1.99s Sys=0.02s Real=0.11s
[2026-07-26T05:06:05.072+0200][377820955ms] GC(15247) Concurrent Cycle
[2026-07-26T05:06:05.073+0200][377820956ms] GC(15247) Concurrent Clear Claimed Marks
[2026-07-26T05:06:05.073+0200][377820956ms] Concurrent String Deduplication (377820.956s)
[2026-07-26T05:06:05.076+0200][377820959ms] Concurrent String Deduplication 581.2K->365.6K(215.6K) avg 65.5% (377820.956s, 377820.960s) 3.459ms
[2026-07-26T05:06:05.082+0200][377820965ms] GC(15247) Concurrent Clear Claimed Marks 9.388ms
[2026-07-26T05:06:05.082+0200][377820965ms] GC(15247) Concurrent Scan Root Regions
[2026-07-26T05:06:05.093+0200][377820976ms] GC(15247) Concurrent Scan Root Regions 11.484ms
[2026-07-26T05:06:05.093+0200][377820976ms] GC(15247) Concurrent Mark (377820.977s)
[2026-07-26T05:06:05.093+0200][377820976ms] GC(15247) Concurrent Mark From Roots
[2026-07-26T05:06:05.093+0200][377820976ms] GC(15247) Using 24 workers of 24 for marking
[2026-07-26T05:06:06.760+0200][377822643ms] GC(15247) Concurrent Mark From Roots 1666.710ms
[2026-07-26T05:06:06.760+0200][377822643ms] GC(15247) Concurrent Preclean
[2026-07-26T05:06:06.785+0200][377822668ms] GC(15247) Concurrent Preclean 25.194ms
[2026-07-26T05:06:06.786+0200][377822669ms] GC(15247) Concurrent Mark (377820.977s, 377822.669s) 1692.046ms
[2026-07-26T05:06:06.789+0200][377822672ms] GC(15247) Pause Remark
[2026-07-26T05:06:07.009+0200][377822892ms] GC(15247) Cleaned string and symbol table, strings: 488459 processed, 92 removed, symbols: 1501636 processed, 6 removed
[2026-07-26T05:06:07.010+0200][377822893ms] GC(15247) MMU target violated: 201.0ms (200.0ms/201.0ms)
[2026-07-26T05:06:07.011+0200][377822894ms] GC(15247) Pause Remark 10183M->10183M(32768M) 221.419ms
[2026-07-26T05:06:07.011+0200][377822894ms] GC(15247) User=4.69s Sys=0.00s Real=0.22s
[2026-07-26T05:06:07.011+0200][377822894ms] GC(15247) Concurrent Rebuild Remembered Sets
[2026-07-26T05:06:09.017+0200][377824900ms] GC(15247) Concurrent Rebuild Remembered Sets 2006.608ms
[2026-07-26T05:06:09.018+0200][377824901ms] GC(15247) Pause Cleanup
[2026-07-26T05:06:09.021+0200][377824904ms] GC(15247) Pause Cleanup 11319M->11319M(32768M) 2.531ms
[2026-07-26T05:06:09.021+0200][377824904ms] GC(15247) User=0.03s Sys=0.00s Real=0.01s
[2026-07-26T05:06:09.021+0200][377824904ms] GC(15247) Concurrent Cleanup for Next Mark
[2026-07-26T05:06:09.031+0200][377824914ms] GC(15247) Concurrent Cleanup for Next Mark 10.321ms
[2026-07-26T05:06:09.031+0200][377824914ms] GC(15247) Concurrent Cycle 3958.551ms
[2026-07-26T05:07:11.253+0200][377887136ms] GC(15248) Pause Young (Normal) (G1 Evacuation Pause)
[2026-07-26T05:07:11.254+0200][377887137ms] GC(15248) Using 32 workers of 32 for evacuation
[2026-07-26T05:07:11.297+0200][377887180ms] GC(15248)   Pre Evacuate Collection Set: 0.1ms
[2026-07-26T05:07:11.297+0200][377887180ms] GC(15248)   Evacuate Collection Set: 15.1ms
[2026-07-26T05:07:11.297+0200][377887180ms] GC(15248)   Post Evacuate Collection Set: 27.5ms
[2026-07-26T05:07:11.297+0200][377887180ms] GC(15248)   Other: 0.5ms
[2026-07-26T05:07:11.297+0200][377887180ms] GC(15248) Eden regions: 1032->0(1033)
[2026-07-26T05:07:11.297+0200][377887180ms] GC(15248) Survivor regions: 2->2(130)
[2026-07-26T05:07:11.297+0200][377887180ms] GC(15248) Old regions: 592->592
[2026-07-26T05:07:11.297+0200][377887180ms] GC(15248) Humongous regions: 8->8
[2026-07-26T05:07:11.297+0200][377887180ms] GC(15248) Metaspace: 1029380K(1123328K)->1029380K(1123328K)
[2026-07-26T05:07:11.297+0200][377887180ms] GC(15248) Pause Young (Normal) (G1 Evacuation Pause) 26119M->9606M(32768M) 43.398ms
[2026-07-26T05:07:11.297+0200][377887180ms] GC(15248) User=0.92s Sys=0.00s Real=0.04s
[2026-07-26T05:07:11.297+0200][377887180ms] Concurrent String Deduplication (377887.181s)
[2026-07-26T05:07:11.298+0200][377887181ms] Concurrent String Deduplication 196.1K->138.6K(58904.0B) avg 65.5% (377887.181s, 377887.182s) 0.939ms
[2026-07-26T05:09:37.315+0200][378033198ms] GC(15249) Pause Young (Concurrent Start) (G1 Evacuation Pause)
[2026-07-26T05:09:37.315+0200][378033198ms] GC(15249) Using 32 workers of 32 for evacuation
[2026-07-26T05:09:37.404+0200][378033287ms] GC(15249)   Pre Evacuate Collection Set: 8.2ms
[2026-07-26T05:09:37.404+0200][378033287ms] GC(15249)   Evacuate Collection Set: 48.3ms
[2026-07-26T05:09:37.404+0200][378033287ms] GC(15249)   Post Evacuate Collection Set: 31.7ms
[2026-07-26T05:09:37.404+0200][378033287ms] GC(15249)   Other: 0.5ms
[2026-07-26T05:09:37.404+0200][378033287ms] GC(15249) Eden regions: 1033->0(1033)
[2026-07-26T05:09:37.404+0200][378033287ms] GC(15249) Survivor regions: 2->2(130)
[2026-07-26T05:09:37.404+0200][378033287ms] GC(15249) Old regions: 592->592
[2026-07-26T05:09:37.404+0200][378033287ms] GC(15249) Humongous regions: 8->8
[2026-07-26T05:09:37.404+0200][378033287ms] GC(15249) Metaspace: 1029380K(1123328K)->1029380K(1123328K)
[2026-07-26T05:09:37.404+0200][378033287ms] GC(15249) Pause Young (Concurrent Start) (G1 Evacuation Pause) 26134M->9606M(32768M) 88.786ms
[2026-07-26T05:09:37.404+0200][378033287ms] GC(15249) User=1.94s Sys=0.00s Real=0.09s
[2026-07-26T05:09:37.404+0200][378033287ms] GC(15250) Concurrent Cycle
[2026-07-26T05:09:37.404+0200][378033287ms] GC(15250) Concurrent Clear Claimed Marks
[2026-07-26T05:09:37.404+0200][378033287ms] Concurrent String Deduplication (378033.288s)
[2026-07-26T05:09:37.405+0200][378033288ms] Concurrent String Deduplication 112.0K->76128.0B(38528.0B) avg 65.5% (378033.288s, 378033.289s) 0.748ms
[2026-07-26T05:09:37.412+0200][378033295ms] GC(15250) Concurrent Clear Claimed Marks 7.997ms
[2026-07-26T05:09:37.412+0200][378033295ms] GC(15250) Concurrent Scan Root Regions
[2026-07-26T05:09:37.424+0200][378033307ms] GC(15250) Concurrent Scan Root Regions 11.437ms
[2026-07-26T05:09:37.424+0200][378033307ms] GC(15250) Concurrent Mark (378033.307s)
[2026-07-26T05:09:37.424+0200][378033307ms] GC(15250) Concurrent Mark From Roots
[2026-07-26T05:09:37.424+0200][378033307ms] GC(15250) Using 24 workers of 24 for marking
[2026-07-26T05:09:38.884+0200][378034767ms] GC(15250) Concurrent Mark From Roots 1460.472ms
[2026-07-26T05:09:38.884+0200][378034767ms] GC(15250) Concurrent Preclean
[2026-07-26T05:09:38.915+0200][378034798ms] GC(15250) Concurrent Preclean 30.690ms
[2026-07-26T05:09:38.915+0200][378034798ms] GC(15250) Concurrent Mark (378033.307s, 378034.799s) 1491.328ms
[2026-07-26T05:09:38.915+0200][378034798ms] GC(15250) Pause Remark
[2026-07-26T05:09:39.194+0200][378035077ms] GC(15250) Cleaned string and symbol table, strings: 488424 processed, 44 removed, symbols: 1501630 processed, 118 removed
[2026-07-26T05:09:39.195+0200][378035078ms] GC(15250) MMU target violated: 201.0ms (200.0ms/201.0ms)
[2026-07-26T05:09:39.195+0200][378035078ms] GC(15250) Pause Remark 10006M->10006M(32768M) 279.977ms
[2026-07-26T05:09:39.195+0200][378035078ms] GC(15250) User=6.71s Sys=0.04s Real=0.28s
[2026-07-26T05:09:39.196+0200][378035079ms] GC(15250) Concurrent Rebuild Remembered Sets
[2026-07-26T05:09:40.998+0200][378036881ms] GC(15250) Concurrent Rebuild Remembered Sets 1801.932ms
[2026-07-26T05:09:40.998+0200][378036881ms] GC(15250) Pause Cleanup
[2026-07-26T05:09:41.000+0200][378036883ms] GC(15250) Pause Cleanup 10146M->10146M(32768M) 2.137ms
[2026-07-26T05:09:41.000+0200][378036883ms] GC(15250) User=0.02s Sys=0.00s Real=0.01s
[2026-07-26T05:09:41.000+0200][378036883ms] GC(15250) Concurrent Cleanup for Next Mark
[2026-07-26T05:09:41.011+0200][378036894ms] GC(15250) Concurrent Cleanup for Next Mark 10.664ms
[2026-07-26T05:09:41.011+0200][378036894ms] GC(15250) Concurrent Cycle 3606.875ms
[2026-07-26T05:12:04.694+0200][378180577ms] GC(15251) Pause Young (Normal) (G1 Evacuation Pause)
[2026-07-26T05:12:04.694+0200][378180577ms] GC(15251) Using 32 workers of 32 for evacuation
[2026-07-26T05:12:04.745+0200][378180628ms] GC(15251)   Pre Evacuate Collection Set: 0.1ms
[2026-07-26T05:12:04.745+0200][378180628ms] GC(15251)   Evacuate Collection Set: 15.3ms
[2026-07-26T05:12:04.745+0200][378180628ms] GC(15251)   Post Evacuate Collection Set: 34.5ms
[2026-07-26T05:12:04.745+0200][378180628ms] GC(15251)   Other: 0.5ms
[2026-07-26T05:12:04.745+0200][378180628ms] GC(15251) Eden regions: 1033->0(1033)
[2026-07-26T05:12:04.745+0200][378180628ms] GC(15251) Survivor regions: 2->2(130)
[2026-07-26T05:12:04.745+0200][378180628ms] GC(15251) Old regions: 592->592
[2026-07-26T05:12:04.745+0200][378180628ms] GC(15251) Humongous regions: 8->8
[2026-07-26T05:12:04.745+0200][378180628ms] GC(15251) Metaspace: 1029272K(1123328K)->1029272K(1123328K)
[2026-07-26T05:12:04.745+0200][378180628ms] GC(15251) Pause Young (Normal) (G1 Evacuation Pause) 26134M->9607M(32768M) 50.538ms
[2026-07-26T05:12:04.745+0200][378180628ms] GC(15251) User=1.05s Sys=0.09s Real=0.05s
[2026-07-26T05:12:04.745+0200][378180628ms] Concurrent String Deduplication (378180.629s)
[2026-07-26T05:12:04.745+0200][378180628ms] Concurrent String Deduplication 6144.0B->6144.0B(0.0B) avg 65.5% (378180.629s, 378180.629s) 0.062ms
[2026-07-26T05:14:05.472+0200][378301355ms] GC(15252) Pause Young (Concurrent Start) (G1 Evacuation Pause)
[2026-07-26T05:14:05.472+0200][378301355ms] GC(15252) Using 32 workers of 32 for evacuation
[2026-07-26T05:14:05.554+0200][378301437ms] GC(15252)   Pre Evacuate Collection Set: 8.4ms
[2026-07-26T05:14:05.554+0200][378301437ms] GC(15252)   Evacuate Collection Set: 42.7ms
[2026-07-26T05:14:05.554+0200][378301437ms] GC(15252)   Post Evacuate Collection Set: 30.2ms
[2026-07-26T05:14:05.554+0200][378301437ms] GC(15252)   Other: 0.6ms
[2026-07-26T05:14:05.554+0200][378301437ms] GC(15252) Eden regions: 1033->0(1033)
[2026-07-26T05:14:05.554+0200][378301437ms] GC(15252) Survivor regions: 2->2(130)
[2026-07-26T05:14:05.554+0200][378301437ms] GC(15252) Old regions: 592->592
[2026-07-26T05:14:05.554+0200][378301437ms] GC(15252) Humongous regions: 8->8
[2026-07-26T05:14:05.554+0200][378301437ms] GC(15252) Metaspace: 1029272K(1123328K)->1029272K(1123328K)
[2026-07-26T05:14:05.554+0200][378301437ms] GC(15252) Pause Young (Concurrent Start) (G1 Evacuation Pause) 26135M->9607M(32768M) 81.969ms
[2026-07-26T05:14:05.554+0200][378301437ms] GC(15252) User=1.62s Sys=0.00s Real=0.08s
[2026-07-26T05:14:05.554+0200][378301437ms] GC(15253) Concurrent Cycle
[2026-07-26T05:14:05.554+0200][378301437ms] GC(15253) Concurrent Clear Claimed Marks
[2026-07-26T05:14:05.554+0200][378301437ms] Concurrent String Deduplication (378301.438s)
[2026-07-26T05:14:05.559+0200][378301442ms] Concurrent String Deduplication 315.7K->208.9K(106.8K) avg 65.5% (378301.438s, 378301.442s) 1.844ms
[2026-07-26T05:14:05.563+0200][378301446ms] GC(15253) Concurrent Clear Claimed Marks 8.379ms
[2026-07-26T05:14:05.563+0200][378301446ms] GC(15253) Concurrent Scan Root Regions
[2026-07-26T05:14:05.577+0200][378301460ms] GC(15253) Concurrent Scan Root Regions 14.627ms
[2026-07-26T05:14:05.577+0200][378301460ms] GC(15253) Concurrent Mark (378301.461s)
[2026-07-26T05:14:05.577+0200][378301460ms] GC(15253) Concurrent Mark From Roots
[2026-07-26T05:14:05.578+0200][378301461ms] GC(15253) Using 24 workers of 24 for marking
[2026-07-26T05:14:07.122+0200][378303005ms] GC(15253) Concurrent Mark From Roots 1544.701ms
[2026-07-26T05:14:07.122+0200][378303005ms] GC(15253) Concurrent Preclean
[2026-07-26T05:14:07.144+0200][378303027ms] GC(15253) Concurrent Preclean 21.594ms
[2026-07-26T05:14:07.144+0200][378303027ms] GC(15253) Concurrent Mark (378301.461s, 378303.028s) 1566.402ms
[2026-07-26T05:14:07.144+0200][378303027ms] GC(15253) Pause Remark
[2026-07-26T05:14:07.443+0200][378303326ms] GC(15253) Cleaned string and symbol table, strings: 488380 processed, 3382 removed, symbols: 1501512 processed, 71 removed
[2026-07-26T05:14:07.449+0200][378303332ms] GC(15253) MMU target violated: 201.0ms (200.0ms/201.0ms)
[2026-07-26T05:14:07.450+0200][378303333ms] GC(15253) Pause Remark 10223M->10223M(32768M) 305.258ms
[2026-07-26T05:14:07.450+0200][378303333ms] GC(15253) User=7.24s Sys=0.01s Real=0.31s
[2026-07-26T05:14:07.450+0200][378303333ms] GC(15253) Concurrent Rebuild Remembered Sets
[2026-07-26T05:14:09.417+0200][378305300ms] GC(15253) Concurrent Rebuild Remembered Sets 1967.683ms
[2026-07-26T05:14:09.419+0200][378305302ms] GC(15253) Pause Cleanup
[2026-07-26T05:14:09.422+0200][378305305ms] GC(15253) Pause Cleanup 11151M->11151M(32768M) 2.459ms
[2026-07-26T05:14:09.422+0200][378305305ms] GC(15253) User=0.03s Sys=0.00s Real=0.00s
[2026-07-26T05:14:09.422+0200][378305305ms] GC(15253) Concurrent Cleanup for Next Mark
[2026-07-26T05:14:09.431+0200][378305314ms] GC(15253) Concurrent Cleanup for Next Mark 8.900ms
[2026-07-26T05:14:09.431+0200][378305314ms] GC(15253) Concurrent Cycle 3876.484ms
[2026-07-26T05:16:06.193+0200][378422076ms] GC(15254) Pause Young (Normal) (G1 Evacuation Pause)
[2026-07-26T05:16:06.193+0200][378422076ms] GC(15254) Using 32 workers of 32 for evacuation
[2026-07-26T05:16:06.240+0200][378422123ms] GC(15254)   Pre Evacuate Collection Set: 0.1ms
[2026-07-26T05:16:06.240+0200][378422123ms] GC(15254)   Evacuate Collection Set: 15.4ms
[2026-07-26T05:16:06.240+0200][378422123ms] GC(15254)   Post Evacuate Collection Set: 30.8ms
[2026-07-26T05:16:06.240+0200][378422123ms] GC(15254)   Other: 0.5ms
[2026-07-26T05:16:06.240+0200][378422123ms] GC(15254) Eden regions: 1033->0(1033)
[2026-07-26T05:16:06.240+0200][378422123ms] GC(15254) Survivor regions: 2->2(130)
[2026-07-26T05:16:06.240+0200][378422123ms] GC(15254) Old regions: 592->592
[2026-07-26T05:16:06.240+0200][378422123ms] GC(15254) Humongous regions: 8->8
[2026-07-26T05:16:06.240+0200][378422123ms] GC(15254) Metaspace: 1029099K(1123328K)->1029099K(1123328K)
[2026-07-26T05:16:06.240+0200][378422123ms] GC(15254) Pause Young (Normal) (G1 Evacuation Pause) 26135M->9605M(32768M) 46.949ms
[2026-07-26T05:16:06.240+0200][378422123ms] GC(15254) User=0.96s Sys=0.01s Real=0.05s
[2026-07-26T05:16:06.240+0200][378422124ms] Concurrent String Deduplication (378422.124s)
[2026-07-26T05:16:06.241+0200][378422124ms] Concurrent String Deduplication 126.9K->90136.0B(39800.0B) avg 65.5% (378422.124s, 378422.125s) 0.684ms
[2026-07-26T05:18:06.921+0200][378542804ms] GC(15255) Pause Young (Concurrent Start) (G1 Evacuation Pause)
[2026-07-26T05:18:06.921+0200][378542804ms] GC(15255) Using 32 workers of 32 for evacuation
[2026-07-26T05:18:07.012+0200][378542895ms] GC(15255)   Pre Evacuate Collection Set: 8.6ms
[2026-07-26T05:18:07.012+0200][378542895ms] GC(15255)   Evacuate Collection Set: 42.3ms
[2026-07-26T05:18:07.012+0200][378542895ms] GC(15255)   Post Evacuate Collection Set: 38.9ms
[2026-07-26T05:18:07.012+0200][378542895ms] GC(15255)   Other: 0.5ms
[2026-07-26T05:18:07.012+0200][378542895ms] GC(15255) Eden regions: 1033->0(1033)
[2026-07-26T05:18:07.012+0200][378542895ms] GC(15255) Survivor regions: 2->2(130)
[2026-07-26T05:18:07.012+0200][378542895ms] GC(15255) Old regions: 592->592
[2026-07-26T05:18:07.012+0200][378542895ms] GC(15255) Humongous regions: 8->8
[2026-07-26T05:18:07.012+0200][378542895ms] GC(15255) Metaspace: 1029099K(1123328K)->1029099K(1123328K)
[2026-07-26T05:18:07.012+0200][378542895ms] GC(15255) Pause Young (Concurrent Start) (G1 Evacuation Pause) 26133M->9605M(32768M) 90.483ms
[2026-07-26T05:18:07.012+0200][378542895ms] GC(15255) User=1.81s Sys=0.00s Real=0.09s
[2026-07-26T05:18:07.012+0200][378542895ms] GC(15256) Concurrent Cycle
[2026-07-26T05:18:07.012+0200][378542895ms] GC(15256) Concurrent Clear Claimed Marks
[2026-07-26T05:18:07.012+0200][378542895ms] Concurrent String Deduplication (378542.896s)
[2026-07-26T05:18:07.013+0200][378542896ms] Concurrent String Deduplication 101224.0B->75968.0B(25256.0B) avg 65.5% (378542.896s, 378542.897s) 0.678ms
[2026-07-26T05:18:07.023+0200][378542906ms] GC(15256) Concurrent Clear Claimed Marks 11.453ms
[2026-07-26T05:18:07.023+0200][378542906ms] GC(15256) Concurrent Scan Root Regions
[2026-07-26T05:18:07.035+0200][378542918ms] GC(15256) Concurrent Scan Root Regions 11.426ms
[2026-07-26T05:18:07.035+0200][378542918ms] GC(15256) Concurrent Mark (378542.919s)
[2026-07-26T05:18:07.035+0200][378542918ms] GC(15256) Concurrent Mark From Roots
[2026-07-26T05:18:07.035+0200][378542918ms] GC(15256) Using 24 workers of 24 for marking
[2026-07-26T05:18:08.893+0200][378544776ms] GC(15256) Concurrent Mark From Roots 1857.839ms
[2026-07-26T05:18:08.893+0200][378544776ms] GC(15256) Concurrent Preclean
[2026-07-26T05:18:08.932+0200][378544815ms] GC(15256) Concurrent Preclean 39.064ms
[2026-07-26T05:18:08.932+0200][378544815ms] GC(15256) Concurrent Mark (378542.919s, 378544.816s) 1897.061ms
[2026-07-26T05:18:08.932+0200][378544815ms] GC(15256) Pause Remark
[2026-07-26T05:18:09.244+0200][378545127ms] GC(15256) Cleaned string and symbol table, strings: 488103 processed, 397 removed, symbols: 1501441 processed, 134 removed
[2026-07-26T05:18:09.250+0200][378545133ms] GC(15256) MMU target violated: 201.0ms (200.0ms/201.0ms)
[2026-07-26T05:18:09.250+0200][378545133ms] GC(15256) Pause Remark 10621M->10621M(32768M) 317.528ms
[2026-07-26T05:18:09.250+0200][378545133ms] GC(15256) User=7.24s Sys=0.02s Real=0.32s
[2026-07-26T05:18:09.250+0200][378545133ms] GC(15256) Concurrent Rebuild Remembered Sets
[2026-07-26T05:18:11.295+0200][378547178ms] GC(15256) Concurrent Rebuild Remembered Sets 2045.148ms
[2026-07-26T05:18:11.296+0200][378547179ms] GC(15256) Pause Cleanup
[2026-07-26T05:18:11.300+0200][378547183ms] GC(15256) Pause Cleanup 11773M->11773M(32768M) 3.715ms
[2026-07-26T05:18:11.300+0200][378547183ms] GC(15256) User=0.03s Sys=0.00s Real=0.01s
[2026-07-26T05:18:11.300+0200][378547183ms] GC(15256) Concurrent Cleanup for Next Mark
[2026-07-26T05:18:11.311+0200][378547194ms] GC(15256) Concurrent Cleanup for Next Mark 11.068ms
[2026-07-26T05:18:11.311+0200][378547194ms] GC(15256) Concurrent Cycle 4299.077ms
[2026-07-26T05:20:08.399+0200][378664282ms] GC(15257) Pause Young (Normal) (G1 Evacuation Pause)
[2026-07-26T05:20:08.399+0200][378664282ms] GC(15257) Using 32 workers of 32 for evacuation
[2026-07-26T05:20:08.453+0200][378664336ms] GC(15257)   Pre Evacuate Collection Set: 0.1ms
[2026-07-26T05:20:08.453+0200][378664336ms] GC(15257)   Evacuate Collection Set: 14.0ms
[2026-07-26T05:20:08.453+0200][378664336ms] GC(15257)   Post Evacuate Collection Set: 39.8ms
[2026-07-26T05:20:08.453+0200][378664336ms] GC(15257)   Other: 0.5ms
[2026-07-26T05:20:08.453+0200][378664336ms] GC(15257) Eden regions: 1033->0(1033)
[2026-07-26T05:20:08.453+0200][378664336ms] GC(15257) Survivor regions: 2->2(130)
[2026-07-26T05:20:08.453+0200][378664336ms] GC(15257) Old regions: 592->592
[2026-07-26T05:20:08.453+0200][378664336ms] GC(15257) Humongous regions: 8->8
[2026-07-26T05:20:08.453+0200][378664336ms] GC(15257) Metaspace: 1029073K(1123328K)->1029073K(1123328K)
[2026-07-26T05:20:08.453+0200][378664336ms] GC(15257) Pause Young (Normal) (G1 Evacuation Pause) 26133M->9605M(32768M) 54.526ms
[2026-07-26T05:20:08.453+0200][378664336ms] GC(15257) User=1.05s Sys=0.03s Real=0.05s
[2026-07-26T05:20:08.454+0200][378664337ms] Concurrent String Deduplication (378664.337s)
[2026-07-26T05:20:08.454+0200][378664337ms] Concurrent String Deduplication 12768.0B->12496.0B(272.0B) avg 65.5% (378664.337s, 378664.338s) 0.937ms
[2026-07-26T05:22:07.928+0200][378783811ms] GC(15258) Pause Young (Concurrent Start) (G1 Evacuation Pause)
[2026-07-26T05:22:07.928+0200][378783811ms] GC(15258) Using 32 workers of 32 for evacuation
[2026-07-26T05:22:08.020+0200][378783903ms] GC(15258)   Pre Evacuate Collection Set: 8.2ms
[2026-07-26T05:22:08.020+0200][378783903ms] GC(15258)   Evacuate Collection Set: 46.3ms
[2026-07-26T05:22:08.020+0200][378783904ms] GC(15258)   Post Evacuate Collection Set: 37.0ms
[2026-07-26T05:22:08.021+0200][378783904ms] GC(15258)   Other: 0.6ms
[2026-07-26T05:22:08.021+0200][378783904ms] GC(15258) Eden regions: 1033->0(1034)
[2026-07-26T05:22:08.021+0200][378783904ms] GC(15258) Survivor regions: 2->2(130)
[2026-07-26T05:22:08.021+0200][378783904ms] GC(15258) Old regions: 592->592
[2026-07-26T05:22:08.021+0200][378783904ms] GC(15258) Humongous regions: 8->8
[2026-07-26T05:22:08.021+0200][378783904ms] GC(15258) Metaspace: 1029073K(1123328K)->1029073K(1123328K)
[2026-07-26T05:22:08.021+0200][378783904ms] GC(15258) Pause Young (Concurrent Start) (G1 Evacuation Pause) 26133M->9605M(32768M) 92.196ms
[2026-07-26T05:22:08.021+0200][378783904ms] GC(15258) User=1.92s Sys=0.04s Real=0.09s
[2026-07-26T05:22:08.021+0200][378783904ms] GC(15259) Concurrent Cycle
[2026-07-26T05:22:08.021+0200][378783904ms] GC(15259) Concurrent Clear Claimed Marks
[2026-07-26T05:22:08.021+0200][378783904ms] Concurrent String Deduplication (378783.905s)
[2026-07-26T05:22:08.021+0200][378783904ms] Concurrent String Deduplication 39696.0B->32040.0B(7656.0B) avg 65.5% (378783.905s, 378783.905s) 0.284ms
[2026-07-26T05:22:08.029+0200][378783912ms] GC(15259) Concurrent Clear Claimed Marks 8.360ms
[2026-07-26T05:22:08.029+0200][378783912ms] GC(15259) Concurrent Scan Root Regions
[2026-07-26T05:22:08.039+0200][378783922ms] GC(15259) Concurrent Scan Root Regions 9.781ms
[2026-07-26T05:22:08.039+0200][378783922ms] GC(15259) Concurrent Mark (378783.923s)
[2026-07-26T05:22:08.039+0200][378783922ms] GC(15259) Concurrent Mark From Roots
[2026-07-26T05:22:08.039+0200][378783922ms] GC(15259) Using 24 workers of 24 for marking
[2026-07-26T05:22:09.714+0200][378785597ms] GC(15259) Concurrent Mark From Roots 1675.126ms
[2026-07-26T05:22:09.714+0200][378785597ms] GC(15259) Concurrent Preclean
[2026-07-26T05:22:09.736+0200][378785619ms] GC(15259) Concurrent Preclean 21.845ms
[2026-07-26T05:22:09.736+0200][378785619ms] GC(15259) Concurrent Mark (378783.923s, 378785.620s) 1697.097ms
[2026-07-26T05:22:09.737+0200][378785620ms] GC(15259) Pause Remark
[2026-07-26T05:22:09.983+0200][378785866ms] GC(15259) Cleaned string and symbol table, strings: 488096 processed, 506 removed, symbols: 1501307 processed, 14 removed
[2026-07-26T05:22:09.985+0200][378785868ms] GC(15259) MMU target violated: 201.0ms (200.0ms/201.0ms)
[2026-07-26T05:22:09.985+0200][378785868ms] GC(15259) Pause Remark 10301M->10301M(32768M) 248.507ms
[2026-07-26T05:22:09.985+0200][378785868ms] GC(15259) User=5.61s Sys=0.02s Real=0.25s
[2026-07-26T05:22:09.985+0200][378785868ms] GC(15259) Concurrent Rebuild Remembered Sets
[2026-07-26T05:22:11.942+0200][378787825ms] GC(15259) Concurrent Rebuild Remembered Sets 1956.774ms
[2026-07-26T05:22:11.943+0200][378787826ms] GC(15259) Pause Cleanup
[2026-07-26T05:22:11.945+0200][378787828ms] GC(15259) Pause Cleanup 11325M->11325M(32768M) 2.433ms
[2026-07-26T05:22:11.945+0200][378787828ms] GC(15259) User=0.02s Sys=0.00s Real=0.00s
[2026-07-26T05:22:11.945+0200][378787828ms] GC(15259) Concurrent Cleanup for Next Mark
[2026-07-26T05:22:11.954+0200][378787837ms] GC(15259) Concurrent Cleanup for Next Mark 8.990ms
[2026-07-26T05:22:11.954+0200][378787837ms] GC(15259) Concurrent Cycle 3933.525ms
[2026-07-26T05:24:06.741+0200][378902624ms] GC(15260) Pause Young (Normal) (G1 Evacuation Pause)
[2026-07-26T05:24:06.741+0200][378902624ms] GC(15260) Using 32 workers of 32 for evacuation
[2026-07-26T05:24:06.801+0200][378902684ms] GC(15260)   Pre Evacuate Collection Set: 0.1ms
[2026-07-26T05:24:06.801+0200][378902684ms] GC(15260)   Evacuate Collection Set: 18.1ms
[2026-07-26T05:24:06.801+0200][378902684ms] GC(15260)   Post Evacuate Collection Set: 41.4ms
[2026-07-26T05:24:06.801+0200][378902684ms] GC(15260)   Other: 0.5ms
[2026-07-26T05:24:06.801+0200][378902684ms] GC(15260) Eden regions: 1034->0(1034)
[2026-07-26T05:24:06.801+0200][378902684ms] GC(15260) Survivor regions: 2->1(130)
[2026-07-26T05:24:06.801+0200][378902684ms] GC(15260) Old regions: 592->592
[2026-07-26T05:24:06.801+0200][378902684ms] GC(15260) Humongous regions: 8->8
[2026-07-26T05:24:06.801+0200][378902684ms] GC(15260) Metaspace: 1028614K(1123328K)->1028614K(1123328K)
[2026-07-26T05:24:06.801+0200][378902684ms] GC(15260) Pause Young (Normal) (G1 Evacuation Pause) 26149M->9604M(32768M) 60.204ms
[2026-07-26T05:24:06.801+0200][378902684ms] GC(15260) User=1.30s Sys=0.00s Real=0.06s
[2026-07-26T05:24:06.802+0200][378902685ms] Concurrent String Deduplication (378902.685s)
[2026-07-26T05:24:06.803+0200][378902686ms] Concurrent String Deduplication 181.0K->121.8K(60528.0B) avg 65.5% (378902.685s, 378902.687s) 1.293ms
[2026-07-26T05:26:07.546+0200][379023429ms] GC(15261) Pause Young (Concurrent Start) (G1 Evacuation Pause)
[2026-07-26T05:26:07.546+0200][379023429ms] GC(15261) Using 32 workers of 32 for evacuation
[2026-07-26T05:26:07.651+0200][379023534ms] GC(15261)   Pre Evacuate Collection Set: 8.5ms
[2026-07-26T05:26:07.651+0200][379023534ms] GC(15261)   Evacuate Collection Set: 59.6ms
[2026-07-26T05:26:07.651+0200][379023534ms] GC(15261)   Post Evacuate Collection Set: 36.4ms
[2026-07-26T05:26:07.651+0200][379023534ms] GC(15261)   Other: 0.5ms
[2026-07-26T05:26:07.651+0200][379023534ms] GC(15261) Eden regions: 1034->0(1034)
[2026-07-26T05:26:07.651+0200][379023534ms] GC(15261) Survivor regions: 1->1(130)
[2026-07-26T05:26:07.651+0200][379023534ms] GC(15261) Old regions: 592->592
[2026-07-26T05:26:07.651+0200][379023534ms] GC(15261) Humongous regions: 8->8
[2026-07-26T05:26:07.651+0200][379023534ms] GC(15261) Metaspace: 1028617K(1123328K)->1028617K(1123328K)
[2026-07-26T05:26:07.651+0200][379023534ms] GC(15261) Pause Young (Concurrent Start) (G1 Evacuation Pause) 26148M->9604M(32768M) 105.169ms
[2026-07-26T05:26:07.651+0200][379023534ms] GC(15261) User=1.77s Sys=0.03s Real=0.11s
[2026-07-26T05:26:07.651+0200][379023534ms] GC(15262) Concurrent Cycle
[2026-07-26T05:26:07.651+0200][379023534ms] GC(15262) Concurrent Clear Claimed Marks
[2026-07-26T05:26:07.651+0200][379023534ms] Concurrent String Deduplication (379023.535s)
[2026-07-26T05:26:07.652+0200][379023535ms] Concurrent String Deduplication 69792.0B->32864.0B(36928.0B) avg 65.5% (379023.535s, 379023.536s) 0.789ms
[2026-07-26T05:26:07.660+0200][379023543ms] GC(15262) Concurrent Clear Claimed Marks 8.377ms
[2026-07-26T05:26:07.660+0200][379023543ms] GC(15262) Concurrent Scan Root Regions
[2026-07-26T05:26:07.673+0200][379023556ms] GC(15262) Concurrent Scan Root Regions 13.796ms
[2026-07-26T05:26:07.674+0200][379023557ms] GC(15262) Concurrent Mark (379023.557s)
[2026-07-26T05:26:07.674+0200][379023557ms] GC(15262) Concurrent Mark From Roots
[2026-07-26T05:26:07.674+0200][379023557ms] GC(15262) Using 24 workers of 24 for marking
[2026-07-26T05:26:09.401+0200][379025284ms] GC(15262) Concurrent Mark From Roots 1727.654ms
[2026-07-26T05:26:09.401+0200][379025284ms] GC(15262) Concurrent Preclean
[2026-07-26T05:26:09.422+0200][379025305ms] GC(15262) Concurrent Preclean 20.784ms
[2026-07-26T05:26:09.422+0200][379025305ms] GC(15262) Concurrent Mark (379023.557s, 379025.306s) 1748.552ms
[2026-07-26T05:26:09.423+0200][379025306ms] GC(15262) Pause Remark
[2026-07-26T05:26:09.712+0200][379025595ms] GC(15262) Cleaned string and symbol table, strings: 487884 processed, 431 removed, symbols: 1501293 processed, 254 removed
[2026-07-26T05:26:09.713+0200][379025596ms] GC(15262) MMU target violated: 201.0ms (200.0ms/201.0ms)
[2026-07-26T05:26:09.713+0200][379025596ms] GC(15262) Pause Remark 10332M->10332M(32768M) 290.921ms
[2026-07-26T05:26:09.713+0200][379025597ms] GC(15262) User=6.96s Sys=0.00s Real=0.29s
[2026-07-26T05:26:09.714+0200][379025597ms] GC(15262) Concurrent Rebuild Remembered Sets
[2026-07-26T05:26:11.751+0200][379027634ms] GC(15262) Concurrent Rebuild Remembered Sets 2037.684ms
[2026-07-26T05:26:11.752+0200][379027635ms] GC(15262) Pause Cleanup
[2026-07-26T05:26:11.754+0200][379027637ms] GC(15262) Pause Cleanup 11444M->11444M(32768M) 1.843ms
[2026-07-26T05:26:11.754+0200][379027637ms] GC(15262) User=0.03s Sys=0.00s Real=0.00s
[2026-07-26T05:26:11.754+0200][379027637ms] GC(15262) Concurrent Cleanup for Next Mark
[2026-07-26T05:26:11.762+0200][379027645ms] GC(15262) Concurrent Cleanup for Next Mark 7.686ms
[2026-07-26T05:26:11.762+0200][379027645ms] GC(15262) Concurrent Cycle 4110.487ms
[2026-07-26T05:28:08.413+0200][379144296ms] GC(15263) Pause Young (Prepare Mixed) (G1 Evacuation Pause)
[2026-07-26T05:28:08.413+0200][379144296ms] GC(15263) Using 32 workers of 32 for evacuation
[2026-07-26T05:28:08.454+0200][379144337ms] GC(15263)   Pre Evacuate Collection Set: 0.1ms
[2026-07-26T05:28:08.454+0200][379144337ms] GC(15263)   Evacuate Collection Set: 11.2ms
[2026-07-26T05:28:08.454+0200][379144337ms] GC(15263)   Post Evacuate Collection Set: 29.8ms
[2026-07-26T05:28:08.454+0200][379144337ms] GC(15263)   Other: 0.8ms
[2026-07-26T05:28:08.454+0200][379144337ms] GC(15263) Eden regions: 1034->0(101)
[2026-07-26T05:28:08.454+0200][379144337ms] GC(15263) Survivor regions: 1->1(130)
[2026-07-26T05:28:08.454+0200][379144337ms] GC(15263) Old regions: 592->592
[2026-07-26T05:28:08.454+0200][379144337ms] GC(15263) Humongous regions: 8->8
[2026-07-26T05:28:08.454+0200][379144337ms] GC(15263) Metaspace: 1028455K(1123328K)->1028455K(1123328K)
[2026-07-26T05:28:08.454+0200][379144337ms] GC(15263) Pause Young (Prepare Mixed) (G1 Evacuation Pause) 26148M->9603M(32768M) 41.947ms
[2026-07-26T05:28:08.455+0200][379144338ms] GC(15263) User=0.94s Sys=0.00s Real=0.04s
[2026-07-26T05:28:08.455+0200][379144338ms] Concurrent String Deduplication (379144.338s)
[2026-07-26T05:28:08.455+0200][379144338ms] Concurrent String Deduplication 12224.0B->12184.0B(40.0B) avg 65.5% (379144.338s, 379144.339s) 0.168ms
[2026-07-26T05:28:09.705+0200][379145588ms] GC(15264) Pause Young (Mixed) (G1 Evacuation Pause)
[2026-07-26T05:28:09.705+0200][379145588ms] GC(15264) Using 32 workers of 32 for evacuation
[2026-07-26T05:28:09.795+0200][379145678ms] GC(15264)   Pre Evacuate Collection Set: 0.2ms
[2026-07-26T05:28:09.795+0200][379145678ms] GC(15264)   Evacuate Collection Set: 56.2ms
[2026-07-26T05:28:09.795+0200][379145678ms] GC(15264)   Post Evacuate Collection Set: 32.3ms
[2026-07-26T05:28:09.795+0200][379145678ms] GC(15264)   Other: 1.0ms
[2026-07-26T05:28:09.795+0200][379145678ms] GC(15264) Eden regions: 101->0(1034)
[2026-07-26T05:28:09.795+0200][379145678ms] GC(15264) Survivor regions: 1->1(13)
[2026-07-26T05:28:09.795+0200][379145678ms] GC(15264) Old regions: 592->591
[2026-07-26T05:28:09.795+0200][379145678ms] GC(15264) Humongous regions: 8->8
[2026-07-26T05:28:09.795+0200][379145678ms] GC(15264) Metaspace: 1028455K(1123328K)->1028455K(1123328K)
[2026-07-26T05:28:09.795+0200][379145678ms] GC(15264) Pause Young (Mixed) (G1 Evacuation Pause) 11219M->9597M(32768M) 89.861ms
[2026-07-26T05:28:09.795+0200][379145678ms] GC(15264) User=2.43s Sys=0.00s Real=0.09s
[2026-07-26T05:28:09.796+0200][379145679ms] Concurrent String Deduplication (379145.680s)
[2026-07-26T05:28:09.796+0200][379145679ms] Concurrent String Deduplication 11912.0B->11792.0B(120.0B) avg 65.5% (379145.680s, 379145.680s) 0.101ms
[2026-07-26T05:30:22.850+0200][379278733ms] GC(15265) Pause Young (Normal) (G1 Evacuation Pause)
[2026-07-26T05:30:22.850+0200][379278733ms] GC(15265) Using 32 workers of 32 for evacuation
[2026-07-26T05:30:22.900+0200][379278783ms] GC(15265)   Pre Evacuate Collection Set: 0.1ms
[2026-07-26T05:30:22.900+0200][379278783ms] GC(15265)   Evacuate Collection Set: 13.5ms
[2026-07-26T05:30:22.900+0200][379278783ms] GC(15265)   Post Evacuate Collection Set: 36.3ms
[2026-07-26T05:30:22.900+0200][379278783ms] GC(15265)   Other: 0.4ms
[2026-07-26T05:30:22.900+0200][379278783ms] GC(15265) Eden regions: 1034->0(1034)
[2026-07-26T05:30:22.900+0200][379278783ms] GC(15265) Survivor regions: 1->1(130)
[2026-07-26T05:30:22.900+0200][379278783ms] GC(15265) Old regions: 591->592
[2026-07-26T05:30:22.900+0200][379278783ms] GC(15265) Humongous regions: 8->8
[2026-07-26T05:30:22.900+0200][379278783ms] GC(15265) Metaspace: 1028455K(1123328K)->1028455K(1123328K)
[2026-07-26T05:30:22.900+0200][379278783ms] GC(15265) Pause Young (Normal) (G1 Evacuation Pause) 26141M->9598M(32768M) 50.380ms
[2026-07-26T05:30:22.901+0200][379278784ms] GC(15265) User=0.99s Sys=0.00s Real=0.05s
[2026-07-26T05:30:22.901+0200][379278784ms] Concurrent String Deduplication (379278.784s)
[2026-07-26T05:30:22.901+0200][379278784ms] Concurrent String Deduplication 12320.0B->12280.0B(40.0B) avg 65.5% (379278.784s, 379278.784s) 0.055ms
[2026-07-26T05:32:39.559+0200][379415442ms] GC(15266) Pause Young (Normal) (G1 Evacuation Pause)
[2026-07-26T05:32:39.559+0200][379415442ms] GC(15266) Using 32 workers of 32 for evacuation
[2026-07-26T05:32:39.605+0200][379415488ms] GC(15266)   Pre Evacuate Collection Set: 0.1ms
[2026-07-26T05:32:39.605+0200][379415488ms] GC(15266)   Evacuate Collection Set: 13.6ms
[2026-07-26T05:32:39.605+0200][379415488ms] GC(15266)   Post Evacuate Collection Set: 31.6ms
[2026-07-26T05:32:39.605+0200][379415488ms] GC(15266)   Other: 0.4ms
[2026-07-26T05:32:39.605+0200][379415488ms] GC(15266) Eden regions: 1034->0(1034)
[2026-07-26T05:32:39.605+0200][379415488ms] GC(15266) Survivor regions: 1->1(130)
[2026-07-26T05:32:39.605+0200][379415488ms] GC(15266) Old regions: 592->592
[2026-07-26T05:32:39.605+0200][379415488ms] GC(15266) Humongous regions: 8->8
[2026-07-26T05:32:39.605+0200][379415488ms] GC(15266) Metaspace: 1028455K(1123328K)->1028455K(1123328K)
[2026-07-26T05:32:39.605+0200][379415488ms] GC(15266) Pause Young (Normal) (G1 Evacuation Pause) 26142M->9598M(32768M) 45.831ms
[2026-07-26T05:32:39.605+0200][379415488ms] GC(15266) User=0.90s Sys=0.00s Real=0.04s
[2026-07-26T05:35:04.957+0200][379560840ms] GC(15267) Pause Young (Concurrent Start) (G1 Evacuation Pause)
[2026-07-26T05:35:04.957+0200][379560840ms] GC(15267) Using 32 workers of 32 for evacuation
[2026-07-26T05:35:05.045+0200][379560928ms] GC(15267)   Pre Evacuate Collection Set: 8.3ms
[2026-07-26T05:35:05.045+0200][379560928ms] GC(15267)   Evacuate Collection Set: 48.8ms
[2026-07-26T05:35:05.045+0200][379560928ms] GC(15267)   Post Evacuate Collection Set: 30.1ms
[2026-07-26T05:35:05.045+0200][379560928ms] GC(15267)   Other: 0.5ms
[2026-07-26T05:35:05.045+0200][379560928ms] GC(15267) Eden regions: 1034->0(1034)
[2026-07-26T05:35:05.045+0200][379560928ms] GC(15267) Survivor regions: 1->1(130)
[2026-07-26T05:35:05.045+0200][379560928ms] GC(15267) Old regions: 592->592
[2026-07-26T05:35:05.045+0200][379560928ms] GC(15267) Humongous regions: 8->8
[2026-07-26T05:35:05.045+0200][379560928ms] GC(15267) Metaspace: 1028455K(1123328K)->1028455K(1123328K)
[2026-07-26T05:35:05.045+0200][379560928ms] GC(15267) Pause Young (Concurrent Start) (G1 Evacuation Pause) 26142M->9597M(32768M) 87.803ms
[2026-07-26T05:35:05.045+0200][379560928ms] GC(15267) User=1.72s Sys=0.00s Real=0.09s
[2026-07-26T05:35:05.045+0200][379560928ms] GC(15268) Concurrent Cycle
[2026-07-26T05:35:05.045+0200][379560928ms] GC(15268) Concurrent Clear Claimed Marks
[2026-07-26T05:35:05.045+0200][379560928ms] Concurrent String Deduplication (379560.929s)
[2026-07-26T05:35:05.045+0200][379560928ms] Concurrent String Deduplication 13952.0B->13680.0B(272.0B) avg 65.5% (379560.929s, 379560.929s) 0.306ms
[2026-07-26T05:35:05.053+0200][379560936ms] GC(15268) Concurrent Clear Claimed Marks 8.403ms
[2026-07-26T05:35:05.053+0200][379560936ms] GC(15268) Concurrent Scan Root Regions
[2026-07-26T05:35:05.066+0200][379560949ms] GC(15268) Concurrent Scan Root Regions 12.332ms
[2026-07-26T05:35:05.066+0200][379560949ms] GC(15268) Concurrent Mark (379560.949s)
[2026-07-26T05:35:05.066+0200][379560949ms] GC(15268) Concurrent Mark From Roots
[2026-07-26T05:35:05.066+0200][379560949ms] GC(15268) Using 24 workers of 24 for marking
[2026-07-26T05:35:06.782+0200][379562665ms] GC(15268) Concurrent Mark From Roots 1716.050ms
[2026-07-26T05:35:06.782+0200][379562665ms] GC(15268) Concurrent Preclean
[2026-07-26T05:35:06.801+0200][379562684ms] GC(15268) Concurrent Preclean 19.317ms
[2026-07-26T05:35:06.801+0200][379562684ms] GC(15268) Concurrent Mark (379560.949s, 379562.685s) 1735.473ms
[2026-07-26T05:35:06.802+0200][379562685ms] GC(15268) Pause Remark
[2026-07-26T05:35:07.103+0200][379562986ms] GC(15268) Cleaned string and symbol table, strings: 487841 processed, 224 removed, symbols: 1501039 processed, 92 removed
[2026-07-26T05:35:07.105+0200][379562988ms] GC(15268) MMU target violated: 201.0ms (200.0ms/201.0ms)
[2026-07-26T05:35:07.105+0200][379562988ms] GC(15268) Pause Remark 10141M->10141M(32768M) 303.223ms
[2026-07-26T05:35:07.105+0200][379562988ms] GC(15268) User=7.26s Sys=0.00s Real=0.30s
[2026-07-26T05:35:07.105+0200][379562988ms] GC(15268) Concurrent Rebuild Remembered Sets
[2026-07-26T05:35:09.136+0200][379565019ms] GC(15268) Concurrent Rebuild Remembered Sets 2031.043ms
[2026-07-26T05:35:09.137+0200][379565020ms] GC(15268) Pause Cleanup
[2026-07-26T05:35:09.140+0200][379565023ms] GC(15268) Pause Cleanup 11285M->11285M(32768M) 3.811ms
[2026-07-26T05:35:09.140+0200][379565023ms] GC(15268) User=0.04s Sys=0.00s Real=0.01s
[2026-07-26T05:35:09.141+0200][379565024ms] GC(15268) Concurrent Cleanup for Next Mark
[2026-07-26T05:35:09.152+0200][379565035ms] GC(15268) Concurrent Cleanup for Next Mark 11.267ms
[2026-07-26T05:35:09.152+0200][379565035ms] GC(15268) Concurrent Cycle 4107.010ms
[2026-07-26T05:37:05.743+0200][379681626ms] GC(15269) Pause Young (Normal) (G1 Evacuation Pause)
[2026-07-26T05:37:05.743+0200][379681626ms] GC(15269) Using 32 workers of 32 for evacuation
[2026-07-26T05:37:05.786+0200][379681669ms] GC(15269)   Pre Evacuate Collection Set: 0.1ms
[2026-07-26T05:37:05.786+0200][379681669ms] GC(15269)   Evacuate Collection Set: 10.5ms
[2026-07-26T05:37:05.786+0200][379681669ms] GC(15269)   Post Evacuate Collection Set: 31.5ms
[2026-07-26T05:37:05.786+0200][379681669ms] GC(15269)   Other: 0.5ms
[2026-07-26T05:37:05.786+0200][379681669ms] GC(15269) Eden regions: 1034->0(1034)
[2026-07-26T05:37:05.786+0200][379681669ms] GC(15269) Survivor regions: 1->1(130)
[2026-07-26T05:37:05.786+0200][379681669ms] GC(15269) Old regions: 592->592
[2026-07-26T05:37:05.786+0200][379681669ms] GC(15269) Humongous regions: 8->8
[2026-07-26T05:37:05.786+0200][379681669ms] GC(15269) Metaspace: 1027965K(1123328K)->1027965K(1123328K)
[2026-07-26T05:37:05.786+0200][379681669ms] GC(15269) Pause Young (Normal) (G1 Evacuation Pause) 26141M->9597M(32768M) 42.768ms
[2026-07-26T05:37:05.786+0200][379681669ms] GC(15269) User=0.90s Sys=0.00s Real=0.04s
[2026-07-26T05:37:05.786+0200][379681669ms] Concurrent String Deduplication (379681.670s)
[2026-07-26T05:37:05.786+0200][379681669ms] Concurrent String Deduplication 13440.0B->13400.0B(40.0B) avg 65.5% (379681.670s, 379681.670s) 0.057ms
[2026-07-26T05:38:39.407+0200][379775290ms] GC(15270) Pause Young (Concurrent Start) (G1 Evacuation Pause)
[2026-07-26T05:38:39.407+0200][379775290ms] GC(15270) Using 32 workers of 32 for evacuation
[2026-07-26T05:38:39.505+0200][379775388ms] GC(15270)   Pre Evacuate Collection Set: 8.2ms
[2026-07-26T05:38:39.505+0200][379775388ms] GC(15270)   Evacuate Collection Set: 54.9ms
[2026-07-26T05:38:39.505+0200][379775388ms] GC(15270)   Post Evacuate Collection Set: 33.9ms
[2026-07-26T05:38:39.505+0200][379775388ms] GC(15270)   Other: 0.5ms
[2026-07-26T05:38:39.505+0200][379775388ms] GC(15270) Eden regions: 1034->0(1034)
[2026-07-26T05:38:39.505+0200][379775388ms] GC(15270) Survivor regions: 1->1(130)
[2026-07-26T05:38:39.505+0200][379775388ms] GC(15270) Old regions: 592->592
[2026-07-26T05:38:39.505+0200][379775388ms] GC(15270) Humongous regions: 8->8
[2026-07-26T05:38:39.505+0200][379775388ms] GC(15270) Metaspace: 1027965K(1123328K)->1027965K(1123328K)
[2026-07-26T05:38:39.505+0200][379775388ms] GC(15270) Pause Young (Concurrent Start) (G1 Evacuation Pause) 26141M->9597M(32768M) 97.658ms
[2026-07-26T05:38:39.505+0200][379775388ms] GC(15270) User=2.00s Sys=0.00s Real=0.10s
[2026-07-26T05:38:39.505+0200][379775388ms] GC(15271) Concurrent Cycle
[2026-07-26T05:38:39.505+0200][379775388ms] GC(15271) Concurrent Clear Claimed Marks
[2026-07-26T05:38:39.505+0200][379775388ms] Concurrent String Deduplication (379775.389s)
[2026-07-26T05:38:39.505+0200][379775388ms] Concurrent String Deduplication 15664.0B->15584.0B(80.0B) avg 65.5% (379775.389s, 379775.389s) 0.094ms
[2026-07-26T05:38:39.513+0200][379775397ms] GC(15271) Concurrent Clear Claimed Marks 8.379ms
[2026-07-26T05:38:39.514+0200][379775397ms] GC(15271) Concurrent Scan Root Regions
[2026-07-26T05:38:39.526+0200][379775409ms] GC(15271) Concurrent Scan Root Regions 11.999ms
[2026-07-26T05:38:39.526+0200][379775409ms] GC(15271) Concurrent Mark (379775.409s)
[2026-07-26T05:38:39.526+0200][379775409ms] GC(15271) Concurrent Mark From Roots
[2026-07-26T05:38:39.526+0200][379775409ms] GC(15271) Using 24 workers of 24 for marking
[2026-07-26T05:38:41.053+0200][379776936ms] GC(15271) Concurrent Mark From Roots 1527.473ms
[2026-07-26T05:38:41.053+0200][379776936ms] GC(15271) Concurrent Preclean
[2026-07-26T05:38:41.072+0200][379776955ms] GC(15271) Concurrent Preclean 18.568ms
[2026-07-26T05:38:41.072+0200][379776955ms] GC(15271) Concurrent Mark (379775.409s, 379776.955s) 1546.164ms
[2026-07-26T05:38:41.072+0200][379776955ms] GC(15271) Pause Remark
[2026-07-26T05:38:41.169+0200][379777052ms] GC(15271) Cleaned string and symbol table, strings: 487618 processed, 54 removed, symbols: 1500947 processed, 282 removed
[2026-07-26T05:38:41.170+0200][379777053ms] GC(15271) Pause Remark 9837M->9837M(32768M) 97.818ms
[2026-07-26T05:38:41.170+0200][379777053ms] GC(15271) User=2.31s Sys=0.08s Real=0.10s
[2026-07-26T05:38:41.170+0200][379777053ms] GC(15271) Concurrent Rebuild Remembered Sets
[2026-07-26T05:38:42.923+0200][379778806ms] GC(15271) Concurrent Rebuild Remembered Sets 1752.704ms
[2026-07-26T05:38:42.923+0200][379778806ms] GC(15271) Pause Cleanup
[2026-07-26T05:38:42.925+0200][379778808ms] GC(15271) Pause Cleanup 9885M->9885M(32768M) 2.042ms
[2026-07-26T05:38:42.925+0200][379778808ms] GC(15271) User=0.02s Sys=0.00s Real=0.00s
[2026-07-26T05:38:42.925+0200][379778808ms] GC(15271) Concurrent Cleanup for Next Mark
[2026-07-26T05:38:42.933+0200][379778816ms] GC(15271) Concurrent Cleanup for Next Mark 7.253ms
[2026-07-26T05:38:42.933+0200][379778816ms] GC(15271) Concurrent Cycle 3427.625ms
[2026-07-26T05:41:04.994+0200][379920877ms] GC(15272) Pause Young (Normal) (G1 Evacuation Pause)
[2026-07-26T05:41:04.994+0200][379920877ms] GC(15272) Using 32 workers of 32 for evacuation
[2026-07-26T05:41:05.046+0200][379920929ms] GC(15272)   Pre Evacuate Collection Set: 0.1ms
[2026-07-26T05:41:05.046+0200][379920929ms] GC(15272)   Evacuate Collection Set: 15.7ms
[2026-07-26T05:41:05.046+0200][379920929ms] GC(15272)   Post Evacuate Collection Set: 35.1ms
[2026-07-26T05:41:05.046+0200][379920929ms] GC(15272)   Other: 0.5ms
[2026-07-26T05:41:05.046+0200][379920929ms] GC(15272) Eden regions: 1034->0(1034)
[2026-07-26T05:41:05.046+0200][379920929ms] GC(15272) Survivor regions: 1->1(130)
[2026-07-26T05:41:05.046+0200][379920929ms] GC(15272) Old regions: 592->592
[2026-07-26T05:41:05.046+0200][379920929ms] GC(15272) Humongous regions: 8->8
[2026-07-26T05:41:05.046+0200][379920929ms] GC(15272) Metaspace: 1027965K(1123328K)->1027965K(1123328K)
[2026-07-26T05:41:05.046+0200][379920929ms] GC(15272) Pause Young (Normal) (G1 Evacuation Pause) 26141M->9597M(32768M) 51.439ms
[2026-07-26T05:41:05.046+0200][379920929ms] GC(15272) User=1.29s Sys=0.02s Real=0.05s
[2026-07-26T05:41:05.049+0200][379920932ms] Concurrent String Deduplication (379920.933s)
[2026-07-26T05:41:05.050+0200][379920933ms] Concurrent String Deduplication 12224.0B->12184.0B(40.0B) avg 65.5% (379920.933s, 379920.933s) 0.102ms
[2026-07-26T05:43:05.839+0200][380041722ms] GC(15273) Pause Young (Concurrent Start) (G1 Evacuation Pause)
[2026-07-26T05:43:05.839+0200][380041722ms] GC(15273) Using 32 workers of 32 for evacuation
[2026-07-26T05:43:05.914+0200][380041797ms] GC(15273)   Pre Evacuate Collection Set: 8.1ms
[2026-07-26T05:43:05.914+0200][380041797ms] GC(15273)   Evacuate Collection Set: 36.0ms
[2026-07-26T05:43:05.914+0200][380041797ms] GC(15273)   Post Evacuate Collection Set: 29.9ms
[2026-07-26T05:43:05.914+0200][380041797ms] GC(15273)   Other: 0.5ms
[2026-07-26T05:43:05.914+0200][380041797ms] GC(15273) Eden regions: 1034->0(1034)
[2026-07-26T05:43:05.914+0200][380041797ms] GC(15273) Survivor regions: 1->1(130)
[2026-07-26T05:43:05.914+0200][380041797ms] GC(15273) Old regions: 592->592
[2026-07-26T05:43:05.914+0200][380041797ms] GC(15273) Humongous regions: 8->8
[2026-07-26T05:43:05.914+0200][380041797ms] GC(15273) Metaspace: 1027965K(1123328K)->1027965K(1123328K)
[2026-07-26T05:43:05.914+0200][380041797ms] GC(15273) Pause Young (Concurrent Start) (G1 Evacuation Pause) 26141M->9597M(32768M) 74.670ms
[2026-07-26T05:43:05.914+0200][380041797ms] GC(15273) User=1.33s Sys=0.02s Real=0.07s
[2026-07-26T05:43:05.914+0200][380041797ms] GC(15274) Concurrent Cycle
[2026-07-26T05:43:05.914+0200][380041797ms] GC(15274) Concurrent Clear Claimed Marks
[2026-07-26T05:43:05.914+0200][380041797ms] Concurrent String Deduplication (380041.798s)
[2026-07-26T05:43:05.914+0200][380041797ms] Concurrent String Deduplication 9064.0B->9024.0B(40.0B) avg 65.5% (380041.798s, 380041.798s) 0.057ms
[2026-07-26T05:43:05.922+0200][380041805ms] GC(15274) Concurrent Clear Claimed Marks 7.820ms
[2026-07-26T05:43:05.922+0200][380041805ms] GC(15274) Concurrent Scan Root Regions
[2026-07-26T05:43:05.933+0200][380041816ms] GC(15274) Concurrent Scan Root Regions 11.703ms
[2026-07-26T05:43:05.933+0200][380041816ms] GC(15274) Concurrent Mark (380041.817s)
[2026-07-26T05:43:05.933+0200][380041816ms] GC(15274) Concurrent Mark From Roots
[2026-07-26T05:43:05.933+0200][380041816ms] GC(15274) Using 24 workers of 24 for marking
[2026-07-26T05:43:07.384+0200][380043267ms] GC(15274) Concurrent Mark From Roots 1450.838ms
[2026-07-26T05:43:07.384+0200][380043267ms] GC(15274) Concurrent Preclean
[2026-07-26T05:43:07.406+0200][380043289ms] GC(15274) Concurrent Preclean 22.117ms
[2026-07-26T05:43:07.406+0200][380043289ms] GC(15274) Concurrent Mark (380041.817s, 380043.290s) 1473.089ms
[2026-07-26T05:43:07.407+0200][380043290ms] GC(15274) Pause Remark
[2026-07-26T05:43:07.693+0200][380043576ms] GC(15274) Cleaned string and symbol table, strings: 487565 processed, 3 removed, symbols: 1500665 processed, 0 removed
[2026-07-26T05:43:07.694+0200][380043577ms] GC(15274) MMU target violated: 201.0ms (200.0ms/201.0ms)
[2026-07-26T05:43:07.694+0200][380043577ms] GC(15274) Pause Remark 10189M->10189M(32768M) 287.120ms
[2026-07-26T05:43:07.694+0200][380043577ms] GC(15274) User=7.01s Sys=0.00s Real=0.29s
[2026-07-26T05:43:07.694+0200][380043577ms] GC(15274) Concurrent Rebuild Remembered Sets
[2026-07-26T05:43:09.583+0200][380045466ms] GC(15274) Concurrent Rebuild Remembered Sets 1888.584ms
[2026-07-26T05:43:09.583+0200][380045466ms] GC(15274) Pause Cleanup
[2026-07-26T05:43:09.586+0200][380045469ms] GC(15274) Pause Cleanup 11301M->11301M(32768M) 2.053ms
[2026-07-26T05:43:09.586+0200][380045469ms] GC(15274) User=0.02s Sys=0.00s Real=0.00s
[2026-07-26T05:43:09.586+0200][380045469ms] GC(15274) Concurrent Cleanup for Next Mark
[2026-07-26T05:43:09.593+0200][380045476ms] GC(15274) Concurrent Cleanup for Next Mark 7.776ms
[2026-07-26T05:43:09.593+0200][380045476ms] GC(15274) Concurrent Cycle 3679.687ms
[2026-07-26T05:45:06.602+0200][380162485ms] GC(15275) Pause Young (Normal) (G1 Evacuation Pause)
[2026-07-26T05:45:06.603+0200][380162486ms] GC(15275) Using 32 workers of 32 for evacuation
[2026-07-26T05:45:06.662+0200][380162545ms] GC(15275)   Pre Evacuate Collection Set: 0.1ms
[2026-07-26T05:45:06.663+0200][380162546ms] GC(15275)   Evacuate Collection Set: 18.6ms
[2026-07-26T05:45:06.663+0200][380162546ms] GC(15275)   Post Evacuate Collection Set: 40.8ms
[2026-07-26T05:45:06.663+0200][380162546ms] GC(15275)   Other: 0.5ms
[2026-07-26T05:45:06.663+0200][380162546ms] GC(15275) Eden regions: 1034->0(1034)
[2026-07-26T05:45:06.663+0200][380162546ms] GC(15275) Survivor regions: 1->1(130)
[2026-07-26T05:45:06.663+0200][380162546ms] GC(15275) Old regions: 592->592
[2026-07-26T05:45:06.663+0200][380162546ms] GC(15275) Humongous regions: 8->8
[2026-07-26T05:45:06.663+0200][380162546ms] GC(15275) Metaspace: 1027960K(1123328K)->1027960K(1123328K)
[2026-07-26T05:45:06.663+0200][380162546ms] GC(15275) Pause Young (Normal) (G1 Evacuation Pause) 26141M->9598M(32768M) 60.150ms
[2026-07-26T05:45:06.663+0200][380162546ms] GC(15275) User=1.39s Sys=0.00s Real=0.06s
[2026-07-26T05:45:06.663+0200][380162546ms] Concurrent String Deduplication (380162.547s)
[2026-07-26T05:45:06.663+0200][380162546ms] Concurrent String Deduplication 14760.0B->14760.0B(0.0B) avg 65.5% (380162.547s, 380162.547s) 0.089ms
[2026-07-26T05:47:06.816+0200][380282699ms] GC(15276) Pause Young (Concurrent Start) (G1 Evacuation Pause)
[2026-07-26T05:47:06.816+0200][380282699ms] GC(15276) Using 32 workers of 32 for evacuation
[2026-07-26T05:47:06.905+0200][380282788ms] GC(15276)   Pre Evacuate Collection Set: 8.1ms
[2026-07-26T05:47:06.905+0200][380282788ms] GC(15276)   Evacuate Collection Set: 46.8ms
[2026-07-26T05:47:06.905+0200][380282788ms] GC(15276)   Post Evacuate Collection Set: 33.8ms
[2026-07-26T05:47:06.905+0200][380282788ms] GC(15276)   Other: 0.6ms
[2026-07-26T05:47:06.905+0200][380282788ms] GC(15276) Eden regions: 1034->0(1034)
[2026-07-26T05:47:06.905+0200][380282788ms] GC(15276) Survivor regions: 1->1(130)
[2026-07-26T05:47:06.905+0200][380282788ms] GC(15276) Old regions: 592->592
[2026-07-26T05:47:06.905+0200][380282788ms] GC(15276) Humongous regions: 8->8
[2026-07-26T05:47:06.905+0200][380282788ms] GC(15276) Metaspace: 1027960K(1123328K)->1027960K(1123328K)
[2026-07-26T05:47:06.905+0200][380282788ms] GC(15276) Pause Young (Concurrent Start) (G1 Evacuation Pause) 26142M->9599M(32768M) 89.420ms
[2026-07-26T05:47:06.905+0200][380282788ms] GC(15276) User=1.84s Sys=0.00s Real=0.09s
[2026-07-26T05:47:06.905+0200][380282788ms] GC(15277) Concurrent Cycle
[2026-07-26T05:47:06.905+0200][380282788ms] GC(15277) Concurrent Clear Claimed Marks
[2026-07-26T05:47:06.906+0200][380282789ms] Concurrent String Deduplication (380282.789s)
[2026-07-26T05:47:06.906+0200][380282789ms] Concurrent String Deduplication 11968.0B->11928.0B(40.0B) avg 65.5% (380282.789s, 380282.789s) 0.088ms
[2026-07-26T05:47:06.913+0200][380282796ms] GC(15277) Concurrent Clear Claimed Marks 7.864ms
[2026-07-26T05:47:06.913+0200][380282796ms] GC(15277) Concurrent Scan Root Regions
[2026-07-26T05:47:06.926+0200][380282809ms] GC(15277) Concurrent Scan Root Regions 12.373ms
[2026-07-26T05:47:06.926+0200][380282809ms] GC(15277) Concurrent Mark (380282.809s)
[2026-07-26T05:47:06.926+0200][380282809ms] GC(15277) Concurrent Mark From Roots
[2026-07-26T05:47:06.926+0200][380282809ms] GC(15277) Using 24 workers of 24 for marking
[2026-07-26T05:47:08.423+0200][380284306ms] GC(15277) Concurrent Mark From Roots 1497.575ms
[2026-07-26T05:47:08.423+0200][380284306ms] GC(15277) Concurrent Preclean
[2026-07-26T05:47:08.440+0200][380284323ms] GC(15277) Concurrent Preclean 17.145ms
[2026-07-26T05:47:08.441+0200][380284324ms] GC(15277) Concurrent Mark (380282.809s, 380284.324s) 1514.830ms
[2026-07-26T05:47:08.441+0200][380284324ms] GC(15277) Pause Remark
[2026-07-26T05:47:08.544+0200][380284427ms] GC(15277) Cleaned string and symbol table, strings: 487581 processed, 2734 removed, symbols: 1500665 processed, 0 removed
[2026-07-26T05:47:08.545+0200][380284428ms] GC(15277) Pause Remark 10607M->10607M(32768M) 104.079ms
[2026-07-26T05:47:08.545+0200][380284428ms] GC(15277) User=2.53s Sys=0.11s Real=0.10s
[2026-07-26T05:47:08.545+0200][380284428ms] GC(15277) Concurrent Rebuild Remembered Sets
[2026-07-26T05:47:10.451+0200][380286334ms] GC(15277) Concurrent Rebuild Remembered Sets 1906.077ms
[2026-07-26T05:47:10.452+0200][380286335ms] GC(15277) Pause Cleanup
[2026-07-26T05:47:10.454+0200][380286337ms] GC(15277) Pause Cleanup 11679M->11679M(32768M) 1.559ms
[2026-07-26T05:47:10.454+0200][380286337ms] GC(15277) User=0.02s Sys=0.00s Real=0.00s
[2026-07-26T05:47:10.454+0200][380286337ms] GC(15277) Concurrent Cleanup for Next Mark
[2026-07-26T05:47:10.462+0200][380286345ms] GC(15277) Concurrent Cleanup for Next Mark 8.025ms
[2026-07-26T05:47:10.462+0200][380286345ms] GC(15277) Concurrent Cycle 3556.395ms
[2026-07-26T05:49:07.456+0200][380403339ms] GC(15278) Pause Young (Prepare Mixed) (G1 Evacuation Pause)
[2026-07-26T05:49:07.456+0200][380403339ms] GC(15278) Using 32 workers of 32 for evacuation
[2026-07-26T05:49:07.504+0200][380403387ms] GC(15278)   Pre Evacuate Collection Set: 0.1ms
[2026-07-26T05:49:07.504+0200][380403387ms] GC(15278)   Evacuate Collection Set: 15.1ms
[2026-07-26T05:49:07.504+0200][380403387ms] GC(15278)   Post Evacuate Collection Set: 31.6ms
[2026-07-26T05:49:07.504+0200][380403387ms] GC(15278)   Other: 0.7ms
[2026-07-26T05:49:07.504+0200][380403387ms] GC(15278) Eden regions: 1034->0(101)
[2026-07-26T05:49:07.504+0200][380403387ms] GC(15278) Survivor regions: 1->1(130)
[2026-07-26T05:49:07.504+0200][380403387ms] GC(15278) Old regions: 592->592
[2026-07-26T05:49:07.504+0200][380403387ms] GC(15278) Humongous regions: 8->8
[2026-07-26T05:49:07.504+0200][380403387ms] GC(15278) Metaspace: 1027960K(1123328K)->1027960K(1123328K)
[2026-07-26T05:49:07.504+0200][380403387ms] GC(15278) Pause Young (Prepare Mixed) (G1 Evacuation Pause) 26143M->9600M(32768M) 47.663ms
[2026-07-26T05:49:07.504+0200][380403387ms] GC(15278) User=1.12s Sys=0.00s Real=0.05s
[2026-07-26T05:49:07.504+0200][380403387ms] Concurrent String Deduplication (380403.388s)
[2026-07-26T05:49:07.504+0200][380403387ms] Concurrent String Deduplication 12376.0B->12376.0B(0.0B) avg 65.5% (380403.388s, 380403.388s) 0.072ms
[2026-07-26T05:49:08.566+0200][380404449ms] GC(15279) Pause Young (Mixed) (G1 Evacuation Pause)
[2026-07-26T05:49:08.566+0200][380404449ms] GC(15279) Using 32 workers of 32 for evacuation
[2026-07-26T05:49:08.644+0200][380404527ms] GC(15279)   Pre Evacuate Collection Set: 0.2ms
[2026-07-26T05:49:08.644+0200][380404527ms] GC(15279)   Evacuate Collection Set: 49.8ms
[2026-07-26T05:49:08.644+0200][380404527ms] GC(15279)   Post Evacuate Collection Set: 27.6ms
[2026-07-26T05:49:08.644+0200][380404527ms] GC(15279)   Other: 1.0ms
[2026-07-26T05:49:08.644+0200][380404527ms] GC(15279) Eden regions: 101->0(1034)
[2026-07-26T05:49:08.644+0200][380404527ms] GC(15279) Survivor regions: 1->1(13)
[2026-07-26T05:49:08.644+0200][380404527ms] GC(15279) Old regions: 592->591
[2026-07-26T05:49:08.644+0200][380404527ms] GC(15279) Humongous regions: 8->8
[2026-07-26T05:49:08.644+0200][380404527ms] GC(15279) Metaspace: 1027960K(1123328K)->1027960K(1123328K)
[2026-07-26T05:49:08.644+0200][380404527ms] GC(15279) Pause Young (Mixed) (G1 Evacuation Pause) 11216M->9592M(32768M) 78.728ms
[2026-07-26T05:49:08.645+0200][380404528ms] GC(15279) User=2.07s Sys=0.02s Real=0.08s
[2026-07-26T05:49:08.645+0200][380404528ms] Concurrent String Deduplication (380404.529s)
[2026-07-26T05:49:08.647+0200][380404530ms] Concurrent String Deduplication 294.5K->162.0K(132.5K) avg 65.5% (380404.529s, 380404.531s) 2.555ms
[2026-07-26T05:51:09.321+0200][380525204ms] GC(15280) Pause Young (Normal) (G1 Evacuation Pause)
[2026-07-26T05:51:09.321+0200][380525204ms] GC(15280) Using 32 workers of 32 for evacuation
[2026-07-26T05:51:09.365+0200][380525248ms] GC(15280)   Pre Evacuate Collection Set: 0.1ms
[2026-07-26T05:51:09.365+0200][380525248ms] GC(15280)   Evacuate Collection Set: 10.0ms
[2026-07-26T05:51:09.365+0200][380525248ms] GC(15280)   Post Evacuate Collection Set: 33.1ms
[2026-07-26T05:51:09.365+0200][380525248ms] GC(15280)   Other: 0.4ms
[2026-07-26T05:51:09.365+0200][380525248ms] GC(15280) Eden regions: 1034->0(1034)
[2026-07-26T05:51:09.365+0200][380525248ms] GC(15280) Survivor regions: 1->1(130)
[2026-07-26T05:51:09.365+0200][380525248ms] GC(15280) Old regions: 591->591
[2026-07-26T05:51:09.365+0200][380525248ms] GC(15280) Humongous regions: 8->8
[2026-07-26T05:51:09.365+0200][380525248ms] GC(15280) Metaspace: 1027960K(1123328K)->1027960K(1123328K)
[2026-07-26T05:51:09.365+0200][380525248ms] GC(15280) Pause Young (Normal) (G1 Evacuation Pause) 26136M->9593M(32768M) 43.850ms
[2026-07-26T05:51:09.365+0200][380525248ms] GC(15280) User=1.00s Sys=0.00s Real=0.04s
[2026-07-26T05:51:09.365+0200][380525248ms] Concurrent String Deduplication (380525.249s)
[2026-07-26T05:51:09.366+0200][380525249ms] Concurrent String Deduplication 13064.0B->12944.0B(120.0B) avg 65.5% (380525.249s, 380525.250s) 0.810ms
[2026-07-26T05:53:37.172+0200][380673055ms] GC(15281) Pause Young (Normal) (G1 Evacuation Pause)
[2026-07-26T05:53:37.172+0200][380673055ms] GC(15281) Using 32 workers of 32 for evacuation
[2026-07-26T05:53:37.215+0200][380673098ms] GC(15281)   Pre Evacuate Collection Set: 0.1ms
[2026-07-26T05:53:37.215+0200][380673098ms] GC(15281)   Evacuate Collection Set: 9.5ms
[2026-07-26T05:53:37.215+0200][380673098ms] GC(15281)   Post Evacuate Collection Set: 32.7ms
[2026-07-26T05:53:37.215+0200][380673098ms] GC(15281)   Other: 0.4ms
[2026-07-26T05:53:37.215+0200][380673098ms] GC(15281) Eden regions: 1034->0(1033)
[2026-07-26T05:53:37.215+0200][380673098ms] GC(15281) Survivor regions: 1->2(130)
[2026-07-26T05:53:37.215+0200][380673098ms] GC(15281) Old regions: 591->591
[2026-07-26T05:53:37.215+0200][380673098ms] GC(15281) Humongous regions: 8->8
[2026-07-26T05:53:37.215+0200][380673098ms] GC(15281) Metaspace: 1027960K(1123328K)->1027960K(1123328K)
[2026-07-26T05:53:37.215+0200][380673098ms] GC(15281) Pause Young (Normal) (G1 Evacuation Pause) 26137M->9601M(32768M) 42.708ms
[2026-07-26T05:53:37.215+0200][380673098ms] GC(15281) User=0.95s Sys=0.01s Real=0.04s
[2026-07-26T05:55:09.073+0200][380764956ms] GC(15282) Pause Young (Concurrent Start) (G1 Evacuation Pause)
[2026-07-26T05:55:09.073+0200][380764956ms] GC(15282) Using 32 workers of 32 for evacuation
[2026-07-26T05:55:09.164+0200][380765047ms] GC(15282)   Pre Evacuate Collection Set: 8.4ms
[2026-07-26T05:55:09.165+0200][380765048ms] GC(15282)   Evacuate Collection Set: 52.3ms
[2026-07-26T05:55:09.165+0200][380765048ms] GC(15282)   Post Evacuate Collection Set: 30.2ms
[2026-07-26T05:55:09.165+0200][380765048ms] GC(15282)   Other: 0.5ms
[2026-07-26T05:55:09.165+0200][380765048ms] GC(15282) Eden regions: 1033->0(1033)
[2026-07-26T05:55:09.165+0200][380765048ms] GC(15282) Survivor regions: 2->2(130)
[2026-07-26T05:55:09.165+0200][380765048ms] GC(15282) Old regions: 591->591
[2026-07-26T05:55:09.165+0200][380765048ms] GC(15282) Humongous regions: 8->8
[2026-07-26T05:55:09.165+0200][380765048ms] GC(15282) Metaspace: 1027960K(1123328K)->1027960K(1123328K)
[2026-07-26T05:55:09.165+0200][380765048ms] GC(15282) Pause Young (Concurrent Start) (G1 Evacuation Pause) 26129M->9605M(32768M) 91.526ms
[2026-07-26T05:55:09.165+0200][380765048ms] GC(15282) User=1.86s Sys=0.00s Real=0.09s
[2026-07-26T05:55:09.165+0200][380765048ms] GC(15283) Concurrent Cycle
[2026-07-26T05:55:09.165+0200][380765048ms] GC(15283) Concurrent Clear Claimed Marks
[2026-07-26T05:55:09.170+0200][380765053ms] Concurrent String Deduplication (380765.053s)
[2026-07-26T05:55:09.170+0200][380765053ms] Concurrent String Deduplication 12064.0B->12064.0B(0.0B) avg 65.5% (380765.053s, 380765.053s) 0.117ms
[2026-07-26T05:55:09.173+0200][380765056ms] GC(15283) Concurrent Clear Claimed Marks 7.847ms
[2026-07-26T05:55:09.173+0200][380765056ms] GC(15283) Concurrent Scan Root Regions
[2026-07-26T05:55:09.187+0200][380765070ms] GC(15283) Concurrent Scan Root Regions 14.069ms
[2026-07-26T05:55:09.187+0200][380765070ms] GC(15283) Concurrent Mark (380765.071s)
[2026-07-26T05:55:09.187+0200][380765070ms] GC(15283) Concurrent Mark From Roots
[2026-07-26T05:55:09.187+0200][380765070ms] GC(15283) Using 24 workers of 24 for marking
[2026-07-26T05:55:10.802+0200][380766685ms] GC(15283) Concurrent Mark From Roots 1614.841ms
[2026-07-26T05:55:10.802+0200][380766685ms] GC(15283) Concurrent Preclean
[2026-07-26T05:55:10.824+0200][380766707ms] GC(15283) Concurrent Preclean 22.228ms
[2026-07-26T05:55:10.824+0200][380766707ms] GC(15283) Concurrent Mark (380765.071s, 380766.708s) 1637.199ms
[2026-07-26T05:55:10.824+0200][380766708ms] GC(15283) Pause Remark
[2026-07-26T05:55:10.943+0200][380766826ms] GC(15283) Cleaned string and symbol table, strings: 487634 processed, 815 removed, symbols: 1500665 processed, 0 removed
[2026-07-26T05:55:10.944+0200][380766827ms] GC(15283) Pause Remark 10349M->10349M(32768M) 119.665ms
[2026-07-26T05:55:10.944+0200][380766827ms] GC(15283) User=3.10s Sys=0.09s Real=0.12s
[2026-07-26T05:55:10.944+0200][380766827ms] GC(15283) Concurrent Rebuild Remembered Sets
[2026-07-26T05:55:12.881+0200][380768764ms] GC(15283) Concurrent Rebuild Remembered Sets 1936.847ms
[2026-07-26T05:55:12.882+0200][380768765ms] GC(15283) Pause Cleanup
[2026-07-26T05:55:12.884+0200][380768767ms] GC(15283) Pause Cleanup 10989M->10989M(32768M) 2.432ms
[2026-07-26T05:55:12.884+0200][380768767ms] GC(15283) User=0.02s Sys=0.00s Real=0.00s
[2026-07-26T05:55:12.884+0200][380768767ms] GC(15283) Concurrent Cleanup for Next Mark
[2026-07-26T05:55:12.893+0200][380768776ms] GC(15283) Concurrent Cleanup for Next Mark 8.745ms
[2026-07-26T05:55:12.893+0200][380768776ms] GC(15283) Concurrent Cycle 3728.195ms
[2026-07-26T05:57:09.012+0200][380884895ms] GC(15284) Pause Young (Normal) (G1 Evacuation Pause)
[2026-07-26T05:57:09.012+0200][380884895ms] GC(15284) Using 32 workers of 32 for evacuation
[2026-07-26T05:57:09.064+0200][380884947ms] GC(15284)   Pre Evacuate Collection Set: 0.1ms
[2026-07-26T05:57:09.064+0200][380884947ms] GC(15284)   Evacuate Collection Set: 18.9ms
[2026-07-26T05:57:09.064+0200][380884947ms] GC(15284)   Post Evacuate Collection Set: 32.2ms
[2026-07-26T05:57:09.064+0200][380884947ms] GC(15284)   Other: 0.5ms
[2026-07-26T05:57:09.064+0200][380884947ms] GC(15284) Eden regions: 1033->0(1033)
[2026-07-26T05:57:09.064+0200][380884947ms] GC(15284) Survivor regions: 2->2(130)
[2026-07-26T05:57:09.064+0200][380884947ms] GC(15284) Old regions: 591->591
[2026-07-26T05:57:09.064+0200][380884947ms] GC(15284) Humongous regions: 8->8
[2026-07-26T05:57:09.064+0200][380884947ms] GC(15284) Metaspace: 1027960K(1123328K)->1027960K(1123328K)
[2026-07-26T05:57:09.064+0200][380884947ms] GC(15284) Pause Young (Normal) (G1 Evacuation Pause) 26133M->9605M(32768M) 51.780ms
[2026-07-26T05:57:09.064+0200][380884947ms] GC(15284) User=0.95s Sys=0.02s Real=0.05s
[2026-07-26T05:57:09.064+0200][380884947ms] Concurrent String Deduplication (380884.948s)
[2026-07-26T05:57:09.068+0200][380884951ms] Concurrent String Deduplication 1458.3K->1424.5K(34624.0B) avg 65.5% (380884.948s, 380884.951s) 3.081ms
[2026-07-26T05:59:36.241+0200][381032124ms] GC(15285) Pause Young (Concurrent Start) (G1 Evacuation Pause)
[2026-07-26T05:59:36.241+0200][381032124ms] GC(15285) Using 32 workers of 32 for evacuation
[2026-07-26T05:59:36.314+0200][381032197ms] GC(15285)   Pre Evacuate Collection Set: 8.3ms
[2026-07-26T05:59:36.314+0200][381032197ms] GC(15285)   Evacuate Collection Set: 33.8ms
[2026-07-26T05:59:36.314+0200][381032197ms] GC(15285)   Post Evacuate Collection Set: 30.6ms
[2026-07-26T05:59:36.314+0200][381032197ms] GC(15285)   Other: 0.5ms
[2026-07-26T05:59:36.314+0200][381032197ms] GC(15285) Eden regions: 1033->0(1033)
[2026-07-26T05:59:36.314+0200][381032197ms] GC(15285) Survivor regions: 2->2(130)
[2026-07-26T05:59:36.314+0200][381032197ms] GC(15285) Old regions: 591->591
[2026-07-26T05:59:36.314+0200][381032197ms] GC(15285) Humongous regions: 8->8
[2026-07-26T05:59:36.314+0200][381032197ms] GC(15285) Metaspace: 1027960K(1123328K)->1027960K(1123328K)
[2026-07-26T05:59:36.314+0200][381032197ms] GC(15285) Pause Young (Concurrent Start) (G1 Evacuation Pause) 26133M->9605M(32768M) 73.234ms
[2026-07-26T05:59:36.314+0200][381032197ms] GC(15285) User=1.48s Sys=0.00s Real=0.07s
[2026-07-26T05:59:36.314+0200][381032197ms] GC(15286) Concurrent Cycle
[2026-07-26T05:59:36.314+0200][381032197ms] GC(15286) Concurrent Clear Claimed Marks
[2026-07-26T05:59:36.314+0200][381032197ms] Concurrent String Deduplication (381032.198s)
[2026-07-26T05:59:36.317+0200][381032200ms] Concurrent String Deduplication 805.1K->747.4K(59032.0B) avg 65.5% (381032.198s, 381032.200s) 2.594ms
[2026-07-26T05:59:36.323+0200][381032206ms] GC(15286) Concurrent Clear Claimed Marks 9.302ms
[2026-07-26T05:59:36.323+0200][381032206ms] GC(15286) Concurrent Scan Root Regions
[2026-07-26T05:59:36.336+0200][381032219ms] GC(15286) Concurrent Scan Root Regions 12.360ms
[2026-07-26T05:59:36.336+0200][381032219ms] GC(15286) Concurrent Mark (381032.220s)
[2026-07-26T05:59:36.336+0200][381032219ms] GC(15286) Concurrent Mark From Roots
[2026-07-26T05:59:36.336+0200][381032219ms] GC(15286) Using 24 workers of 24 for marking
[2026-07-26T05:59:37.888+0200][381033771ms] GC(15286) Concurrent Mark From Roots 1552.478ms
[2026-07-26T05:59:37.888+0200][381033771ms] GC(15286) Concurrent Preclean
[2026-07-26T05:59:37.908+0200][381033791ms] GC(15286) Concurrent Preclean 19.388ms
[2026-07-26T05:59:37.908+0200][381033791ms] GC(15286) Concurrent Mark (381032.220s, 381033.792s) 1571.985ms
[2026-07-26T05:59:37.908+0200][381033791ms] GC(15286) Pause Remark
[2026-07-26T05:59:38.125+0200][381034008ms] GC(15286) Cleaned string and symbol table, strings: 487634 processed, 343 removed, symbols: 1500665 processed, 0 removed
[2026-07-26T05:59:38.127+0200][381034010ms] GC(15286) MMU target violated: 201.0ms (200.0ms/201.0ms)
[2026-07-26T05:59:38.127+0200][381034010ms] GC(15286) Pause Remark 9997M->9997M(32768M) 219.144ms
[2026-07-26T05:59:38.127+0200][381034010ms] GC(15286) User=4.78s Sys=0.01s Real=0.21s
[2026-07-26T05:59:38.128+0200][381034011ms] GC(15286) Concurrent Rebuild Remembered Sets
[2026-07-26T05:59:40.047+0200][381035930ms] GC(15286) Concurrent Rebuild Remembered Sets 1919.383ms
[2026-07-26T05:59:40.048+0200][381035931ms] GC(15286) Pause Cleanup
[2026-07-26T05:59:40.050+0200][381035933ms] GC(15286) Pause Cleanup 10557M->10557M(32768M) 2.097ms
[2026-07-26T05:59:40.050+0200][381035933ms] GC(15286) User=0.00s Sys=0.03s Real=0.01s
[2026-07-26T05:59:40.050+0200][381035933ms] GC(15286) Concurrent Cleanup for Next Mark
[2026-07-26T05:59:40.060+0200][381035943ms] GC(15286) Concurrent Cleanup for Next Mark 9.794ms
[2026-07-26T05:59:40.060+0200][381035943ms] GC(15286) Concurrent Cycle 3745.908ms
[2026-07-26T06:01:36.792+0200][381152675ms] GC(15287) Pause Young (Normal) (G1 Evacuation Pause)
[2026-07-26T06:01:36.792+0200][381152675ms] GC(15287) Using 32 workers of 32 for evacuation
[2026-07-26T06:01:36.849+0200][381152732ms] GC(15287)   Pre Evacuate Collection Set: 0.1ms
[2026-07-26T06:01:36.849+0200][381152732ms] GC(15287)   Evacuate Collection Set: 15.8ms
[2026-07-26T06:01:36.849+0200][381152732ms] GC(15287)   Post Evacuate Collection Set: 40.5ms
[2026-07-26T06:01:36.849+0200][381152732ms] GC(15287)   Other: 0.5ms
[2026-07-26T06:01:36.849+0200][381152732ms] GC(15287) Eden regions: 1033->0(1032)
[2026-07-26T06:01:36.849+0200][381152732ms] GC(15287) Survivor regions: 2->3(130)
[2026-07-26T06:01:36.849+0200][381152732ms] GC(15287) Old regions: 591->591
[2026-07-26T06:01:36.849+0200][381152732ms] GC(15287) Humongous regions: 8->8
[2026-07-26T06:01:36.849+0200][381152732ms] GC(15287) Metaspace: 1027551K(1123328K)->1027551K(1123328K)
[2026-07-26T06:01:36.849+0200][381152732ms] GC(15287) Pause Young (Normal) (G1 Evacuation Pause) 26133M->9614M(32768M) 57.006ms
[2026-07-26T06:01:36.849+0200][381152732ms] GC(15287) User=1.26s Sys=0.00s Real=0.06s
[2026-07-26T06:01:36.849+0200][381152732ms] Concurrent String Deduplication (381152.733s)
[2026-07-26T06:01:36.850+0200][381152733ms] Concurrent String Deduplication 12984.0B->12944.0B(40.0B) avg 65.5% (381152.733s, 381152.734s) 0.313ms
[2026-07-26T06:03:38.802+0200][381274685ms] GC(15288) Pause Young (Concurrent Start) (G1 Evacuation Pause)
[2026-07-26T06:03:38.802+0200][381274685ms] GC(15288) Using 32 workers of 32 for evacuation
[2026-07-26T06:03:38.887+0200][381274770ms] GC(15288)   Pre Evacuate Collection Set: 8.2ms
[2026-07-26T06:03:38.887+0200][381274770ms] GC(15288)   Evacuate Collection Set: 49.0ms
[2026-07-26T06:03:38.887+0200][381274770ms] GC(15288)   Post Evacuate Collection Set: 26.8ms
[2026-07-26T06:03:38.887+0200][381274770ms] GC(15288)   Other: 0.5ms
[2026-07-26T06:03:38.887+0200][381274770ms] GC(15288) Eden regions: 1032->0(1033)
[2026-07-26T06:03:38.887+0200][381274770ms] GC(15288) Survivor regions: 3->3(130)
[2026-07-26T06:03:38.887+0200][381274770ms] GC(15288) Old regions: 591->591
[2026-07-26T06:03:38.887+0200][381274770ms] GC(15288) Humongous regions: 8->8
[2026-07-26T06:03:38.887+0200][381274770ms] GC(15288) Metaspace: 1027551K(1123328K)->1027551K(1123328K)
[2026-07-26T06:03:38.887+0200][381274770ms] GC(15288) Pause Young (Concurrent Start) (G1 Evacuation Pause) 26126M->9614M(32768M) 84.573ms
[2026-07-26T06:03:38.887+0200][381274770ms] GC(15288) User=1.68s Sys=0.00s Real=0.08s
[2026-07-26T06:03:38.888+0200][381274771ms] GC(15289) Concurrent Cycle
[2026-07-26T06:03:38.888+0200][381274771ms] GC(15289) Concurrent Clear Claimed Marks
[2026-07-26T06:03:38.888+0200][381274771ms] Concurrent String Deduplication (381274.772s)
[2026-07-26T06:03:38.888+0200][381274771ms] Concurrent String Deduplication 16720.0B->16680.0B(40.0B) avg 65.5% (381274.772s, 381274.772s) 0.084ms
[2026-07-26T06:03:38.896+0200][381274779ms] GC(15289) Concurrent Clear Claimed Marks 7.644ms
[2026-07-26T06:03:38.896+0200][381274779ms] GC(15289) Concurrent Scan Root Regions
[2026-07-26T06:03:38.909+0200][381274792ms] GC(15289) Concurrent Scan Root Regions 12.658ms
[2026-07-26T06:03:38.909+0200][381274792ms] GC(15289) Concurrent Mark (381274.792s)
[2026-07-26T06:03:38.909+0200][381274792ms] GC(15289) Concurrent Mark From Roots
[2026-07-26T06:03:38.909+0200][381274792ms] GC(15289) Using 24 workers of 24 for marking
[2026-07-26T06:03:40.419+0200][381276302ms] GC(15289) Concurrent Mark From Roots 1510.683ms
[2026-07-26T06:03:40.419+0200][381276302ms] GC(15289) Concurrent Preclean
[2026-07-26T06:03:40.438+0200][381276321ms] GC(15289) Concurrent Preclean 18.172ms
[2026-07-26T06:03:40.438+0200][381276321ms] GC(15289) Concurrent Mark (381274.792s, 381276.321s) 1528.960ms
[2026-07-26T06:03:40.438+0200][381276321ms] GC(15289) Pause Remark
[2026-07-26T06:03:40.723+0200][381276606ms] GC(15289) Cleaned string and symbol table, strings: 487720 processed, 391 removed, symbols: 1500669 processed, 209 removed
[2026-07-26T06:03:40.729+0200][381276612ms] GC(15289) MMU target violated: 201.0ms (200.0ms/201.0ms)
[2026-07-26T06:03:40.729+0200][381276612ms] GC(15289) Pause Remark 9968M->9968M(32768M) 291.452ms
[2026-07-26T06:03:40.729+0200][381276612ms] GC(15289) User=6.98s Sys=0.00s Real=0.30s
[2026-07-26T06:03:40.730+0200][381276613ms] GC(15289) Concurrent Rebuild Remembered Sets
[2026-07-26T06:03:42.536+0200][381278419ms] GC(15289) Concurrent Rebuild Remembered Sets 1806.838ms
[2026-07-26T06:03:42.537+0200][381278420ms] GC(15289) Pause Cleanup
[2026-07-26T06:03:42.539+0200][381278422ms] GC(15289) Pause Cleanup 9974M->9974M(32768M) 2.089ms
[2026-07-26T06:03:42.539+0200][381278422ms] GC(15289) User=0.02s Sys=0.00s Real=0.01s
[2026-07-26T06:03:42.539+0200][381278422ms] GC(15289) Concurrent Cleanup for Next Mark
[2026-07-26T06:03:42.550+0200][381278433ms] GC(15289) Concurrent Cleanup for Next Mark 11.103ms
[2026-07-26T06:03:42.550+0200][381278433ms] GC(15289) Concurrent Cycle 3662.107ms
[2026-07-26T06:06:04.942+0200][381420825ms] GC(15290) Pause Young (Normal) (G1 Evacuation Pause)
[2026-07-26T06:06:04.942+0200][381420825ms] GC(15290) Using 32 workers of 32 for evacuation
[2026-07-26T06:06:04.985+0200][381420868ms] GC(15290)   Pre Evacuate Collection Set: 0.1ms
[2026-07-26T06:06:04.985+0200][381420868ms] GC(15290)   Evacuate Collection Set: 11.8ms
[2026-07-26T06:06:04.985+0200][381420868ms] GC(15290)   Post Evacuate Collection Set: 31.3ms
[2026-07-26T06:06:04.985+0200][381420868ms] GC(15290)   Other: 0.5ms
[2026-07-26T06:06:04.985+0200][381420868ms] GC(15290) Eden regions: 1033->0(1033)
[2026-07-26T06:06:04.985+0200][381420868ms] GC(15290) Survivor regions: 3->3(130)
[2026-07-26T06:06:04.985+0200][381420868ms] GC(15290) Old regions: 591->591
[2026-07-26T06:06:04.985+0200][381420868ms] GC(15290) Humongous regions: 8->8
[2026-07-26T06:06:04.985+0200][381420868ms] GC(15290) Metaspace: 1027539K(1123328K)->1027539K(1123328K)
[2026-07-26T06:06:04.985+0200][381420868ms] GC(15290) Pause Young (Normal) (G1 Evacuation Pause) 26142M->9615M(32768M) 43.777ms
[2026-07-26T06:06:04.986+0200][381420869ms] GC(15290) User=0.85s Sys=0.15s Real=0.04s
[2026-07-26T06:06:04.986+0200][381420869ms] Concurrent String Deduplication (381420.870s)
[2026-07-26T06:06:04.993+0200][381420876ms] Concurrent String Deduplication 701.3K->389.3K(312.0K) avg 65.5% (381420.870s, 381420.877s) 6.968ms
[2026-07-26T06:08:05.836+0200][381541719ms] GC(15291) Pause Young (Concurrent Start) (G1 Evacuation Pause)
[2026-07-26T06:08:05.836+0200][381541719ms] GC(15291) Using 32 workers of 32 for evacuation
[2026-07-26T06:08:05.916+0200][381541799ms] GC(15291)   Pre Evacuate Collection Set: 8.2ms
[2026-07-26T06:08:05.916+0200][381541799ms] GC(15291)   Evacuate Collection Set: 46.1ms
[2026-07-26T06:08:05.916+0200][381541799ms] GC(15291)   Post Evacuate Collection Set: 25.8ms
[2026-07-26T06:08:05.916+0200][381541799ms] GC(15291)   Other: 0.5ms
[2026-07-26T06:08:05.916+0200][381541799ms] GC(15291) Eden regions: 1033->0(1034)
[2026-07-26T06:08:05.916+0200][381541799ms] GC(15291) Survivor regions: 3->2(130)
[2026-07-26T06:08:05.916+0200][381541799ms] GC(15291) Old regions: 591->591
[2026-07-26T06:08:05.916+0200][381541799ms] GC(15291) Humongous regions: 8->8
[2026-07-26T06:08:05.916+0200][381541799ms] GC(15291) Metaspace: 1027539K(1123328K)->1027539K(1123328K)
[2026-07-26T06:08:05.916+0200][381541799ms] GC(15291) Pause Young (Concurrent Start) (G1 Evacuation Pause) 26143M->9612M(32768M) 80.759ms
[2026-07-26T06:08:05.916+0200][381541799ms] GC(15291) User=1.61s Sys=0.00s Real=0.08s
[2026-07-26T06:08:05.917+0200][381541800ms] GC(15292) Concurrent Cycle
[2026-07-26T06:08:05.917+0200][381541800ms] GC(15292) Concurrent Clear Claimed Marks
[2026-07-26T06:08:05.919+0200][381541802ms] Concurrent String Deduplication (381541.802s)
[2026-07-26T06:08:05.920+0200][381541803ms] Concurrent String Deduplication 183.3K->117.1K(67792.0B) avg 65.5% (381541.802s, 381541.804s) 1.353ms
[2026-07-26T06:08:05.925+0200][381541808ms] GC(15292) Concurrent Clear Claimed Marks 8.004ms
[2026-07-26T06:08:05.925+0200][381541808ms] GC(15292) Concurrent Scan Root Regions
[2026-07-26T06:08:05.935+0200][381541818ms] GC(15292) Concurrent Scan Root Regions 10.380ms
[2026-07-26T06:08:05.935+0200][381541818ms] GC(15292) Concurrent Mark (381541.819s)
[2026-07-26T06:08:05.935+0200][381541818ms] GC(15292) Concurrent Mark From Roots
[2026-07-26T06:08:05.935+0200][381541818ms] GC(15292) Using 24 workers of 24 for marking
[2026-07-26T06:08:07.631+0200][381543514ms] GC(15292) Concurrent Mark From Roots 1695.661ms
[2026-07-26T06:08:07.631+0200][381543514ms] GC(15292) Concurrent Preclean
[2026-07-26T06:08:07.654+0200][381543537ms] GC(15292) Concurrent Preclean 22.815ms
[2026-07-26T06:08:07.654+0200][381543537ms] GC(15292) Concurrent Mark (381541.819s, 381543.537s) 1718.600ms
[2026-07-26T06:08:07.654+0200][381543537ms] GC(15292) Pause Remark
[2026-07-26T06:08:07.952+0200][381543835ms] GC(15292) Cleaned string and symbol table, strings: 487330 processed, 40 removed, symbols: 1500460 processed, 6 removed
[2026-07-26T06:08:07.954+0200][381543837ms] GC(15292) MMU target violated: 201.0ms (200.0ms/201.0ms)
[2026-07-26T06:08:07.954+0200][381543837ms] GC(15292) Pause Remark 10244M->10244M(32768M) 299.612ms
[2026-07-26T06:08:07.954+0200][381543837ms] GC(15292) User=7.13s Sys=0.07s Real=0.30s
[2026-07-26T06:08:07.954+0200][381543837ms] GC(15292) Concurrent Rebuild Remembered Sets
[2026-07-26T06:08:09.949+0200][381545832ms] GC(15292) Concurrent Rebuild Remembered Sets 1994.908ms
[2026-07-26T06:08:09.949+0200][381545832ms] GC(15292) Pause Cleanup
[2026-07-26T06:08:09.952+0200][381545835ms] GC(15292) Pause Cleanup 11324M->11324M(32768M) 2.455ms
[2026-07-26T06:08:09.952+0200][381545835ms] GC(15292) User=0.03s Sys=0.00s Real=0.00s
[2026-07-26T06:08:09.952+0200][381545835ms] GC(15292) Concurrent Cleanup for Next Mark
[2026-07-26T06:08:09.961+0200][381545844ms] GC(15292) Concurrent Cleanup for Next Mark 8.927ms
[2026-07-26T06:08:09.961+0200][381545844ms] GC(15292) Concurrent Cycle 4044.450ms
[2026-07-26T06:10:06.910+0200][381662793ms] GC(15293) Pause Young (Normal) (G1 Evacuation Pause)
[2026-07-26T06:10:06.910+0200][381662793ms] GC(15293) Using 32 workers of 32 for evacuation
[2026-07-26T06:10:06.971+0200][381662854ms] GC(15293)   Pre Evacuate Collection Set: 0.1ms
[2026-07-26T06:10:06.971+0200][381662854ms] GC(15293)   Evacuate Collection Set: 21.3ms
[2026-07-26T06:10:06.971+0200][381662854ms] GC(15293)   Post Evacuate Collection Set: 39.2ms
[2026-07-26T06:10:06.971+0200][381662854ms] GC(15293)   Other: 0.5ms
[2026-07-26T06:10:06.971+0200][381662854ms] GC(15293) Eden regions: 1034->0(1033)
[2026-07-26T06:10:06.971+0200][381662854ms] GC(15293) Survivor regions: 2->3(130)
[2026-07-26T06:10:06.971+0200][381662854ms] GC(15293) Old regions: 591->591
[2026-07-26T06:10:06.971+0200][381662854ms] GC(15293) Humongous regions: 8->8
[2026-07-26T06:10:06.971+0200][381662854ms] GC(15293) Metaspace: 1027368K(1123328K)->1027368K(1123328K)
[2026-07-26T06:10:06.971+0200][381662854ms] GC(15293) Pause Young (Normal) (G1 Evacuation Pause) 26156M->9615M(32768M) 61.317ms
[2026-07-26T06:10:06.971+0200][381662854ms] GC(15293) User=1.27s Sys=0.00s Real=0.06s
[2026-07-26T06:10:06.971+0200][381662854ms] Concurrent String Deduplication (381662.855s)
[2026-07-26T06:10:06.971+0200][381662854ms] Concurrent String Deduplication 31376.0B->20568.0B(10808.0B) avg 65.5% (381662.855s, 381662.855s) 0.173ms
[2026-07-26T06:12:04.742+0200][381780625ms] GC(15294) Pause Young (Concurrent Start) (G1 Evacuation Pause)
[2026-07-26T06:12:04.742+0200][381780625ms] GC(15294) Using 32 workers of 32 for evacuation
[2026-07-26T06:12:04.835+0200][381780718ms] GC(15294)   Pre Evacuate Collection Set: 8.6ms
[2026-07-26T06:12:04.835+0200][381780718ms] GC(15294)   Evacuate Collection Set: 53.3ms
[2026-07-26T06:12:04.835+0200][381780718ms] GC(15294)   Post Evacuate Collection Set: 30.3ms
[2026-07-26T06:12:04.835+0200][381780718ms] GC(15294)   Other: 0.5ms
[2026-07-26T06:12:04.835+0200][381780718ms] GC(15294) Eden regions: 1033->0(1034)
[2026-07-26T06:12:04.835+0200][381780718ms] GC(15294) Survivor regions: 3->2(130)
[2026-07-26T06:12:04.835+0200][381780718ms] GC(15294) Old regions: 591->591
[2026-07-26T06:12:04.835+0200][381780718ms] GC(15294) Humongous regions: 8->8
[2026-07-26T06:12:04.835+0200][381780718ms] GC(15294) Metaspace: 1027371K(1123328K)->1027371K(1123328K)
[2026-07-26T06:12:04.835+0200][381780718ms] GC(15294) Pause Young (Concurrent Start) (G1 Evacuation Pause) 26143M->9612M(32768M) 92.904ms
[2026-07-26T06:12:04.835+0200][381780718ms] GC(15294) User=1.93s Sys=0.00s Real=0.09s
[2026-07-26T06:12:04.835+0200][381780718ms] GC(15295) Concurrent Cycle
[2026-07-26T06:12:04.835+0200][381780718ms] Concurrent String Deduplication (381780.719s)
[2026-07-26T06:12:04.835+0200][381780718ms] GC(15295) Concurrent Clear Claimed Marks
[2026-07-26T06:12:04.835+0200][381780718ms] Concurrent String Deduplication 13472.0B->13432.0B(40.0B) avg 65.5% (381780.719s, 381780.719s) 0.127ms
[2026-07-26T06:12:04.848+0200][381780731ms] GC(15295) Concurrent Clear Claimed Marks 12.932ms
[2026-07-26T06:12:04.848+0200][381780731ms] GC(15295) Concurrent Scan Root Regions
[2026-07-26T06:12:04.867+0200][381780750ms] GC(15295) Concurrent Scan Root Regions 18.638ms
[2026-07-26T06:12:04.867+0200][381780750ms] GC(15295) Concurrent Mark (381780.750s)
[2026-07-26T06:12:04.867+0200][381780750ms] GC(15295) Concurrent Mark From Roots
[2026-07-26T06:12:04.867+0200][381780750ms] GC(15295) Using 24 workers of 24 for marking
[2026-07-26T06:12:06.522+0200][381782405ms] GC(15295) Concurrent Mark From Roots 1655.386ms
[2026-07-26T06:12:06.522+0200][381782405ms] GC(15295) Concurrent Preclean
[2026-07-26T06:12:06.542+0200][381782425ms] GC(15295) Concurrent Preclean 19.411ms
[2026-07-26T06:12:06.542+0200][381782425ms] GC(15295) Concurrent Mark (381780.750s, 381782.425s) 1674.934ms
[2026-07-26T06:12:06.542+0200][381782425ms] GC(15295) Pause Remark
[2026-07-26T06:12:06.650+0200][381782533ms] GC(15295) Cleaned string and symbol table, strings: 487673 processed, 2 removed, symbols: 1500454 processed, 80 removed
[2026-07-26T06:12:06.651+0200][381782534ms] GC(15295) Pause Remark 10044M->10044M(32768M) 108.814ms
[2026-07-26T06:12:06.651+0200][381782534ms] GC(15295) User=2.77s Sys=0.02s Real=0.11s
[2026-07-26T06:12:06.651+0200][381782534ms] GC(15295) Concurrent Rebuild Remembered Sets
[2026-07-26T06:12:08.650+0200][381784533ms] GC(15295) Concurrent Rebuild Remembered Sets 1999.364ms
[2026-07-26T06:12:08.651+0200][381784534ms] GC(15295) Pause Cleanup
[2026-07-26T06:12:08.653+0200][381784536ms] GC(15295) Pause Cleanup 10980M->10980M(32768M) 2.343ms
[2026-07-26T06:12:08.653+0200][381784536ms] GC(15295) User=0.03s Sys=0.00s Real=0.00s
[2026-07-26T06:12:08.653+0200][381784536ms] GC(15295) Concurrent Cleanup for Next Mark
[2026-07-26T06:12:08.663+0200][381784546ms] GC(15295) Concurrent Cleanup for Next Mark 9.558ms
[2026-07-26T06:12:08.663+0200][381784546ms] GC(15295) Concurrent Cycle 3828.094ms
[2026-07-26T06:14:05.314+0200][381901197ms] GC(15296) Pause Young (Normal) (G1 Evacuation Pause)
[2026-07-26T06:14:05.314+0200][381901197ms] GC(15296) Using 32 workers of 32 for evacuation
[2026-07-26T06:14:05.372+0200][381901255ms] GC(15296)   Pre Evacuate Collection Set: 0.1ms
[2026-07-26T06:14:05.372+0200][381901255ms] GC(15296)   Evacuate Collection Set: 20.1ms
[2026-07-26T06:14:05.372+0200][381901255ms] GC(15296)   Post Evacuate Collection Set: 37.2ms
[2026-07-26T06:14:05.372+0200][381901255ms] GC(15296)   Other: 0.5ms
[2026-07-26T06:14:05.372+0200][381901255ms] GC(15296) Eden regions: 1034->0(1033)
[2026-07-26T06:14:05.372+0200][381901255ms] GC(15296) Survivor regions: 2->3(130)
[2026-07-26T06:14:05.372+0200][381901255ms] GC(15296) Old regions: 591->591
[2026-07-26T06:14:05.372+0200][381901255ms] GC(15296) Humongous regions: 8->8
[2026-07-26T06:14:05.372+0200][381901255ms] GC(15296) Metaspace: 1027371K(1123328K)->1027371K(1123328K)
[2026-07-26T06:14:05.372+0200][381901255ms] GC(15296) Pause Young (Normal) (G1 Evacuation Pause) 26156M->9614M(32768M) 58.000ms
[2026-07-26T06:14:05.372+0200][381901255ms] GC(15296) User=1.14s Sys=0.00s Real=0.06s
[2026-07-26T06:14:05.372+0200][381901255ms] Concurrent String Deduplication (381901.256s)
[2026-07-26T06:14:05.373+0200][381901256ms] Concurrent String Deduplication 38568.0B->22464.0B(16104.0B) avg 65.5% (381901.256s, 381901.256s) 0.405ms
[2026-07-26T06:16:05.906+0200][382021789ms] GC(15297) Pause Young (Concurrent Start) (G1 Evacuation Pause)
[2026-07-26T06:16:05.906+0200][382021789ms] GC(15297) Using 32 workers of 32 for evacuation
[2026-07-26T06:16:06.003+0200][382021886ms] GC(15297)   Pre Evacuate Collection Set: 8.2ms
[2026-07-26T06:16:06.003+0200][382021886ms] GC(15297)   Evacuate Collection Set: 55.4ms
[2026-07-26T06:16:06.003+0200][382021886ms] GC(15297)   Post Evacuate Collection Set: 32.4ms
[2026-07-26T06:16:06.003+0200][382021886ms] GC(15297)   Other: 0.5ms
[2026-07-26T06:16:06.003+0200][382021886ms] GC(15297) Eden regions: 1033->0(1033)
[2026-07-26T06:16:06.003+0200][382021886ms] GC(15297) Survivor regions: 3->3(130)
[2026-07-26T06:16:06.003+0200][382021886ms] GC(15297) Old regions: 591->591
[2026-07-26T06:16:06.003+0200][382021886ms] GC(15297) Humongous regions: 8->8
[2026-07-26T06:16:06.003+0200][382021886ms] GC(15297) Metaspace: 1027371K(1123328K)->1027371K(1123328K)
[2026-07-26T06:16:06.003+0200][382021886ms] GC(15297) Pause Young (Concurrent Start) (G1 Evacuation Pause) 26142M->9615M(32768M) 96.592ms
[2026-07-26T06:16:06.003+0200][382021886ms] GC(15297) User=2.20s Sys=0.00s Real=0.10s
[2026-07-26T06:16:06.003+0200][382021886ms] GC(15298) Concurrent Cycle
[2026-07-26T06:16:06.003+0200][382021886ms] GC(15298) Concurrent Clear Claimed Marks
[2026-07-26T06:16:06.003+0200][382021886ms] Concurrent String Deduplication (382021.887s)
[2026-07-26T06:16:06.007+0200][382021890ms] Concurrent String Deduplication 302.9K->146.2K(156.7K) avg 65.5% (382021.887s, 382021.891s) 3.748ms
[2026-07-26T06:16:06.015+0200][382021898ms] GC(15298) Concurrent Clear Claimed Marks 11.902ms
[2026-07-26T06:16:06.015+0200][382021898ms] GC(15298) Concurrent Scan Root Regions
[2026-07-26T06:16:06.033+0200][382021916ms] GC(15298) Concurrent Scan Root Regions 18.259ms
[2026-07-26T06:16:06.033+0200][382021916ms] GC(15298) Concurrent Mark (382021.917s)
[2026-07-26T06:16:06.033+0200][382021916ms] GC(15298) Concurrent Mark From Roots
[2026-07-26T06:16:06.033+0200][382021916ms] GC(15298) Using 24 workers of 24 for marking
[2026-07-26T06:16:07.814+0200][382023697ms] GC(15298) Concurrent Mark From Roots 1780.929ms
[2026-07-26T06:16:07.814+0200][382023697ms] GC(15298) Concurrent Preclean
[2026-07-26T06:16:07.843+0200][382023726ms] GC(15298) Concurrent Preclean 28.735ms
[2026-07-26T06:16:07.843+0200][382023726ms] GC(15298) Concurrent Mark (382021.917s, 382023.727s) 1809.801ms
[2026-07-26T06:16:07.844+0200][382023727ms] GC(15298) Pause Remark
[2026-07-26T06:16:07.962+0200][382023845ms] GC(15298) Cleaned string and symbol table, strings: 487674 processed, 60 removed, symbols: 1500374 processed, 0 removed
[2026-07-26T06:16:07.964+0200][382023847ms] GC(15298) Pause Remark 10399M->10399M(32768M) 120.001ms
[2026-07-26T06:16:07.964+0200][382023847ms] GC(15298) User=3.15s Sys=0.00s Real=0.12s
[2026-07-26T06:16:07.964+0200][382023847ms] GC(15298) Concurrent Rebuild Remembered Sets
[2026-07-26T06:16:09.930+0200][382025813ms] GC(15298) Concurrent Rebuild Remembered Sets 1966.107ms
[2026-07-26T06:16:09.930+0200][382025813ms] GC(15298) Pause Cleanup
[2026-07-26T06:16:09.933+0200][382025816ms] GC(15298) Pause Cleanup 11447M->11447M(32768M) 2.298ms
[2026-07-26T06:16:09.933+0200][382025816ms] GC(15298) User=0.02s Sys=0.00s Real=0.00s
[2026-07-26T06:16:09.933+0200][382025816ms] GC(15298) Concurrent Cleanup for Next Mark
[2026-07-26T06:16:09.943+0200][382025826ms] GC(15298) Concurrent Cleanup for Next Mark 9.895ms
[2026-07-26T06:16:09.943+0200][382025826ms] GC(15298) Concurrent Cycle 3939.910ms
[2026-07-26T06:18:06.800+0200][382142683ms] GC(15299) Pause Young (Normal) (G1 Evacuation Pause)
[2026-07-26T06:18:06.801+0200][382142684ms] GC(15299) Using 32 workers of 32 for evacuation
[2026-07-26T06:18:06.871+0200][382142754ms] GC(15299)   Pre Evacuate Collection Set: 0.1ms
[2026-07-26T06:18:06.871+0200][382142754ms] GC(15299)   Evacuate Collection Set: 28.6ms
[2026-07-26T06:18:06.871+0200][382142754ms] GC(15299)   Post Evacuate Collection Set: 40.6ms
[2026-07-26T06:18:06.871+0200][382142754ms] GC(15299)   Other: 0.7ms
[2026-07-26T06:18:06.871+0200][382142754ms] GC(15299) Eden regions: 1033->0(1034)
[2026-07-26T06:18:06.871+0200][382142754ms] GC(15299) Survivor regions: 3->2(130)
[2026-07-26T06:18:06.871+0200][382142754ms] GC(15299) Old regions: 591->591
[2026-07-26T06:18:06.871+0200][382142754ms] GC(15299) Humongous regions: 8->8
[2026-07-26T06:18:06.871+0200][382142754ms] GC(15299) Metaspace: 1027371K(1123328K)->1027371K(1123328K)
[2026-07-26T06:18:06.871+0200][382142754ms] GC(15299) Pause Young (Normal) (G1 Evacuation Pause) 26143M->9611M(32768M) 70.264ms
[2026-07-26T06:18:06.871+0200][382142754ms] GC(15299) User=1.34s Sys=0.01s Real=0.07s
[2026-07-26T06:18:06.871+0200][382142754ms] Concurrent String Deduplication (382142.755s)
[2026-07-26T06:18:06.873+0200][382142756ms] Concurrent String Deduplication 331.8K->226.0K(105.8K) avg 65.5% (382142.755s, 382142.756s) 1.781ms
[2026-07-26T06:20:08.335+0200][382264218ms] GC(15300) Pause Young (Concurrent Start) (G1 Evacuation Pause)
[2026-07-26T06:20:08.335+0200][382264218ms] GC(15300) Using 32 workers of 32 for evacuation
[2026-07-26T06:20:08.444+0200][382264327ms] GC(15300)   Pre Evacuate Collection Set: 13.2ms
[2026-07-26T06:20:08.444+0200][382264327ms] GC(15300)   Evacuate Collection Set: 57.2ms
[2026-07-26T06:20:08.444+0200][382264327ms] GC(15300)   Post Evacuate Collection Set: 38.1ms
[2026-07-26T06:20:08.444+0200][382264327ms] GC(15300)   Other: 0.9ms
[2026-07-26T06:20:08.444+0200][382264327ms] GC(15300) Eden regions: 1034->0(1034)
[2026-07-26T06:20:08.444+0200][382264327ms] GC(15300) Survivor regions: 2->2(130)
[2026-07-26T06:20:08.444+0200][382264327ms] GC(15300) Old regions: 591->591
[2026-07-26T06:20:08.444+0200][382264327ms] GC(15300) Humongous regions: 8->8
[2026-07-26T06:20:08.444+0200][382264327ms] GC(15300) Metaspace: 1027371K(1123328K)->1027371K(1123328K)
[2026-07-26T06:20:08.444+0200][382264327ms] GC(15300) Pause Young (Concurrent Start) (G1 Evacuation Pause) 26155M->9611M(32768M) 109.483ms
[2026-07-26T06:20:08.444+0200][382264327ms] GC(15300) User=2.22s Sys=0.00s Real=0.11s
[2026-07-26T06:20:08.444+0200][382264327ms] GC(15301) Concurrent Cycle
[2026-07-26T06:20:08.444+0200][382264327ms] GC(15301) Concurrent Clear Claimed Marks
[2026-07-26T06:20:08.444+0200][382264327ms] Concurrent String Deduplication (382264.328s)
[2026-07-26T06:20:08.445+0200][382264328ms] Concurrent String Deduplication 73912.0B->37712.0B(36200.0B) avg 65.5% (382264.328s, 382264.329s) 0.674ms
[2026-07-26T06:20:08.459+0200][382264342ms] GC(15301) Concurrent Clear Claimed Marks 14.228ms
[2026-07-26T06:20:08.459+0200][382264342ms] GC(15301) Concurrent Scan Root Regions
[2026-07-26T06:20:08.484+0200][382264367ms] GC(15301) Concurrent Scan Root Regions 25.710ms
[2026-07-26T06:20:08.484+0200][382264367ms] GC(15301) Concurrent Mark (382264.368s)
[2026-07-26T06:20:08.484+0200][382264367ms] GC(15301) Concurrent Mark From Roots
[2026-07-26T06:20:08.484+0200][382264367ms] GC(15301) Using 24 workers of 24 for marking
[2026-07-26T06:20:10.303+0200][382266186ms] GC(15301) Concurrent Mark From Roots 1818.765ms
[2026-07-26T06:20:10.303+0200][382266186ms] GC(15301) Concurrent Preclean
[2026-07-26T06:20:10.342+0200][382266225ms] GC(15301) Concurrent Preclean 38.376ms
[2026-07-26T06:20:10.342+0200][382266225ms] GC(15301) Concurrent Mark (382264.368s, 382266.225s) 1857.267ms
[2026-07-26T06:20:10.342+0200][382266225ms] GC(15301) Pause Remark
[2026-07-26T06:20:10.484+0200][382266367ms] GC(15301) Cleaned string and symbol table, strings: 487614 processed, 2623 removed, symbols: 1500374 processed, 0 removed
[2026-07-26T06:20:10.490+0200][382266373ms] GC(15301) Pause Remark 10155M->10155M(32768M) 148.173ms
[2026-07-26T06:20:10.490+0200][382266373ms] GC(15301) User=3.23s Sys=0.12s Real=0.15s
[2026-07-26T06:20:10.490+0200][382266373ms] GC(15301) Concurrent Rebuild Remembered Sets
[2026-07-26T06:20:12.654+0200][382268537ms] GC(15301) Concurrent Rebuild Remembered Sets 2163.622ms
[2026-07-26T06:20:12.655+0200][382268538ms] GC(15301) Pause Cleanup
[2026-07-26T06:20:12.661+0200][382268544ms] GC(15301) Pause Cleanup 10819M->10819M(32768M) 6.393ms
[2026-07-26T06:20:12.661+0200][382268544ms] GC(15301) User=0.03s Sys=0.00s Real=0.01s
[2026-07-26T06:20:12.661+0200][382268544ms] GC(15301) Concurrent Cleanup for Next Mark
[2026-07-26T06:20:12.671+0200][382268554ms] GC(15301) Concurrent Cleanup for Next Mark 10.257ms
[2026-07-26T06:20:12.671+0200][382268554ms] GC(15301) Concurrent Cycle 4227.222ms
[2026-07-26T06:22:08.171+0200][382384054ms] GC(15302) Pause Young (Normal) (G1 Evacuation Pause)
[2026-07-26T06:22:08.171+0200][382384054ms] GC(15302) Using 32 workers of 32 for evacuation
[2026-07-26T06:22:08.231+0200][382384115ms] GC(15302)   Pre Evacuate Collection Set: 0.1ms
[2026-07-26T06:22:08.232+0200][382384115ms] GC(15302)   Evacuate Collection Set: 22.0ms
[2026-07-26T06:22:08.232+0200][382384115ms] GC(15302)   Post Evacuate Collection Set: 37.8ms
[2026-07-26T06:22:08.232+0200][382384115ms] GC(15302)   Other: 0.6ms
[2026-07-26T06:22:08.232+0200][382384115ms] GC(15302) Eden regions: 1034->0(1033)
[2026-07-26T06:22:08.232+0200][382384115ms] GC(15302) Survivor regions: 2->2(130)
[2026-07-26T06:22:08.232+0200][382384115ms] GC(15302) Old regions: 591->591
[2026-07-26T06:22:08.232+0200][382384115ms] GC(15302) Humongous regions: 8->8
[2026-07-26T06:22:08.232+0200][382384115ms] GC(15302) Metaspace: 1027371K(1123328K)->1027371K(1123328K)
[2026-07-26T06:22:08.232+0200][382384115ms] GC(15302) Pause Young (Normal) (G1 Evacuation Pause) 26155M->9613M(32768M) 60.674ms
[2026-07-26T06:22:08.232+0200][382384115ms] GC(15302) User=1.06s Sys=0.00s Real=0.06s
[2026-07-26T06:22:08.232+0200][382384115ms] Concurrent String Deduplication (382384.116s)
[2026-07-26T06:22:08.234+0200][382384117ms] Concurrent String Deduplication 163.3K->70568.0B(96680.0B) avg 65.5% (382384.116s, 382384.117s) 1.136ms
[2026-07-26T06:24:08.799+0200][382504682ms] GC(15303) Pause Young (Concurrent Start) (G1 Evacuation Pause)
[2026-07-26T06:24:08.799+0200][382504682ms] GC(15303) Using 32 workers of 32 for evacuation
[2026-07-26T06:24:08.899+0200][382504782ms] GC(15303)   Pre Evacuate Collection Set: 8.1ms
[2026-07-26T06:24:08.899+0200][382504782ms] GC(15303)   Evacuate Collection Set: 53.5ms
[2026-07-26T06:24:08.899+0200][382504782ms] GC(15303)   Post Evacuate Collection Set: 38.0ms
[2026-07-26T06:24:08.899+0200][382504782ms] GC(15303)   Other: 0.5ms
[2026-07-26T06:24:08.899+0200][382504782ms] GC(15303) Eden regions: 1033->0(1033)
[2026-07-26T06:24:08.899+0200][382504782ms] GC(15303) Survivor regions: 2->2(130)
[2026-07-26T06:24:08.899+0200][382504782ms] GC(15303) Old regions: 591->592
[2026-07-26T06:24:08.899+0200][382504782ms] GC(15303) Humongous regions: 8->8
[2026-07-26T06:24:08.899+0200][382504782ms] GC(15303) Metaspace: 1027371K(1123328K)->1027371K(1123328K)
[2026-07-26T06:24:08.899+0200][382504782ms] GC(15303) Pause Young (Concurrent Start) (G1 Evacuation Pause) 26141M->9614M(32768M) 100.214ms
[2026-07-26T06:24:08.899+0200][382504782ms] GC(15303) User=2.23s Sys=0.00s Real=0.09s
[2026-07-26T06:24:08.900+0200][382504783ms] GC(15304) Concurrent Cycle
[2026-07-26T06:24:08.900+0200][382504783ms] GC(15304) Concurrent Clear Claimed Marks
[2026-07-26T06:24:08.900+0200][382504783ms] Concurrent String Deduplication (382504.784s)
[2026-07-26T06:24:08.902+0200][382504785ms] Concurrent String Deduplication 222.8K->101504.0B(123.7K) avg 65.5% (382504.784s, 382504.786s) 1.963ms
[2026-07-26T06:24:08.908+0200][382504791ms] GC(15304) Concurrent Clear Claimed Marks 8.094ms
[2026-07-26T06:24:08.908+0200][382504791ms] GC(15304) Concurrent Scan Root Regions
[2026-07-26T06:24:08.919+0200][382504802ms] GC(15304) Concurrent Scan Root Regions 10.659ms
[2026-07-26T06:24:08.919+0200][382504802ms] GC(15304) Concurrent Mark (382504.803s)
[2026-07-26T06:24:08.919+0200][382504802ms] GC(15304) Concurrent Mark From Roots
[2026-07-26T06:24:08.919+0200][382504802ms] GC(15304) Using 24 workers of 24 for marking
[2026-07-26T06:24:10.492+0200][382506375ms] GC(15304) Concurrent Mark From Roots 1573.300ms
[2026-07-26T06:24:10.492+0200][382506375ms] GC(15304) Concurrent Preclean
[2026-07-26T06:24:10.512+0200][382506395ms] GC(15304) Concurrent Preclean 19.846ms
[2026-07-26T06:24:10.512+0200][382506395ms] GC(15304) Concurrent Mark (382504.803s, 382506.396s) 1593.269ms
[2026-07-26T06:24:10.513+0200][382506396ms] GC(15304) Pause Remark
[2026-07-26T06:24:10.815+0200][382506698ms] GC(15304) Cleaned string and symbol table, strings: 487595 processed, 181 removed, symbols: 1500374 processed, 0 removed
[2026-07-26T06:24:10.821+0200][382506704ms] GC(15304) MMU target violated: 201.0ms (200.0ms/201.0ms)
[2026-07-26T06:24:10.821+0200][382506704ms] GC(15304) Pause Remark 10406M->10406M(32768M) 308.588ms
[2026-07-26T06:24:10.821+0200][382506704ms] GC(15304) User=7.34s Sys=0.06s Real=0.31s
[2026-07-26T06:24:10.821+0200][382506704ms] GC(15304) Concurrent Rebuild Remembered Sets
[2026-07-26T06:24:12.880+0200][382508763ms] GC(15304) Concurrent Rebuild Remembered Sets 2058.682ms
[2026-07-26T06:24:12.881+0200][382508764ms] GC(15304) Pause Cleanup
[2026-07-26T06:24:12.884+0200][382508767ms] GC(15304) Pause Cleanup 11270M->11270M(32768M) 3.066ms
[2026-07-26T06:24:12.884+0200][382508767ms] GC(15304) User=0.03s Sys=0.00s Real=0.00s
[2026-07-26T06:24:12.884+0200][382508767ms] GC(15304) Concurrent Cleanup for Next Mark
[2026-07-26T06:24:12.893+0200][382508776ms] GC(15304) Concurrent Cleanup for Next Mark 8.971ms
[2026-07-26T06:24:12.893+0200][382508776ms] GC(15304) Concurrent Cycle 3993.097ms
[2026-07-26T06:26:09.027+0200][382624910ms] GC(15305) Pause Young (Normal) (G1 Evacuation Pause)
[2026-07-26T06:26:09.027+0200][382624910ms] GC(15305) Using 32 workers of 32 for evacuation
[2026-07-26T06:26:09.085+0200][382624968ms] GC(15305)   Pre Evacuate Collection Set: 0.1ms
[2026-07-26T06:26:09.085+0200][382624968ms] GC(15305)   Evacuate Collection Set: 14.8ms
[2026-07-26T06:26:09.085+0200][382624968ms] GC(15305)   Post Evacuate Collection Set: 42.0ms
[2026-07-26T06:26:09.085+0200][382624968ms] GC(15305)   Other: 0.5ms
[2026-07-26T06:26:09.085+0200][382624968ms] GC(15305) Eden regions: 1033->0(1033)
[2026-07-26T06:26:09.085+0200][382624968ms] GC(15305) Survivor regions: 2->2(130)
[2026-07-26T06:26:09.085+0200][382624968ms] GC(15305) Old regions: 592->592
[2026-07-26T06:26:09.085+0200][382624968ms] GC(15305) Humongous regions: 8->8
[2026-07-26T06:26:09.085+0200][382624968ms] GC(15305) Metaspace: 1027168K(1123328K)->1027168K(1123328K)
[2026-07-26T06:26:09.085+0200][382624968ms] GC(15305) Pause Young (Normal) (G1 Evacuation Pause) 26142M->9613M(32768M) 57.576ms
[2026-07-26T06:26:09.085+0200][382624968ms] GC(15305) User=1.26s Sys=0.02s Real=0.06s
[2026-07-26T06:26:09.085+0200][382624968ms] Concurrent String Deduplication (382624.969s)
[2026-07-26T06:26:09.087+0200][382624970ms] Concurrent String Deduplication 147.3K->64776.0B(86024.0B) avg 65.5% (382624.969s, 382624.971s) 2.166ms
[2026-07-26T06:28:07.924+0200][382743807ms] GC(15306) Pause Young (Concurrent Start) (G1 Evacuation Pause)
[2026-07-26T06:28:07.924+0200][382743807ms] GC(15306) Using 32 workers of 32 for evacuation
[2026-07-26T06:28:08.030+0200][382743913ms] GC(15306)   Pre Evacuate Collection Set: 9.7ms
[2026-07-26T06:28:08.030+0200][382743913ms] GC(15306)   Evacuate Collection Set: 50.6ms
[2026-07-26T06:28:08.030+0200][382743913ms] GC(15306)   Post Evacuate Collection Set: 45.5ms
[2026-07-26T06:28:08.030+0200][382743913ms] GC(15306)   Other: 0.5ms
[2026-07-26T06:28:08.030+0200][382743913ms] GC(15306) Eden regions: 1033->0(1033)
[2026-07-26T06:28:08.030+0200][382743913ms] GC(15306) Survivor regions: 2->2(130)
[2026-07-26T06:28:08.030+0200][382743913ms] GC(15306) Old regions: 592->592
[2026-07-26T06:28:08.030+0200][382743913ms] GC(15306) Humongous regions: 8->8
[2026-07-26T06:28:08.031+0200][382743914ms] GC(15306) Metaspace: 1027168K(1123328K)->1027168K(1123328K)
[2026-07-26T06:28:08.031+0200][382743914ms] GC(15306) Pause Young (Concurrent Start) (G1 Evacuation Pause) 26141M->9612M(32768M) 106.438ms
[2026-07-26T06:28:08.031+0200][382743914ms] GC(15306) User=1.89s Sys=0.00s Real=0.11s
[2026-07-26T06:28:08.031+0200][382743914ms] GC(15307) Concurrent Cycle
[2026-07-26T06:28:08.031+0200][382743914ms] GC(15307) Concurrent Clear Claimed Marks
[2026-07-26T06:28:08.031+0200][382743914ms] Concurrent String Deduplication (382743.915s)
[2026-07-26T06:28:08.032+0200][382743915ms] Concurrent String Deduplication 107.7K->50280.0B(60048.0B) avg 65.5% (382743.915s, 382743.916s) 1.194ms
[2026-07-26T06:28:08.044+0200][382743927ms] GC(15307) Concurrent Clear Claimed Marks 13.456ms
[2026-07-26T06:28:08.044+0200][382743927ms] GC(15307) Concurrent Scan Root Regions
[2026-07-26T06:28:08.063+0200][382743946ms] GC(15307) Concurrent Scan Root Regions 18.790ms
[2026-07-26T06:28:08.063+0200][382743946ms] GC(15307) Concurrent Mark (382743.947s)
[2026-07-26T06:28:08.063+0200][382743946ms] GC(15307) Concurrent Mark From Roots
[2026-07-26T06:28:08.063+0200][382743946ms] GC(15307) Using 24 workers of 24 for marking
[2026-07-26T06:28:09.773+0200][382745656ms] GC(15307) Concurrent Mark From Roots 1710.375ms
[2026-07-26T06:28:09.773+0200][382745656ms] GC(15307) Concurrent Preclean
[2026-07-26T06:28:09.794+0200][382745677ms] GC(15307) Concurrent Preclean 20.363ms
[2026-07-26T06:28:09.794+0200][382745677ms] GC(15307) Concurrent Mark (382743.947s, 382745.678s) 1730.858ms
[2026-07-26T06:28:09.794+0200][382745677ms] GC(15307) Pause Remark
[2026-07-26T06:28:10.052+0200][382745935ms] GC(15307) Cleaned string and symbol table, strings: 487560 processed, 187 removed, symbols: 1500374 processed, 102 removed
[2026-07-26T06:28:10.054+0200][382745937ms] GC(15307) MMU target violated: 201.0ms (200.0ms/201.0ms)
[2026-07-26T06:28:10.054+0200][382745937ms] GC(15307) Pause Remark 10460M->10460M(32768M) 259.869ms
[2026-07-26T06:28:10.054+0200][382745937ms] GC(15307) User=5.88s Sys=0.00s Real=0.26s
[2026-07-26T06:28:10.054+0200][382745937ms] GC(15307) Concurrent Rebuild Remembered Sets
[2026-07-26T06:28:12.044+0200][382747927ms] GC(15307) Concurrent Rebuild Remembered Sets 1989.470ms
[2026-07-26T06:28:12.044+0200][382747927ms] GC(15307) Pause Cleanup
[2026-07-26T06:28:12.046+0200][382747929ms] GC(15307) Pause Cleanup 11756M->11756M(32768M) 1.675ms
[2026-07-26T06:28:12.046+0200][382747929ms] GC(15307) User=0.03s Sys=0.00s Real=0.00s
[2026-07-26T06:28:12.046+0200][382747929ms] GC(15307) Concurrent Cleanup for Next Mark
[2026-07-26T06:28:12.054+0200][382747937ms] GC(15307) Concurrent Cleanup for Next Mark 7.981ms
[2026-07-26T06:28:12.054+0200][382747937ms] GC(15307) Concurrent Cycle 4023.554ms
[2026-07-26T06:30:09.911+0200][382865794ms] GC(15308) Pause Young (Prepare Mixed) (G1 Evacuation Pause)
[2026-07-26T06:30:09.911+0200][382865794ms] GC(15308) Using 32 workers of 32 for evacuation
[2026-07-26T06:30:09.983+0200][382865866ms] GC(15308)   Pre Evacuate Collection Set: 0.1ms
[2026-07-26T06:30:09.983+0200][382865866ms] GC(15308)   Evacuate Collection Set: 22.1ms
[2026-07-26T06:30:09.983+0200][382865866ms] GC(15308)   Post Evacuate Collection Set: 49.4ms
[2026-07-26T06:30:09.983+0200][382865866ms] GC(15308)   Other: 0.8ms
[2026-07-26T06:30:09.983+0200][382865866ms] GC(15308) Eden regions: 1033->0(100)
[2026-07-26T06:30:09.983+0200][382865866ms] GC(15308) Survivor regions: 2->2(130)
[2026-07-26T06:30:09.983+0200][382865866ms] GC(15308) Old regions: 592->592
[2026-07-26T06:30:09.983+0200][382865866ms] GC(15308) Humongous regions: 8->8
[2026-07-26T06:30:09.983+0200][382865866ms] GC(15308) Metaspace: 1026683K(1123328K)->1026683K(1123328K)
[2026-07-26T06:30:09.983+0200][382865866ms] GC(15308) Pause Young (Prepare Mixed) (G1 Evacuation Pause) 26140M->9612M(32768M) 72.533ms
[2026-07-26T06:30:09.983+0200][382865866ms] GC(15308) User=1.57s Sys=0.00s Real=0.07s
[2026-07-26T06:30:09.983+0200][382865866ms] Concurrent String Deduplication (382865.867s)
[2026-07-26T06:30:09.985+0200][382865868ms] Concurrent String Deduplication 162.9K->102.1K(62208.0B) avg 65.5% (382865.867s, 382865.868s) 1.229ms
[2026-07-26T06:30:18.651+0200][382874534ms] GC(15309) Pause Young (Mixed) (G1 Evacuation Pause)
[2026-07-26T06:30:18.651+0200][382874534ms] GC(15309) Using 32 workers of 32 for evacuation
[2026-07-26T06:30:18.742+0200][382874625ms] GC(15309)   Pre Evacuate Collection Set: 0.2ms
[2026-07-26T06:30:18.742+0200][382874625ms] GC(15309)   Evacuate Collection Set: 49.2ms
[2026-07-26T06:30:18.742+0200][382874625ms] GC(15309)   Post Evacuate Collection Set: 41.2ms
[2026-07-26T06:30:18.742+0200][382874625ms] GC(15309)   Other: 1.0ms
[2026-07-26T06:30:18.742+0200][382874625ms] GC(15309) Eden regions: 100->0(1033)
[2026-07-26T06:30:18.742+0200][382874625ms] GC(15309) Survivor regions: 2->2(13)
[2026-07-26T06:30:18.742+0200][382874625ms] GC(15309) Old regions: 592->591
[2026-07-26T06:30:18.742+0200][382874625ms] GC(15309) Humongous regions: 8->8
[2026-07-26T06:30:18.742+0200][382874625ms] GC(15309) Metaspace: 1026683K(1123328K)->1026683K(1123328K)
[2026-07-26T06:30:18.742+0200][382874625ms] GC(15309) Pause Young (Mixed) (G1 Evacuation Pause) 11212M->9601M(32768M) 91.773ms
[2026-07-26T06:30:18.742+0200][382874625ms] GC(15309) User=2.04s Sys=0.03s Real=0.09s
[2026-07-26T06:30:18.743+0200][382874626ms] Concurrent String Deduplication (382874.627s)
[2026-07-26T06:30:18.745+0200][382874628ms] Concurrent String Deduplication 260.0K->105.9K(154.1K) avg 65.5% (382874.627s, 382874.628s) 1.725ms
[2026-07-26T06:32:12.916+0200][382988799ms] GC(15310) Pause Young (Normal) (G1 Evacuation Pause)
[2026-07-26T06:32:12.916+0200][382988799ms] GC(15310) Using 32 workers of 32 for evacuation
[2026-07-26T06:32:12.966+0200][382988849ms] GC(15310)   Pre Evacuate Collection Set: 0.1ms
[2026-07-26T06:32:12.967+0200][382988850ms] GC(15310)   Evacuate Collection Set: 13.8ms
[2026-07-26T06:32:12.967+0200][382988850ms] GC(15310)   Post Evacuate Collection Set: 36.1ms
[2026-07-26T06:32:12.967+0200][382988850ms] GC(15310)   Other: 0.4ms
[2026-07-26T06:32:12.967+0200][382988850ms] GC(15310) Eden regions: 1033->0(1033)
[2026-07-26T06:32:12.967+0200][382988850ms] GC(15310) Survivor regions: 2->2(130)
[2026-07-26T06:32:12.967+0200][382988850ms] GC(15310) Old regions: 591->591
[2026-07-26T06:32:12.967+0200][382988850ms] GC(15310) Humongous regions: 8->8
[2026-07-26T06:32:12.967+0200][382988850ms] GC(15310) Metaspace: 1026685K(1123328K)->1026685K(1123328K)
[2026-07-26T06:32:12.967+0200][382988850ms] GC(15310) Pause Young (Normal) (G1 Evacuation Pause) 26129M->9602M(32768M) 50.597ms
[2026-07-26T06:32:12.967+0200][382988850ms] GC(15310) User=1.08s Sys=0.08s Real=0.05s
[2026-07-26T06:32:12.967+0200][382988850ms] Concurrent String Deduplication (382988.851s)
[2026-07-26T06:32:12.967+0200][382988850ms] Concurrent String Deduplication 35704.0B->20608.0B(15096.0B) avg 65.5% (382988.851s, 382988.851s) 0.253ms
[2026-07-26T06:34:17.727+0200][383113610ms] GC(15311) Pause Young (Normal) (G1 Evacuation Pause)
[2026-07-26T06:34:17.727+0200][383113610ms] GC(15311) Using 32 workers of 32 for evacuation
[2026-07-26T06:34:17.767+0200][383113650ms] GC(15311)   Pre Evacuate Collection Set: 0.1ms
[2026-07-26T06:34:17.767+0200][383113650ms] GC(15311)   Evacuate Collection Set: 12.8ms
[2026-07-26T06:34:17.767+0200][383113650ms] GC(15311)   Post Evacuate Collection Set: 26.2ms
[2026-07-26T06:34:17.767+0200][383113650ms] GC(15311)   Other: 0.4ms
[2026-07-26T06:34:17.767+0200][383113650ms] GC(15311) Eden regions: 1033->0(1033)
[2026-07-26T06:34:17.767+0200][383113650ms] GC(15311) Survivor regions: 2->2(130)
[2026-07-26T06:34:17.767+0200][383113650ms] GC(15311) Old regions: 591->591
[2026-07-26T06:34:17.767+0200][383113650ms] GC(15311) Humongous regions: 8->8
[2026-07-26T06:34:17.767+0200][383113650ms] GC(15311) Metaspace: 1026691K(1123328K)->1026691K(1123328K)
[2026-07-26T06:34:17.767+0200][383113650ms] GC(15311) Pause Young (Normal) (G1 Evacuation Pause) 26130M->9611M(32768M) 39.627ms
[2026-07-26T06:34:17.767+0200][383113650ms] GC(15311) User=0.87s Sys=0.00s Real=0.04s
[2026-07-26T06:34:17.768+0200][383113651ms] Concurrent String Deduplication (383113.651s)
[2026-07-26T06:34:17.768+0200][383113651ms] Concurrent String Deduplication 1352.0B->1080.0B(272.0B) avg 65.5% (383113.651s, 383113.651s) 0.058ms
[2026-07-26T06:36:37.604+0200][383253487ms] GC(15312) Pause Young (Concurrent Start) (G1 Evacuation Pause)
[2026-07-26T06:36:37.604+0200][383253487ms] GC(15312) Using 32 workers of 32 for evacuation
[2026-07-26T06:36:37.701+0200][383253584ms] GC(15312)   Pre Evacuate Collection Set: 9.5ms
[2026-07-26T06:36:37.701+0200][383253584ms] GC(15312)   Evacuate Collection Set: 48.9ms
[2026-07-26T06:36:37.701+0200][383253584ms] GC(15312)   Post Evacuate Collection Set: 38.5ms
[2026-07-26T06:36:37.701+0200][383253584ms] GC(15312)   Other: 0.5ms
[2026-07-26T06:36:37.701+0200][383253584ms] GC(15312) Eden regions: 1033->0(1032)
[2026-07-26T06:36:37.701+0200][383253584ms] GC(15312) Survivor regions: 2->3(130)
[2026-07-26T06:36:37.701+0200][383253584ms] GC(15312) Old regions: 591->591
[2026-07-26T06:36:37.701+0200][383253584ms] GC(15312) Humongous regions: 8->8
[2026-07-26T06:36:37.701+0200][383253584ms] GC(15312) Metaspace: 1026691K(1123328K)->1026691K(1123328K)
[2026-07-26T06:36:37.701+0200][383253584ms] GC(15312) Pause Young (Concurrent Start) (G1 Evacuation Pause) 26139M->9620M(32768M) 97.454ms
[2026-07-26T06:36:37.701+0200][383253584ms] GC(15312) User=1.96s Sys=0.01s Real=0.10s
[2026-07-26T06:36:37.701+0200][383253584ms] GC(15313) Concurrent Cycle
[2026-07-26T06:36:37.701+0200][383253584ms] GC(15313) Concurrent Clear Claimed Marks
[2026-07-26T06:36:37.702+0200][383253585ms] Concurrent String Deduplication (383253.585s)
[2026-07-26T06:36:37.703+0200][383253586ms] Concurrent String Deduplication 117.4K->53472.0B(66792.0B) avg 65.5% (383253.585s, 383253.586s) 1.037ms
[2026-07-26T06:36:37.709+0200][383253592ms] GC(15313) Concurrent Clear Claimed Marks 8.104ms
[2026-07-26T06:36:37.710+0200][383253593ms] GC(15313) Concurrent Scan Root Regions
[2026-07-26T06:36:37.717+0200][383253600ms] GC(15313) Concurrent Scan Root Regions 7.033ms
[2026-07-26T06:36:37.717+0200][383253600ms] GC(15313) Concurrent Mark (383253.600s)
[2026-07-26T06:36:37.717+0200][383253600ms] GC(15313) Concurrent Mark From Roots
[2026-07-26T06:36:37.717+0200][383253600ms] GC(15313) Using 24 workers of 24 for marking
[2026-07-26T06:36:39.251+0200][383255134ms] GC(15313) Concurrent Mark From Roots 1534.016ms
[2026-07-26T06:36:39.251+0200][383255134ms] GC(15313) Concurrent Preclean
[2026-07-26T06:36:39.270+0200][383255153ms] GC(15313) Concurrent Preclean 19.087ms
[2026-07-26T06:36:39.270+0200][383255153ms] GC(15313) Concurrent Mark (383253.600s, 383255.154s) 1553.228ms
[2026-07-26T06:36:39.270+0200][383255153ms] GC(15313) Pause Remark
[2026-07-26T06:36:39.501+0200][383255384ms] GC(15313) Cleaned string and symbol table, strings: 487408 processed, 1259 removed, symbols: 1500272 processed, 266 removed
[2026-07-26T06:36:39.502+0200][383255385ms] GC(15313) MMU target violated: 201.0ms (200.0ms/201.0ms)
[2026-07-26T06:36:39.503+0200][383255386ms] GC(15313) Pause Remark 9876M->9876M(32768M) 232.154ms
[2026-07-26T06:36:39.503+0200][383255386ms] GC(15313) User=5.10s Sys=0.00s Real=0.23s
[2026-07-26T06:36:39.503+0200][383255386ms] GC(15313) Concurrent Rebuild Remembered Sets
[2026-07-26T06:36:41.377+0200][383257260ms] GC(15313) Concurrent Rebuild Remembered Sets 1874.756ms
[2026-07-26T06:36:41.378+0200][383257261ms] GC(15313) Pause Cleanup
[2026-07-26T06:36:41.380+0200][383257263ms] GC(15313) Pause Cleanup 10236M->10236M(32768M) 2.341ms
[2026-07-26T06:36:41.380+0200][383257263ms] GC(15313) User=0.02s Sys=0.01s Real=0.01s
[2026-07-26T06:36:41.380+0200][383257264ms] GC(15313) Concurrent Cleanup for Next Mark
[2026-07-26T06:36:41.392+0200][383257275ms] GC(15313) Concurrent Cleanup for Next Mark 11.692ms
[2026-07-26T06:36:41.392+0200][383257275ms] GC(15313) Concurrent Cycle 3690.928ms
[2026-07-26T06:38:38.902+0200][383374785ms] GC(15314) Pause Young (Normal) (G1 Evacuation Pause)
[2026-07-26T06:38:38.902+0200][383374785ms] GC(15314) Using 32 workers of 32 for evacuation
[2026-07-26T06:38:38.954+0200][383374837ms] GC(15314)   Pre Evacuate Collection Set: 0.1ms
[2026-07-26T06:38:38.954+0200][383374837ms] GC(15314)   Evacuate Collection Set: 18.1ms
[2026-07-26T06:38:38.954+0200][383374837ms] GC(15314)   Post Evacuate Collection Set: 33.0ms
[2026-07-26T06:38:38.954+0200][383374837ms] GC(15314)   Other: 0.5ms
[2026-07-26T06:38:38.954+0200][383374837ms] GC(15314) Eden regions: 1032->0(1032)
[2026-07-26T06:38:38.954+0200][383374837ms] GC(15314) Survivor regions: 3->3(130)
[2026-07-26T06:38:38.954+0200][383374837ms] GC(15314) Old regions: 591->591
[2026-07-26T06:38:38.954+0200][383374837ms] GC(15314) Humongous regions: 8->8
[2026-07-26T06:38:38.954+0200][383374837ms] GC(15314) Metaspace: 1026573K(1123328K)->1026573K(1123328K)
[2026-07-26T06:38:38.954+0200][383374837ms] GC(15314) Pause Young (Normal) (G1 Evacuation Pause) 26132M->9622M(32768M) 51.822ms
[2026-07-26T06:38:38.954+0200][383374837ms] GC(15314) User=1.14s Sys=0.02s Real=0.05s
[2026-07-26T06:38:38.954+0200][383374837ms] Concurrent String Deduplication (383374.838s)
[2026-07-26T06:38:38.961+0200][383374844ms] Concurrent String Deduplication 1677.9K->1216.3K(461.6K) avg 65.5% (383374.838s, 383374.845s) 7.163ms
[2026-07-26T06:41:04.538+0200][383520421ms] GC(15315) Pause Young (Concurrent Start) (G1 Evacuation Pause)
[2026-07-26T06:41:04.538+0200][383520421ms] GC(15315) Using 32 workers of 32 for evacuation
[2026-07-26T06:41:04.616+0200][383520499ms] GC(15315)   Pre Evacuate Collection Set: 8.1ms
[2026-07-26T06:41:04.616+0200][383520499ms] GC(15315)   Evacuate Collection Set: 44.2ms
[2026-07-26T06:41:04.616+0200][383520499ms] GC(15315)   Post Evacuate Collection Set: 25.8ms
[2026-07-26T06:41:04.616+0200][383520499ms] GC(15315)   Other: 0.5ms
[2026-07-26T06:41:04.616+0200][383520499ms] GC(15315) Eden regions: 1032->0(1032)
[2026-07-26T06:41:04.616+0200][383520499ms] GC(15315) Survivor regions: 3->3(130)
[2026-07-26T06:41:04.616+0200][383520499ms] GC(15315) Old regions: 591->591
[2026-07-26T06:41:04.616+0200][383520499ms] GC(15315) Humongous regions: 8->8
[2026-07-26T06:41:04.616+0200][383520499ms] GC(15315) Metaspace: 1026573K(1123328K)->1026573K(1123328K)
[2026-07-26T06:41:04.616+0200][383520499ms] GC(15315) Pause Young (Concurrent Start) (G1 Evacuation Pause) 26134M->9623M(32768M) 78.686ms
[2026-07-26T06:41:04.617+0200][383520500ms] GC(15315) User=1.75s Sys=0.00s Real=0.08s
[2026-07-26T06:41:04.617+0200][383520500ms] GC(15316) Concurrent Cycle
[2026-07-26T06:41:04.617+0200][383520500ms] GC(15316) Concurrent Clear Claimed Marks
[2026-07-26T06:41:04.617+0200][383520500ms] Concurrent String Deduplication (383520.500s)
[2026-07-26T06:41:04.625+0200][383520508ms] Concurrent String Deduplication 1756.9K->1354.8K(402.2K) avg 65.5% (383520.500s, 383520.508s) 7.852ms
[2026-07-26T06:41:04.625+0200][383520508ms] GC(15316) Concurrent Clear Claimed Marks 8.207ms
[2026-07-26T06:41:04.625+0200][383520508ms] GC(15316) Concurrent Scan Root Regions
[2026-07-26T06:41:04.639+0200][383520522ms] GC(15316) Concurrent Scan Root Regions 13.652ms
[2026-07-26T06:41:04.639+0200][383520522ms] GC(15316) Concurrent Mark (383520.522s)
[2026-07-26T06:41:04.639+0200][383520522ms] GC(15316) Concurrent Mark From Roots
[2026-07-26T06:41:04.639+0200][383520522ms] GC(15316) Using 24 workers of 24 for marking
[2026-07-26T06:41:06.131+0200][383522014ms] GC(15316) Concurrent Mark From Roots 1492.062ms
[2026-07-26T06:41:06.131+0200][383522014ms] GC(15316) Concurrent Preclean
[2026-07-26T06:41:06.149+0200][383522032ms] GC(15316) Concurrent Preclean 18.326ms
[2026-07-26T06:41:06.149+0200][383522032ms] GC(15316) Concurrent Mark (383520.522s, 383522.033s) 1510.515ms
[2026-07-26T06:41:06.150+0200][383522033ms] GC(15316) Pause Remark
[2026-07-26T06:41:06.362+0200][383522245ms] GC(15316) Cleaned string and symbol table, strings: 487235 processed, 69 removed, symbols: 1500006 processed, 62 removed
[2026-07-26T06:41:06.363+0200][383522246ms] GC(15316) MMU target violated: 201.0ms (200.0ms/201.0ms)
[2026-07-26T06:41:06.363+0200][383522246ms] GC(15316) Pause Remark 10335M->10335M(32768M) 213.380ms
[2026-07-26T06:41:06.363+0200][383522246ms] GC(15316) User=4.49s Sys=0.11s Real=0.21s
[2026-07-26T06:41:06.363+0200][383522246ms] GC(15316) Concurrent Rebuild Remembered Sets
[2026-07-26T06:41:08.156+0200][383524039ms] GC(15316) Concurrent Rebuild Remembered Sets 1792.986ms
[2026-07-26T06:41:08.157+0200][383524040ms] GC(15316) Pause Cleanup
[2026-07-26T06:41:08.159+0200][383524042ms] GC(15316) Pause Cleanup 11399M->11399M(32768M) 2.620ms
[2026-07-26T06:41:08.159+0200][383524042ms] GC(15316) User=0.02s Sys=0.00s Real=0.01s
[2026-07-26T06:41:08.160+0200][383524043ms] GC(15316) Concurrent Cleanup for Next Mark
[2026-07-26T06:41:08.171+0200][383524054ms] GC(15316) Concurrent Cleanup for Next Mark 10.999ms
[2026-07-26T06:41:08.171+0200][383524054ms] GC(15316) Concurrent Cycle 3553.924ms
[2026-07-26T06:42:09.853+0200][383585736ms] GC(15317) Pause Young (Normal) (G1 Evacuation Pause)
[2026-07-26T06:42:09.853+0200][383585736ms] GC(15317) Using 32 workers of 32 for evacuation
[2026-07-26T06:42:09.912+0200][383585795ms] GC(15317)   Pre Evacuate Collection Set: 0.1ms
[2026-07-26T06:42:09.912+0200][383585795ms] GC(15317)   Evacuate Collection Set: 21.5ms
[2026-07-26T06:42:09.912+0200][383585795ms] GC(15317)   Post Evacuate Collection Set: 37.2ms
[2026-07-26T06:42:09.912+0200][383585795ms] GC(15317)   Other: 0.5ms
[2026-07-26T06:42:09.912+0200][383585795ms] GC(15317) Eden regions: 1032->0(1032)
[2026-07-26T06:42:09.912+0200][383585795ms] GC(15317) Survivor regions: 3->3(130)
[2026-07-26T06:42:09.912+0200][383585795ms] GC(15317) Old regions: 591->591
[2026-07-26T06:42:09.912+0200][383585795ms] GC(15317) Humongous regions: 8->8
[2026-07-26T06:42:09.912+0200][383585795ms] GC(15317) Metaspace: 1026441K(1123328K)->1026441K(1123328K)
[2026-07-26T06:42:09.912+0200][383585795ms] GC(15317) Pause Young (Normal) (G1 Evacuation Pause) 26135M->9626M(32768M) 59.331ms
[2026-07-26T06:42:09.912+0200][383585795ms] GC(15317) User=1.21s Sys=0.00s Real=0.06s
[2026-07-26T06:42:09.913+0200][383585796ms] Concurrent String Deduplication (383585.796s)
[2026-07-26T06:42:09.915+0200][383585798ms] Concurrent String Deduplication 390.8K->267.9K(122.9K) avg 65.5% (383585.796s, 383585.799s) 2.707ms
[2026-07-26T06:44:13.182+0200][383709065ms] GC(15318) Pause Young (Concurrent Start) (G1 Evacuation Pause)
[2026-07-26T06:44:13.182+0200][383709065ms] GC(15318) Using 32 workers of 32 for evacuation
[2026-07-26T06:44:13.284+0200][383709167ms] GC(15318)   Pre Evacuate Collection Set: 8.6ms
[2026-07-26T06:44:13.284+0200][383709167ms] GC(15318)   Evacuate Collection Set: 60.3ms
[2026-07-26T06:44:13.284+0200][383709167ms] GC(15318)   Post Evacuate Collection Set: 32.7ms
[2026-07-26T06:44:13.284+0200][383709167ms] GC(15318)   Other: 0.5ms
[2026-07-26T06:44:13.284+0200][383709167ms] GC(15318) Eden regions: 1032->0(1032)
[2026-07-26T06:44:13.284+0200][383709167ms] GC(15318) Survivor regions: 3->3(130)
[2026-07-26T06:44:13.284+0200][383709167ms] GC(15318) Old regions: 591->591
[2026-07-26T06:44:13.284+0200][383709167ms] GC(15318) Humongous regions: 8->8
[2026-07-26T06:44:13.284+0200][383709167ms] GC(15318) Metaspace: 1026441K(1123328K)->1026441K(1123328K)
[2026-07-26T06:44:13.284+0200][383709167ms] GC(15318) Pause Young (Concurrent Start) (G1 Evacuation Pause) 26138M->9627M(32768M) 102.296ms
[2026-07-26T06:44:13.284+0200][383709167ms] GC(15318) User=2.15s Sys=0.02s Real=0.10s
[2026-07-26T06:44:13.284+0200][383709167ms] GC(15319) Concurrent Cycle
[2026-07-26T06:44:13.284+0200][383709167ms] GC(15319) Concurrent Clear Claimed Marks
[2026-07-26T06:44:13.284+0200][383709167ms] Concurrent String Deduplication (383709.168s)
[2026-07-26T06:44:13.287+0200][383709170ms] Concurrent String Deduplication 492.5K->287.6K(204.9K) avg 65.5% (383709.168s, 383709.171s) 3.327ms
[2026-07-26T06:44:13.295+0200][383709178ms] GC(15319) Concurrent Clear Claimed Marks 10.607ms
[2026-07-26T06:44:13.295+0200][383709178ms] GC(15319) Concurrent Scan Root Regions
[2026-07-26T06:44:13.316+0200][383709199ms] GC(15319) Concurrent Scan Root Regions 20.820ms
[2026-07-26T06:44:13.316+0200][383709199ms] GC(15319) Concurrent Mark (383709.199s)
[2026-07-26T06:44:13.316+0200][383709199ms] GC(15319) Concurrent Mark From Roots
[2026-07-26T06:44:13.316+0200][383709199ms] GC(15319) Using 24 workers of 24 for marking
[2026-07-26T06:44:14.955+0200][383710838ms] GC(15319) Concurrent Mark From Roots 1639.571ms
[2026-07-26T06:44:14.955+0200][383710838ms] GC(15319) Concurrent Preclean
[2026-07-26T06:44:14.977+0200][383710860ms] GC(15319) Concurrent Preclean 21.928ms
[2026-07-26T06:44:14.977+0200][383710860ms] GC(15319) Concurrent Mark (383709.199s, 383710.861s) 1661.620ms
[2026-07-26T06:44:14.978+0200][383710861ms] GC(15319) Pause Remark
[2026-07-26T06:44:15.101+0200][383710984ms] GC(15319) Cleaned string and symbol table, strings: 487227 processed, 386 removed, symbols: 1499944 processed, 70 removed
[2026-07-26T06:44:15.102+0200][383710985ms] GC(15319) Pause Remark 9641M->9641M(32768M) 124.262ms
[2026-07-26T06:44:15.102+0200][383710985ms] GC(15319) User=3.27s Sys=0.00s Real=0.13s
[2026-07-26T06:44:15.102+0200][383710985ms] GC(15319) Concurrent Rebuild Remembered Sets
[2026-07-26T06:44:16.972+0200][383712855ms] GC(15319) Concurrent Rebuild Remembered Sets 1870.074ms
[2026-07-26T06:44:16.973+0200][383712856ms] GC(15319) Pause Cleanup
[2026-07-26T06:44:16.975+0200][383712858ms] GC(15319) Pause Cleanup 9646M->9646M(32768M) 2.358ms
[2026-07-26T06:44:16.975+0200][383712858ms] GC(15319) User=0.00s Sys=0.02s Real=0.00s
[2026-07-26T06:44:16.975+0200][383712858ms] GC(15319) Concurrent Cleanup for Next Mark
[2026-07-26T06:44:16.983+0200][383712866ms] GC(15319) Concurrent Cleanup for Next Mark 8.406ms
[2026-07-26T06:44:16.983+0200][383712866ms] GC(15319) Concurrent Cycle 3699.454ms
[2026-07-26T06:46:37.463+0200][383853346ms] GC(15320) Pause Young (Normal) (G1 Evacuation Pause)
[2026-07-26T06:46:37.463+0200][383853346ms] GC(15320) Using 32 workers of 32 for evacuation
[2026-07-26T06:46:37.509+0200][383853392ms] GC(15320)   Pre Evacuate Collection Set: 0.1ms
[2026-07-26T06:46:37.509+0200][383853392ms] GC(15320)   Evacuate Collection Set: 17.4ms
[2026-07-26T06:46:37.509+0200][383853392ms] GC(15320)   Post Evacuate Collection Set: 28.0ms
[2026-07-26T06:46:37.509+0200][383853392ms] GC(15320)   Other: 0.5ms
[2026-07-26T06:46:37.509+0200][383853392ms] GC(15320) Eden regions: 1032->0(1032)
[2026-07-26T06:46:37.509+0200][383853392ms] GC(15320) Survivor regions: 3->3(130)
[2026-07-26T06:46:37.509+0200][383853392ms] GC(15320) Old regions: 591->591
[2026-07-26T06:46:37.509+0200][383853392ms] GC(15320) Humongous regions: 8->8
[2026-07-26T06:46:37.509+0200][383853392ms] GC(15320) Metaspace: 1026441K(1123328K)->1026441K(1123328K)
[2026-07-26T06:46:37.509+0200][383853392ms] GC(15320) Pause Young (Normal) (G1 Evacuation Pause) 26139M->9627M(32768M) 46.115ms
[2026-07-26T06:46:37.509+0200][383853392ms] GC(15320) User=1.06s Sys=0.00s Real=0.05s
[2026-07-26T06:46:37.509+0200][383853392ms] Concurrent String Deduplication (383853.393s)
[2026-07-26T06:46:37.512+0200][383853395ms] Concurrent String Deduplication 850.9K->670.7K(180.2K) avg 65.5% (383853.393s, 383853.396s) 3.036ms
[2026-07-26T06:48:44.080+0200][383979963ms] GC(15321) Pause Young (Concurrent Start) (G1 Evacuation Pause)
[2026-07-26T06:48:44.081+0200][383979964ms] GC(15321) Using 32 workers of 32 for evacuation
[2026-07-26T06:48:44.175+0200][383980058ms] GC(15321)   Pre Evacuate Collection Set: 8.1ms
[2026-07-26T06:48:44.175+0200][383980058ms] GC(15321)   Evacuate Collection Set: 56.3ms
[2026-07-26T06:48:44.175+0200][383980058ms] GC(15321)   Post Evacuate Collection Set: 29.7ms
[2026-07-26T06:48:44.175+0200][383980058ms] GC(15321)   Other: 0.5ms
[2026-07-26T06:48:44.175+0200][383980058ms] GC(15321) Eden regions: 1032->0(1032)
[2026-07-26T06:48:44.175+0200][383980058ms] GC(15321) Survivor regions: 3->3(130)
[2026-07-26T06:48:44.175+0200][383980058ms] GC(15321) Old regions: 591->591
[2026-07-26T06:48:44.175+0200][383980058ms] GC(15321) Humongous regions: 8->8
[2026-07-26T06:48:44.175+0200][383980058ms] GC(15321) Metaspace: 1026441K(1123328K)->1026441K(1123328K)
[2026-07-26T06:48:44.175+0200][383980058ms] GC(15321) Pause Young (Concurrent Start) (G1 Evacuation Pause) 26139M->9621M(32768M) 94.747ms
[2026-07-26T06:48:44.175+0200][383980058ms] GC(15321) User=1.96s Sys=0.00s Real=0.09s
[2026-07-26T06:48:44.175+0200][383980058ms] GC(15322) Concurrent Cycle
[2026-07-26T06:48:44.175+0200][383980058ms] GC(15322) Concurrent Clear Claimed Marks
[2026-07-26T06:48:44.175+0200][383980058ms] Concurrent String Deduplication (383980.059s)
[2026-07-26T06:48:44.178+0200][383980061ms] Concurrent String Deduplication 268.7K->107.4K(161.3K) avg 65.5% (383980.059s, 383980.061s) 2.151ms
[2026-07-26T06:48:44.183+0200][383980066ms] GC(15322) Concurrent Clear Claimed Marks 7.585ms
[2026-07-26T06:48:44.183+0200][383980066ms] GC(15322) Concurrent Scan Root Regions
[2026-07-26T06:48:44.196+0200][383980079ms] GC(15322) Concurrent Scan Root Regions 12.667ms
[2026-07-26T06:48:44.196+0200][383980079ms] GC(15322) Concurrent Mark (383980.079s)
[2026-07-26T06:48:44.196+0200][383980079ms] GC(15322) Concurrent Mark From Roots
[2026-07-26T06:48:44.196+0200][383980079ms] GC(15322) Using 24 workers of 24 for marking
[2026-07-26T06:48:45.610+0200][383981493ms] GC(15322) Concurrent Mark From Roots 1414.562ms
[2026-07-26T06:48:45.610+0200][383981493ms] GC(15322) Concurrent Preclean
[2026-07-26T06:48:45.627+0200][383981510ms] GC(15322) Concurrent Preclean 16.330ms
[2026-07-26T06:48:45.627+0200][383981510ms] GC(15322) Concurrent Mark (383980.079s, 383981.511s) 1431.037ms
[2026-07-26T06:48:45.627+0200][383981510ms] GC(15322) Pause Remark
[2026-07-26T06:48:45.839+0200][383981722ms] GC(15322) Cleaned string and symbol table, strings: 487226 processed, 1 removed, symbols: 1499874 processed, 0 removed
[2026-07-26T06:48:45.841+0200][383981724ms] GC(15322) MMU target violated: 201.0ms (200.0ms/201.0ms)
[2026-07-26T06:48:45.841+0200][383981724ms] GC(15322) Pause Remark 9635M->9635M(32768M) 213.682ms
[2026-07-26T06:48:45.841+0200][383981724ms] GC(15322) User=4.67s Sys=0.00s Real=0.22s
[2026-07-26T06:48:45.841+0200][383981724ms] GC(15322) Concurrent Rebuild Remembered Sets
[2026-07-26T06:48:47.588+0200][383983471ms] GC(15322) Concurrent Rebuild Remembered Sets 1747.264ms
[2026-07-26T06:48:47.589+0200][383983472ms] GC(15322) Pause Cleanup
[2026-07-26T06:48:47.591+0200][383983474ms] GC(15322) Pause Cleanup 9636M->9636M(32768M) 2.095ms
[2026-07-26T06:48:47.591+0200][383983474ms] GC(15322) User=0.02s Sys=0.00s Real=0.00s
[2026-07-26T06:48:47.591+0200][383983474ms] GC(15322) Concurrent Cleanup for Next Mark
[2026-07-26T06:48:47.602+0200][383983485ms] GC(15322) Concurrent Cleanup for Next Mark 10.710ms
[2026-07-26T06:48:47.602+0200][383983485ms] GC(15322) Concurrent Cycle 3426.389ms
[2026-07-26T06:51:04.946+0200][384120829ms] GC(15323) Pause Young (Normal) (G1 Evacuation Pause)
[2026-07-26T06:51:04.946+0200][384120829ms] GC(15323) Using 32 workers of 32 for evacuation
[2026-07-26T06:51:04.996+0200][384120879ms] GC(15323)   Pre Evacuate Collection Set: 0.1ms
[2026-07-26T06:51:04.996+0200][384120879ms] GC(15323)   Evacuate Collection Set: 14.9ms
[2026-07-26T06:51:04.996+0200][384120879ms] GC(15323)   Post Evacuate Collection Set: 34.2ms
[2026-07-26T06:51:04.996+0200][384120879ms] GC(15323)   Other: 0.5ms
[2026-07-26T06:51:04.996+0200][384120879ms] GC(15323) Eden regions: 1032->0(1032)
[2026-07-26T06:51:04.996+0200][384120879ms] GC(15323) Survivor regions: 3->3(130)
[2026-07-26T06:51:04.996+0200][384120879ms] GC(15323) Old regions: 591->591
[2026-07-26T06:51:04.996+0200][384120879ms] GC(15323) Humongous regions: 8->8
[2026-07-26T06:51:04.996+0200][384120879ms] GC(15323) Metaspace: 1026437K(1123328K)->1026437K(1123328K)
[2026-07-26T06:51:04.996+0200][384120879ms] GC(15323) Pause Young (Normal) (G1 Evacuation Pause) 26133M->9624M(32768M) 49.765ms
[2026-07-26T06:51:04.996+0200][384120879ms] GC(15323) User=1.17s Sys=0.01s Real=0.05s
[2026-07-26T06:51:04.996+0200][384120879ms] Concurrent String Deduplication (384120.880s)
[2026-07-26T06:51:04.999+0200][384120882ms] Concurrent String Deduplication 259.5K->164.6K(97168.0B) avg 65.5% (384120.880s, 384120.882s) 1.344ms
[2026-07-26T06:53:05.724+0200][384241607ms] GC(15324) Pause Young (Concurrent Start) (G1 Evacuation Pause)
[2026-07-26T06:53:05.724+0200][384241607ms] GC(15324) Using 32 workers of 32 for evacuation
[2026-07-26T06:53:05.816+0200][384241699ms] GC(15324)   Pre Evacuate Collection Set: 8.1ms
[2026-07-26T06:53:05.816+0200][384241699ms] GC(15324)   Evacuate Collection Set: 50.0ms
[2026-07-26T06:53:05.816+0200][384241699ms] GC(15324)   Post Evacuate Collection Set: 33.0ms
[2026-07-26T06:53:05.816+0200][384241699ms] GC(15324)   Other: 0.5ms
[2026-07-26T06:53:05.816+0200][384241699ms] GC(15324) Eden regions: 1032->0(1032)
[2026-07-26T06:53:05.816+0200][384241699ms] GC(15324) Survivor regions: 3->3(130)
[2026-07-26T06:53:05.816+0200][384241699ms] GC(15324) Old regions: 591->591
[2026-07-26T06:53:05.816+0200][384241699ms] GC(15324) Humongous regions: 8->8
[2026-07-26T06:53:05.816+0200][384241699ms] GC(15324) Metaspace: 1026437K(1123328K)->1026437K(1123328K)
[2026-07-26T06:53:05.816+0200][384241699ms] GC(15324) Pause Young (Concurrent Start) (G1 Evacuation Pause) 26136M->9621M(32768M) 91.690ms
[2026-07-26T06:53:05.816+0200][384241699ms] GC(15324) User=1.90s Sys=0.00s Real=0.09s
[2026-07-26T06:53:05.816+0200][384241699ms] GC(15325) Concurrent Cycle
[2026-07-26T06:53:05.816+0200][384241699ms] GC(15325) Concurrent Clear Claimed Marks
[2026-07-26T06:53:05.820+0200][384241703ms] Concurrent String Deduplication (384241.704s)
[2026-07-26T06:53:05.823+0200][384241706ms] Concurrent String Deduplication 360.9K->197.4K(163.5K) avg 65.5% (384241.704s, 384241.707s) 2.476ms
[2026-07-26T06:53:05.824+0200][384241707ms] GC(15325) Concurrent Clear Claimed Marks 7.858ms
[2026-07-26T06:53:05.824+0200][384241707ms] GC(15325) Concurrent Scan Root Regions
[2026-07-26T06:53:05.832+0200][384241715ms] GC(15325) Concurrent Scan Root Regions 8.293ms
[2026-07-26T06:53:05.832+0200][384241715ms] GC(15325) Concurrent Mark (384241.716s)
[2026-07-26T06:53:05.832+0200][384241715ms] GC(15325) Concurrent Mark From Roots
[2026-07-26T06:53:05.832+0200][384241715ms] GC(15325) Using 24 workers of 24 for marking
[2026-07-26T06:53:07.311+0200][384243194ms] GC(15325) Concurrent Mark From Roots 1478.528ms
[2026-07-26T06:53:07.311+0200][384243194ms] GC(15325) Concurrent Preclean
[2026-07-26T06:53:07.329+0200][384243212ms] GC(15325) Concurrent Preclean 18.659ms
[2026-07-26T06:53:07.330+0200][384243213ms] GC(15325) Concurrent Mark (384241.716s, 384243.213s) 1497.306ms
[2026-07-26T06:53:07.330+0200][384243213ms] GC(15325) Pause Remark
[2026-07-26T06:53:07.433+0200][384243316ms] GC(15325) Cleaned string and symbol table, strings: 487226 processed, 2422 removed, symbols: 1499874 processed, 2 removed
[2026-07-26T06:53:07.435+0200][384243318ms] GC(15325) Pause Remark 10229M->10229M(32768M) 104.746ms
[2026-07-26T06:53:07.435+0200][384243318ms] GC(15325) User=2.59s Sys=0.13s Real=0.10s
[2026-07-26T06:53:07.435+0200][384243318ms] GC(15325) Concurrent Rebuild Remembered Sets
[2026-07-26T06:53:09.229+0200][384245112ms] GC(15325) Concurrent Rebuild Remembered Sets 1794.279ms
[2026-07-26T06:53:09.230+0200][384245113ms] GC(15325) Pause Cleanup
[2026-07-26T06:53:09.232+0200][384245115ms] GC(15325) Pause Cleanup 11445M->11445M(32768M) 2.159ms
[2026-07-26T06:53:09.232+0200][384245115ms] GC(15325) User=0.02s Sys=0.00s Real=0.00s
[2026-07-26T06:53:09.232+0200][384245115ms] GC(15325) Concurrent Cleanup for Next Mark
[2026-07-26T06:53:09.243+0200][384245126ms] GC(15325) Concurrent Cleanup for Next Mark 10.574ms
[2026-07-26T06:53:09.243+0200][384245126ms] GC(15325) Concurrent Cycle 3426.685ms
[2026-07-26T06:55:06.507+0200][384362390ms] GC(15326) Pause Young (Normal) (G1 Evacuation Pause)
[2026-07-26T06:55:06.508+0200][384362391ms] GC(15326) Using 32 workers of 32 for evacuation
[2026-07-26T06:55:06.567+0200][384362450ms] GC(15326)   Pre Evacuate Collection Set: 0.1ms
[2026-07-26T06:55:06.567+0200][384362450ms] GC(15326)   Evacuate Collection Set: 17.5ms
[2026-07-26T06:55:06.567+0200][384362450ms] GC(15326)   Post Evacuate Collection Set: 41.7ms
[2026-07-26T06:55:06.567+0200][384362450ms] GC(15326)   Other: 0.6ms
[2026-07-26T06:55:06.567+0200][384362450ms] GC(15326) Eden regions: 1032->0(1032)
[2026-07-26T06:55:06.567+0200][384362450ms] GC(15326) Survivor regions: 3->3(130)
[2026-07-26T06:55:06.567+0200][384362450ms] GC(15326) Old regions: 591->591
[2026-07-26T06:55:06.567+0200][384362450ms] GC(15326) Humongous regions: 8->8
[2026-07-26T06:55:06.567+0200][384362450ms] GC(15326) Metaspace: 1026437K(1123328K)->1026437K(1123328K)
[2026-07-26T06:55:06.567+0200][384362450ms] GC(15326) Pause Young (Normal) (G1 Evacuation Pause) 26133M->9620M(32768M) 59.949ms
[2026-07-26T06:55:06.568+0200][384362451ms] GC(15326) User=1.22s Sys=0.04s Real=0.06s
[2026-07-26T06:55:06.570+0200][384362453ms] Concurrent String Deduplication (384362.454s)
[2026-07-26T06:55:06.574+0200][384362457ms] Concurrent String Deduplication 1003.5K->846.4K(157.1K) avg 65.5% (384362.454s, 384362.458s) 3.612ms
[2026-07-26T06:57:04.715+0200][384480598ms] GC(15327) Pause Young (Concurrent Start) (G1 Evacuation Pause)
[2026-07-26T06:57:04.715+0200][384480598ms] GC(15327) Using 32 workers of 32 for evacuation
[2026-07-26T06:57:04.796+0200][384480679ms] GC(15327)   Pre Evacuate Collection Set: 8.1ms
[2026-07-26T06:57:04.796+0200][384480679ms] GC(15327)   Evacuate Collection Set: 39.5ms
[2026-07-26T06:57:04.796+0200][384480679ms] GC(15327)   Post Evacuate Collection Set: 32.4ms
[2026-07-26T06:57:04.796+0200][384480679ms] GC(15327)   Other: 0.5ms
[2026-07-26T06:57:04.796+0200][384480679ms] GC(15327) Eden regions: 1032->0(1032)
[2026-07-26T06:57:04.796+0200][384480679ms] GC(15327) Survivor regions: 3->3(130)
[2026-07-26T06:57:04.796+0200][384480679ms] GC(15327) Old regions: 591->591
[2026-07-26T06:57:04.796+0200][384480679ms] GC(15327) Humongous regions: 8->8
[2026-07-26T06:57:04.796+0200][384480679ms] GC(15327) Metaspace: 1026437K(1123328K)->1026437K(1123328K)
[2026-07-26T06:57:04.796+0200][384480679ms] GC(15327) Pause Young (Concurrent Start) (G1 Evacuation Pause) 26132M->9618M(32768M) 80.671ms
[2026-07-26T06:57:04.796+0200][384480679ms] GC(15327) User=1.48s Sys=0.04s Real=0.08s
[2026-07-26T06:57:04.796+0200][384480679ms] GC(15328) Concurrent Cycle
[2026-07-26T06:57:04.796+0200][384480679ms] GC(15328) Concurrent Clear Claimed Marks
[2026-07-26T06:57:04.796+0200][384480679ms] Concurrent String Deduplication (384480.680s)
[2026-07-26T06:57:04.797+0200][384480680ms] Concurrent String Deduplication 66784.0B->33824.0B(32960.0B) avg 65.5% (384480.680s, 384480.681s) 0.570ms
[2026-07-26T06:57:04.804+0200][384480687ms] GC(15328) Concurrent Clear Claimed Marks 7.905ms
[2026-07-26T06:57:04.804+0200][384480687ms] GC(15328) Concurrent Scan Root Regions
[2026-07-26T06:57:04.813+0200][384480696ms] GC(15328) Concurrent Scan Root Regions 9.541ms
[2026-07-26T06:57:04.814+0200][384480697ms] GC(15328) Concurrent Mark (384480.697s)
[2026-07-26T06:57:04.814+0200][384480697ms] GC(15328) Concurrent Mark From Roots
[2026-07-26T06:57:04.814+0200][384480697ms] GC(15328) Using 24 workers of 24 for marking
[2026-07-26T06:57:06.344+0200][384482228ms] GC(15328) Concurrent Mark From Roots 1530.965ms
[2026-07-26T06:57:06.345+0200][384482228ms] GC(15328) Concurrent Preclean
[2026-07-26T06:57:06.365+0200][384482248ms] GC(15328) Concurrent Preclean 20.555ms
[2026-07-26T06:57:06.365+0200][384482248ms] GC(15328) Concurrent Mark (384480.697s, 384482.249s) 1551.655ms
[2026-07-26T06:57:06.366+0200][384482249ms] GC(15328) Pause Remark
[2026-07-26T06:57:06.580+0200][384482463ms] GC(15328) Cleaned string and symbol table, strings: 487226 processed, 344 removed, symbols: 1499872 processed, 0 removed
[2026-07-26T06:57:06.581+0200][384482464ms] GC(15328) MMU target violated: 201.0ms (200.0ms/201.0ms)
[2026-07-26T06:57:06.581+0200][384482464ms] GC(15328) Pause Remark 10242M->10242M(32768M) 215.527ms
[2026-07-26T06:57:06.581+0200][384482464ms] GC(15328) User=4.64s Sys=0.01s Real=0.22s
[2026-07-26T06:57:06.581+0200][384482464ms] GC(15328) Concurrent Rebuild Remembered Sets
[2026-07-26T06:57:08.470+0200][384484353ms] GC(15328) Concurrent Rebuild Remembered Sets 1888.809ms
[2026-07-26T06:57:08.471+0200][384484354ms] GC(15328) Pause Cleanup
[2026-07-26T06:57:08.473+0200][384484356ms] GC(15328) Pause Cleanup 11642M->11642M(32768M) 2.212ms
[2026-07-26T06:57:08.473+0200][384484356ms] GC(15328) User=0.02s Sys=0.00s Real=0.00s
[2026-07-26T06:57:08.473+0200][384484356ms] GC(15328) Concurrent Cleanup for Next Mark
[2026-07-26T06:57:08.483+0200][384484366ms] GC(15328) Concurrent Cleanup for Next Mark 9.457ms
[2026-07-26T06:57:08.483+0200][384484366ms] GC(15328) Concurrent Cycle 3686.782ms
[2026-07-26T06:59:05.329+0200][384601212ms] GC(15329) Pause Young (Normal) (G1 Evacuation Pause)
[2026-07-26T06:59:05.329+0200][384601212ms] GC(15329) Using 32 workers of 32 for evacuation
[2026-07-26T06:59:05.375+0200][384601258ms] GC(15329)   Pre Evacuate Collection Set: 0.1ms
[2026-07-26T06:59:05.376+0200][384601259ms] GC(15329)   Evacuate Collection Set: 15.3ms
[2026-07-26T06:59:05.376+0200][384601259ms] GC(15329)   Post Evacuate Collection Set: 30.8ms
[2026-07-26T06:59:05.376+0200][384601259ms] GC(15329)   Other: 0.5ms
[2026-07-26T06:59:05.376+0200][384601259ms] GC(15329) Eden regions: 1032->0(1033)
[2026-07-26T06:59:05.376+0200][384601259ms] GC(15329) Survivor regions: 3->3(130)
[2026-07-26T06:59:05.376+0200][384601259ms] GC(15329) Old regions: 591->591
[2026-07-26T06:59:05.376+0200][384601259ms] GC(15329) Humongous regions: 8->8
[2026-07-26T06:59:05.376+0200][384601259ms] GC(15329) Metaspace: 1026376K(1123328K)->1026376K(1123328K)
[2026-07-26T06:59:05.376+0200][384601259ms] GC(15329) Pause Young (Normal) (G1 Evacuation Pause) 26130M->9617M(32768M) 46.759ms
[2026-07-26T06:59:05.376+0200][384601259ms] GC(15329) User=0.94s Sys=0.00s Real=0.04s
[2026-07-26T06:59:05.376+0200][384601259ms] Concurrent String Deduplication (384601.260s)
[2026-07-26T06:59:05.378+0200][384601261ms] Concurrent String Deduplication 246.5K->157.8K(90880.0B) avg 65.5% (384601.260s, 384601.262s) 1.869ms
[2026-07-26T07:01:05.057+0200][384720940ms] GC(15330) Pause Young (Concurrent Start) (G1 Evacuation Pause)
[2026-07-26T07:01:05.057+0200][384720940ms] GC(15330) Using 32 workers of 32 for evacuation
[2026-07-26T07:01:05.156+0200][384721039ms] GC(15330)   Pre Evacuate Collection Set: 8.0ms
[2026-07-26T07:01:05.156+0200][384721039ms] GC(15330)   Evacuate Collection Set: 56.1ms
[2026-07-26T07:01:05.156+0200][384721039ms] GC(15330)   Post Evacuate Collection Set: 34.4ms
[2026-07-26T07:01:05.156+0200][384721039ms] GC(15330)   Other: 0.5ms
[2026-07-26T07:01:05.156+0200][384721039ms] GC(15330) Eden regions: 1033->0(1032)
[2026-07-26T07:01:05.156+0200][384721039ms] GC(15330) Survivor regions: 3->3(130)
[2026-07-26T07:01:05.156+0200][384721039ms] GC(15330) Old regions: 591->591
[2026-07-26T07:01:05.156+0200][384721039ms] GC(15330) Humongous regions: 8->8
[2026-07-26T07:01:05.156+0200][384721039ms] GC(15330) Metaspace: 1026378K(1123328K)->1026378K(1123328K)
[2026-07-26T07:01:05.156+0200][384721039ms] GC(15330) Pause Young (Concurrent Start) (G1 Evacuation Pause) 26145M->9626M(32768M) 99.128ms
[2026-07-26T07:01:05.156+0200][384721039ms] GC(15330) User=2.15s Sys=0.00s Real=0.10s
[2026-07-26T07:01:05.156+0200][384721039ms] GC(15331) Concurrent Cycle
[2026-07-26T07:01:05.156+0200][384721039ms] GC(15331) Concurrent Clear Claimed Marks
[2026-07-26T07:01:05.156+0200][384721039ms] Concurrent String Deduplication (384721.040s)
[2026-07-26T07:01:05.157+0200][384721040ms] Concurrent String Deduplication 12288.0B->12288.0B(0.0B) avg 65.5% (384721.040s, 384721.040s) 0.100ms
[2026-07-26T07:01:05.165+0200][384721048ms] GC(15331) Concurrent Clear Claimed Marks 9.152ms
[2026-07-26T07:01:05.166+0200][384721049ms] GC(15331) Concurrent Scan Root Regions
[2026-07-26T07:01:05.174+0200][384721057ms] GC(15331) Concurrent Scan Root Regions 8.840ms
[2026-07-26T07:01:05.174+0200][384721057ms] GC(15331) Concurrent Mark (384721.058s)
[2026-07-26T07:01:05.174+0200][384721057ms] GC(15331) Concurrent Mark From Roots
[2026-07-26T07:01:05.174+0200][384721057ms] GC(15331) Using 24 workers of 24 for marking
[2026-07-26T07:01:06.692+0200][384722575ms] GC(15331) Concurrent Mark From Roots 1517.805ms
[2026-07-26T07:01:06.692+0200][384722575ms] GC(15331) Concurrent Preclean
[2026-07-26T07:01:06.725+0200][384722608ms] GC(15331) Concurrent Preclean 32.984ms
[2026-07-26T07:01:06.725+0200][384722608ms] GC(15331) Concurrent Mark (384721.058s, 384722.609s) 1550.945ms
[2026-07-26T07:01:06.726+0200][384722609ms] GC(15331) Pause Remark
[2026-07-26T07:01:07.012+0200][384722895ms] GC(15331) Cleaned string and symbol table, strings: 487214 processed, 82 removed, symbols: 1499874 processed, 32 removed
[2026-07-26T07:01:07.013+0200][384722896ms] GC(15331) MMU target violated: 201.0ms (200.0ms/201.0ms)
[2026-07-26T07:01:07.013+0200][384722896ms] GC(15331) Pause Remark 10194M->10194M(32768M) 287.582ms
[2026-07-26T07:01:07.013+0200][384722896ms] GC(15331) User=6.88s Sys=0.01s Real=0.29s
[2026-07-26T07:01:07.014+0200][384722897ms] GC(15331) Concurrent Rebuild Remembered Sets
[2026-07-26T07:01:08.907+0200][384724790ms] GC(15331) Concurrent Rebuild Remembered Sets 1893.786ms
[2026-07-26T07:01:08.908+0200][384724791ms] GC(15331) Pause Cleanup
[2026-07-26T07:01:08.910+0200][384724793ms] GC(15331) Pause Cleanup 11434M->11434M(32768M) 2.469ms
[2026-07-26T07:01:08.910+0200][384724793ms] GC(15331) User=0.02s Sys=0.00s Real=0.01s
[2026-07-26T07:01:08.911+0200][384724794ms] GC(15331) Concurrent Cleanup for Next Mark
[2026-07-26T07:01:08.922+0200][384724805ms] GC(15331) Concurrent Cleanup for Next Mark 11.689ms
[2026-07-26T07:01:08.922+0200][384724805ms] GC(15331) Concurrent Cycle 3766.026ms
[2026-07-26T07:03:05.255+0200][384841138ms] GC(15332) Pause Young (Normal) (G1 Evacuation Pause)
[2026-07-26T07:03:05.255+0200][384841138ms] GC(15332) Using 32 workers of 32 for evacuation
[2026-07-26T07:03:05.304+0200][384841187ms] GC(15332)   Pre Evacuate Collection Set: 0.1ms
[2026-07-26T07:03:05.304+0200][384841187ms] GC(15332)   Evacuate Collection Set: 16.9ms
[2026-07-26T07:03:05.304+0200][384841187ms] GC(15332)   Post Evacuate Collection Set: 31.4ms
[2026-07-26T07:03:05.304+0200][384841187ms] GC(15332)   Other: 0.5ms
[2026-07-26T07:03:05.304+0200][384841187ms] GC(15332) Eden regions: 1032->0(1032)
[2026-07-26T07:03:05.304+0200][384841187ms] GC(15332) Survivor regions: 3->3(130)
[2026-07-26T07:03:05.304+0200][384841187ms] GC(15332) Old regions: 591->591
[2026-07-26T07:03:05.304+0200][384841187ms] GC(15332) Humongous regions: 8->8
[2026-07-26T07:03:05.304+0200][384841187ms] GC(15332) Metaspace: 1026043K(1123328K)->1026043K(1123328K)
[2026-07-26T07:03:05.304+0200][384841187ms] GC(15332) Pause Young (Normal) (G1 Evacuation Pause) 26138M->9628M(32768M) 48.955ms
[2026-07-26T07:03:05.304+0200][384841187ms] GC(15332) User=1.10s Sys=0.01s Real=0.05s
[2026-07-26T07:03:05.304+0200][384841187ms] Concurrent String Deduplication (384841.188s)
[2026-07-26T07:03:05.306+0200][384841189ms] Concurrent String Deduplication 367.4K->230.5K(136.9K) avg 65.5% (384841.188s, 384841.190s) 1.939ms
[2026-07-26T07:05:06.201+0200][384962084ms] GC(15333) Pause Young (Concurrent Start) (G1 Evacuation Pause)
[2026-07-26T07:05:06.201+0200][384962084ms] GC(15333) Using 32 workers of 32 for evacuation
[2026-07-26T07:05:06.296+0200][384962179ms] GC(15333)   Pre Evacuate Collection Set: 8.4ms
[2026-07-26T07:05:06.296+0200][384962179ms] GC(15333)   Evacuate Collection Set: 52.0ms
[2026-07-26T07:05:06.296+0200][384962179ms] GC(15333)   Post Evacuate Collection Set: 34.2ms
[2026-07-26T07:05:06.296+0200][384962179ms] GC(15333)   Other: 0.5ms
[2026-07-26T07:05:06.296+0200][384962179ms] GC(15333) Eden regions: 1032->0(1032)
[2026-07-26T07:05:06.296+0200][384962179ms] GC(15333) Survivor regions: 3->3(130)
[2026-07-26T07:05:06.296+0200][384962179ms] GC(15333) Old regions: 591->592
[2026-07-26T07:05:06.296+0200][384962179ms] GC(15333) Humongous regions: 8->8
[2026-07-26T07:05:06.296+0200][384962179ms] GC(15333) Metaspace: 1026046K(1123328K)->1026046K(1123328K)
[2026-07-26T07:05:06.296+0200][384962179ms] GC(15333) Pause Young (Concurrent Start) (G1 Evacuation Pause) 26140M->9625M(32768M) 95.266ms
[2026-07-26T07:05:06.296+0200][384962179ms] GC(15333) User=2.04s Sys=0.03s Real=0.09s
[2026-07-26T07:05:06.296+0200][384962179ms] GC(15334) Concurrent Cycle
[2026-07-26T07:05:06.296+0200][384962179ms] GC(15334) Concurrent Clear Claimed Marks
[2026-07-26T07:05:06.300+0200][384962183ms] Concurrent String Deduplication (384962.184s)
[2026-07-26T07:05:06.305+0200][384962188ms] GC(15334) Concurrent Clear Claimed Marks 8.198ms
[2026-07-26T07:05:06.305+0200][384962188ms] GC(15334) Concurrent Scan Root Regions
[2026-07-26T07:05:06.313+0200][384962196ms] Concurrent String Deduplication 1071.3K->596.1K(475.2K) avg 65.5% (384962.184s, 384962.196s) 12.696ms
[2026-07-26T07:05:06.330+0200][384962213ms] GC(15334) Concurrent Scan Root Regions 25.416ms
[2026-07-26T07:05:06.330+0200][384962213ms] GC(15334) Concurrent Mark (384962.214s)
[2026-07-26T07:05:06.330+0200][384962213ms] GC(15334) Concurrent Mark From Roots
[2026-07-26T07:05:06.330+0200][384962213ms] GC(15334) Using 24 workers of 24 for marking
[2026-07-26T07:05:07.970+0200][384963853ms] GC(15334) Concurrent Mark From Roots 1639.841ms
[2026-07-26T07:05:07.970+0200][384963853ms] GC(15334) Concurrent Preclean
[2026-07-26T07:05:07.993+0200][384963876ms] GC(15334) Concurrent Preclean 23.323ms
[2026-07-26T07:05:07.993+0200][384963876ms] GC(15334) Concurrent Mark (384962.214s, 384963.877s) 1663.310ms
[2026-07-26T07:05:07.994+0200][384963877ms] GC(15334) Pause Remark
[2026-07-26T07:05:08.113+0200][384963996ms] GC(15334) Cleaned string and symbol table, strings: 487132 processed, 30 removed, symbols: 1499842 processed, 164 removed
[2026-07-26T07:05:08.114+0200][384963997ms] GC(15334) Pause Remark 10497M->10497M(32768M) 120.240ms
[2026-07-26T07:05:08.114+0200][384963997ms] GC(15334) User=3.17s Sys=0.00s Real=0.12s
[2026-07-26T07:05:08.114+0200][384963997ms] GC(15334) Concurrent Rebuild Remembered Sets
[2026-07-26T07:05:10.121+0200][384966004ms] GC(15334) Concurrent Rebuild Remembered Sets 2006.713ms
[2026-07-26T07:05:10.122+0200][384966005ms] GC(15334) Pause Cleanup
[2026-07-26T07:05:10.124+0200][384966007ms] GC(15334) Pause Cleanup 11401M->11401M(32768M) 2.305ms
[2026-07-26T07:05:10.124+0200][384966007ms] GC(15334) User=0.03s Sys=0.00s Real=0.00s
[2026-07-26T07:05:10.124+0200][384966007ms] GC(15334) Concurrent Cleanup for Next Mark
[2026-07-26T07:05:10.140+0200][384966023ms] GC(15334) Concurrent Cleanup for Next Mark 16.027ms
[2026-07-26T07:05:10.140+0200][384966023ms] GC(15334) Concurrent Cycle 3843.724ms
[2026-07-26T07:07:06.541+0200][385082424ms] GC(15335) Pause Young (Normal) (G1 Evacuation Pause)
[2026-07-26T07:07:06.541+0200][385082424ms] GC(15335) Using 32 workers of 32 for evacuation
[2026-07-26T07:07:06.588+0200][385082471ms] GC(15335)   Pre Evacuate Collection Set: 0.1ms
[2026-07-26T07:07:06.589+0200][385082472ms] GC(15335)   Evacuate Collection Set: 17.9ms
[2026-07-26T07:07:06.589+0200][385082472ms] GC(15335)   Post Evacuate Collection Set: 28.7ms
[2026-07-26T07:07:06.589+0200][385082472ms] GC(15335)   Other: 0.5ms
[2026-07-26T07:07:06.589+0200][385082472ms] GC(15335) Eden regions: 1032->0(1032)
[2026-07-26T07:07:06.589+0200][385082472ms] GC(15335) Survivor regions: 3->3(130)
[2026-07-26T07:07:06.589+0200][385082472ms] GC(15335) Old regions: 592->592
[2026-07-26T07:07:06.589+0200][385082472ms] GC(15335) Humongous regions: 8->8
[2026-07-26T07:07:06.589+0200][385082472ms] GC(15335) Metaspace: 1026046K(1123328K)->1026046K(1123328K)
[2026-07-26T07:07:06.589+0200][385082472ms] GC(15335) Pause Young (Normal) (G1 Evacuation Pause) 26137M->9625M(32768M) 47.288ms
[2026-07-26T07:07:06.589+0200][385082472ms] GC(15335) User=1.14s Sys=0.02s Real=0.05s
[2026-07-26T07:07:06.589+0200][385082472ms] Concurrent String Deduplication (385082.473s)
[2026-07-26T07:07:06.594+0200][385082477ms] Concurrent String Deduplication 888.7K->561.5K(327.1K) avg 65.5% (385082.473s, 385082.477s) 4.806ms
[2026-07-26T07:09:07.182+0200][385203065ms] GC(15336) Pause Young (Concurrent Start) (G1 Evacuation Pause)
[2026-07-26T07:09:07.182+0200][385203065ms] GC(15336) Using 32 workers of 32 for evacuation
[2026-07-26T07:09:07.254+0200][385203137ms] GC(15336)   Pre Evacuate Collection Set: 8.1ms
[2026-07-26T07:09:07.254+0200][385203137ms] GC(15336)   Evacuate Collection Set: 38.6ms
[2026-07-26T07:09:07.254+0200][385203137ms] GC(15336)   Post Evacuate Collection Set: 25.2ms
[2026-07-26T07:09:07.255+0200][385203138ms] GC(15336)   Other: 0.5ms
[2026-07-26T07:09:07.255+0200][385203138ms] GC(15336) Eden regions: 1032->0(1032)
[2026-07-26T07:09:07.255+0200][385203138ms] GC(15336) Survivor regions: 3->3(130)
[2026-07-26T07:09:07.255+0200][385203138ms] GC(15336) Old regions: 592->592
[2026-07-26T07:09:07.255+0200][385203138ms] GC(15336) Humongous regions: 8->8
[2026-07-26T07:09:07.255+0200][385203138ms] GC(15336) Metaspace: 1026046K(1123328K)->1026046K(1123328K)
[2026-07-26T07:09:07.255+0200][385203138ms] GC(15336) Pause Young (Concurrent Start) (G1 Evacuation Pause) 26137M->9623M(32768M) 72.632ms
[2026-07-26T07:09:07.255+0200][385203138ms] GC(15336) User=1.49s Sys=0.00s Real=0.07s
[2026-07-26T07:09:07.255+0200][385203138ms] GC(15337) Concurrent Cycle
[2026-07-26T07:09:07.255+0200][385203138ms] GC(15337) Concurrent Clear Claimed Marks
[2026-07-26T07:09:07.255+0200][385203138ms] Concurrent String Deduplication (385203.139s)
[2026-07-26T07:09:07.255+0200][385203138ms] Concurrent String Deduplication 12304.0B->12264.0B(40.0B) avg 65.5% (385203.139s, 385203.139s) 0.074ms
[2026-07-26T07:09:07.263+0200][385203146ms] GC(15337) Concurrent Clear Claimed Marks 7.810ms
[2026-07-26T07:09:07.263+0200][385203146ms] GC(15337) Concurrent Scan Root Regions
[2026-07-26T07:09:07.273+0200][385203156ms] GC(15337) Concurrent Scan Root Regions 9.944ms
[2026-07-26T07:09:07.273+0200][385203156ms] GC(15337) Concurrent Mark (385203.156s)
[2026-07-26T07:09:07.273+0200][385203156ms] GC(15337) Concurrent Mark From Roots
[2026-07-26T07:09:07.273+0200][385203156ms] GC(15337) Using 24 workers of 24 for marking
[2026-07-26T07:09:08.761+0200][385204644ms] GC(15337) Concurrent Mark From Roots 1487.969ms
[2026-07-26T07:09:08.761+0200][385204644ms] GC(15337) Concurrent Preclean
[2026-07-26T07:09:08.779+0200][385204662ms] GC(15337) Concurrent Preclean 18.851ms
[2026-07-26T07:09:08.780+0200][385204663ms] GC(15337) Concurrent Mark (385203.156s, 385204.663s) 1506.932ms
[2026-07-26T07:09:08.780+0200][385204663ms] GC(15337) Pause Remark
[2026-07-26T07:09:08.883+0200][385204766ms] GC(15337) Cleaned string and symbol table, strings: 487102 processed, 5 removed, symbols: 1499678 processed, 0 removed
[2026-07-26T07:09:08.884+0200][385204767ms] GC(15337) Pause Remark 10471M->10471M(32768M) 104.162ms
[2026-07-26T07:09:08.884+0200][385204767ms] GC(15337) User=2.73s Sys=0.00s Real=0.10s
[2026-07-26T07:09:08.884+0200][385204767ms] GC(15337) Concurrent Rebuild Remembered Sets
[2026-07-26T07:09:10.711+0200][385206595ms] GC(15337) Concurrent Rebuild Remembered Sets 1827.154ms
[2026-07-26T07:09:10.712+0200][385206595ms] GC(15337) Pause Cleanup
[2026-07-26T07:09:10.715+0200][385206598ms] GC(15337) Pause Cleanup 11367M->11367M(32768M) 2.731ms
[2026-07-26T07:09:10.715+0200][385206598ms] GC(15337) User=0.03s Sys=0.00s Real=0.00s
[2026-07-26T07:09:10.715+0200][385206598ms] GC(15337) Concurrent Cleanup for Next Mark
[2026-07-26T07:09:10.723+0200][385206606ms] GC(15337) Concurrent Cleanup for Next Mark 7.649ms
[2026-07-26T07:09:10.723+0200][385206606ms] GC(15337) Concurrent Cycle 3468.291ms
[2026-07-26T07:11:07.255+0200][385323138ms] GC(15338) Pause Young (Normal) (G1 Evacuation Pause)
[2026-07-26T07:11:07.255+0200][385323138ms] GC(15338) Using 32 workers of 32 for evacuation
[2026-07-26T07:11:07.298+0200][385323181ms] GC(15338)   Pre Evacuate Collection Set: 0.1ms
[2026-07-26T07:11:07.299+0200][385323182ms] GC(15338)   Evacuate Collection Set: 14.9ms
[2026-07-26T07:11:07.299+0200][385323182ms] GC(15338)   Post Evacuate Collection Set: 28.3ms
[2026-07-26T07:11:07.299+0200][385323182ms] GC(15338)   Other: 0.5ms
[2026-07-26T07:11:07.299+0200][385323182ms] GC(15338) Eden regions: 1032->0(1032)
[2026-07-26T07:11:07.299+0200][385323182ms] GC(15338) Survivor regions: 3->3(130)
[2026-07-26T07:11:07.299+0200][385323182ms] GC(15338) Old regions: 592->592
[2026-07-26T07:11:07.299+0200][385323182ms] GC(15338) Humongous regions: 8->8
[2026-07-26T07:11:07.299+0200][385323182ms] GC(15338) Metaspace: 1026046K(1123328K)->1026046K(1123328K)
[2026-07-26T07:11:07.299+0200][385323182ms] GC(15338) Pause Young (Normal) (G1 Evacuation Pause) 26135M->9624M(32768M) 43.959ms
[2026-07-26T07:11:07.299+0200][385323182ms] GC(15338) User=1.01s Sys=0.00s Real=0.05s
[2026-07-26T07:11:07.299+0200][385323182ms] Concurrent String Deduplication (385323.183s)
[2026-07-26T07:11:07.299+0200][385323182ms] Concurrent String Deduplication 19656.0B->14984.0B(4672.0B) avg 65.5% (385323.183s, 385323.183s) 0.128ms
[2026-07-26T07:13:06.496+0200][385442379ms] GC(15339) Pause Young (Concurrent Start) (G1 Evacuation Pause)
[2026-07-26T07:13:06.496+0200][385442379ms] GC(15339) Using 32 workers of 32 for evacuation
[2026-07-26T07:13:06.600+0200][385442483ms] GC(15339)   Pre Evacuate Collection Set: 8.1ms
[2026-07-26T07:13:06.600+0200][385442483ms] GC(15339)   Evacuate Collection Set: 57.3ms
[2026-07-26T07:13:06.600+0200][385442483ms] GC(15339)   Post Evacuate Collection Set: 38.4ms
[2026-07-26T07:13:06.600+0200][385442483ms] GC(15339)   Other: 0.5ms
[2026-07-26T07:13:06.601+0200][385442484ms] GC(15339) Eden regions: 1032->0(1033)
[2026-07-26T07:13:06.601+0200][385442484ms] GC(15339) Survivor regions: 3->2(130)
[2026-07-26T07:13:06.601+0200][385442484ms] GC(15339) Old regions: 592->592
[2026-07-26T07:13:06.601+0200][385442484ms] GC(15339) Humongous regions: 8->8
[2026-07-26T07:13:06.601+0200][385442484ms] GC(15339) Metaspace: 1026046K(1123328K)->1026046K(1123328K)
[2026-07-26T07:13:06.601+0200][385442484ms] GC(15339) Pause Young (Concurrent Start) (G1 Evacuation Pause) 26136M->9622M(32768M) 104.393ms
[2026-07-26T07:13:06.601+0200][385442484ms] GC(15339) User=2.28s Sys=0.00s Real=0.11s
[2026-07-26T07:13:06.601+0200][385442484ms] GC(15340) Concurrent Cycle
[2026-07-26T07:13:06.601+0200][385442484ms] GC(15340) Concurrent Clear Claimed Marks
[2026-07-26T07:13:06.601+0200][385442484ms] Concurrent String Deduplication (385442.485s)
[2026-07-26T07:13:06.601+0200][385442484ms] Concurrent String Deduplication 13120.0B->13120.0B(0.0B) avg 65.5% (385442.485s, 385442.485s) 0.101ms
[2026-07-26T07:13:06.609+0200][385442492ms] GC(15340) Concurrent Clear Claimed Marks 8.111ms
[2026-07-26T07:13:06.609+0200][385442492ms] GC(15340) Concurrent Scan Root Regions
[2026-07-26T07:13:06.626+0200][385442509ms] GC(15340) Concurrent Scan Root Regions 16.792ms
[2026-07-26T07:13:06.626+0200][385442509ms] GC(15340) Concurrent Mark (385442.509s)
[2026-07-26T07:13:06.626+0200][385442509ms] GC(15340) Concurrent Mark From Roots
[2026-07-26T07:13:06.626+0200][385442509ms] GC(15340) Using 24 workers of 24 for marking
[2026-07-26T07:13:08.163+0200][385444046ms] GC(15340) Concurrent Mark From Roots 1537.662ms
[2026-07-26T07:13:08.163+0200][385444046ms] GC(15340) Concurrent Preclean
[2026-07-26T07:13:08.183+0200][385444066ms] GC(15340) Concurrent Preclean 19.870ms
[2026-07-26T07:13:08.183+0200][385444066ms] GC(15340) Concurrent Mark (385442.509s, 385444.067s) 1557.656ms
[2026-07-26T07:13:08.184+0200][385444067ms] GC(15340) Pause Remark
[2026-07-26T07:13:08.292+0200][385444175ms] GC(15340) Cleaned string and symbol table, strings: 487102 processed, 986 removed, symbols: 1499678 processed, 0 removed
[2026-07-26T07:13:08.293+0200][385444176ms] GC(15340) Pause Remark 10574M->10574M(32768M) 108.811ms
[2026-07-26T07:13:08.293+0200][385444176ms] GC(15340) User=2.87s Sys=0.00s Real=0.11s
[2026-07-26T07:13:08.293+0200][385444176ms] GC(15340) Concurrent Rebuild Remembered Sets
[2026-07-26T07:13:10.128+0200][385446011ms] GC(15340) Concurrent Rebuild Remembered Sets 1834.859ms
[2026-07-26T07:13:10.128+0200][385446011ms] GC(15340) Pause Cleanup
[2026-07-26T07:13:10.131+0200][385446014ms] GC(15340) Pause Cleanup 11734M->11734M(32768M) 2.211ms
[2026-07-26T07:13:10.131+0200][385446014ms] GC(15340) User=0.02s Sys=0.00s Real=0.00s
[2026-07-26T07:13:10.131+0200][385446014ms] GC(15340) Concurrent Cleanup for Next Mark
[2026-07-26T07:13:10.141+0200][385446024ms] GC(15340) Concurrent Cleanup for Next Mark 10.607ms
[2026-07-26T07:13:10.141+0200][385446024ms] GC(15340) Concurrent Cycle 3540.610ms
[2026-07-26T07:15:07.463+0200][385563346ms] GC(15341) Pause Young (Normal) (G1 Evacuation Pause)
[2026-07-26T07:15:07.463+0200][385563346ms] GC(15341) Using 32 workers of 32 for evacuation
[2026-07-26T07:15:07.523+0200][385563406ms] GC(15341)   Pre Evacuate Collection Set: 0.2ms
[2026-07-26T07:15:07.523+0200][385563406ms] GC(15341)   Evacuate Collection Set: 19.2ms
[2026-07-26T07:15:07.523+0200][385563406ms] GC(15341)   Post Evacuate Collection Set: 40.0ms
[2026-07-26T07:15:07.523+0200][385563406ms] GC(15341)   Other: 0.8ms
[2026-07-26T07:15:07.523+0200][385563406ms] GC(15341) Eden regions: 1033->0(1033)
[2026-07-26T07:15:07.523+0200][385563406ms] GC(15341) Survivor regions: 2->2(130)
[2026-07-26T07:15:07.523+0200][385563406ms] GC(15341) Old regions: 592->592
[2026-07-26T07:15:07.523+0200][385563406ms] GC(15341) Humongous regions: 8->8
[2026-07-26T07:15:07.523+0200][385563406ms] GC(15341) Metaspace: 1026046K(1123328K)->1026046K(1123328K)
[2026-07-26T07:15:07.523+0200][385563406ms] GC(15341) Pause Young (Normal) (G1 Evacuation Pause) 26150M->9621M(32768M) 60.346ms
[2026-07-26T07:15:07.523+0200][385563406ms] GC(15341) User=1.23s Sys=0.00s Real=0.06s
[2026-07-26T07:15:07.523+0200][385563406ms] Concurrent String Deduplication (385563.407s)
[2026-07-26T07:15:07.524+0200][385563407ms] Concurrent String Deduplication 194.2K->123.4K(72528.0B) avg 65.5% (385563.407s, 385563.408s) 1.115ms
[2026-07-26T07:17:07.587+0200][385683470ms] GC(15342) Pause Young (Concurrent Start) (G1 Evacuation Pause)
[2026-07-26T07:17:07.587+0200][385683470ms] GC(15342) Using 32 workers of 32 for evacuation
[2026-07-26T07:17:07.675+0200][385683558ms] GC(15342)   Pre Evacuate Collection Set: 8.3ms
[2026-07-26T07:17:07.675+0200][385683558ms] GC(15342)   Evacuate Collection Set: 48.9ms
[2026-07-26T07:17:07.675+0200][385683558ms] GC(15342)   Post Evacuate Collection Set: 30.3ms
[2026-07-26T07:17:07.675+0200][385683558ms] GC(15342)   Other: 0.5ms
[2026-07-26T07:17:07.675+0200][385683558ms] GC(15342) Eden regions: 1033->0(1033)
[2026-07-26T07:17:07.675+0200][385683558ms] GC(15342) Survivor regions: 2->2(130)
[2026-07-26T07:17:07.675+0200][385683558ms] GC(15342) Old regions: 592->592
[2026-07-26T07:17:07.675+0200][385683558ms] GC(15342) Humongous regions: 8->8
[2026-07-26T07:17:07.675+0200][385683558ms] GC(15342) Metaspace: 1026046K(1123328K)->1026046K(1123328K)
[2026-07-26T07:17:07.675+0200][385683558ms] GC(15342) Pause Young (Concurrent Start) (G1 Evacuation Pause) 26149M->9613M(32768M) 88.149ms
[2026-07-26T07:17:07.675+0200][385683558ms] GC(15342) User=1.87s Sys=0.00s Real=0.09s
[2026-07-26T07:17:07.675+0200][385683558ms] GC(15343) Concurrent Cycle
[2026-07-26T07:17:07.675+0200][385683558ms] GC(15343) Concurrent Clear Claimed Marks
[2026-07-26T07:17:07.675+0200][385683558ms] Concurrent String Deduplication (385683.559s)
[2026-07-26T07:17:07.680+0200][385683563ms] Concurrent String Deduplication 48200.0B->27776.0B(20424.0B) avg 65.5% (385683.559s, 385683.564s) 4.856ms
[2026-07-26T07:17:07.683+0200][385683566ms] GC(15343) Concurrent Clear Claimed Marks 8.130ms
[2026-07-26T07:17:07.683+0200][385683566ms] GC(15343) Concurrent Scan Root Regions
[2026-07-26T07:17:07.693+0200][385683576ms] GC(15343) Concurrent Scan Root Regions 10.023ms
[2026-07-26T07:17:07.693+0200][385683576ms] GC(15343) Concurrent Mark (385683.577s)
[2026-07-26T07:17:07.693+0200][385683576ms] GC(15343) Concurrent Mark From Roots
[2026-07-26T07:17:07.693+0200][385683576ms] GC(15343) Using 24 workers of 24 for marking
[2026-07-26T07:17:09.210+0200][385685093ms] GC(15343) Concurrent Mark From Roots 1516.545ms
[2026-07-26T07:17:09.210+0200][385685093ms] GC(15343) Concurrent Preclean
[2026-07-26T07:17:09.228+0200][385685111ms] GC(15343) Concurrent Preclean 18.242ms
[2026-07-26T07:17:09.228+0200][385685111ms] GC(15343) Concurrent Mark (385683.577s, 385685.112s) 1534.908ms
[2026-07-26T07:17:09.229+0200][385685112ms] GC(15343) Pause Remark
[2026-07-26T07:17:09.333+0200][385685216ms] GC(15343) Cleaned string and symbol table, strings: 487109 processed, 160 removed, symbols: 1499678 processed, 0 removed
[2026-07-26T07:17:09.334+0200][385685217ms] GC(15343) Pause Remark 10285M->10285M(32768M) 105.371ms
[2026-07-26T07:17:09.334+0200][385685217ms] GC(15343) User=2.76s Sys=0.00s Real=0.10s
[2026-07-26T07:17:09.334+0200][385685217ms] GC(15343) Concurrent Rebuild Remembered Sets
[2026-07-26T07:17:11.203+0200][385687086ms] GC(15343) Concurrent Rebuild Remembered Sets 1868.912ms
[2026-07-26T07:17:11.204+0200][385687087ms] GC(15343) Pause Cleanup
[2026-07-26T07:17:11.206+0200][385687089ms] GC(15343) Pause Cleanup 11413M->11413M(32768M) 2.427ms
[2026-07-26T07:17:11.206+0200][385687089ms] GC(15343) User=0.03s Sys=0.00s Real=0.00s
[2026-07-26T07:17:11.206+0200][385687089ms] GC(15343) Concurrent Cleanup for Next Mark
[2026-07-26T07:17:11.214+0200][385687097ms] GC(15343) Concurrent Cleanup for Next Mark 7.408ms
[2026-07-26T07:17:11.214+0200][385687097ms] GC(15343) Concurrent Cycle 3538.815ms
[2026-07-26T07:19:08.095+0200][385803978ms] GC(15344) Pause Young (Normal) (G1 Evacuation Pause)
[2026-07-26T07:19:08.095+0200][385803978ms] GC(15344) Using 32 workers of 32 for evacuation
[2026-07-26T07:19:08.136+0200][385804019ms] GC(15344)   Pre Evacuate Collection Set: 0.1ms
[2026-07-26T07:19:08.136+0200][385804019ms] GC(15344)   Evacuate Collection Set: 10.2ms
[2026-07-26T07:19:08.136+0200][385804019ms] GC(15344)   Post Evacuate Collection Set: 30.4ms
[2026-07-26T07:19:08.136+0200][385804019ms] GC(15344)   Other: 0.5ms
[2026-07-26T07:19:08.136+0200][385804019ms] GC(15344) Eden regions: 1033->0(1033)
[2026-07-26T07:19:08.136+0200][385804019ms] GC(15344) Survivor regions: 2->2(130)
[2026-07-26T07:19:08.136+0200][385804019ms] GC(15344) Old regions: 592->592
[2026-07-26T07:19:08.136+0200][385804019ms] GC(15344) Humongous regions: 8->8
[2026-07-26T07:19:08.136+0200][385804019ms] GC(15344) Metaspace: 1026046K(1123328K)->1026046K(1123328K)
[2026-07-26T07:19:08.136+0200][385804019ms] GC(15344) Pause Young (Normal) (G1 Evacuation Pause) 26141M->9611M(32768M) 41.331ms
[2026-07-26T07:19:08.136+0200][385804019ms] GC(15344) User=0.84s Sys=0.08s Real=0.04s
[2026-07-26T07:19:08.136+0200][385804019ms] Concurrent String Deduplication (385804.020s)
[2026-07-26T07:19:08.137+0200][385804020ms] Concurrent String Deduplication 89024.0B->41552.0B(47472.0B) avg 65.5% (385804.020s, 385804.021s) 0.850ms
[2026-07-26T07:21:08.523+0200][385924406ms] GC(15345) Pause Young (Concurrent Start) (G1 Evacuation Pause)
[2026-07-26T07:21:08.523+0200][385924406ms] GC(15345) Using 32 workers of 32 for evacuation
[2026-07-26T07:21:08.605+0200][385924488ms] GC(15345)   Pre Evacuate Collection Set: 7.9ms
[2026-07-26T07:21:08.605+0200][385924488ms] GC(15345)   Evacuate Collection Set: 42.8ms
[2026-07-26T07:21:08.605+0200][385924488ms] GC(15345)   Post Evacuate Collection Set: 31.2ms
[2026-07-26T07:21:08.605+0200][385924488ms] GC(15345)   Other: 0.5ms
[2026-07-26T07:21:08.605+0200][385924488ms] GC(15345) Eden regions: 1033->0(1033)
[2026-07-26T07:21:08.605+0200][385924488ms] GC(15345) Survivor regions: 2->2(130)
[2026-07-26T07:21:08.605+0200][385924488ms] GC(15345) Old regions: 592->592
[2026-07-26T07:21:08.605+0200][385924488ms] GC(15345) Humongous regions: 8->8
[2026-07-26T07:21:08.605+0200][385924488ms] GC(15345) Metaspace: 1026048K(1123328K)->1026048K(1123328K)
[2026-07-26T07:21:08.605+0200][385924488ms] GC(15345) Pause Young (Concurrent Start) (G1 Evacuation Pause) 26139M->9614M(32768M) 82.643ms
[2026-07-26T07:21:08.605+0200][385924488ms] GC(15345) User=1.66s Sys=0.05s Real=0.08s
[2026-07-26T07:21:08.605+0200][385924488ms] GC(15346) Concurrent Cycle
[2026-07-26T07:21:08.605+0200][385924488ms] GC(15346) Concurrent Clear Claimed Marks
[2026-07-26T07:21:08.605+0200][385924488ms] Concurrent String Deduplication (385924.489s)
[2026-07-26T07:21:08.607+0200][385924490ms] Concurrent String Deduplication 162.8K->77456.0B(89216.0B) avg 65.5% (385924.489s, 385924.491s) 1.460ms
[2026-07-26T07:21:08.613+0200][385924496ms] GC(15346) Concurrent Clear Claimed Marks 8.124ms
[2026-07-26T07:21:08.613+0200][385924496ms] GC(15346) Concurrent Scan Root Regions
[2026-07-26T07:21:08.631+0200][385924514ms] GC(15346) Concurrent Scan Root Regions 17.972ms
[2026-07-26T07:21:08.631+0200][385924514ms] GC(15346) Concurrent Mark (385924.515s)
[2026-07-26T07:21:08.631+0200][385924514ms] GC(15346) Concurrent Mark From Roots
[2026-07-26T07:21:08.631+0200][385924514ms] GC(15346) Using 24 workers of 24 for marking
[2026-07-26T07:21:10.194+0200][385926077ms] GC(15346) Concurrent Mark From Roots 1562.183ms
[2026-07-26T07:21:10.194+0200][385926077ms] GC(15346) Concurrent Preclean
[2026-07-26T07:21:10.212+0200][385926095ms] GC(15346) Concurrent Preclean 18.419ms
[2026-07-26T07:21:10.212+0200][385926095ms] GC(15346) Concurrent Mark (385924.515s, 385926.096s) 1580.724ms
[2026-07-26T07:21:10.213+0200][385926096ms] GC(15346) Pause Remark
[2026-07-26T07:21:10.322+0200][385926205ms] GC(15346) Cleaned string and symbol table, strings: 487056 processed, 386 removed, symbols: 1499678 processed, 0 removed
[2026-07-26T07:21:10.323+0200][385926206ms] GC(15346) Pause Remark 10454M->10454M(32768M) 110.761ms
[2026-07-26T07:21:10.324+0200][385926207ms] GC(15346) User=2.97s Sys=0.00s Real=0.11s
[2026-07-26T07:21:10.324+0200][385926207ms] GC(15346) Concurrent Rebuild Remembered Sets
[2026-07-26T07:21:12.088+0200][385927971ms] GC(15346) Concurrent Rebuild Remembered Sets 1764.306ms
[2026-07-26T07:21:12.088+0200][385927971ms] GC(15346) Pause Cleanup
[2026-07-26T07:21:12.091+0200][385927974ms] GC(15346) Pause Cleanup 10910M->10910M(32768M) 2.127ms
[2026-07-26T07:21:12.091+0200][385927974ms] GC(15346) User=0.02s Sys=0.00s Real=0.00s
[2026-07-26T07:21:12.091+0200][385927974ms] GC(15346) Concurrent Cleanup for Next Mark
[2026-07-26T07:21:12.102+0200][385927985ms] GC(15346) Concurrent Cleanup for Next Mark 11.299ms
[2026-07-26T07:21:12.102+0200][385927985ms] GC(15346) Concurrent Cycle 3496.775ms
[2026-07-26T07:23:09.286+0200][386045169ms] GC(15347) Pause Young (Normal) (G1 Evacuation Pause)
[2026-07-26T07:23:09.286+0200][386045169ms] GC(15347) Using 32 workers of 32 for evacuation
[2026-07-26T07:23:09.327+0200][386045210ms] GC(15347)   Pre Evacuate Collection Set: 0.1ms
[2026-07-26T07:23:09.327+0200][386045210ms] GC(15347)   Evacuate Collection Set: 14.1ms
[2026-07-26T07:23:09.327+0200][386045210ms] GC(15347)   Post Evacuate Collection Set: 26.2ms
[2026-07-26T07:23:09.327+0200][386045210ms] GC(15347)   Other: 0.5ms
[2026-07-26T07:23:09.327+0200][386045210ms] GC(15347) Eden regions: 1033->0(1033)
[2026-07-26T07:23:09.327+0200][386045210ms] GC(15347) Survivor regions: 2->2(130)
[2026-07-26T07:23:09.327+0200][386045210ms] GC(15347) Old regions: 592->592
[2026-07-26T07:23:09.327+0200][386045210ms] GC(15347) Humongous regions: 8->8
[2026-07-26T07:23:09.327+0200][386045210ms] GC(15347) Metaspace: 1026048K(1123328K)->1026048K(1123328K)
[2026-07-26T07:23:09.327+0200][386045210ms] GC(15347) Pause Young (Normal) (G1 Evacuation Pause) 26142M->9614M(32768M) 41.112ms
[2026-07-26T07:23:09.327+0200][386045210ms] GC(15347) User=1.02s Sys=0.00s Real=0.04s
[2026-07-26T07:23:09.327+0200][386045210ms] Concurrent String Deduplication (386045.211s)
[2026-07-26T07:23:09.328+0200][386045211ms] Concurrent String Deduplication 20400.0B->16000.0B(4400.0B) avg 65.5% (386045.211s, 386045.212s) 0.176ms
[2026-07-26T07:25:37.633+0200][386193516ms] GC(15348) Pause Young (Concurrent Start) (G1 Evacuation Pause)
[2026-07-26T07:25:37.633+0200][386193516ms] GC(15348) Using 32 workers of 32 for evacuation
[2026-07-26T07:25:37.721+0200][386193604ms] GC(15348)   Pre Evacuate Collection Set: 8.2ms
[2026-07-26T07:25:37.721+0200][386193604ms] GC(15348)   Evacuate Collection Set: 50.2ms
[2026-07-26T07:25:37.721+0200][386193604ms] GC(15348)   Post Evacuate Collection Set: 28.9ms
[2026-07-26T07:25:37.721+0200][386193604ms] GC(15348)   Other: 0.5ms
[2026-07-26T07:25:37.721+0200][386193604ms] GC(15348) Eden regions: 1033->0(1033)
[2026-07-26T07:25:37.721+0200][386193604ms] GC(15348) Survivor regions: 2->2(130)
[2026-07-26T07:25:37.721+0200][386193604ms] GC(15348) Old regions: 592->592
[2026-07-26T07:25:37.721+0200][386193604ms] GC(15348) Humongous regions: 8->8
[2026-07-26T07:25:37.721+0200][386193604ms] GC(15348) Metaspace: 1026048K(1123328K)->1026048K(1123328K)
[2026-07-26T07:25:37.721+0200][386193604ms] GC(15348) Pause Young (Concurrent Start) (G1 Evacuation Pause) 26142M->9615M(32768M) 87.832ms
[2026-07-26T07:25:37.721+0200][386193604ms] GC(15348) User=1.89s Sys=0.00s Real=0.09s
[2026-07-26T07:25:37.721+0200][386193604ms] GC(15349) Concurrent Cycle
[2026-07-26T07:25:37.721+0200][386193604ms] GC(15349) Concurrent Clear Claimed Marks
[2026-07-26T07:25:37.721+0200][386193604ms] Concurrent String Deduplication (386193.605s)
[2026-07-26T07:25:37.725+0200][386193608ms] Concurrent String Deduplication 408.2K->184.6K(223.5K) avg 65.5% (386193.605s, 386193.609s) 3.478ms
[2026-07-26T07:25:37.729+0200][386193612ms] GC(15349) Concurrent Clear Claimed Marks 7.724ms
[2026-07-26T07:25:37.729+0200][386193612ms] GC(15349) Concurrent Scan Root Regions
[2026-07-26T07:25:37.740+0200][386193623ms] GC(15349) Concurrent Scan Root Regions 11.249ms
[2026-07-26T07:25:37.740+0200][386193623ms] GC(15349) Concurrent Mark (386193.624s)
[2026-07-26T07:25:37.740+0200][386193623ms] GC(15349) Concurrent Mark From Roots
[2026-07-26T07:25:37.740+0200][386193623ms] GC(15349) Using 24 workers of 24 for marking
[2026-07-26T07:25:39.205+0200][386195088ms] GC(15349) Concurrent Mark From Roots 1464.373ms
[2026-07-26T07:25:39.205+0200][386195088ms] GC(15349) Concurrent Preclean
[2026-07-26T07:25:39.222+0200][386195105ms] GC(15349) Concurrent Preclean 17.417ms
[2026-07-26T07:25:39.222+0200][386195105ms] GC(15349) Concurrent Mark (386193.624s, 386195.106s) 1481.909ms
[2026-07-26T07:25:39.223+0200][386195106ms] GC(15349) Pause Remark
[2026-07-26T07:25:39.510+0200][386195393ms] GC(15349) Cleaned string and symbol table, strings: 486673 processed, 33 removed, symbols: 1499678 processed, 0 removed
[2026-07-26T07:25:39.512+0200][386195395ms] GC(15349) MMU target violated: 201.0ms (200.0ms/201.0ms)
[2026-07-26T07:25:39.512+0200][386195395ms] GC(15349) Pause Remark 10031M->10031M(32768M) 288.947ms
[2026-07-26T07:25:39.512+0200][386195395ms] GC(15349) User=7.08s Sys=0.02s Real=0.29s
[2026-07-26T07:25:39.512+0200][386195395ms] GC(15349) Concurrent Rebuild Remembered Sets
[2026-07-26T07:25:41.332+0200][386197215ms] GC(15349) Concurrent Rebuild Remembered Sets 1820.167ms
[2026-07-26T07:25:41.333+0200][386197216ms] GC(15349) Pause Cleanup
[2026-07-26T07:25:41.335+0200][386197218ms] GC(15349) Pause Cleanup 10384M->10384M(32768M) 2.106ms
[2026-07-26T07:25:41.335+0200][386197218ms] GC(15349) User=0.02s Sys=0.00s Real=0.00s
[2026-07-26T07:25:41.335+0200][386197218ms] GC(15349) Concurrent Cleanup for Next Mark
[2026-07-26T07:25:41.342+0200][386197225ms] GC(15349) Concurrent Cleanup for Next Mark 7.595ms
[2026-07-26T07:25:41.342+0200][386197225ms] GC(15349) Concurrent Cycle 3621.249ms
[2026-07-26T07:27:08.533+0200][386284416ms] GC(15350) Pause Young (Normal) (G1 Evacuation Pause)
[2026-07-26T07:27:08.533+0200][386284416ms] GC(15350) Using 32 workers of 32 for evacuation
[2026-07-26T07:27:08.575+0200][386284458ms] GC(15350)   Pre Evacuate Collection Set: 0.1ms
[2026-07-26T07:27:08.575+0200][386284458ms] GC(15350)   Evacuate Collection Set: 11.6ms
[2026-07-26T07:27:08.575+0200][386284458ms] GC(15350)   Post Evacuate Collection Set: 30.7ms
[2026-07-26T07:27:08.575+0200][386284458ms] GC(15350)   Other: 0.5ms
[2026-07-26T07:27:08.575+0200][386284458ms] GC(15350) Eden regions: 1033->0(1033)
[2026-07-26T07:27:08.575+0200][386284458ms] GC(15350) Survivor regions: 2->2(130)
[2026-07-26T07:27:08.575+0200][386284458ms] GC(15350) Old regions: 592->592
[2026-07-26T07:27:08.575+0200][386284458ms] GC(15350) Humongous regions: 8->8
[2026-07-26T07:27:08.575+0200][386284458ms] GC(15350) Metaspace: 1025929K(1123328K)->1025929K(1123328K)
[2026-07-26T07:27:08.576+0200][386284459ms] GC(15350) Pause Young (Normal) (G1 Evacuation Pause) 26143M->9615M(32768M) 42.943ms
[2026-07-26T07:27:08.576+0200][386284459ms] GC(15350) User=0.86s Sys=0.00s Real=0.04s
[2026-07-26T07:27:08.576+0200][386284459ms] Concurrent String Deduplication (386284.460s)
[2026-07-26T07:27:08.576+0200][386284459ms] Concurrent String Deduplication 32200.0B->21072.0B(11128.0B) avg 65.5% (386284.460s, 386284.460s) 0.267ms
[2026-07-26T07:29:09.138+0200][386405021ms] GC(15351) Pause Young (Concurrent Start) (G1 Evacuation Pause)
[2026-07-26T07:29:09.138+0200][386405021ms] GC(15351) Using 32 workers of 32 for evacuation
[2026-07-26T07:29:09.226+0200][386405109ms] GC(15351)   Pre Evacuate Collection Set: 8.1ms
[2026-07-26T07:29:09.226+0200][386405109ms] GC(15351)   Evacuate Collection Set: 53.5ms
[2026-07-26T07:29:09.226+0200][386405109ms] GC(15351)   Post Evacuate Collection Set: 25.7ms
[2026-07-26T07:29:09.226+0200][386405109ms] GC(15351)   Other: 0.5ms
[2026-07-26T07:29:09.226+0200][386405109ms] GC(15351) Eden regions: 1033->0(1033)
[2026-07-26T07:29:09.226+0200][386405109ms] GC(15351) Survivor regions: 2->2(130)
[2026-07-26T07:29:09.226+0200][386405109ms] GC(15351) Old regions: 592->592
[2026-07-26T07:29:09.226+0200][386405109ms] GC(15351) Humongous regions: 8->8
[2026-07-26T07:29:09.226+0200][386405109ms] GC(15351) Metaspace: 1025929K(1123328K)->1025929K(1123328K)
[2026-07-26T07:29:09.226+0200][386405109ms] GC(15351) Pause Young (Concurrent Start) (G1 Evacuation Pause) 26143M->9615M(32768M) 87.905ms
[2026-07-26T07:29:09.226+0200][386405109ms] GC(15351) User=1.50s Sys=0.02s Real=0.08s
[2026-07-26T07:29:09.226+0200][386405109ms] GC(15352) Concurrent Cycle
[2026-07-26T07:29:09.226+0200][386405109ms] GC(15352) Concurrent Clear Claimed Marks
[2026-07-26T07:29:09.227+0200][386405110ms] Concurrent String Deduplication (386405.111s)
[2026-07-26T07:29:09.232+0200][386405115ms] Concurrent String Deduplication 219.4K->93536.0B(128.1K) avg 65.5% (386405.111s, 386405.116s) 4.753ms
[2026-07-26T07:29:09.234+0200][386405117ms] GC(15352) Concurrent Clear Claimed Marks 7.677ms
[2026-07-26T07:29:09.234+0200][386405117ms] GC(15352) Concurrent Scan Root Regions
[2026-07-26T07:29:09.245+0200][386405128ms] GC(15352) Concurrent Scan Root Regions 10.743ms
[2026-07-26T07:29:09.245+0200][386405128ms] GC(15352) Concurrent Mark (386405.129s)
[2026-07-26T07:29:09.245+0200][386405128ms] GC(15352) Concurrent Mark From Roots
[2026-07-26T07:29:09.245+0200][386405128ms] GC(15352) Using 24 workers of 24 for marking
[2026-07-26T07:29:10.722+0200][386406605ms] GC(15352) Concurrent Mark From Roots 1477.061ms
[2026-07-26T07:29:10.722+0200][386406605ms] GC(15352) Concurrent Preclean
[2026-07-26T07:29:10.741+0200][386406624ms] GC(15352) Concurrent Preclean 18.890ms
[2026-07-26T07:29:10.741+0200][386406624ms] GC(15352) Concurrent Mark (386405.129s, 386406.625s) 1496.083ms
[2026-07-26T07:29:10.741+0200][386406624ms] GC(15352) Pause Remark
[2026-07-26T07:29:10.843+0200][386406726ms] GC(15352) Cleaned string and symbol table, strings: 487078 processed, 2158 removed, symbols: 1499678 processed, 64 removed
[2026-07-26T07:29:10.844+0200][386406727ms] GC(15352) Pause Remark 10232M->10232M(32768M) 102.667ms
[2026-07-26T07:29:10.844+0200][386406727ms] GC(15352) User=2.71s Sys=0.02s Real=0.10s
[2026-07-26T07:29:10.844+0200][386406727ms] GC(15352) Concurrent Rebuild Remembered Sets
[2026-07-26T07:29:12.592+0200][386408475ms] GC(15352) Concurrent Rebuild Remembered Sets 1747.539ms
[2026-07-26T07:29:12.592+0200][386408475ms] GC(15352) Pause Cleanup
[2026-07-26T07:29:12.594+0200][386408477ms] GC(15352) Pause Cleanup 10233M->10233M(32768M) 2.183ms
[2026-07-26T07:29:12.594+0200][386408477ms] GC(15352) User=0.02s Sys=0.00s Real=0.00s
[2026-07-26T07:29:12.594+0200][386408477ms] GC(15352) Concurrent Cleanup for Next Mark
[2026-07-26T07:29:12.602+0200][386408485ms] GC(15352) Concurrent Cleanup for Next Mark 7.697ms
[2026-07-26T07:29:12.602+0200][386408485ms] GC(15352) Concurrent Cycle 3375.794ms
[2026-07-26T07:31:36.437+0200][386552320ms] GC(15353) Pause Young (Normal) (G1 Evacuation Pause)
[2026-07-26T07:31:36.437+0200][386552320ms] GC(15353) Using 32 workers of 32 for evacuation
[2026-07-26T07:31:36.477+0200][386552360ms] GC(15353)   Pre Evacuate Collection Set: 0.1ms
[2026-07-26T07:31:36.477+0200][386552360ms] GC(15353)   Evacuate Collection Set: 13.3ms
[2026-07-26T07:31:36.477+0200][386552360ms] GC(15353)   Post Evacuate Collection Set: 25.7ms
[2026-07-26T07:31:36.477+0200][386552360ms] GC(15353)   Other: 0.5ms
[2026-07-26T07:31:36.477+0200][386552360ms] GC(15353) Eden regions: 1033->0(1033)
[2026-07-26T07:31:36.477+0200][386552360ms] GC(15353) Survivor regions: 2->2(130)
[2026-07-26T07:31:36.477+0200][386552360ms] GC(15353) Old regions: 592->592
[2026-07-26T07:31:36.477+0200][386552360ms] GC(15353) Humongous regions: 8->8
[2026-07-26T07:31:36.477+0200][386552360ms] GC(15353) Metaspace: 1025929K(1123328K)->1025929K(1123328K)
[2026-07-26T07:31:36.477+0200][386552360ms] GC(15353) Pause Young (Normal) (G1 Evacuation Pause) 26143M->9615M(32768M) 39.640ms
[2026-07-26T07:31:36.477+0200][386552360ms] GC(15353) User=0.77s Sys=0.11s Real=0.04s
[2026-07-26T07:31:36.477+0200][386552360ms] Concurrent String Deduplication (386552.361s)
[2026-07-26T07:31:36.477+0200][386552360ms] Concurrent String Deduplication 9544.0B->9504.0B(40.0B) avg 65.5% (386552.361s, 386552.361s) 0.197ms
[2026-07-26T07:33:38.822+0200][386674705ms] GC(15354) Pause Young (Concurrent Start) (G1 Evacuation Pause)
[2026-07-26T07:33:38.822+0200][386674705ms] GC(15354) Using 32 workers of 32 for evacuation
[2026-07-26T07:33:38.921+0200][386674804ms] GC(15354)   Pre Evacuate Collection Set: 8.1ms
[2026-07-26T07:33:38.921+0200][386674804ms] GC(15354)   Evacuate Collection Set: 55.0ms
[2026-07-26T07:33:38.921+0200][386674804ms] GC(15354)   Post Evacuate Collection Set: 36.2ms
[2026-07-26T07:33:38.922+0200][386674805ms] GC(15354)   Other: 0.5ms
[2026-07-26T07:33:38.922+0200][386674805ms] GC(15354) Eden regions: 1033->0(1033)
[2026-07-26T07:33:38.922+0200][386674805ms] GC(15354) Survivor regions: 2->2(130)
[2026-07-26T07:33:38.922+0200][386674805ms] GC(15354) Old regions: 592->592
[2026-07-26T07:33:38.922+0200][386674805ms] GC(15354) Humongous regions: 8->8
[2026-07-26T07:33:38.922+0200][386674805ms] GC(15354) Metaspace: 1025929K(1123328K)->1025929K(1123328K)
[2026-07-26T07:33:38.922+0200][386674805ms] GC(15354) Pause Young (Concurrent Start) (G1 Evacuation Pause) 26143M->9615M(32768M) 99.936ms
[2026-07-26T07:33:38.922+0200][386674805ms] GC(15354) User=1.79s Sys=0.00s Real=0.10s
[2026-07-26T07:33:38.922+0200][386674805ms] GC(15355) Concurrent Cycle
[2026-07-26T07:33:38.922+0200][386674805ms] GC(15355) Concurrent Clear Claimed Marks
[2026-07-26T07:33:38.922+0200][386674805ms] Concurrent String Deduplication (386674.806s)
[2026-07-26T07:33:38.924+0200][386674807ms] Concurrent String Deduplication 138.1K->60920.0B(80520.0B) avg 65.5% (386674.806s, 386674.807s) 1.221ms
[2026-07-26T07:33:38.929+0200][386674812ms] GC(15355) Concurrent Clear Claimed Marks 7.640ms
[2026-07-26T07:33:38.929+0200][386674812ms] GC(15355) Concurrent Scan Root Regions
[2026-07-26T07:33:38.944+0200][386674827ms] GC(15355) Concurrent Scan Root Regions 14.925ms
[2026-07-26T07:33:38.944+0200][386674827ms] GC(15355) Concurrent Mark (386674.828s)
[2026-07-26T07:33:38.944+0200][386674827ms] GC(15355) Concurrent Mark From Roots
[2026-07-26T07:33:38.944+0200][386674827ms] GC(15355) Using 24 workers of 24 for marking
[2026-07-26T07:33:40.551+0200][386676434ms] GC(15355) Concurrent Mark From Roots 1606.385ms
[2026-07-26T07:33:40.551+0200][386676434ms] GC(15355) Concurrent Preclean
[2026-07-26T07:33:40.572+0200][386676455ms] GC(15355) Concurrent Preclean 21.605ms
[2026-07-26T07:33:40.572+0200][386676455ms] GC(15355) Concurrent Mark (386674.828s, 386676.456s) 1628.111ms
[2026-07-26T07:33:40.573+0200][386676456ms] GC(15355) Pause Remark
[2026-07-26T07:33:40.854+0200][386676737ms] GC(15355) Cleaned string and symbol table, strings: 487080 processed, 595 removed, symbols: 1499614 processed, 0 removed
[2026-07-26T07:33:40.855+0200][386676738ms] GC(15355) MMU target violated: 201.0ms (200.0ms/201.0ms)
[2026-07-26T07:33:40.855+0200][386676738ms] GC(15355) Pause Remark 9903M->9903M(32768M) 282.300ms
[2026-07-26T07:33:40.855+0200][386676738ms] GC(15355) User=6.67s Sys=0.00s Real=0.28s
[2026-07-26T07:33:40.855+0200][386676738ms] GC(15355) Concurrent Rebuild Remembered Sets
[2026-07-26T07:33:42.604+0200][386678487ms] GC(15355) Concurrent Rebuild Remembered Sets 1748.425ms
[2026-07-26T07:33:42.604+0200][386678487ms] GC(15355) Pause Cleanup
[2026-07-26T07:33:42.606+0200][386678490ms] GC(15355) Pause Cleanup 9960M->9960M(32768M) 2.216ms
[2026-07-26T07:33:42.607+0200][386678490ms] GC(15355) User=0.03s Sys=0.00s Real=0.00s
[2026-07-26T07:33:42.607+0200][386678490ms] GC(15355) Concurrent Cleanup for Next Mark
[2026-07-26T07:33:42.614+0200][386678497ms] GC(15355) Concurrent Cleanup for Next Mark 7.547ms
[2026-07-26T07:33:42.614+0200][386678497ms] GC(15355) Concurrent Cycle 3692.572ms
[2026-07-26T07:36:05.017+0200][386820900ms] GC(15356) Pause Young (Normal) (G1 Evacuation Pause)
[2026-07-26T07:36:05.017+0200][386820900ms] GC(15356) Using 32 workers of 32 for evacuation
[2026-07-26T07:36:05.072+0200][386820955ms] GC(15356)   Pre Evacuate Collection Set: 0.1ms
[2026-07-26T07:36:05.072+0200][386820955ms] GC(15356)   Evacuate Collection Set: 13.8ms
[2026-07-26T07:36:05.072+0200][386820955ms] GC(15356)   Post Evacuate Collection Set: 40.1ms
[2026-07-26T07:36:05.072+0200][386820955ms] GC(15356)   Other: 0.6ms
[2026-07-26T07:36:05.072+0200][386820955ms] GC(15356) Eden regions: 1033->0(1033)
[2026-07-26T07:36:05.072+0200][386820955ms] GC(15356) Survivor regions: 2->2(130)
[2026-07-26T07:36:05.072+0200][386820955ms] GC(15356) Old regions: 592->592
[2026-07-26T07:36:05.072+0200][386820955ms] GC(15356) Humongous regions: 8->8
[2026-07-26T07:36:05.072+0200][386820955ms] GC(15356) Metaspace: 1025922K(1123328K)->1025922K(1123328K)
[2026-07-26T07:36:05.072+0200][386820955ms] GC(15356) Pause Young (Normal) (G1 Evacuation Pause) 26143M->9613M(32768M) 54.699ms
[2026-07-26T07:36:05.072+0200][386820955ms] GC(15356) User=1.19s Sys=0.00s Real=0.06s
[2026-07-26T07:36:05.072+0200][386820955ms] Concurrent String Deduplication (386820.956s)
[2026-07-26T07:36:05.073+0200][386820956ms] Concurrent String Deduplication 15640.0B->15288.0B(352.0B) avg 65.5% (386820.956s, 386820.957s) 0.761ms
[2026-07-26T07:38:05.782+0200][386941665ms] GC(15357) Pause Young (Concurrent Start) (G1 Evacuation Pause)
[2026-07-26T07:38:05.782+0200][386941665ms] GC(15357) Using 32 workers of 32 for evacuation
[2026-07-26T07:38:05.891+0200][386941774ms] GC(15357)   Pre Evacuate Collection Set: 12.0ms
[2026-07-26T07:38:05.891+0200][386941774ms] GC(15357)   Evacuate Collection Set: 60.1ms
[2026-07-26T07:38:05.891+0200][386941774ms] GC(15357)   Post Evacuate Collection Set: 37.1ms
[2026-07-26T07:38:05.891+0200][386941774ms] GC(15357)   Other: 0.5ms
[2026-07-26T07:38:05.891+0200][386941774ms] GC(15357) Eden regions: 1033->0(1034)
[2026-07-26T07:38:05.891+0200][386941774ms] GC(15357) Survivor regions: 2->1(130)
[2026-07-26T07:38:05.891+0200][386941774ms] GC(15357) Old regions: 592->592
[2026-07-26T07:38:05.891+0200][386941774ms] GC(15357) Humongous regions: 8->8
[2026-07-26T07:38:05.891+0200][386941774ms] GC(15357) Metaspace: 1025922K(1123328K)->1025922K(1123328K)
[2026-07-26T07:38:05.891+0200][386941774ms] GC(15357) Pause Young (Concurrent Start) (G1 Evacuation Pause) 26141M->9612M(32768M) 109.818ms
[2026-07-26T07:38:05.891+0200][386941774ms] GC(15357) User=1.82s Sys=0.00s Real=0.11s
[2026-07-26T07:38:05.891+0200][386941774ms] GC(15358) Concurrent Cycle
[2026-07-26T07:38:05.891+0200][386941774ms] GC(15358) Concurrent Clear Claimed Marks
[2026-07-26T07:38:05.892+0200][386941775ms] Concurrent String Deduplication (386941.775s)
[2026-07-26T07:38:05.893+0200][386941776ms] Concurrent String Deduplication 121.7K->60640.0B(64008.0B) avg 65.5% (386941.775s, 386941.777s) 1.164ms
[2026-07-26T07:38:05.900+0200][386941783ms] GC(15358) Concurrent Clear Claimed Marks 8.121ms
[2026-07-26T07:38:05.900+0200][386941783ms] GC(15358) Concurrent Scan Root Regions
[2026-07-26T07:38:05.917+0200][386941800ms] GC(15358) Concurrent Scan Root Regions 16.900ms
[2026-07-26T07:38:05.917+0200][386941800ms] GC(15358) Concurrent Mark (386941.800s)
[2026-07-26T07:38:05.917+0200][386941800ms] GC(15358) Concurrent Mark From Roots
[2026-07-26T07:38:05.917+0200][386941800ms] GC(15358) Using 24 workers of 24 for marking
[2026-07-26T07:38:07.555+0200][386943438ms] GC(15358) Concurrent Mark From Roots 1638.323ms
[2026-07-26T07:38:07.555+0200][386943438ms] GC(15358) Concurrent Preclean
[2026-07-26T07:38:07.579+0200][386943462ms] GC(15358) Concurrent Preclean 23.664ms
[2026-07-26T07:38:07.579+0200][386943462ms] GC(15358) Concurrent Mark (386941.800s, 386943.462s) 1662.111ms
[2026-07-26T07:38:07.581+0200][386943464ms] GC(15358) Pause Remark
[2026-07-26T07:38:07.893+0200][386943776ms] GC(15358) Cleaned string and symbol table, strings: 487059 processed, 47 removed, symbols: 1499614 processed, 4 removed
[2026-07-26T07:38:07.895+0200][386943778ms] GC(15358) MMU target violated: 201.0ms (200.0ms/201.0ms)
[2026-07-26T07:38:07.895+0200][386943778ms] GC(15358) Pause Remark 10228M->10228M(32768M) 314.112ms
[2026-07-26T07:38:07.895+0200][386943778ms] GC(15358) User=7.16s Sys=0.10s Real=0.31s
[2026-07-26T07:38:07.900+0200][386943783ms] GC(15358) Concurrent Rebuild Remembered Sets
[2026-07-26T07:38:09.896+0200][386945779ms] GC(15358) Concurrent Rebuild Remembered Sets 1996.169ms
[2026-07-26T07:38:09.897+0200][386945780ms] GC(15358) Pause Cleanup
[2026-07-26T07:38:09.899+0200][386945782ms] GC(15358) Pause Cleanup 10972M->10972M(32768M) 2.273ms
[2026-07-26T07:38:09.899+0200][386945782ms] GC(15358) User=0.03s Sys=0.00s Real=0.01s
[2026-07-26T07:38:09.899+0200][386945782ms] GC(15358) Concurrent Cleanup for Next Mark
[2026-07-26T07:38:09.910+0200][386945794ms] GC(15358) Concurrent Cleanup for Next Mark 11.165ms
[2026-07-26T07:38:09.911+0200][386945794ms] GC(15358) Concurrent Cycle 4019.149ms
[2026-07-26T07:40:07.121+0200][387063004ms] GC(15359) Pause Young (Normal) (G1 Evacuation Pause)
[2026-07-26T07:40:07.121+0200][387063004ms] GC(15359) Using 32 workers of 32 for evacuation
[2026-07-26T07:40:07.165+0200][387063048ms] GC(15359)   Pre Evacuate Collection Set: 0.1ms
[2026-07-26T07:40:07.165+0200][387063048ms] GC(15359)   Evacuate Collection Set: 13.3ms
[2026-07-26T07:40:07.165+0200][387063048ms] GC(15359)   Post Evacuate Collection Set: 30.1ms
[2026-07-26T07:40:07.165+0200][387063048ms] GC(15359)   Other: 0.6ms
[2026-07-26T07:40:07.166+0200][387063049ms] GC(15359) Eden regions: 1034->0(1033)
[2026-07-26T07:40:07.166+0200][387063049ms] GC(15359) Survivor regions: 1->2(130)
[2026-07-26T07:40:07.166+0200][387063049ms] GC(15359) Old regions: 592->592
[2026-07-26T07:40:07.166+0200][387063049ms] GC(15359) Humongous regions: 8->8
[2026-07-26T07:40:07.166+0200][387063049ms] GC(15359) Metaspace: 1025771K(1123328K)->1025771K(1123328K)
[2026-07-26T07:40:07.166+0200][387063049ms] GC(15359) Pause Young (Normal) (G1 Evacuation Pause) 26156M->9614M(32768M) 44.264ms
[2026-07-26T07:40:07.166+0200][387063049ms] GC(15359) User=0.85s Sys=0.01s Real=0.04s
[2026-07-26T07:40:07.166+0200][387063049ms] Concurrent String Deduplication (387063.050s)
[2026-07-26T07:40:07.167+0200][387063050ms] Concurrent String Deduplication 55792.0B->31736.0B(24056.0B) avg 65.5% (387063.050s, 387063.051s) 0.581ms
[2026-07-26T07:42:06.340+0200][387182223ms] GC(15360) Pause Young (Concurrent Start) (G1 Evacuation Pause)
[2026-07-26T07:42:06.340+0200][387182223ms] GC(15360) Using 32 workers of 32 for evacuation
[2026-07-26T07:42:06.453+0200][387182336ms] GC(15360)   Pre Evacuate Collection Set: 10.0ms
[2026-07-26T07:42:06.453+0200][387182336ms] GC(15360)   Evacuate Collection Set: 61.7ms
[2026-07-26T07:42:06.453+0200][387182336ms] GC(15360)   Post Evacuate Collection Set: 40.8ms
[2026-07-26T07:42:06.453+0200][387182336ms] GC(15360)   Other: 0.6ms
[2026-07-26T07:42:06.453+0200][387182336ms] GC(15360) Eden regions: 1033->0(1033)
[2026-07-26T07:42:06.453+0200][387182336ms] GC(15360) Survivor regions: 2->2(130)
[2026-07-26T07:42:06.453+0200][387182336ms] GC(15360) Old regions: 592->592
[2026-07-26T07:42:06.453+0200][387182336ms] GC(15360) Humongous regions: 8->8
[2026-07-26T07:42:06.453+0200][387182336ms] GC(15360) Metaspace: 1025772K(1123328K)->1025772K(1123328K)
[2026-07-26T07:42:06.453+0200][387182336ms] GC(15360) Pause Young (Concurrent Start) (G1 Evacuation Pause) 26142M->9622M(32768M) 113.106ms
[2026-07-26T07:42:06.453+0200][387182336ms] GC(15360) User=2.39s Sys=0.01s Real=0.11s
[2026-07-26T07:42:06.453+0200][387182336ms] GC(15361) Concurrent Cycle
[2026-07-26T07:42:06.453+0200][387182336ms] GC(15361) Concurrent Clear Claimed Marks
[2026-07-26T07:42:06.453+0200][387182336ms] Concurrent String Deduplication (387182.337s)
[2026-07-26T07:42:06.454+0200][387182337ms] Concurrent String Deduplication 36456.0B->23616.0B(12840.0B) avg 65.5% (387182.337s, 387182.337s) 0.419ms
[2026-07-26T07:42:06.463+0200][387182346ms] GC(15361) Concurrent Clear Claimed Marks 10.517ms
[2026-07-26T07:42:06.463+0200][387182346ms] GC(15361) Concurrent Scan Root Regions
[2026-07-26T07:42:06.480+0200][387182363ms] GC(15361) Concurrent Scan Root Regions 16.688ms
[2026-07-26T07:42:06.480+0200][387182363ms] GC(15361) Concurrent Mark (387182.364s)
[2026-07-26T07:42:06.480+0200][387182363ms] GC(15361) Concurrent Mark From Roots
[2026-07-26T07:42:06.480+0200][387182363ms] GC(15361) Using 24 workers of 24 for marking
[2026-07-26T07:42:08.251+0200][387184134ms] GC(15361) Concurrent Mark From Roots 1770.687ms
[2026-07-26T07:42:08.251+0200][387184134ms] GC(15361) Concurrent Preclean
[2026-07-26T07:42:08.280+0200][387184163ms] GC(15361) Concurrent Preclean 29.243ms
[2026-07-26T07:42:08.280+0200][387184163ms] GC(15361) Concurrent Mark (387182.364s, 387184.164s) 1800.046ms
[2026-07-26T07:42:08.281+0200][387184164ms] GC(15361) Pause Remark
[2026-07-26T07:42:08.583+0200][387184466ms] GC(15361) Cleaned string and symbol table, strings: 487028 processed, 44 removed, symbols: 1499610 processed, 90 removed
[2026-07-26T07:42:08.584+0200][387184467ms] GC(15361) MMU target violated: 201.0ms (200.0ms/201.0ms)
[2026-07-26T07:42:08.584+0200][387184467ms] GC(15361) Pause Remark 10334M->10334M(32768M) 303.433ms
[2026-07-26T07:42:08.584+0200][387184467ms] GC(15361) User=6.86s Sys=0.08s Real=0.30s
[2026-07-26T07:42:08.584+0200][387184467ms] GC(15361) Concurrent Rebuild Remembered Sets
[2026-07-26T07:42:10.669+0200][387186552ms] GC(15361) Concurrent Rebuild Remembered Sets 2084.852ms
[2026-07-26T07:42:10.670+0200][387186553ms] GC(15361) Pause Cleanup
[2026-07-26T07:42:10.672+0200][387186555ms] GC(15361) Pause Cleanup 11134M->11134M(32768M) 2.464ms
[2026-07-26T07:42:10.672+0200][387186555ms] GC(15361) User=0.03s Sys=0.00s Real=0.00s
[2026-07-26T07:42:10.672+0200][387186555ms] GC(15361) Concurrent Cleanup for Next Mark
[2026-07-26T07:42:10.682+0200][387186565ms] GC(15361) Concurrent Cleanup for Next Mark 9.775ms
[2026-07-26T07:42:10.682+0200][387186565ms] GC(15361) Concurrent Cycle 4229.324ms
[2026-07-26T07:44:04.985+0200][387300868ms] GC(15362) Pause Young (Normal) (G1 Evacuation Pause)
[2026-07-26T07:44:04.985+0200][387300868ms] GC(15362) Using 32 workers of 32 for evacuation
[2026-07-26T07:44:05.036+0200][387300919ms] GC(15362)   Pre Evacuate Collection Set: 0.1ms
[2026-07-26T07:44:05.036+0200][387300919ms] GC(15362)   Evacuate Collection Set: 17.0ms
[2026-07-26T07:44:05.036+0200][387300919ms] GC(15362)   Post Evacuate Collection Set: 33.3ms
[2026-07-26T07:44:05.036+0200][387300919ms] GC(15362)   Other: 0.5ms
[2026-07-26T07:44:05.036+0200][387300919ms] GC(15362) Eden regions: 1033->0(1033)
[2026-07-26T07:44:05.036+0200][387300919ms] GC(15362) Survivor regions: 2->2(130)
[2026-07-26T07:44:05.036+0200][387300919ms] GC(15362) Old regions: 592->592
[2026-07-26T07:44:05.036+0200][387300919ms] GC(15362) Humongous regions: 8->8
[2026-07-26T07:44:05.036+0200][387300919ms] GC(15362) Metaspace: 1025585K(1123328K)->1025585K(1123328K)
[2026-07-26T07:44:05.036+0200][387300919ms] GC(15362) Pause Young (Normal) (G1 Evacuation Pause) 26150M->9619M(32768M) 51.215ms
[2026-07-26T07:44:05.036+0200][387300919ms] GC(15362) User=1.04s Sys=0.00s Real=0.05s
[2026-07-26T07:44:05.037+0200][387300920ms] Concurrent String Deduplication (387300.921s)
[2026-07-26T07:44:05.039+0200][387300922ms] Concurrent String Deduplication 525.6K->328.1K(197.5K) avg 65.5% (387300.921s, 387300.923s) 2.544ms
[2026-07-26T07:46:05.709+0200][387421592ms] GC(15363) Pause Young (Concurrent Start) (G1 Evacuation Pause)
[2026-07-26T07:46:05.709+0200][387421592ms] GC(15363) Using 32 workers of 32 for evacuation
[2026-07-26T07:46:05.795+0200][387421678ms] GC(15363)   Pre Evacuate Collection Set: 8.1ms
[2026-07-26T07:46:05.795+0200][387421678ms] GC(15363)   Evacuate Collection Set: 46.7ms
[2026-07-26T07:46:05.795+0200][387421678ms] GC(15363)   Post Evacuate Collection Set: 31.1ms
[2026-07-26T07:46:05.795+0200][387421678ms] GC(15363)   Other: 0.5ms
[2026-07-26T07:46:05.795+0200][387421678ms] GC(15363) Eden regions: 1033->0(1033)
[2026-07-26T07:46:05.795+0200][387421678ms] GC(15363) Survivor regions: 2->2(130)
[2026-07-26T07:46:05.795+0200][387421678ms] GC(15363) Old regions: 592->592
[2026-07-26T07:46:05.795+0200][387421678ms] GC(15363) Humongous regions: 8->8
[2026-07-26T07:46:05.795+0200][387421678ms] GC(15363) Metaspace: 1025585K(1123328K)->1025585K(1123328K)
[2026-07-26T07:46:05.796+0200][387421679ms] GC(15363) Pause Young (Concurrent Start) (G1 Evacuation Pause) 26147M->9619M(32768M) 86.520ms
[2026-07-26T07:46:05.796+0200][387421679ms] GC(15363) User=1.66s Sys=0.03s Real=0.08s
[2026-07-26T07:46:05.796+0200][387421679ms] Concurrent String Deduplication (387421.680s)
[2026-07-26T07:46:05.797+0200][387421680ms] GC(15364) Concurrent Cycle
[2026-07-26T07:46:05.797+0200][387421680ms] GC(15364) Concurrent Clear Claimed Marks
[2026-07-26T07:46:05.800+0200][387421683ms] Concurrent String Deduplication 587.9K->348.0K(239.9K) avg 65.5% (387421.680s, 387421.683s) 3.796ms
[2026-07-26T07:46:05.806+0200][387421689ms] GC(15364) Concurrent Clear Claimed Marks 8.679ms
[2026-07-26T07:46:05.806+0200][387421689ms] GC(15364) Concurrent Scan Root Regions
[2026-07-26T07:46:05.817+0200][387421700ms] GC(15364) Concurrent Scan Root Regions 11.048ms
[2026-07-26T07:46:05.817+0200][387421700ms] GC(15364) Concurrent Mark (387421.701s)
[2026-07-26T07:46:05.817+0200][387421700ms] GC(15364) Concurrent Mark From Roots
[2026-07-26T07:46:05.817+0200][387421700ms] GC(15364) Using 24 workers of 24 for marking
[2026-07-26T07:46:07.501+0200][387423384ms] GC(15364) Concurrent Mark From Roots 1683.668ms
[2026-07-26T07:46:07.501+0200][387423384ms] GC(15364) Concurrent Preclean
[2026-07-26T07:46:07.530+0200][387423413ms] GC(15364) Concurrent Preclean 29.458ms
[2026-07-26T07:46:07.530+0200][387423413ms] GC(15364) Concurrent Mark (387421.701s, 387423.414s) 1713.282ms
[2026-07-26T07:46:07.531+0200][387423414ms] GC(15364) Pause Remark
[2026-07-26T07:46:07.845+0200][387423728ms] GC(15364) Cleaned string and symbol table, strings: 486984 processed, 93 removed, symbols: 1499520 processed, 90 removed
[2026-07-26T07:46:07.846+0200][387423729ms] GC(15364) MMU target violated: 201.0ms (200.0ms/201.0ms)
[2026-07-26T07:46:07.846+0200][387423729ms] GC(15364) Pause Remark 10467M->10467M(32768M) 315.262ms
[2026-07-26T07:46:07.846+0200][387423729ms] GC(15364) User=7.70s Sys=0.03s Real=0.31s
[2026-07-26T07:46:07.846+0200][387423729ms] GC(15364) Concurrent Rebuild Remembered Sets
[2026-07-26T07:46:09.888+0200][387425771ms] GC(15364) Concurrent Rebuild Remembered Sets 2041.601ms
[2026-07-26T07:46:09.889+0200][387425772ms] GC(15364) Pause Cleanup
[2026-07-26T07:46:09.890+0200][387425773ms] GC(15364) Pause Cleanup 11227M->11227M(32768M) 1.746ms
[2026-07-26T07:46:09.890+0200][387425773ms] GC(15364) User=0.02s Sys=0.00s Real=0.00s
[2026-07-26T07:46:09.891+0200][387425774ms] GC(15364) Concurrent Cleanup for Next Mark
[2026-07-26T07:46:09.900+0200][387425783ms] GC(15364) Concurrent Cleanup for Next Mark 9.878ms
[2026-07-26T07:46:09.900+0200][387425783ms] GC(15364) Concurrent Cycle 4103.168ms
[2026-07-26T07:48:06.256+0200][387542139ms] GC(15365) Pause Young (Prepare Mixed) (G1 Evacuation Pause)
[2026-07-26T07:48:06.256+0200][387542139ms] GC(15365) Using 32 workers of 32 for evacuation
[2026-07-26T07:48:06.315+0200][387542198ms] GC(15365)   Pre Evacuate Collection Set: 0.1ms
[2026-07-26T07:48:06.315+0200][387542198ms] GC(15365)   Evacuate Collection Set: 24.1ms
[2026-07-26T07:48:06.315+0200][387542198ms] GC(15365)   Post Evacuate Collection Set: 34.4ms
[2026-07-26T07:48:06.315+0200][387542198ms] GC(15365)   Other: 0.8ms
[2026-07-26T07:48:06.315+0200][387542198ms] GC(15365) Eden regions: 1033->0(100)
[2026-07-26T07:48:06.315+0200][387542198ms] GC(15365) Survivor regions: 2->2(130)
[2026-07-26T07:48:06.315+0200][387542198ms] GC(15365) Old regions: 592->592
[2026-07-26T07:48:06.315+0200][387542198ms] GC(15365) Humongous regions: 8->8
[2026-07-26T07:48:06.315+0200][387542198ms] GC(15365) Metaspace: 1025528K(1123328K)->1025528K(1123328K)
[2026-07-26T07:48:06.315+0200][387542198ms] GC(15365) Pause Young (Prepare Mixed) (G1 Evacuation Pause) 26147M->9619M(32768M) 59.471ms
[2026-07-26T07:48:06.315+0200][387542198ms] GC(15365) User=1.41s Sys=0.03s Real=0.06s
[2026-07-26T07:48:06.315+0200][387542198ms] Concurrent String Deduplication (387542.199s)
[2026-07-26T07:48:06.317+0200][387542200ms] Concurrent String Deduplication 206.5K->126.0K(82424.0B) avg 65.5% (387542.199s, 387542.200s) 1.309ms
[2026-07-26T07:48:07.721+0200][387543604ms] GC(15366) Pause Young (Mixed) (G1 Evacuation Pause)
[2026-07-26T07:48:07.721+0200][387543604ms] GC(15366) Using 32 workers of 32 for evacuation
[2026-07-26T07:48:07.811+0200][387543694ms] GC(15366)   Pre Evacuate Collection Set: 0.2ms
[2026-07-26T07:48:07.811+0200][387543694ms] GC(15366)   Evacuate Collection Set: 51.5ms
[2026-07-26T07:48:07.811+0200][387543694ms] GC(15366)   Post Evacuate Collection Set: 37.4ms
[2026-07-26T07:48:07.811+0200][387543694ms] GC(15366)   Other: 1.0ms
[2026-07-26T07:48:07.811+0200][387543694ms] GC(15366) Eden regions: 100->0(1033)
[2026-07-26T07:48:07.811+0200][387543694ms] GC(15366) Survivor regions: 2->2(13)
[2026-07-26T07:48:07.811+0200][387543694ms] GC(15366) Old regions: 592->592
[2026-07-26T07:48:07.811+0200][387543694ms] GC(15366) Humongous regions: 8->8
[2026-07-26T07:48:07.811+0200][387543694ms] GC(15366) Metaspace: 1025528K(1123328K)->1025528K(1123328K)
[2026-07-26T07:48:07.811+0200][387543694ms] GC(15366) Pause Young (Mixed) (G1 Evacuation Pause) 11219M->9612M(32768M) 90.354ms
[2026-07-26T07:48:07.812+0200][387543695ms] GC(15366) User=2.24s Sys=0.03s Real=0.09s
[2026-07-26T07:48:07.812+0200][387543695ms] Concurrent String Deduplication (387543.696s)
[2026-07-26T07:48:07.812+0200][387543695ms] Concurrent String Deduplication 19568.0B->15520.0B(4048.0B) avg 65.5% (387543.696s, 387543.696s) 0.160ms
[2026-07-26T07:50:09.882+0200][387665765ms] GC(15367) Pause Young (Normal) (G1 Evacuation Pause)
[2026-07-26T07:50:09.882+0200][387665765ms] GC(15367) Using 32 workers of 32 for evacuation
[2026-07-26T07:50:09.951+0200][387665834ms] GC(15367)   Pre Evacuate Collection Set: 0.1ms
[2026-07-26T07:50:09.951+0200][387665834ms] GC(15367)   Evacuate Collection Set: 19.2ms
[2026-07-26T07:50:09.951+0200][387665834ms] GC(15367)   Post Evacuate Collection Set: 44.1ms
[2026-07-26T07:50:09.951+0200][387665834ms] GC(15367)   Other: 5.3ms
[2026-07-26T07:50:09.951+0200][387665834ms] GC(15367) Eden regions: 1033->0(1033)
[2026-07-26T07:50:09.951+0200][387665834ms] GC(15367) Survivor regions: 2->2(130)
[2026-07-26T07:50:09.951+0200][387665834ms] GC(15367) Old regions: 592->592
[2026-07-26T07:50:09.951+0200][387665834ms] GC(15367) Humongous regions: 8->8
[2026-07-26T07:50:09.951+0200][387665834ms] GC(15367) Metaspace: 1025528K(1123328K)->1025528K(1123328K)
[2026-07-26T07:50:09.951+0200][387665834ms] GC(15367) Pause Young (Normal) (G1 Evacuation Pause) 26140M->9616M(32768M) 69.015ms
[2026-07-26T07:50:09.951+0200][387665834ms] GC(15367) User=1.32s Sys=0.02s Real=0.07s
[2026-07-26T07:50:09.952+0200][387665835ms] Concurrent String Deduplication (387665.835s)
[2026-07-26T07:50:09.953+0200][387665836ms] Concurrent String Deduplication 100.2K->53416.0B(49208.0B) avg 65.5% (387665.835s, 387665.837s) 1.061ms
[2026-07-26T07:52:08.422+0200][387784305ms] GC(15368) Pause Young (Normal) (G1 Evacuation Pause)
[2026-07-26T07:52:08.422+0200][387784305ms] GC(15368) Using 32 workers of 32 for evacuation
[2026-07-26T07:52:08.476+0200][387784359ms] GC(15368)   Pre Evacuate Collection Set: 0.1ms
[2026-07-26T07:52:08.476+0200][387784359ms] GC(15368)   Evacuate Collection Set: 12.1ms
[2026-07-26T07:52:08.476+0200][387784359ms] GC(15368)   Post Evacuate Collection Set: 41.5ms
[2026-07-26T07:52:08.476+0200][387784359ms] GC(15368)   Other: 0.5ms
[2026-07-26T07:52:08.476+0200][387784359ms] GC(15368) Eden regions: 1033->0(1033)
[2026-07-26T07:52:08.476+0200][387784359ms] GC(15368) Survivor regions: 2->2(130)
[2026-07-26T07:52:08.476+0200][387784359ms] GC(15368) Old regions: 592->592
[2026-07-26T07:52:08.476+0200][387784359ms] GC(15368) Humongous regions: 8->8
[2026-07-26T07:52:08.476+0200][387784359ms] GC(15368) Metaspace: 1025528K(1123328K)->1025528K(1123328K)
[2026-07-26T07:52:08.476+0200][387784359ms] GC(15368) Pause Young (Normal) (G1 Evacuation Pause) 26144M->9620M(32768M) 54.293ms
[2026-07-26T07:52:08.476+0200][387784359ms] GC(15368) User=0.97s Sys=0.08s Real=0.05s
[2026-07-26T07:52:08.476+0200][387784359ms] Concurrent String Deduplication (387784.360s)
[2026-07-26T07:52:08.476+0200][387784359ms] Concurrent String Deduplication 152.0B->152.0B(0.0B) avg 65.5% (387784.360s, 387784.360s) 0.026ms
[2026-07-26T07:54:09.332+0200][387905215ms] GC(15369) Pause Young (Concurrent Start) (G1 Evacuation Pause)
[2026-07-26T07:54:09.332+0200][387905215ms] GC(15369) Using 32 workers of 32 for evacuation
[2026-07-26T07:54:09.452+0200][387905335ms] GC(15369)   Pre Evacuate Collection Set: 8.3ms
[2026-07-26T07:54:09.452+0200][387905335ms] GC(15369)   Evacuate Collection Set: 73.1ms
[2026-07-26T07:54:09.452+0200][387905335ms] GC(15369)   Post Evacuate Collection Set: 38.3ms
[2026-07-26T07:54:09.452+0200][387905335ms] GC(15369)   Other: 0.5ms
[2026-07-26T07:54:09.452+0200][387905335ms] GC(15369) Eden regions: 1033->0(1033)
[2026-07-26T07:54:09.452+0200][387905335ms] GC(15369) Survivor regions: 2->2(130)
[2026-07-26T07:54:09.452+0200][387905335ms] GC(15369) Old regions: 592->592
[2026-07-26T07:54:09.452+0200][387905335ms] GC(15369) Humongous regions: 8->8
[2026-07-26T07:54:09.452+0200][387905335ms] GC(15369) Metaspace: 1025528K(1123328K)->1025528K(1123328K)
[2026-07-26T07:54:09.452+0200][387905335ms] GC(15369) Pause Young (Concurrent Start) (G1 Evacuation Pause) 26148M->9619M(32768M) 120.345ms
[2026-07-26T07:54:09.453+0200][387905336ms] GC(15369) User=2.17s Sys=0.00s Real=0.12s
[2026-07-26T07:54:09.453+0200][387905336ms] GC(15370) Concurrent Cycle
[2026-07-26T07:54:09.453+0200][387905336ms] GC(15370) Concurrent Clear Claimed Marks
[2026-07-26T07:54:09.453+0200][387905336ms] Concurrent String Deduplication (387905.337s)
[2026-07-26T07:54:09.458+0200][387905341ms] Concurrent String Deduplication 509.2K->321.4K(187.9K) avg 65.5% (387905.337s, 387905.342s) 5.308ms
[2026-07-26T07:54:09.462+0200][387905345ms] GC(15370) Concurrent Clear Claimed Marks 8.858ms
[2026-07-26T07:54:09.462+0200][387905345ms] GC(15370) Concurrent Scan Root Regions
[2026-07-26T07:54:09.476+0200][387905359ms] GC(15370) Concurrent Scan Root Regions 14.356ms
[2026-07-26T07:54:09.476+0200][387905359ms] GC(15370) Concurrent Mark (387905.360s)
[2026-07-26T07:54:09.476+0200][387905359ms] GC(15370) Concurrent Mark From Roots
[2026-07-26T07:54:09.476+0200][387905359ms] GC(15370) Using 24 workers of 24 for marking
[2026-07-26T07:54:11.292+0200][387907175ms] GC(15370) Concurrent Mark From Roots 1816.239ms
[2026-07-26T07:54:11.292+0200][387907175ms] GC(15370) Concurrent Preclean
[2026-07-26T07:54:11.316+0200][387907199ms] GC(15370) Concurrent Preclean 24.073ms
[2026-07-26T07:54:11.316+0200][387907199ms] GC(15370) Concurrent Mark (387905.360s, 387907.200s) 1840.447ms
[2026-07-26T07:54:11.317+0200][387907200ms] GC(15370) Pause Remark
[2026-07-26T07:54:11.611+0200][387907494ms] GC(15370) Cleaned string and symbol table, strings: 486918 processed, 1068 removed, symbols: 1499430 processed, 32 removed
[2026-07-26T07:54:11.613+0200][387907496ms] GC(15370) MMU target violated: 201.0ms (200.0ms/201.0ms)
[2026-07-26T07:54:11.613+0200][387907496ms] GC(15370) Pause Remark 10627M->10627M(32768M) 295.825ms
[2026-07-26T07:54:11.613+0200][387907496ms] GC(15370) User=7.01s Sys=0.01s Real=0.30s
[2026-07-26T07:54:11.613+0200][387907496ms] GC(15370) Concurrent Rebuild Remembered Sets
[2026-07-26T07:54:13.586+0200][387909469ms] GC(15370) Concurrent Rebuild Remembered Sets 1973.495ms
[2026-07-26T07:54:13.587+0200][387909470ms] GC(15370) Pause Cleanup
[2026-07-26T07:54:13.589+0200][387909472ms] GC(15370) Pause Cleanup 10779M->10779M(32768M) 2.457ms
[2026-07-26T07:54:13.589+0200][387909472ms] GC(15370) User=0.02s Sys=0.00s Real=0.01s
[2026-07-26T07:54:13.589+0200][387909472ms] GC(15370) Concurrent Cleanup for Next Mark
[2026-07-26T07:54:13.601+0200][387909484ms] GC(15370) Concurrent Cleanup for Next Mark 11.277ms
[2026-07-26T07:54:13.602+0200][387909485ms] GC(15370) Concurrent Cycle 4149.579ms
[2026-07-26T07:56:09.817+0200][388025700ms] GC(15371) Pause Young (Normal) (G1 Evacuation Pause)
[2026-07-26T07:56:09.817+0200][388025700ms] GC(15371) Using 32 workers of 32 for evacuation
[2026-07-26T07:56:09.861+0200][388025744ms] GC(15371)   Pre Evacuate Collection Set: 0.1ms
[2026-07-26T07:56:09.861+0200][388025744ms] GC(15371)   Evacuate Collection Set: 13.2ms
[2026-07-26T07:56:09.861+0200][388025744ms] GC(15371)   Post Evacuate Collection Set: 29.6ms
[2026-07-26T07:56:09.861+0200][388025744ms] GC(15371)   Other: 0.5ms
[2026-07-26T07:56:09.861+0200][388025744ms] GC(15371) Eden regions: 1033->0(1033)
[2026-07-26T07:56:09.861+0200][388025744ms] GC(15371) Survivor regions: 2->2(130)
[2026-07-26T07:56:09.861+0200][388025744ms] GC(15371) Old regions: 592->592
[2026-07-26T07:56:09.861+0200][388025744ms] GC(15371) Humongous regions: 8->8
[2026-07-26T07:56:09.861+0200][388025744ms] GC(15371) Metaspace: 1025282K(1123328K)->1025282K(1123328K)
[2026-07-26T07:56:09.861+0200][388025744ms] GC(15371) Pause Young (Normal) (G1 Evacuation Pause) 26147M->9618M(32768M) 43.519ms
[2026-07-26T07:56:09.861+0200][388025744ms] GC(15371) User=0.87s Sys=0.08s Real=0.05s
[2026-07-26T07:56:09.861+0200][388025744ms] Concurrent String Deduplication (388025.745s)
[2026-07-26T07:56:09.865+0200][388025748ms] Concurrent String Deduplication 797.5K->460.0K(337.5K) avg 65.5% (388025.745s, 388025.749s) 3.845ms
[2026-07-26T07:58:08.361+0200][388144244ms] GC(15372) Pause Young (Concurrent Start) (G1 Evacuation Pause)
[2026-07-26T07:58:08.361+0200][388144244ms] GC(15372) Using 32 workers of 32 for evacuation
[2026-07-26T07:58:08.456+0200][388144339ms] GC(15372)   Pre Evacuate Collection Set: 8.3ms
[2026-07-26T07:58:08.456+0200][388144339ms] GC(15372)   Evacuate Collection Set: 52.6ms
[2026-07-26T07:58:08.456+0200][388144339ms] GC(15372)   Post Evacuate Collection Set: 33.0ms
[2026-07-26T07:58:08.456+0200][388144339ms] GC(15372)   Other: 0.5ms
[2026-07-26T07:58:08.456+0200][388144339ms] GC(15372) Eden regions: 1033->0(1033)
[2026-07-26T07:58:08.456+0200][388144339ms] GC(15372) Survivor regions: 2->2(130)
[2026-07-26T07:58:08.456+0200][388144339ms] GC(15372) Old regions: 592->592
[2026-07-26T07:58:08.456+0200][388144339ms] GC(15372) Humongous regions: 8->8
[2026-07-26T07:58:08.456+0200][388144339ms] GC(15372) Metaspace: 1025282K(1123328K)->1025282K(1123328K)
[2026-07-26T07:58:08.456+0200][388144339ms] GC(15372) Pause Young (Concurrent Start) (G1 Evacuation Pause) 26146M->9617M(32768M) 94.438ms
[2026-07-26T07:58:08.456+0200][388144339ms] GC(15372) User=1.83s Sys=0.02s Real=0.09s
[2026-07-26T07:58:08.456+0200][388144339ms] GC(15373) Concurrent Cycle
[2026-07-26T07:58:08.456+0200][388144339ms] GC(15373) Concurrent Clear Claimed Marks
[2026-07-26T07:58:08.456+0200][388144339ms] Concurrent String Deduplication (388144.340s)
[2026-07-26T07:58:08.457+0200][388144340ms] Concurrent String Deduplication 45312.0B->24648.0B(20664.0B) avg 65.5% (388144.340s, 388144.340s) 0.431ms
[2026-07-26T07:58:08.464+0200][388144347ms] GC(15373) Concurrent Clear Claimed Marks 8.076ms
[2026-07-26T07:58:08.464+0200][388144347ms] GC(15373) Concurrent Scan Root Regions
[2026-07-26T07:58:08.474+0200][388144357ms] GC(15373) Concurrent Scan Root Regions 10.187ms
[2026-07-26T07:58:08.474+0200][388144357ms] GC(15373) Concurrent Mark (388144.358s)
[2026-07-26T07:58:08.474+0200][388144357ms] GC(15373) Concurrent Mark From Roots
[2026-07-26T07:58:08.474+0200][388144357ms] GC(15373) Using 24 workers of 24 for marking
[2026-07-26T07:58:10.022+0200][388145905ms] GC(15373) Concurrent Mark From Roots 1548.126ms
[2026-07-26T07:58:10.022+0200][388145905ms] GC(15373) Concurrent Preclean
[2026-07-26T07:58:10.051+0200][388145934ms] GC(15373) Concurrent Preclean 28.613ms
[2026-07-26T07:58:10.051+0200][388145934ms] GC(15373) Concurrent Mark (388144.358s, 388145.935s) 1576.840ms
[2026-07-26T07:58:10.052+0200][388145935ms] GC(15373) Pause Remark
[2026-07-26T07:58:10.373+0200][388146256ms] GC(15373) Cleaned string and symbol table, strings: 486830 processed, 602 removed, symbols: 1499398 processed, 136 removed
[2026-07-26T07:58:10.374+0200][388146257ms] GC(15373) MMU target violated: 201.0ms (200.0ms/201.0ms)
[2026-07-26T07:58:10.374+0200][388146257ms] GC(15373) Pause Remark 10177M->10177M(32768M) 322.692ms
[2026-07-26T07:58:10.374+0200][388146257ms] GC(15373) User=7.68s Sys=0.01s Real=0.32s
[2026-07-26T07:58:10.374+0200][388146257ms] GC(15373) Concurrent Rebuild Remembered Sets
[2026-07-26T07:58:12.375+0200][388148258ms] GC(15373) Concurrent Rebuild Remembered Sets 2000.281ms
[2026-07-26T07:58:12.375+0200][388148258ms] GC(15373) Pause Cleanup
[2026-07-26T07:58:12.379+0200][388148262ms] GC(15373) Pause Cleanup 11153M->11153M(32768M) 3.305ms
[2026-07-26T07:58:12.379+0200][388148262ms] GC(15373) User=0.03s Sys=0.00s Real=0.01s
[2026-07-26T07:58:12.380+0200][388148263ms] GC(15373) Concurrent Cleanup for Next Mark
[2026-07-26T07:58:12.391+0200][388148274ms] GC(15373) Concurrent Cleanup for Next Mark 10.906ms
[2026-07-26T07:58:12.391+0200][388148274ms] GC(15373) Concurrent Cycle 3935.360ms
[2026-07-26T08:00:11.042+0200][388266925ms] GC(15374) Pause Young (Normal) (G1 Evacuation Pause)
[2026-07-26T08:00:11.042+0200][388266925ms] GC(15374) Using 32 workers of 32 for evacuation
[2026-07-26T08:00:11.111+0200][388266994ms] GC(15374)   Pre Evacuate Collection Set: 0.1ms
[2026-07-26T08:00:11.111+0200][388266994ms] GC(15374)   Evacuate Collection Set: 18.9ms
[2026-07-26T08:00:11.111+0200][388266994ms] GC(15374)   Post Evacuate Collection Set: 49.0ms
[2026-07-26T08:00:11.111+0200][388266994ms] GC(15374)   Other: 0.7ms
[2026-07-26T08:00:11.111+0200][388266994ms] GC(15374) Eden regions: 1033->0(1033)
[2026-07-26T08:00:11.111+0200][388266994ms] GC(15374) Survivor regions: 2->2(130)
[2026-07-26T08:00:11.111+0200][388266994ms] GC(15374) Old regions: 592->592
[2026-07-26T08:00:11.111+0200][388266994ms] GC(15374) Humongous regions: 8->8
[2026-07-26T08:00:11.111+0200][388266994ms] GC(15374) Metaspace: 1025192K(1123328K)->1025192K(1123328K)
[2026-07-26T08:00:11.111+0200][388266994ms] GC(15374) Pause Young (Normal) (G1 Evacuation Pause) 26145M->9618M(32768M) 68.937ms
[2026-07-26T08:00:11.111+0200][388266994ms] GC(15374) User=1.31s Sys=0.02s Real=0.07s
[2026-07-26T08:00:11.111+0200][388266994ms] Concurrent String Deduplication (388266.995s)
[2026-07-26T08:00:11.116+0200][388267000ms] Concurrent String Deduplication 637.8K->468.6K(169.3K) avg 65.5% (388266.995s, 388267.000s) 4.887ms
[2026-07-26T08:02:09.577+0200][388385460ms] GC(15375) Pause Young (Concurrent Start) (G1 Evacuation Pause)
[2026-07-26T08:02:09.577+0200][388385460ms] GC(15375) Using 32 workers of 32 for evacuation
[2026-07-26T08:02:09.672+0200][388385555ms] GC(15375)   Pre Evacuate Collection Set: 8.2ms
[2026-07-26T08:02:09.672+0200][388385555ms] GC(15375)   Evacuate Collection Set: 47.1ms
[2026-07-26T08:02:09.672+0200][388385555ms] GC(15375)   Post Evacuate Collection Set: 39.7ms
[2026-07-26T08:02:09.672+0200][388385555ms] GC(15375)   Other: 0.5ms
[2026-07-26T08:02:09.672+0200][388385555ms] GC(15375) Eden regions: 1033->0(1033)
[2026-07-26T08:02:09.672+0200][388385555ms] GC(15375) Survivor regions: 2->2(130)
[2026-07-26T08:02:09.672+0200][388385555ms] GC(15375) Old regions: 592->592
[2026-07-26T08:02:09.672+0200][388385555ms] GC(15375) Humongous regions: 8->8
[2026-07-26T08:02:09.672+0200][388385555ms] GC(15375) Metaspace: 1025192K(1123328K)->1025192K(1123328K)
[2026-07-26T08:02:09.672+0200][388385555ms] GC(15375) Pause Young (Concurrent Start) (G1 Evacuation Pause) 26146M->9619M(32768M) 95.658ms
[2026-07-26T08:02:09.672+0200][388385555ms] GC(15375) User=2.05s Sys=0.00s Real=0.10s
[2026-07-26T08:02:09.672+0200][388385555ms] GC(15376) Concurrent Cycle
[2026-07-26T08:02:09.672+0200][388385555ms] GC(15376) Concurrent Clear Claimed Marks
[2026-07-26T08:02:09.673+0200][388385556ms] Concurrent String Deduplication (388385.556s)
[2026-07-26T08:02:09.674+0200][388385557ms] Concurrent String Deduplication 152.2K->90008.0B(65888.0B) avg 65.5% (388385.556s, 388385.558s) 1.443ms
[2026-07-26T08:02:09.681+0200][388385564ms] GC(15376) Concurrent Clear Claimed Marks 8.927ms
[2026-07-26T08:02:09.681+0200][388385564ms] GC(15376) Concurrent Scan Root Regions
[2026-07-26T08:02:09.696+0200][388385579ms] GC(15376) Concurrent Scan Root Regions 14.092ms
[2026-07-26T08:02:09.696+0200][388385579ms] GC(15376) Concurrent Mark (388385.579s)
[2026-07-26T08:02:09.696+0200][388385579ms] GC(15376) Concurrent Mark From Roots
[2026-07-26T08:02:09.696+0200][388385579ms] GC(15376) Using 24 workers of 24 for marking
[2026-07-26T08:02:11.391+0200][388387274ms] GC(15376) Concurrent Mark From Roots 1695.111ms
[2026-07-26T08:02:11.391+0200][388387274ms] GC(15376) Concurrent Preclean
[2026-07-26T08:02:11.413+0200][388387296ms] GC(15376) Concurrent Preclean 22.530ms
[2026-07-26T08:02:11.413+0200][388387296ms] GC(15376) Concurrent Mark (388385.579s, 388387.297s) 1717.792ms
[2026-07-26T08:02:11.414+0200][388387297ms] GC(15376) Pause Remark
[2026-07-26T08:02:11.753+0200][388387636ms] GC(15376) Cleaned string and symbol table, strings: 486725 processed, 2375 removed, symbols: 1499262 processed, 54 removed
[2026-07-26T08:02:11.755+0200][388387638ms] GC(15376) MMU target violated: 201.0ms (200.0ms/201.0ms)
[2026-07-26T08:02:11.755+0200][388387638ms] GC(15376) Pause Remark 10347M->10347M(32768M) 341.463ms
[2026-07-26T08:02:11.755+0200][388387638ms] GC(15376) User=7.57s Sys=0.24s Real=0.34s
[2026-07-26T08:02:11.755+0200][388387638ms] GC(15376) Concurrent Rebuild Remembered Sets
[2026-07-26T08:02:13.856+0200][388389739ms] GC(15376) Concurrent Rebuild Remembered Sets 2100.229ms
[2026-07-26T08:02:13.861+0200][388389744ms] GC(15376) Pause Cleanup
[2026-07-26T08:02:13.863+0200][388389746ms] GC(15376) Pause Cleanup 10779M->10779M(32768M) 2.322ms
[2026-07-26T08:02:13.863+0200][388389746ms] GC(15376) User=0.03s Sys=0.00s Real=0.00s
[2026-07-26T08:02:13.863+0200][388389746ms] GC(15376) Concurrent Cleanup for Next Mark
[2026-07-26T08:02:13.873+0200][388389756ms] GC(15376) Concurrent Cleanup for Next Mark 9.279ms
[2026-07-26T08:02:13.873+0200][388389756ms] GC(15376) Concurrent Cycle 4200.351ms
[2026-07-26T08:04:09.752+0200][388505635ms] GC(15377) Pause Young (Normal) (G1 Evacuation Pause)
[2026-07-26T08:04:09.753+0200][388505636ms] GC(15377) Using 32 workers of 32 for evacuation
[2026-07-26T08:04:09.802+0200][388505685ms] GC(15377)   Pre Evacuate Collection Set: 0.1ms
[2026-07-26T08:04:09.802+0200][388505685ms] GC(15377)   Evacuate Collection Set: 18.0ms
[2026-07-26T08:04:09.802+0200][388505685ms] GC(15377)   Post Evacuate Collection Set: 30.6ms
[2026-07-26T08:04:09.802+0200][388505685ms] GC(15377)   Other: 0.5ms
[2026-07-26T08:04:09.802+0200][388505685ms] GC(15377) Eden regions: 1033->0(1032)
[2026-07-26T08:04:09.802+0200][388505685ms] GC(15377) Survivor regions: 2->3(130)
[2026-07-26T08:04:09.802+0200][388505685ms] GC(15377) Old regions: 592->592
[2026-07-26T08:04:09.802+0200][388505685ms] GC(15377) Humongous regions: 8->8
[2026-07-26T08:04:09.802+0200][388505685ms] GC(15377) Metaspace: 1024243K(1123328K)->1024243K(1123328K)
[2026-07-26T08:04:09.802+0200][388505685ms] GC(15377) Pause Young (Normal) (G1 Evacuation Pause) 26147M->9626M(32768M) 49.379ms
[2026-07-26T08:04:09.802+0200][388505685ms] GC(15377) User=0.97s Sys=0.09s Real=0.05s
[2026-07-26T08:04:09.802+0200][388505685ms] Concurrent String Deduplication (388505.686s)
[2026-07-26T08:04:09.803+0200][388505686ms] Concurrent String Deduplication 78144.0B->40592.0B(37552.0B) avg 65.5% (388505.686s, 388505.687s) 0.748ms
[2026-07-26T08:06:09.971+0200][388625854ms] GC(15378) Pause Young (Concurrent Start) (G1 Evacuation Pause)
[2026-07-26T08:06:09.971+0200][388625854ms] GC(15378) Using 32 workers of 32 for evacuation
[2026-07-26T08:06:10.084+0200][388625967ms] GC(15378)   Pre Evacuate Collection Set: 8.1ms
[2026-07-26T08:06:10.084+0200][388625967ms] GC(15378)   Evacuate Collection Set: 61.3ms
[2026-07-26T08:06:10.084+0200][388625967ms] GC(15378)   Post Evacuate Collection Set: 42.9ms
[2026-07-26T08:06:10.084+0200][388625967ms] GC(15378)   Other: 0.5ms
[2026-07-26T08:06:10.084+0200][388625967ms] GC(15378) Eden regions: 1032->0(1032)
[2026-07-26T08:06:10.084+0200][388625967ms] GC(15378) Survivor regions: 3->3(130)
[2026-07-26T08:06:10.084+0200][388625967ms] GC(15378) Old regions: 592->592
[2026-07-26T08:06:10.084+0200][388625967ms] GC(15378) Humongous regions: 8->8
[2026-07-26T08:06:10.084+0200][388625967ms] GC(15378) Metaspace: 1024243K(1123328K)->1024243K(1123328K)
[2026-07-26T08:06:10.084+0200][388625967ms] GC(15378) Pause Young (Concurrent Start) (G1 Evacuation Pause) 26138M->9626M(32768M) 112.960ms
[2026-07-26T08:06:10.084+0200][388625967ms] GC(15378) User=2.47s Sys=0.00s Real=0.11s
[2026-07-26T08:06:10.084+0200][388625967ms] GC(15379) Concurrent Cycle
[2026-07-26T08:06:10.084+0200][388625967ms] GC(15379) Concurrent Clear Claimed Marks
[2026-07-26T08:06:10.085+0200][388625968ms] Concurrent String Deduplication (388625.968s)
[2026-07-26T08:06:10.087+0200][388625970ms] Concurrent String Deduplication 266.9K->165.6K(101.2K) avg 65.5% (388625.968s, 388625.971s) 2.777ms
[2026-07-26T08:06:10.099+0200][388625982ms] GC(15379) Concurrent Clear Claimed Marks 14.379ms
[2026-07-26T08:06:10.099+0200][388625982ms] GC(15379) Concurrent Scan Root Regions
[2026-07-26T08:06:10.106+0200][388625989ms] GC(15379) Concurrent Scan Root Regions 7.534ms
[2026-07-26T08:06:10.106+0200][388625989ms] GC(15379) Concurrent Mark (388625.990s)
[2026-07-26T08:06:10.106+0200][388625989ms] GC(15379) Concurrent Mark From Roots
[2026-07-26T08:06:10.106+0200][388625990ms] GC(15379) Using 24 workers of 24 for marking
[2026-07-26T08:06:11.931+0200][388627814ms] GC(15379) Concurrent Mark From Roots 1824.184ms
[2026-07-26T08:06:11.931+0200][388627814ms] GC(15379) Concurrent Preclean
[2026-07-26T08:06:11.952+0200][388627835ms] GC(15379) Concurrent Preclean 21.307ms
[2026-07-26T08:06:11.952+0200][388627835ms] GC(15379) Concurrent Mark (388625.990s, 388627.836s) 1845.654ms
[2026-07-26T08:06:11.953+0200][388627836ms] GC(15379) Pause Remark
[2026-07-26T08:06:12.274+0200][388628157ms] GC(15379) Cleaned string and symbol table, strings: 486384 processed, 627 removed, symbols: 1499208 processed, 486 removed
[2026-07-26T08:06:12.275+0200][388628158ms] GC(15379) MMU target violated: 201.0ms (200.0ms/201.0ms)
[2026-07-26T08:06:12.276+0200][388628159ms] GC(15379) Pause Remark 10210M->10210M(32768M) 323.064ms
[2026-07-26T08:06:12.276+0200][388628159ms] GC(15379) User=7.49s Sys=0.00s Real=0.32s
[2026-07-26T08:06:12.276+0200][388628159ms] GC(15379) Concurrent Rebuild Remembered Sets
[2026-07-26T08:06:14.310+0200][388630193ms] GC(15379) Concurrent Rebuild Remembered Sets 2034.280ms
[2026-07-26T08:06:14.311+0200][388630194ms] GC(15379) Pause Cleanup
[2026-07-26T08:06:14.313+0200][388630196ms] GC(15379) Pause Cleanup 10403M->10403M(32768M) 2.508ms
[2026-07-26T08:06:14.313+0200][388630196ms] GC(15379) User=0.02s Sys=0.00s Real=0.00s
[2026-07-26T08:06:14.313+0200][388630196ms] GC(15379) Concurrent Cleanup for Next Mark
[2026-07-26T08:06:14.323+0200][388630206ms] GC(15379) Concurrent Cleanup for Next Mark 9.327ms
[2026-07-26T08:06:14.323+0200][388630206ms] GC(15379) Concurrent Cycle 4238.460ms
[2026-07-26T08:08:09.971+0200][388745854ms] GC(15380) Pause Young (Normal) (G1 Evacuation Pause)
[2026-07-26T08:08:09.971+0200][388745854ms] GC(15380) Using 32 workers of 32 for evacuation
[2026-07-26T08:08:10.025+0200][388745908ms] GC(15380)   Pre Evacuate Collection Set: 0.1ms
[2026-07-26T08:08:10.025+0200][388745908ms] GC(15380)   Evacuate Collection Set: 22.2ms
[2026-07-26T08:08:10.025+0200][388745908ms] GC(15380)   Post Evacuate Collection Set: 31.3ms
[2026-07-26T08:08:10.025+0200][388745908ms] GC(15380)   Other: 0.5ms
[2026-07-26T08:08:10.025+0200][388745908ms] GC(15380) Eden regions: 1032->0(1032)
[2026-07-26T08:08:10.025+0200][388745908ms] GC(15380) Survivor regions: 3->3(130)
[2026-07-26T08:08:10.025+0200][388745908ms] GC(15380) Old regions: 592->592
[2026-07-26T08:08:10.025+0200][388745908ms] GC(15380) Humongous regions: 8->8
[2026-07-26T08:08:10.025+0200][388745908ms] GC(15380) Metaspace: 1023748K(1123328K)->1023748K(1123328K)
[2026-07-26T08:08:10.025+0200][388745908ms] GC(15380) Pause Young (Normal) (G1 Evacuation Pause) 26138M->9631M(32768M) 54.236ms
[2026-07-26T08:08:10.025+0200][388745908ms] GC(15380) User=1.13s Sys=0.00s Real=0.05s
[2026-07-26T08:08:10.025+0200][388745908ms] Concurrent String Deduplication (388745.909s)
[2026-07-26T08:08:10.032+0200][388745915ms] Concurrent String Deduplication 1286.9K->932.1K(354.8K) avg 65.5% (388745.909s, 388745.915s) 6.160ms
[2026-07-26T08:10:37.789+0200][388893672ms] GC(15381) Pause Young (Concurrent Start) (G1 Evacuation Pause)
[2026-07-26T08:10:37.789+0200][388893672ms] GC(15381) Using 32 workers of 32 for evacuation
[2026-07-26T08:10:37.872+0200][388893755ms] GC(15381)   Pre Evacuate Collection Set: 8.0ms
[2026-07-26T08:10:37.872+0200][388893755ms] GC(15381)   Evacuate Collection Set: 43.8ms
[2026-07-26T08:10:37.872+0200][388893755ms] GC(15381)   Post Evacuate Collection Set: 30.4ms
[2026-07-26T08:10:37.872+0200][388893755ms] GC(15381)   Other: 0.5ms
[2026-07-26T08:10:37.872+0200][388893755ms] GC(15381) Eden regions: 1032->0(1032)
[2026-07-26T08:10:37.872+0200][388893755ms] GC(15381) Survivor regions: 3->3(130)
[2026-07-26T08:10:37.872+0200][388893755ms] GC(15381) Old regions: 592->592
[2026-07-26T08:10:37.872+0200][388893755ms] GC(15381) Humongous regions: 8->8
[2026-07-26T08:10:37.872+0200][388893755ms] GC(15381) Metaspace: 1023748K(1123328K)->1023748K(1123328K)
[2026-07-26T08:10:37.872+0200][388893755ms] GC(15381) Pause Young (Concurrent Start) (G1 Evacuation Pause) 26143M->9629M(32768M) 82.895ms
[2026-07-26T08:10:37.872+0200][388893755ms] GC(15381) User=1.76s Sys=0.01s Real=0.08s
[2026-07-26T08:10:37.872+0200][388893755ms] GC(15382) Concurrent Cycle
[2026-07-26T08:10:37.872+0200][388893755ms] GC(15382) Concurrent Clear Claimed Marks
[2026-07-26T08:10:37.872+0200][388893755ms] Concurrent String Deduplication (388893.756s)
[2026-07-26T08:10:37.878+0200][388893761ms] Concurrent String Deduplication 955.5K->620.4K(335.0K) avg 65.5% (388893.756s, 388893.762s) 5.568ms
[2026-07-26T08:10:37.881+0200][388893764ms] GC(15382) Concurrent Clear Claimed Marks 8.414ms
[2026-07-26T08:10:37.881+0200][388893764ms] GC(15382) Concurrent Scan Root Regions
[2026-07-26T08:10:37.893+0200][388893776ms] GC(15382) Concurrent Scan Root Regions 12.636ms
[2026-07-26T08:10:37.894+0200][388893777ms] GC(15382) Concurrent Mark (388893.777s)
[2026-07-26T08:10:37.894+0200][388893777ms] GC(15382) Concurrent Mark From Roots
[2026-07-26T08:10:37.894+0200][388893777ms] GC(15382) Using 24 workers of 24 for marking
[2026-07-26T08:10:39.381+0200][388895264ms] GC(15382) Concurrent Mark From Roots 1487.259ms
[2026-07-26T08:10:39.381+0200][388895264ms] GC(15382) Concurrent Preclean
[2026-07-26T08:10:39.399+0200][388895282ms] GC(15382) Concurrent Preclean 17.748ms
[2026-07-26T08:10:39.399+0200][388895282ms] GC(15382) Concurrent Mark (388893.777s, 388895.282s) 1505.133ms
[2026-07-26T08:10:39.399+0200][388895282ms] GC(15382) Pause Remark
[2026-07-26T08:10:39.504+0200][388895387ms] GC(15382) Cleaned string and symbol table, strings: 486263 processed, 209 removed, symbols: 1498722 processed, 246 removed
[2026-07-26T08:10:39.505+0200][388895388ms] GC(15382) Pause Remark 9941M->9941M(32768M) 105.713ms
[2026-07-26T08:10:39.505+0200][388895388ms] GC(15382) User=2.82s Sys=0.00s Real=0.10s
[2026-07-26T08:10:39.505+0200][388895388ms] GC(15382) Concurrent Rebuild Remembered Sets
[2026-07-26T08:10:41.392+0200][388897275ms] GC(15382) Concurrent Rebuild Remembered Sets 1887.150ms
[2026-07-26T08:10:41.393+0200][388897276ms] GC(15382) Pause Cleanup
[2026-07-26T08:10:41.395+0200][388897278ms] GC(15382) Pause Cleanup 10381M->10381M(32768M) 2.127ms
[2026-07-26T08:10:41.395+0200][388897278ms] GC(15382) User=0.02s Sys=0.00s Real=0.00s
[2026-07-26T08:10:41.395+0200][388897278ms] GC(15382) Concurrent Cleanup for Next Mark
[2026-07-26T08:10:41.403+0200][388897286ms] GC(15382) Concurrent Cleanup for Next Mark 8.092ms
[2026-07-26T08:10:41.403+0200][388897286ms] GC(15382) Concurrent Cycle 3530.691ms
[2026-07-26T08:12:10.885+0200][388986768ms] GC(15383) Pause Young (Normal) (G1 Evacuation Pause)
[2026-07-26T08:12:10.885+0200][388986768ms] GC(15383) Using 32 workers of 32 for evacuation
[2026-07-26T08:12:10.944+0200][388986827ms] GC(15383)   Pre Evacuate Collection Set: 0.1ms
[2026-07-26T08:12:10.944+0200][388986827ms] GC(15383)   Evacuate Collection Set: 17.9ms
[2026-07-26T08:12:10.944+0200][388986827ms] GC(15383)   Post Evacuate Collection Set: 40.5ms
[2026-07-26T08:12:10.944+0200][388986827ms] GC(15383)   Other: 0.7ms
[2026-07-26T08:12:10.944+0200][388986827ms] GC(15383) Eden regions: 1032->0(1032)
[2026-07-26T08:12:10.944+0200][388986827ms] GC(15383) Survivor regions: 3->3(130)
[2026-07-26T08:12:10.944+0200][388986827ms] GC(15383) Old regions: 592->592
[2026-07-26T08:12:10.944+0200][388986827ms] GC(15383) Humongous regions: 8->8
[2026-07-26T08:12:10.944+0200][388986827ms] GC(15383) Metaspace: 1023748K(1123328K)->1023748K(1123328K)
[2026-07-26T08:12:10.945+0200][388986828ms] GC(15383) Pause Young (Normal) (G1 Evacuation Pause) 26141M->9629M(32768M) 59.442ms
[2026-07-26T08:12:10.945+0200][388986828ms] GC(15383) User=1.33s Sys=0.00s Real=0.06s
[2026-07-26T08:12:10.945+0200][388986828ms] Concurrent String Deduplication (388986.829s)
[2026-07-26T08:12:10.951+0200][388986834ms] Concurrent String Deduplication 972.9K->597.5K(375.4K) avg 65.5% (388986.829s, 388986.834s) 5.737ms
[2026-07-26T08:14:09.770+0200][389105653ms] GC(15384) Pause Young (Concurrent Start) (G1 Evacuation Pause)
[2026-07-26T08:14:09.770+0200][389105653ms] GC(15384) Using 32 workers of 32 for evacuation
[2026-07-26T08:14:09.873+0200][389105756ms] GC(15384)   Pre Evacuate Collection Set: 8.4ms
[2026-07-26T08:14:09.873+0200][389105756ms] GC(15384)   Evacuate Collection Set: 55.6ms
[2026-07-26T08:14:09.873+0200][389105756ms] GC(15384)   Post Evacuate Collection Set: 38.5ms
[2026-07-26T08:14:09.873+0200][389105756ms] GC(15384)   Other: 0.7ms
[2026-07-26T08:14:09.873+0200][389105756ms] GC(15384) Eden regions: 1032->0(1032)
[2026-07-26T08:14:09.873+0200][389105756ms] GC(15384) Survivor regions: 3->3(130)
[2026-07-26T08:14:09.873+0200][389105756ms] GC(15384) Old regions: 592->592
[2026-07-26T08:14:09.873+0200][389105756ms] GC(15384) Humongous regions: 8->8
[2026-07-26T08:14:09.873+0200][389105756ms] GC(15384) Metaspace: 1023748K(1123328K)->1023748K(1123328K)
[2026-07-26T08:14:09.873+0200][389105756ms] GC(15384) Pause Young (Concurrent Start) (G1 Evacuation Pause) 26141M->9628M(32768M) 103.355ms
[2026-07-26T08:14:09.873+0200][389105756ms] GC(15384) User=2.05s Sys=0.01s Real=0.10s
[2026-07-26T08:14:09.873+0200][389105756ms] GC(15385) Concurrent Cycle
[2026-07-26T08:14:09.873+0200][389105756ms] GC(15385) Concurrent Clear Claimed Marks
[2026-07-26T08:14:09.873+0200][389105756ms] Concurrent String Deduplication (389105.757s)
[2026-07-26T08:14:09.875+0200][389105758ms] Concurrent String Deduplication 139.9K->66344.0B(76880.0B) avg 65.5% (389105.757s, 389105.758s) 1.375ms
[2026-07-26T08:14:09.883+0200][389105766ms] GC(15385) Concurrent Clear Claimed Marks 9.942ms
[2026-07-26T08:14:09.883+0200][389105766ms] GC(15385) Concurrent Scan Root Regions
[2026-07-26T08:14:09.896+0200][389105779ms] GC(15385) Concurrent Scan Root Regions 12.354ms
[2026-07-26T08:14:09.896+0200][389105779ms] GC(15385) Concurrent Mark (389105.779s)
[2026-07-26T08:14:09.896+0200][389105779ms] GC(15385) Concurrent Mark From Roots
[2026-07-26T08:14:09.896+0200][389105779ms] GC(15385) Using 24 workers of 24 for marking
[2026-07-26T08:14:11.580+0200][389107463ms] GC(15385) Concurrent Mark From Roots 1684.762ms
[2026-07-26T08:14:11.580+0200][389107463ms] GC(15385) Concurrent Preclean
[2026-07-26T08:14:11.605+0200][389107488ms] GC(15385) Concurrent Preclean 24.642ms
[2026-07-26T08:14:11.605+0200][389107488ms] GC(15385) Concurrent Mark (389105.779s, 389107.489s) 1709.533ms
[2026-07-26T08:14:11.606+0200][389107489ms] GC(15385) Pause Remark
[2026-07-26T08:14:11.734+0200][389107617ms] GC(15385) Cleaned string and symbol table, strings: 486316 processed, 0 removed, symbols: 1498476 processed, 0 removed
[2026-07-26T08:14:11.735+0200][389107618ms] GC(15385) Pause Remark 10044M->10044M(32768M) 129.775ms
[2026-07-26T08:14:11.735+0200][389107618ms] GC(15385) User=3.11s Sys=0.03s Real=0.13s
[2026-07-26T08:14:11.740+0200][389107623ms] GC(15385) Concurrent Rebuild Remembered Sets
[2026-07-26T08:14:13.685+0200][389109568ms] GC(15385) Concurrent Rebuild Remembered Sets 1945.004ms
[2026-07-26T08:14:13.686+0200][389109569ms] GC(15385) Pause Cleanup
[2026-07-26T08:14:13.689+0200][389109572ms] GC(15385) Pause Cleanup 10344M->10344M(32768M) 3.511ms
[2026-07-26T08:14:13.689+0200][389109572ms] GC(15385) User=0.03s Sys=0.00s Real=0.00s
[2026-07-26T08:14:13.690+0200][389109573ms] GC(15385) Concurrent Cleanup for Next Mark
[2026-07-26T08:14:13.702+0200][389109585ms] GC(15385) Concurrent Cleanup for Next Mark 11.595ms
[2026-07-26T08:14:13.702+0200][389109585ms] GC(15385) Concurrent Cycle 3828.560ms
[2026-07-26T08:16:10.526+0200][389226409ms] GC(15386) Pause Young (Normal) (G1 Evacuation Pause)
[2026-07-26T08:16:10.527+0200][389226410ms] GC(15386) Using 32 workers of 32 for evacuation
[2026-07-26T08:16:10.581+0200][389226464ms] GC(15386)   Pre Evacuate Collection Set: 0.1ms
[2026-07-26T08:16:10.581+0200][389226464ms] GC(15386)   Evacuate Collection Set: 16.9ms
[2026-07-26T08:16:10.581+0200][389226464ms] GC(15386)   Post Evacuate Collection Set: 37.3ms
[2026-07-26T08:16:10.581+0200][389226464ms] GC(15386)   Other: 0.6ms
[2026-07-26T08:16:10.581+0200][389226464ms] GC(15386) Eden regions: 1032->0(1032)
[2026-07-26T08:16:10.581+0200][389226464ms] GC(15386) Survivor regions: 3->3(130)
[2026-07-26T08:16:10.581+0200][389226464ms] GC(15386) Old regions: 592->592
[2026-07-26T08:16:10.581+0200][389226464ms] GC(15386) Humongous regions: 8->8
[2026-07-26T08:16:10.581+0200][389226465ms] GC(15386) Metaspace: 1023748K(1123328K)->1023748K(1123328K)
[2026-07-26T08:16:10.582+0200][389226465ms] GC(15386) Pause Young (Normal) (G1 Evacuation Pause) 26140M->9629M(32768M) 55.053ms
[2026-07-26T08:16:10.582+0200][389226465ms] GC(15386) User=1.11s Sys=0.01s Real=0.06s
[2026-07-26T08:16:10.582+0200][389226465ms] Concurrent String Deduplication (389226.465s)
[2026-07-26T08:16:10.582+0200][389226465ms] Concurrent String Deduplication 19104.0B->13600.0B(5504.0B) avg 65.5% (389226.465s, 389226.466s) 0.227ms
[2026-07-26T08:18:09.760+0200][389345643ms] GC(15387) Pause Young (Concurrent Start) (G1 Evacuation Pause)
[2026-07-26T08:18:09.760+0200][389345643ms] GC(15387) Using 32 workers of 32 for evacuation
[2026-07-26T08:18:09.875+0200][389345759ms] GC(15387)   Pre Evacuate Collection Set: 13.3ms
[2026-07-26T08:18:09.876+0200][389345759ms] GC(15387)   Evacuate Collection Set: 67.1ms
[2026-07-26T08:18:09.876+0200][389345759ms] GC(15387)   Post Evacuate Collection Set: 34.9ms
[2026-07-26T08:18:09.876+0200][389345759ms] GC(15387)   Other: 0.6ms
[2026-07-26T08:18:09.876+0200][389345759ms] GC(15387) Eden regions: 1032->0(1032)
[2026-07-26T08:18:09.876+0200][389345759ms] GC(15387) Survivor regions: 3->3(130)
[2026-07-26T08:18:09.876+0200][389345759ms] GC(15387) Old regions: 592->592
[2026-07-26T08:18:09.876+0200][389345759ms] GC(15387) Humongous regions: 8->8
[2026-07-26T08:18:09.876+0200][389345759ms] GC(15387) Metaspace: 1023754K(1123328K)->1023754K(1123328K)
[2026-07-26T08:18:09.876+0200][389345759ms] GC(15387) Pause Young (Concurrent Start) (G1 Evacuation Pause) 26141M->9637M(32768M) 116.083ms
[2026-07-26T08:18:09.876+0200][389345759ms] GC(15387) User=2.22s Sys=0.00s Real=0.11s
[2026-07-26T08:18:09.880+0200][389345763ms] GC(15388) Concurrent Cycle
[2026-07-26T08:18:09.880+0200][389345763ms] Concurrent String Deduplication (389345.764s)
[2026-07-26T08:18:09.880+0200][389345763ms] GC(15388) Concurrent Clear Claimed Marks
[2026-07-26T08:18:09.881+0200][389345764ms] Concurrent String Deduplication 72640.0B->39248.0B(33392.0B) avg 65.5% (389345.764s, 389345.765s) 1.046ms
[2026-07-26T08:18:09.889+0200][389345772ms] GC(15388) Concurrent Clear Claimed Marks 8.831ms
[2026-07-26T08:18:09.889+0200][389345772ms] GC(15388) Concurrent Scan Root Regions
[2026-07-26T08:18:09.907+0200][389345790ms] GC(15388) Concurrent Scan Root Regions 18.302ms
[2026-07-26T08:18:09.908+0200][389345791ms] GC(15388) Concurrent Mark (389345.791s)
[2026-07-26T08:18:09.908+0200][389345791ms] GC(15388) Concurrent Mark From Roots
[2026-07-26T08:18:09.908+0200][389345791ms] GC(15388) Using 24 workers of 24 for marking
[2026-07-26T08:18:11.715+0200][389347598ms] GC(15388) Concurrent Mark From Roots 1807.194ms
[2026-07-26T08:18:11.715+0200][389347598ms] GC(15388) Concurrent Preclean
[2026-07-26T08:18:11.743+0200][389347626ms] GC(15388) Concurrent Preclean 28.419ms
[2026-07-26T08:18:11.743+0200][389347626ms] GC(15388) Concurrent Mark (389345.791s, 389347.627s) 1835.739ms
[2026-07-26T08:18:11.744+0200][389347627ms] GC(15388) Pause Remark
[2026-07-26T08:18:11.842+0200][389347725ms] GC(15388) Cleaned string and symbol table, strings: 486406 processed, 22 removed, symbols: 1498476 processed, 0 removed
[2026-07-26T08:18:11.843+0200][389347726ms] GC(15388) Pause Remark 10253M->10253M(32768M) 99.746ms
[2026-07-26T08:18:11.843+0200][389347726ms] GC(15388) User=2.53s Sys=0.02s Real=0.10s
[2026-07-26T08:18:11.844+0200][389347727ms] GC(15388) Concurrent Rebuild Remembered Sets
[2026-07-26T08:18:13.764+0200][389349647ms] GC(15388) Concurrent Rebuild Remembered Sets 1920.620ms
[2026-07-26T08:18:13.765+0200][389349648ms] GC(15388) Pause Cleanup
[2026-07-26T08:18:13.768+0200][389349651ms] GC(15388) Pause Cleanup 10255M->10255M(32768M) 2.928ms
[2026-07-26T08:18:13.768+0200][389349651ms] GC(15388) User=0.03s Sys=0.00s Real=0.00s
[2026-07-26T08:18:13.768+0200][389349651ms] GC(15388) Concurrent Cleanup for Next Mark
[2026-07-26T08:18:13.775+0200][389349658ms] GC(15388) Concurrent Cleanup for Next Mark 7.371ms
[2026-07-26T08:18:13.775+0200][389349658ms] GC(15388) Concurrent Cycle 3894.990ms
[2026-07-26T08:20:16.542+0200][389472425ms] GC(15389) Pause Young (Normal) (G1 Evacuation Pause)
[2026-07-26T08:20:16.542+0200][389472425ms] GC(15389) Using 32 workers of 32 for evacuation
[2026-07-26T08:20:16.617+0200][389472500ms] GC(15389)   Pre Evacuate Collection Set: 0.1ms
[2026-07-26T08:20:16.617+0200][389472500ms] GC(15389)   Evacuate Collection Set: 22.3ms
[2026-07-26T08:20:16.617+0200][389472500ms] GC(15389)   Post Evacuate Collection Set: 51.6ms
[2026-07-26T08:20:16.617+0200][389472500ms] GC(15389)   Other: 0.6ms
[2026-07-26T08:20:16.617+0200][389472500ms] GC(15389) Eden regions: 1032->0(1032)
[2026-07-26T08:20:16.617+0200][389472500ms] GC(15389) Survivor regions: 3->3(130)
[2026-07-26T08:20:16.617+0200][389472500ms] GC(15389) Old regions: 592->592
[2026-07-26T08:20:16.617+0200][389472500ms] GC(15389) Humongous regions: 8->8
[2026-07-26T08:20:16.617+0200][389472500ms] GC(15389) Metaspace: 1023754K(1123328K)->1023754K(1123328K)
[2026-07-26T08:20:16.617+0200][389472500ms] GC(15389) Pause Young (Normal) (G1 Evacuation Pause) 26149M->9637M(32768M) 74.805ms
[2026-07-26T08:20:16.617+0200][389472500ms] GC(15389) User=1.32s Sys=0.01s Real=0.07s
[2026-07-26T08:20:16.620+0200][389472503ms] Concurrent String Deduplication (389472.504s)
[2026-07-26T08:20:16.622+0200][389472505ms] Concurrent String Deduplication 311.2K->181.7K(129.5K) avg 65.5% (389472.504s, 389472.506s) 2.015ms
[2026-07-26T08:22:38.178+0200][389614061ms] GC(15390) Pause Young (Concurrent Start) (G1 Evacuation Pause)
[2026-07-26T08:22:38.178+0200][389614061ms] GC(15390) Using 32 workers of 32 for evacuation
[2026-07-26T08:22:38.265+0200][389614148ms] GC(15390)   Pre Evacuate Collection Set: 8.2ms
[2026-07-26T08:22:38.265+0200][389614148ms] GC(15390)   Evacuate Collection Set: 47.2ms
[2026-07-26T08:22:38.265+0200][389614148ms] GC(15390)   Post Evacuate Collection Set: 31.0ms
[2026-07-26T08:22:38.265+0200][389614148ms] GC(15390)   Other: 0.6ms
[2026-07-26T08:22:38.265+0200][389614148ms] GC(15390) Eden regions: 1032->0(1032)
[2026-07-26T08:22:38.265+0200][389614148ms] GC(15390) Survivor regions: 3->3(130)
[2026-07-26T08:22:38.265+0200][389614148ms] GC(15390) Old regions: 592->592
[2026-07-26T08:22:38.265+0200][389614148ms] GC(15390) Humongous regions: 8->8
[2026-07-26T08:22:38.265+0200][389614148ms] GC(15390) Metaspace: 1023754K(1123328K)->1023754K(1123328K)
[2026-07-26T08:22:38.265+0200][389614148ms] GC(15390) Pause Young (Concurrent Start) (G1 Evacuation Pause) 26149M->9629M(32768M) 87.216ms
[2026-07-26T08:22:38.266+0200][389614149ms] GC(15390) User=1.83s Sys=0.01s Real=0.08s
[2026-07-26T08:22:38.266+0200][389614149ms] GC(15391) Concurrent Cycle
[2026-07-26T08:22:38.266+0200][389614149ms] GC(15391) Concurrent Clear Claimed Marks
[2026-07-26T08:22:38.266+0200][389614149ms] Concurrent String Deduplication (389614.149s)
[2026-07-26T08:22:38.273+0200][389614156ms] GC(15391) Concurrent Clear Claimed Marks 7.726ms
[2026-07-26T08:22:38.273+0200][389614156ms] GC(15391) Concurrent Scan Root Regions
[2026-07-26T08:22:38.280+0200][389614163ms] Concurrent String Deduplication 1589.2K->632.4K(956.8K) avg 65.5% (389614.149s, 389614.164s) 14.185ms
[2026-07-26T08:22:38.287+0200][389614170ms] GC(15391) Concurrent Scan Root Regions 13.858ms
[2026-07-26T08:22:38.287+0200][389614170ms] GC(15391) Concurrent Mark (389614.171s)
[2026-07-26T08:22:38.287+0200][389614170ms] GC(15391) Concurrent Mark From Roots
[2026-07-26T08:22:38.287+0200][389614170ms] GC(15391) Using 24 workers of 24 for marking
[2026-07-26T08:22:39.713+0200][389615596ms] GC(15391) Concurrent Mark From Roots 1425.640ms
[2026-07-26T08:22:39.713+0200][389615596ms] GC(15391) Concurrent Preclean
[2026-07-26T08:22:39.732+0200][389615615ms] GC(15391) Concurrent Preclean 18.868ms
[2026-07-26T08:22:39.732+0200][389615615ms] GC(15391) Concurrent Mark (389614.171s, 389615.616s) 1444.640ms
[2026-07-26T08:22:39.732+0200][389615615ms] GC(15391) Pause Remark
[2026-07-26T08:22:39.827+0200][389615710ms] GC(15391) Cleaned string and symbol table, strings: 486384 processed, 5 removed, symbols: 1498476 processed, 0 removed
[2026-07-26T08:22:39.828+0200][389615711ms] GC(15391) Pause Remark 9981M->9981M(32768M) 95.633ms
[2026-07-26T08:22:39.828+0200][389615711ms] GC(15391) User=2.50s Sys=0.00s Real=0.09s
[2026-07-26T08:22:39.828+0200][389615711ms] GC(15391) Concurrent Rebuild Remembered Sets
[2026-07-26T08:22:41.656+0200][389617539ms] GC(15391) Concurrent Rebuild Remembered Sets 1827.762ms
[2026-07-26T08:22:41.657+0200][389617540ms] GC(15391) Pause Cleanup
[2026-07-26T08:22:41.659+0200][389617542ms] GC(15391) Pause Cleanup 9985M->9985M(32768M) 2.379ms
[2026-07-26T08:22:41.659+0200][389617542ms] GC(15391) User=0.03s Sys=0.00s Real=0.01s
[2026-07-26T08:22:41.659+0200][389617542ms] GC(15391) Concurrent Cleanup for Next Mark
[2026-07-26T08:22:41.670+0200][389617553ms] GC(15391) Concurrent Cleanup for Next Mark 11.166ms
[2026-07-26T08:22:41.670+0200][389617553ms] GC(15391) Concurrent Cycle 3404.800ms
[2026-07-26T08:24:47.930+0200][389743813ms] GC(15392) Pause Young (Normal) (G1 Evacuation Pause)
[2026-07-26T08:24:47.930+0200][389743813ms] GC(15392) Using 32 workers of 32 for evacuation
[2026-07-26T08:24:47.977+0200][389743860ms] GC(15392)   Pre Evacuate Collection Set: 0.1ms
[2026-07-26T08:24:47.977+0200][389743860ms] GC(15392)   Evacuate Collection Set: 14.9ms
[2026-07-26T08:24:47.977+0200][389743860ms] GC(15392)   Post Evacuate Collection Set: 31.3ms
[2026-07-26T08:24:47.977+0200][389743860ms] GC(15392)   Other: 0.5ms
[2026-07-26T08:24:47.977+0200][389743860ms] GC(15392) Eden regions: 1032->0(1032)
[2026-07-26T08:24:47.977+0200][389743860ms] GC(15392) Survivor regions: 3->3(130)
[2026-07-26T08:24:47.977+0200][389743860ms] GC(15392) Old regions: 592->592
[2026-07-26T08:24:47.977+0200][389743860ms] GC(15392) Humongous regions: 8->8
[2026-07-26T08:24:47.977+0200][389743860ms] GC(15392) Metaspace: 1023754K(1123328K)->1023754K(1123328K)
[2026-07-26T08:24:47.977+0200][389743860ms] GC(15392) Pause Young (Normal) (G1 Evacuation Pause) 26141M->9632M(32768M) 47.041ms
[2026-07-26T08:24:47.977+0200][389743860ms] GC(15392) User=1.02s Sys=0.00s Real=0.04s
[2026-07-26T08:24:47.977+0200][389743860ms] Concurrent String Deduplication (389743.861s)
[2026-07-26T08:24:47.982+0200][389743865ms] Concurrent String Deduplication 507.0K->248.4K(258.6K) avg 65.5% (389743.861s, 389743.866s) 3.500ms
[2026-07-26T08:27:05.056+0200][389880939ms] GC(15393) Pause Young (Concurrent Start) (G1 Evacuation Pause)
[2026-07-26T08:27:05.056+0200][389880939ms] GC(15393) Using 32 workers of 32 for evacuation
[2026-07-26T08:27:05.142+0200][389881025ms] GC(15393)   Pre Evacuate Collection Set: 8.0ms
[2026-07-26T08:27:05.142+0200][389881025ms] GC(15393)   Evacuate Collection Set: 46.6ms
[2026-07-26T08:27:05.142+0200][389881025ms] GC(15393)   Post Evacuate Collection Set: 31.0ms
[2026-07-26T08:27:05.142+0200][389881025ms] GC(15393)   Other: 0.5ms
[2026-07-26T08:27:05.142+0200][389881025ms] GC(15393) Eden regions: 1032->0(1032)
[2026-07-26T08:27:05.142+0200][389881025ms] GC(15393) Survivor regions: 3->3(130)
[2026-07-26T08:27:05.142+0200][389881025ms] GC(15393) Old regions: 592->592
[2026-07-26T08:27:05.142+0200][389881025ms] GC(15393) Humongous regions: 8->8
[2026-07-26T08:27:05.143+0200][389881026ms] GC(15393) Metaspace: 1023754K(1123328K)->1023754K(1123328K)
[2026-07-26T08:27:05.143+0200][389881026ms] GC(15393) Pause Young (Concurrent Start) (G1 Evacuation Pause) 26144M->9632M(32768M) 86.325ms
[2026-07-26T08:27:05.143+0200][389881026ms] GC(15393) User=1.92s Sys=0.00s Real=0.09s
[2026-07-26T08:27:05.143+0200][389881026ms] GC(15394) Concurrent Cycle
[2026-07-26T08:27:05.143+0200][389881026ms] GC(15394) Concurrent Clear Claimed Marks
[2026-07-26T08:27:05.143+0200][389881026ms] Concurrent String Deduplication (389881.027s)
[2026-07-26T08:27:05.144+0200][389881027ms] Concurrent String Deduplication 49072.0B->29216.0B(19856.0B) avg 65.5% (389881.027s, 389881.027s) 0.447ms
[2026-07-26T08:27:05.151+0200][389881034ms] GC(15394) Concurrent Clear Claimed Marks 8.241ms
[2026-07-26T08:27:05.151+0200][389881034ms] GC(15394) Concurrent Scan Root Regions
[2026-07-26T08:27:05.165+0200][389881048ms] GC(15394) Concurrent Scan Root Regions 14.150ms
[2026-07-26T08:27:05.165+0200][389881048ms] GC(15394) Concurrent Mark (389881.049s)
[2026-07-26T08:27:05.165+0200][389881048ms] GC(15394) Concurrent Mark From Roots
[2026-07-26T08:27:05.165+0200][389881048ms] GC(15394) Using 24 workers of 24 for marking
[2026-07-26T08:27:06.691+0200][389882574ms] GC(15394) Concurrent Mark From Roots 1525.545ms
[2026-07-26T08:27:06.691+0200][389882574ms] GC(15394) Concurrent Preclean
[2026-07-26T08:27:06.710+0200][389882593ms] GC(15394) Concurrent Preclean 18.976ms
[2026-07-26T08:27:06.710+0200][389882593ms] GC(15394) Concurrent Mark (389881.049s, 389882.594s) 1544.660ms
[2026-07-26T08:27:06.710+0200][389882593ms] GC(15394) Pause Remark
[2026-07-26T08:27:06.812+0200][389882695ms] GC(15394) Cleaned string and symbol table, strings: 486396 processed, 0 removed, symbols: 1498476 processed, 0 removed
[2026-07-26T08:27:06.813+0200][389882696ms] GC(15394) Pause Remark 10448M->10448M(32768M) 102.414ms
[2026-07-26T08:27:06.813+0200][389882696ms] GC(15394) User=2.60s Sys=0.00s Real=0.10s
[2026-07-26T08:27:06.813+0200][389882696ms] GC(15394) Concurrent Rebuild Remembered Sets
[2026-07-26T08:27:08.754+0200][389884637ms] GC(15394) Concurrent Rebuild Remembered Sets 1941.106ms
[2026-07-26T08:27:08.754+0200][389884637ms] GC(15394) Pause Cleanup
[2026-07-26T08:27:08.757+0200][389884640ms] GC(15394) Pause Cleanup 11632M->11632M(32768M) 2.531ms
[2026-07-26T08:27:08.757+0200][389884640ms] GC(15394) User=0.02s Sys=0.00s Real=0.00s
[2026-07-26T08:27:08.757+0200][389884640ms] GC(15394) Concurrent Cleanup for Next Mark
[2026-07-26T08:27:08.764+0200][389884647ms] GC(15394) Concurrent Cleanup for Next Mark 7.366ms
[2026-07-26T08:27:08.765+0200][389884648ms] GC(15394) Concurrent Cycle 3621.907ms
[2026-07-26T08:28:36.355+0200][389972238ms] GC(15395) Pause Young (Normal) (G1 Evacuation Pause)
[2026-07-26T08:28:36.355+0200][389972238ms] GC(15395) Using 32 workers of 32 for evacuation
[2026-07-26T08:28:36.404+0200][389972287ms] GC(15395)   Pre Evacuate Collection Set: 0.1ms
[2026-07-26T08:28:36.404+0200][389972287ms] GC(15395)   Evacuate Collection Set: 15.7ms
[2026-07-26T08:28:36.404+0200][389972287ms] GC(15395)   Post Evacuate Collection Set: 33.4ms
[2026-07-26T08:28:36.405+0200][389972288ms] GC(15395)   Other: 0.5ms
[2026-07-26T08:28:36.405+0200][389972288ms] GC(15395) Eden regions: 1032->0(1032)
[2026-07-26T08:28:36.405+0200][389972288ms] GC(15395) Survivor regions: 3->3(130)
[2026-07-26T08:28:36.405+0200][389972288ms] GC(15395) Old regions: 592->592
[2026-07-26T08:28:36.405+0200][389972288ms] GC(15395) Humongous regions: 8->8
[2026-07-26T08:28:36.405+0200][389972288ms] GC(15395) Metaspace: 1023754K(1123328K)->1023754K(1123328K)
[2026-07-26T08:28:36.405+0200][389972288ms] GC(15395) Pause Young (Normal) (G1 Evacuation Pause) 26144M->9631M(32768M) 49.789ms
[2026-07-26T08:28:36.405+0200][389972288ms] GC(15395) User=1.21s Sys=0.02s Real=0.05s
[2026-07-26T08:28:36.405+0200][389972288ms] Concurrent String Deduplication (389972.289s)
[2026-07-26T08:28:36.409+0200][389972292ms] Concurrent String Deduplication 838.2K->562.8K(275.4K) avg 65.5% (389972.289s, 389972.293s) 4.136ms
[2026-07-26T08:30:38.691+0200][390094574ms] GC(15396) Pause Young (Concurrent Start) (G1 Evacuation Pause)
[2026-07-26T08:30:38.691+0200][390094574ms] GC(15396) Using 32 workers of 32 for evacuation
[2026-07-26T08:30:38.775+0200][390094658ms] GC(15396)   Pre Evacuate Collection Set: 8.1ms
[2026-07-26T08:30:38.775+0200][390094658ms] GC(15396)   Evacuate Collection Set: 43.2ms
[2026-07-26T08:30:38.775+0200][390094658ms] GC(15396)   Post Evacuate Collection Set: 33.1ms
[2026-07-26T08:30:38.776+0200][390094659ms] GC(15396)   Other: 0.5ms
[2026-07-26T08:30:38.776+0200][390094659ms] GC(15396) Eden regions: 1032->0(1032)
[2026-07-26T08:30:38.776+0200][390094659ms] GC(15396) Survivor regions: 3->3(130)
[2026-07-26T08:30:38.776+0200][390094659ms] GC(15396) Old regions: 592->592
[2026-07-26T08:30:38.776+0200][390094659ms] GC(15396) Humongous regions: 8->8
[2026-07-26T08:30:38.776+0200][390094659ms] GC(15396) Metaspace: 1023754K(1123328K)->1023754K(1123328K)
[2026-07-26T08:30:38.776+0200][390094659ms] GC(15396) Pause Young (Concurrent Start) (G1 Evacuation Pause) 26143M->9630M(32768M) 85.020ms
[2026-07-26T08:30:38.776+0200][390094659ms] GC(15396) User=1.77s Sys=0.02s Real=0.08s
[2026-07-26T08:30:38.776+0200][390094659ms] GC(15397) Concurrent Cycle
[2026-07-26T08:30:38.776+0200][390094659ms] GC(15397) Concurrent Clear Claimed Marks
[2026-07-26T08:30:38.776+0200][390094659ms] Concurrent String Deduplication (390094.660s)
[2026-07-26T08:30:38.779+0200][390094662ms] Concurrent String Deduplication 76040.0B->56536.0B(19504.0B) avg 65.5% (390094.660s, 390094.662s) 1.299ms
[2026-07-26T08:30:38.784+0200][390094667ms] GC(15397) Concurrent Clear Claimed Marks 8.142ms
[2026-07-26T08:30:38.784+0200][390094667ms] GC(15397) Concurrent Scan Root Regions
[2026-07-26T08:30:38.798+0200][390094681ms] GC(15397) Concurrent Scan Root Regions 14.068ms
[2026-07-26T08:30:38.798+0200][390094681ms] GC(15397) Concurrent Mark (390094.682s)
[2026-07-26T08:30:38.798+0200][390094681ms] GC(15397) Concurrent Mark From Roots
[2026-07-26T08:30:38.798+0200][390094681ms] GC(15397) Using 24 workers of 24 for marking
[2026-07-26T08:30:40.244+0200][390096127ms] GC(15397) Concurrent Mark From Roots 1446.337ms
[2026-07-26T08:30:40.244+0200][390096127ms] GC(15397) Concurrent Preclean
[2026-07-26T08:30:40.265+0200][390096148ms] GC(15397) Concurrent Preclean 20.803ms
[2026-07-26T08:30:40.265+0200][390096148ms] GC(15397) Concurrent Mark (390094.682s, 390096.149s) 1467.253ms
[2026-07-26T08:30:40.266+0200][390096149ms] GC(15397) Pause Remark
[2026-07-26T08:30:40.373+0200][390096256ms] GC(15397) Cleaned string and symbol table, strings: 486398 processed, 980 removed, symbols: 1498476 processed, 0 removed
[2026-07-26T08:30:40.374+0200][390096257ms] GC(15397) Pause Remark 10038M->10038M(32768M) 108.218ms
[2026-07-26T08:30:40.374+0200][390096257ms] GC(15397) User=2.74s Sys=0.11s Real=0.11s
[2026-07-26T08:30:40.374+0200][390096257ms] GC(15397) Concurrent Rebuild Remembered Sets
[2026-07-26T08:30:42.123+0200][390098006ms] GC(15397) Concurrent Rebuild Remembered Sets 1749.123ms
[2026-07-26T08:30:42.124+0200][390098007ms] GC(15397) Pause Cleanup
[2026-07-26T08:30:42.126+0200][390098009ms] GC(15397) Pause Cleanup 10040M->10040M(32768M) 2.089ms
[2026-07-26T08:30:42.126+0200][390098009ms] GC(15397) User=0.03s Sys=0.00s Real=0.00s
[2026-07-26T08:30:42.126+0200][390098009ms] GC(15397) Concurrent Cleanup for Next Mark
[2026-07-26T08:30:42.133+0200][390098016ms] GC(15397) Concurrent Cleanup for Next Mark 7.433ms
[2026-07-26T08:30:42.133+0200][390098016ms] GC(15397) Concurrent Cycle 3357.683ms
[2026-07-26T08:33:04.816+0200][390240699ms] GC(15398) Pause Young (Normal) (G1 Evacuation Pause)
[2026-07-26T08:33:04.816+0200][390240699ms] GC(15398) Using 32 workers of 32 for evacuation
[2026-07-26T08:33:04.862+0200][390240745ms] GC(15398)   Pre Evacuate Collection Set: 0.1ms
[2026-07-26T08:33:04.862+0200][390240745ms] GC(15398)   Evacuate Collection Set: 14.7ms
[2026-07-26T08:33:04.862+0200][390240745ms] GC(15398)   Post Evacuate Collection Set: 30.9ms
[2026-07-26T08:33:04.862+0200][390240745ms] GC(15398)   Other: 0.5ms
[2026-07-26T08:33:04.862+0200][390240745ms] GC(15398) Eden regions: 1032->0(1033)
[2026-07-26T08:33:04.862+0200][390240745ms] GC(15398) Survivor regions: 3->2(130)
[2026-07-26T08:33:04.862+0200][390240745ms] GC(15398) Old regions: 592->592
[2026-07-26T08:33:04.862+0200][390240745ms] GC(15398) Humongous regions: 8->8
[2026-07-26T08:33:04.862+0200][390240745ms] GC(15398) Metaspace: 1023755K(1123328K)->1023755K(1123328K)
[2026-07-26T08:33:04.862+0200][390240745ms] GC(15398) Pause Young (Normal) (G1 Evacuation Pause) 26142M->9620M(32768M) 46.366ms
[2026-07-26T08:33:04.862+0200][390240745ms] GC(15398) User=0.97s Sys=0.00s Real=0.05s
[2026-07-26T08:33:04.862+0200][390240745ms] Concurrent String Deduplication (390240.746s)
[2026-07-26T08:33:04.863+0200][390240746ms] Concurrent String Deduplication 63816.0B->31360.0B(32456.0B) avg 65.5% (390240.746s, 390240.746s) 0.427ms
[2026-07-26T08:35:05.251+0200][390361134ms] GC(15399) Pause Young (Concurrent Start) (G1 Evacuation Pause)
[2026-07-26T08:35:05.251+0200][390361134ms] GC(15399) Using 32 workers of 32 for evacuation
[2026-07-26T08:35:05.347+0200][390361230ms] GC(15399)   Pre Evacuate Collection Set: 8.4ms
[2026-07-26T08:35:05.347+0200][390361230ms] GC(15399)   Evacuate Collection Set: 54.7ms
[2026-07-26T08:35:05.347+0200][390361230ms] GC(15399)   Post Evacuate Collection Set: 32.3ms
[2026-07-26T08:35:05.347+0200][390361230ms] GC(15399)   Other: 0.6ms
[2026-07-26T08:35:05.347+0200][390361230ms] GC(15399) Eden regions: 1033->0(1033)
[2026-07-26T08:35:05.347+0200][390361230ms] GC(15399) Survivor regions: 2->2(130)
[2026-07-26T08:35:05.347+0200][390361230ms] GC(15399) Old regions: 592->592
[2026-07-26T08:35:05.347+0200][390361230ms] GC(15399) Humongous regions: 8->8
[2026-07-26T08:35:05.347+0200][390361230ms] GC(15399) Metaspace: 1023755K(1123328K)->1023755K(1123328K)
[2026-07-26T08:35:05.347+0200][390361230ms] GC(15399) Pause Young (Concurrent Start) (G1 Evacuation Pause) 26148M->9621M(32768M) 96.074ms
[2026-07-26T08:35:05.347+0200][390361230ms] GC(15399) User=1.81s Sys=0.00s Real=0.09s
[2026-07-26T08:35:05.347+0200][390361230ms] Concurrent String Deduplication (390361.231s)
[2026-07-26T08:35:05.347+0200][390361230ms] Concurrent String Deduplication 24936.0B->17528.0B(7408.0B) avg 65.5% (390361.231s, 390361.231s) 0.195ms
[2026-07-26T08:35:05.350+0200][390361233ms] GC(15400) Concurrent Cycle
[2026-07-26T08:35:05.350+0200][390361233ms] GC(15400) Concurrent Clear Claimed Marks
[2026-07-26T08:35:05.359+0200][390361242ms] GC(15400) Concurrent Clear Claimed Marks 8.468ms
[2026-07-26T08:35:05.359+0200][390361242ms] GC(15400) Concurrent Scan Root Regions
[2026-07-26T08:35:05.375+0200][390361258ms] GC(15400) Concurrent Scan Root Regions 16.466ms
[2026-07-26T08:35:05.375+0200][390361258ms] GC(15400) Concurrent Mark (390361.259s)
[2026-07-26T08:35:05.375+0200][390361258ms] GC(15400) Concurrent Mark From Roots
[2026-07-26T08:35:05.375+0200][390361258ms] GC(15400) Using 24 workers of 24 for marking
[2026-07-26T08:35:06.994+0200][390362877ms] GC(15400) Concurrent Mark From Roots 1618.456ms
[2026-07-26T08:35:06.994+0200][390362877ms] GC(15400) Concurrent Preclean
[2026-07-26T08:35:07.020+0200][390362903ms] GC(15400) Concurrent Preclean 25.847ms
[2026-07-26T08:35:07.020+0200][390362903ms] GC(15400) Concurrent Mark (390361.259s, 390362.904s) 1644.428ms
[2026-07-26T08:35:07.020+0200][390362904ms] GC(15400) Pause Remark
[2026-07-26T08:35:07.131+0200][390363014ms] GC(15400) Cleaned string and symbol table, strings: 486398 processed, 497 removed, symbols: 1498476 processed, 0 removed
[2026-07-26T08:35:07.132+0200][390363015ms] GC(15400) Pause Remark 10069M->10069M(32768M) 111.739ms
[2026-07-26T08:35:07.132+0200][390363015ms] GC(15400) User=3.00s Sys=0.00s Real=0.11s
[2026-07-26T08:35:07.132+0200][390363015ms] GC(15400) Concurrent Rebuild Remembered Sets
[2026-07-26T08:35:09.137+0200][390365020ms] GC(15400) Concurrent Rebuild Remembered Sets 2005.113ms
[2026-07-26T08:35:09.141+0200][390365024ms] GC(15400) Pause Cleanup
[2026-07-26T08:35:09.143+0200][390365026ms] GC(15400) Pause Cleanup 10957M->10957M(32768M) 2.376ms
[2026-07-26T08:35:09.143+0200][390365026ms] GC(15400) User=0.03s Sys=0.00s Real=0.00s
[2026-07-26T08:35:09.143+0200][390365026ms] GC(15400) Concurrent Cleanup for Next Mark
[2026-07-26T08:35:09.153+0200][390365036ms] GC(15400) Concurrent Cleanup for Next Mark 9.429ms
[2026-07-26T08:35:09.153+0200][390365036ms] GC(15400) Concurrent Cycle 3802.504ms
[2026-07-26T08:37:05.997+0200][390481880ms] GC(15401) Pause Young (Normal) (G1 Evacuation Pause)
[2026-07-26T08:37:05.997+0200][390481880ms] GC(15401) Using 32 workers of 32 for evacuation
[2026-07-26T08:37:06.045+0200][390481928ms] GC(15401)   Pre Evacuate Collection Set: 0.1ms
[2026-07-26T08:37:06.046+0200][390481929ms] GC(15401)   Evacuate Collection Set: 13.8ms
[2026-07-26T08:37:06.046+0200][390481929ms] GC(15401)   Post Evacuate Collection Set: 34.4ms
[2026-07-26T08:37:06.046+0200][390481929ms] GC(15401)   Other: 0.5ms
[2026-07-26T08:37:06.046+0200][390481929ms] GC(15401) Eden regions: 1033->0(1033)
[2026-07-26T08:37:06.046+0200][390481929ms] GC(15401) Survivor regions: 2->2(130)
[2026-07-26T08:37:06.046+0200][390481929ms] GC(15401) Old regions: 592->592
[2026-07-26T08:37:06.046+0200][390481929ms] GC(15401) Humongous regions: 8->8
[2026-07-26T08:37:06.046+0200][390481929ms] GC(15401) Metaspace: 1023755K(1123328K)->1023755K(1123328K)
[2026-07-26T08:37:06.046+0200][390481929ms] GC(15401) Pause Young (Normal) (G1 Evacuation Pause) 26149M->9621M(32768M) 49.014ms
[2026-07-26T08:37:06.046+0200][390481929ms] GC(15401) User=1.10s Sys=0.09s Real=0.05s
[2026-07-26T08:37:06.046+0200][390481929ms] Concurrent String Deduplication (390481.930s)
[2026-07-26T08:37:06.047+0200][390481930ms] Concurrent String Deduplication 60824.0B->34536.0B(26288.0B) avg 65.5% (390481.930s, 390481.930s) 0.711ms
[2026-07-26T08:39:06.677+0200][390602560ms] GC(15402) Pause Young (Concurrent Start) (G1 Evacuation Pause)
[2026-07-26T08:39:06.677+0200][390602560ms] GC(15402) Using 32 workers of 32 for evacuation
[2026-07-26T08:39:06.783+0200][390602666ms] GC(15402)   Pre Evacuate Collection Set: 8.2ms
[2026-07-26T08:39:06.783+0200][390602666ms] GC(15402)   Evacuate Collection Set: 65.9ms
[2026-07-26T08:39:06.783+0200][390602666ms] GC(15402)   Post Evacuate Collection Set: 31.8ms
[2026-07-26T08:39:06.783+0200][390602666ms] GC(15402)   Other: 0.5ms
[2026-07-26T08:39:06.783+0200][390602666ms] GC(15402) Eden regions: 1033->0(1033)
[2026-07-26T08:39:06.783+0200][390602666ms] GC(15402) Survivor regions: 2->2(130)
[2026-07-26T08:39:06.783+0200][390602666ms] GC(15402) Old regions: 592->592
[2026-07-26T08:39:06.783+0200][390602666ms] GC(15402) Humongous regions: 8->8
[2026-07-26T08:39:06.783+0200][390602666ms] GC(15402) Metaspace: 1023755K(1123328K)->1023755K(1123328K)
[2026-07-26T08:39:06.783+0200][390602666ms] GC(15402) Pause Young (Concurrent Start) (G1 Evacuation Pause) 26149M->9620M(32768M) 106.569ms
[2026-07-26T08:39:06.783+0200][390602666ms] GC(15402) User=2.16s Sys=0.01s Real=0.11s
[2026-07-26T08:39:06.783+0200][390602666ms] GC(15403) Concurrent Cycle
[2026-07-26T08:39:06.783+0200][390602666ms] GC(15403) Concurrent Clear Claimed Marks
[2026-07-26T08:39:06.783+0200][390602667ms] Concurrent String Deduplication (390602.667s)
[2026-07-26T08:39:06.790+0200][390602673ms] Concurrent String Deduplication 699.8K->288.8K(411.0K) avg 65.5% (390602.667s, 390602.674s) 6.344ms
[2026-07-26T08:39:06.793+0200][390602676ms] GC(15403) Concurrent Clear Claimed Marks 9.333ms
[2026-07-26T08:39:06.793+0200][390602676ms] GC(15403) Concurrent Scan Root Regions
[2026-07-26T08:39:06.808+0200][390602691ms] GC(15403) Concurrent Scan Root Regions 15.642ms
[2026-07-26T08:39:06.808+0200][390602691ms] GC(15403) Concurrent Mark (390602.692s)
[2026-07-26T08:39:06.809+0200][390602692ms] GC(15403) Concurrent Mark From Roots
[2026-07-26T08:39:06.809+0200][390602692ms] GC(15403) Using 24 workers of 24 for marking
[2026-07-26T08:39:08.422+0200][390604305ms] GC(15403) Concurrent Mark From Roots 1613.857ms
[2026-07-26T08:39:08.422+0200][390604305ms] GC(15403) Concurrent Preclean
[2026-07-26T08:39:08.443+0200][390604326ms] GC(15403) Concurrent Preclean 20.989ms
[2026-07-26T08:39:08.443+0200][390604326ms] GC(15403) Concurrent Mark (390602.692s, 390604.327s) 1634.973ms
[2026-07-26T08:39:08.444+0200][390604327ms] GC(15403) Pause Remark
[2026-07-26T08:39:08.552+0200][390604435ms] GC(15403) Cleaned string and symbol table, strings: 486033 processed, 1942 removed, symbols: 1498476 processed, 0 removed
[2026-07-26T08:39:08.553+0200][390604436ms] GC(15403) Pause Remark 10308M->10308M(32768M) 109.470ms
[2026-07-26T08:39:08.553+0200][390604436ms] GC(15403) User=2.79s Sys=0.08s Real=0.11s
[2026-07-26T08:39:08.554+0200][390604437ms] GC(15403) Concurrent Rebuild Remembered Sets
[2026-07-26T08:39:10.388+0200][390606271ms] GC(15403) Concurrent Rebuild Remembered Sets 1834.788ms
[2026-07-26T08:39:10.389+0200][390606272ms] GC(15403) Pause Cleanup
[2026-07-26T08:39:10.392+0200][390606275ms] GC(15403) Pause Cleanup 11452M->11452M(32768M) 2.668ms
[2026-07-26T08:39:10.392+0200][390606275ms] GC(15403) User=0.02s Sys=0.00s Real=0.00s
[2026-07-26T08:39:10.392+0200][390606275ms] GC(15403) Concurrent Cleanup for Next Mark
[2026-07-26T08:39:10.402+0200][390606285ms] GC(15403) Concurrent Cleanup for Next Mark 9.991ms
[2026-07-26T08:39:10.402+0200][390606285ms] GC(15403) Concurrent Cycle 3618.593ms
[2026-07-26T08:41:07.326+0200][390723209ms] GC(15404) Pause Young (Normal) (G1 Evacuation Pause)
[2026-07-26T08:41:07.326+0200][390723209ms] GC(15404) Using 32 workers of 32 for evacuation
[2026-07-26T08:41:07.375+0200][390723258ms] GC(15404)   Pre Evacuate Collection Set: 0.1ms
[2026-07-26T08:41:07.375+0200][390723258ms] GC(15404)   Evacuate Collection Set: 15.0ms
[2026-07-26T08:41:07.376+0200][390723259ms] GC(15404)   Post Evacuate Collection Set: 34.3ms
[2026-07-26T08:41:07.376+0200][390723259ms] GC(15404)   Other: 0.5ms
[2026-07-26T08:41:07.376+0200][390723259ms] GC(15404) Eden regions: 1033->0(1033)
[2026-07-26T08:41:07.376+0200][390723259ms] GC(15404) Survivor regions: 2->2(130)
[2026-07-26T08:41:07.376+0200][390723259ms] GC(15404) Old regions: 592->592
[2026-07-26T08:41:07.376+0200][390723259ms] GC(15404) Humongous regions: 8->8
[2026-07-26T08:41:07.376+0200][390723259ms] GC(15404) Metaspace: 1023755K(1123328K)->1023755K(1123328K)
[2026-07-26T08:41:07.376+0200][390723259ms] GC(15404) Pause Young (Normal) (G1 Evacuation Pause) 26148M->9617M(32768M) 50.083ms
[2026-07-26T08:41:07.376+0200][390723259ms] GC(15404) User=1.12s Sys=0.00s Real=0.05s
[2026-07-26T08:41:07.376+0200][390723259ms] Concurrent String Deduplication (390723.260s)
[2026-07-26T08:41:07.376+0200][390723259ms] Concurrent String Deduplication 16744.0B->15008.0B(1736.0B) avg 65.5% (390723.260s, 390723.260s) 0.143ms
[2026-07-26T08:43:05.846+0200][390841729ms] GC(15405) Pause Young (Concurrent Start) (G1 Evacuation Pause)
[2026-07-26T08:43:05.846+0200][390841729ms] GC(15405) Using 32 workers of 32 for evacuation
[2026-07-26T08:43:05.935+0200][390841818ms] GC(15405)   Pre Evacuate Collection Set: 8.1ms
[2026-07-26T08:43:05.935+0200][390841818ms] GC(15405)   Evacuate Collection Set: 50.6ms
[2026-07-26T08:43:05.935+0200][390841818ms] GC(15405)   Post Evacuate Collection Set: 30.4ms
[2026-07-26T08:43:05.935+0200][390841818ms] GC(15405)   Other: 0.5ms
[2026-07-26T08:43:05.935+0200][390841818ms] GC(15405) Eden regions: 1033->0(1033)
[2026-07-26T08:43:05.935+0200][390841818ms] GC(15405) Survivor regions: 2->2(130)
[2026-07-26T08:43:05.935+0200][390841818ms] GC(15405) Old regions: 592->592
[2026-07-26T08:43:05.935+0200][390841818ms] GC(15405) Humongous regions: 8->8
[2026-07-26T08:43:05.936+0200][390841819ms] GC(15405) Metaspace: 1023755K(1123328K)->1023755K(1123328K)
[2026-07-26T08:43:05.936+0200][390841819ms] GC(15405) Pause Young (Concurrent Start) (G1 Evacuation Pause) 26145M->9618M(32768M) 89.778ms
[2026-07-26T08:43:05.936+0200][390841819ms] GC(15405) User=1.66s Sys=0.01s Real=0.09s
[2026-07-26T08:43:05.936+0200][390841819ms] GC(15406) Concurrent Cycle
[2026-07-26T08:43:05.936+0200][390841819ms] GC(15406) Concurrent Clear Claimed Marks
[2026-07-26T08:43:05.936+0200][390841819ms] Concurrent String Deduplication (390841.820s)
[2026-07-26T08:43:05.937+0200][390841820ms] Concurrent String Deduplication 153.0K->70192.0B(86488.0B) avg 65.5% (390841.820s, 390841.821s) 1.472ms
[2026-07-26T08:43:05.944+0200][390841827ms] GC(15406) Concurrent Clear Claimed Marks 8.270ms
[2026-07-26T08:43:05.944+0200][390841827ms] GC(15406) Concurrent Scan Root Regions
[2026-07-26T08:43:05.961+0200][390841844ms] GC(15406) Concurrent Scan Root Regions 17.032ms
[2026-07-26T08:43:05.961+0200][390841844ms] GC(15406) Concurrent Mark (390841.845s)
[2026-07-26T08:43:05.961+0200][390841844ms] GC(15406) Concurrent Mark From Roots
[2026-07-26T08:43:05.961+0200][390841844ms] GC(15406) Using 24 workers of 24 for marking
[2026-07-26T08:43:07.502+0200][390843385ms] GC(15406) Concurrent Mark From Roots 1540.666ms
[2026-07-26T08:43:07.502+0200][390843385ms] GC(15406) Concurrent Preclean
[2026-07-26T08:43:07.522+0200][390843405ms] GC(15406) Concurrent Preclean 20.298ms
[2026-07-26T08:43:07.522+0200][390843405ms] GC(15406) Concurrent Mark (390841.845s, 390843.406s) 1561.088ms
[2026-07-26T08:43:07.523+0200][390843406ms] GC(15406) Pause Remark
[2026-07-26T08:43:07.635+0200][390843518ms] GC(15406) Cleaned string and symbol table, strings: 486420 processed, 456 removed, symbols: 1498476 processed, 0 removed
[2026-07-26T08:43:07.641+0200][390843524ms] GC(15406) Pause Remark 10274M->10274M(32768M) 117.771ms
[2026-07-26T08:43:07.641+0200][390843524ms] GC(15406) User=2.92s Sys=0.08s Real=0.12s
[2026-07-26T08:43:07.641+0200][390843524ms] GC(15406) Concurrent Rebuild Remembered Sets
[2026-07-26T08:43:09.518+0200][390845401ms] GC(15406) Concurrent Rebuild Remembered Sets 1877.207ms
[2026-07-26T08:43:09.519+0200][390845402ms] GC(15406) Pause Cleanup
[2026-07-26T08:43:09.521+0200][390845404ms] GC(15406) Pause Cleanup 11338M->11338M(32768M) 2.956ms
[2026-07-26T08:43:09.522+0200][390845405ms] GC(15406) User=0.03s Sys=0.00s Real=0.00s
[2026-07-26T08:43:09.522+0200][390845405ms] GC(15406) Concurrent Cleanup for Next Mark
[2026-07-26T08:43:09.532+0200][390845415ms] GC(15406) Concurrent Cleanup for Next Mark 10.591ms
[2026-07-26T08:43:09.532+0200][390845415ms] GC(15406) Concurrent Cycle 3596.620ms
[2026-07-26T08:45:06.624+0200][390962507ms] GC(15407) Pause Young (Normal) (G1 Evacuation Pause)
[2026-07-26T08:45:06.624+0200][390962507ms] GC(15407) Using 32 workers of 32 for evacuation
[2026-07-26T08:45:06.683+0200][390962566ms] GC(15407)   Pre Evacuate Collection Set: 0.1ms
[2026-07-26T08:45:06.683+0200][390962566ms] GC(15407)   Evacuate Collection Set: 18.8ms
[2026-07-26T08:45:06.683+0200][390962566ms] GC(15407)   Post Evacuate Collection Set: 38.8ms
[2026-07-26T08:45:06.683+0200][390962566ms] GC(15407)   Other: 0.5ms
[2026-07-26T08:45:06.683+0200][390962566ms] GC(15407) Eden regions: 1033->0(1033)
[2026-07-26T08:45:06.683+0200][390962566ms] GC(15407) Survivor regions: 2->2(130)
[2026-07-26T08:45:06.683+0200][390962566ms] GC(15407) Old regions: 592->592
[2026-07-26T08:45:06.683+0200][390962566ms] GC(15407) Humongous regions: 8->8
[2026-07-26T08:45:06.683+0200][390962566ms] GC(15407) Metaspace: 1023755K(1123328K)->1023755K(1123328K)
[2026-07-26T08:45:06.683+0200][390962566ms] GC(15407) Pause Young (Normal) (G1 Evacuation Pause) 26146M->9617M(32768M) 58.306ms
[2026-07-26T08:45:06.683+0200][390962566ms] GC(15407) User=1.23s Sys=0.00s Real=0.06s
[2026-07-26T08:45:06.683+0200][390962566ms] Concurrent String Deduplication (390962.567s)
[2026-07-26T08:45:06.684+0200][390962567ms] Concurrent String Deduplication 12232.0B->12232.0B(0.0B) avg 65.5% (390962.567s, 390962.567s) 0.646ms
[2026-07-26T08:47:06.804+0200][391082687ms] GC(15408) Pause Young (Concurrent Start) (G1 Evacuation Pause)
[2026-07-26T08:47:06.804+0200][391082687ms] GC(15408) Using 32 workers of 32 for evacuation
[2026-07-26T08:47:06.885+0200][391082768ms] GC(15408)   Pre Evacuate Collection Set: 8.0ms
[2026-07-26T08:47:06.885+0200][391082768ms] GC(15408)   Evacuate Collection Set: 45.2ms
[2026-07-26T08:47:06.885+0200][391082768ms] GC(15408)   Post Evacuate Collection Set: 28.0ms
[2026-07-26T08:47:06.885+0200][391082768ms] GC(15408)   Other: 0.5ms
[2026-07-26T08:47:06.885+0200][391082768ms] GC(15408) Eden regions: 1033->0(1033)
[2026-07-26T08:47:06.885+0200][391082768ms] GC(15408) Survivor regions: 2->2(130)
[2026-07-26T08:47:06.885+0200][391082768ms] GC(15408) Old regions: 592->592
[2026-07-26T08:47:06.885+0200][391082768ms] GC(15408) Humongous regions: 8->8
[2026-07-26T08:47:06.885+0200][391082768ms] GC(15408) Metaspace: 1023755K(1123328K)->1023755K(1123328K)
[2026-07-26T08:47:06.885+0200][391082768ms] GC(15408) Pause Young (Concurrent Start) (G1 Evacuation Pause) 26145M->9620M(32768M) 81.843ms
[2026-07-26T08:47:06.885+0200][391082768ms] GC(15408) User=1.53s Sys=0.00s Real=0.08s
[2026-07-26T08:47:06.885+0200][391082768ms] GC(15409) Concurrent Cycle
[2026-07-26T08:47:06.886+0200][391082769ms] GC(15409) Concurrent Clear Claimed Marks
[2026-07-26T08:47:06.886+0200][391082769ms] Concurrent String Deduplication (391082.769s)
[2026-07-26T08:47:06.887+0200][391082770ms] Concurrent String Deduplication 126.5K->90272.0B(39280.0B) avg 65.5% (391082.769s, 391082.770s) 0.915ms
[2026-07-26T08:47:06.893+0200][391082776ms] GC(15409) Concurrent Clear Claimed Marks 7.919ms
[2026-07-26T08:47:06.893+0200][391082776ms] GC(15409) Concurrent Scan Root Regions
[2026-07-26T08:47:06.909+0200][391082792ms] GC(15409) Concurrent Scan Root Regions 15.738ms
[2026-07-26T08:47:06.909+0200][391082792ms] GC(15409) Concurrent Mark (391082.793s)
[2026-07-26T08:47:06.909+0200][391082792ms] GC(15409) Concurrent Mark From Roots
[2026-07-26T08:47:06.909+0200][391082792ms] GC(15409) Using 24 workers of 24 for marking
[2026-07-26T08:47:08.503+0200][391084386ms] GC(15409) Concurrent Mark From Roots 1593.609ms
[2026-07-26T08:47:08.503+0200][391084386ms] GC(15409) Concurrent Preclean
[2026-07-26T08:47:08.523+0200][391084406ms] GC(15409) Concurrent Preclean 20.179ms
[2026-07-26T08:47:08.523+0200][391084406ms] GC(15409) Concurrent Mark (391082.793s, 391084.407s) 1613.904ms
[2026-07-26T08:47:08.524+0200][391084407ms] GC(15409) Pause Remark
[2026-07-26T08:47:08.751+0200][391084634ms] GC(15409) Cleaned string and symbol table, strings: 486428 processed, 396 removed, symbols: 1498476 processed, 0 removed
[2026-07-26T08:47:08.752+0200][391084635ms] GC(15409) MMU target violated: 201.0ms (200.0ms/201.0ms)
[2026-07-26T08:47:08.752+0200][391084635ms] GC(15409) Pause Remark 10788M->10788M(32768M) 228.164ms
[2026-07-26T08:47:08.752+0200][391084635ms] GC(15409) User=4.85s Sys=0.11s Real=0.23s
[2026-07-26T08:47:08.752+0200][391084635ms] GC(15409) Concurrent Rebuild Remembered Sets
[2026-07-26T08:47:10.687+0200][391086570ms] GC(15409) Concurrent Rebuild Remembered Sets 1934.604ms
[2026-07-26T08:47:10.687+0200][391086570ms] GC(15409) Pause Cleanup
[2026-07-26T08:47:10.690+0200][391086573ms] GC(15409) Pause Cleanup 12148M->12148M(32768M) 2.325ms
[2026-07-26T08:47:10.690+0200][391086573ms] GC(15409) User=0.03s Sys=0.00s Real=0.01s
[2026-07-26T08:47:10.690+0200][391086573ms] GC(15409) Concurrent Cleanup for Next Mark
[2026-07-26T08:47:10.702+0200][391086585ms] GC(15409) Concurrent Cleanup for Next Mark 12.787ms
[2026-07-26T08:47:10.703+0200][391086586ms] GC(15409) Concurrent Cycle 3817.048ms
[2026-07-26T08:49:06.980+0200][391202863ms] GC(15410) Pause Young (Normal) (G1 Evacuation Pause)
[2026-07-26T08:49:06.981+0200][391202864ms] GC(15410) Using 32 workers of 32 for evacuation
[2026-07-26T08:49:07.029+0200][391202912ms] GC(15410)   Pre Evacuate Collection Set: 0.1ms
[2026-07-26T08:49:07.029+0200][391202912ms] GC(15410)   Evacuate Collection Set: 19.9ms
[2026-07-26T08:49:07.029+0200][391202912ms] GC(15410)   Post Evacuate Collection Set: 27.7ms
[2026-07-26T08:49:07.029+0200][391202912ms] GC(15410)   Other: 0.5ms
[2026-07-26T08:49:07.029+0200][391202912ms] GC(15410) Eden regions: 1033->0(1033)
[2026-07-26T08:49:07.029+0200][391202912ms] GC(15410) Survivor regions: 2->2(130)
[2026-07-26T08:49:07.029+0200][391202912ms] GC(15410) Old regions: 592->592
[2026-07-26T08:49:07.029+0200][391202912ms] GC(15410) Humongous regions: 8->8
[2026-07-26T08:49:07.029+0200][391202912ms] GC(15410) Metaspace: 1023752K(1123328K)->1023752K(1123328K)
[2026-07-26T08:49:07.029+0200][391202912ms] GC(15410) Pause Young (Normal) (G1 Evacuation Pause) 26148M->9622M(32768M) 48.356ms
[2026-07-26T08:49:07.029+0200][391202912ms] GC(15410) User=1.02s Sys=0.00s Real=0.05s
[2026-07-26T08:49:07.030+0200][391202913ms] Concurrent String Deduplication (391202.913s)
[2026-07-26T08:49:07.030+0200][391202913ms] Concurrent String Deduplication 14176.0B->14176.0B(0.0B) avg 65.5% (391202.913s, 391202.914s) 0.272ms
[2026-07-26T08:51:07.516+0200][391323399ms] GC(15411) Pause Young (Concurrent Start) (G1 Evacuation Pause)
[2026-07-26T08:51:07.516+0200][391323399ms] GC(15411) Using 32 workers of 32 for evacuation
[2026-07-26T08:51:07.608+0200][391323491ms] GC(15411)   Pre Evacuate Collection Set: 8.2ms
[2026-07-26T08:51:07.608+0200][391323491ms] GC(15411)   Evacuate Collection Set: 56.3ms
[2026-07-26T08:51:07.608+0200][391323491ms] GC(15411)   Post Evacuate Collection Set: 26.4ms
[2026-07-26T08:51:07.608+0200][391323491ms] GC(15411)   Other: 0.5ms
[2026-07-26T08:51:07.608+0200][391323491ms] GC(15411) Eden regions: 1033->0(1033)
[2026-07-26T08:51:07.608+0200][391323491ms] GC(15411) Survivor regions: 2->2(130)
[2026-07-26T08:51:07.608+0200][391323491ms] GC(15411) Old regions: 592->592
[2026-07-26T08:51:07.608+0200][391323491ms] GC(15411) Humongous regions: 8->8
[2026-07-26T08:51:07.608+0200][391323491ms] GC(15411) Metaspace: 1023752K(1123328K)->1023752K(1123328K)
[2026-07-26T08:51:07.608+0200][391323491ms] GC(15411) Pause Young (Concurrent Start) (G1 Evacuation Pause) 26150M->9621M(32768M) 91.581ms
[2026-07-26T08:51:07.608+0200][391323491ms] GC(15411) User=1.75s Sys=0.00s Real=0.09s
[2026-07-26T08:51:07.608+0200][391323491ms] GC(15412) Concurrent Cycle
[2026-07-26T08:51:07.608+0200][391323491ms] GC(15412) Concurrent Clear Claimed Marks
[2026-07-26T08:51:07.610+0200][391323493ms] Concurrent String Deduplication (391323.494s)
[2026-07-26T08:51:07.613+0200][391323496ms] Concurrent String Deduplication 324.9K->178.3K(146.6K) avg 65.5% (391323.494s, 391323.497s) 2.986ms
[2026-07-26T08:51:07.616+0200][391323499ms] GC(15412) Concurrent Clear Claimed Marks 8.006ms
[2026-07-26T08:51:07.616+0200][391323499ms] GC(15412) Concurrent Scan Root Regions
[2026-07-26T08:51:07.626+0200][391323509ms] GC(15412) Concurrent Scan Root Regions 10.447ms
[2026-07-26T08:51:07.626+0200][391323509ms] GC(15412) Concurrent Mark (391323.510s)
[2026-07-26T08:51:07.626+0200][391323509ms] GC(15412) Concurrent Mark From Roots
[2026-07-26T08:51:07.626+0200][391323509ms] GC(15412) Using 24 workers of 24 for marking
[2026-07-26T08:51:09.181+0200][391325064ms] GC(15412) Concurrent Mark From Roots 1554.461ms
[2026-07-26T08:51:09.181+0200][391325064ms] GC(15412) Concurrent Preclean
[2026-07-26T08:51:09.198+0200][391325081ms] GC(15412) Concurrent Preclean 17.292ms
[2026-07-26T08:51:09.198+0200][391325081ms] GC(15412) Concurrent Mark (391323.510s, 391325.082s) 1571.881ms
[2026-07-26T08:51:09.199+0200][391325082ms] GC(15412) Pause Remark
[2026-07-26T08:51:09.303+0200][391325186ms] GC(15412) Cleaned string and symbol table, strings: 486374 processed, 99 removed, symbols: 1498476 processed, 2 removed
[2026-07-26T08:51:09.304+0200][391325187ms] GC(15412) Pause Remark 10541M->10541M(32768M) 105.450ms
[2026-07-26T08:51:09.304+0200][391325187ms] GC(15412) User=2.78s Sys=0.00s Real=0.10s
[2026-07-26T08:51:09.304+0200][391325187ms] GC(15412) Concurrent Rebuild Remembered Sets
[2026-07-26T08:51:11.115+0200][391326998ms] GC(15412) Concurrent Rebuild Remembered Sets 1810.602ms
[2026-07-26T08:51:11.115+0200][391326998ms] GC(15412) Pause Cleanup
[2026-07-26T08:51:11.118+0200][391327001ms] GC(15412) Pause Cleanup 11181M->11181M(32768M) 2.188ms
[2026-07-26T08:51:11.118+0200][391327001ms] GC(15412) User=0.03s Sys=0.00s Real=0.00s
[2026-07-26T08:51:11.118+0200][391327001ms] GC(15412) Concurrent Cleanup for Next Mark
[2026-07-26T08:51:11.125+0200][391327008ms] GC(15412) Concurrent Cleanup for Next Mark 7.539ms
[2026-07-26T08:51:11.125+0200][391327008ms] GC(15412) Concurrent Cycle 3517.541ms
[2026-07-26T08:53:07.338+0200][391443221ms] GC(15413) Pause Young (Normal) (G1 Evacuation Pause)
[2026-07-26T08:53:07.338+0200][391443221ms] GC(15413) Using 32 workers of 32 for evacuation
[2026-07-26T08:53:07.382+0200][391443265ms] GC(15413)   Pre Evacuate Collection Set: 0.1ms
[2026-07-26T08:53:07.382+0200][391443265ms] GC(15413)   Evacuate Collection Set: 13.2ms
[2026-07-26T08:53:07.382+0200][391443265ms] GC(15413)   Post Evacuate Collection Set: 29.5ms
[2026-07-26T08:53:07.382+0200][391443265ms] GC(15413)   Other: 0.5ms
[2026-07-26T08:53:07.382+0200][391443265ms] GC(15413) Eden regions: 1033->0(1033)
[2026-07-26T08:53:07.382+0200][391443265ms] GC(15413) Survivor regions: 2->2(130)
[2026-07-26T08:53:07.382+0200][391443265ms] GC(15413) Old regions: 592->592
[2026-07-26T08:53:07.382+0200][391443265ms] GC(15413) Humongous regions: 8->8
[2026-07-26T08:53:07.382+0200][391443265ms] GC(15413) Metaspace: 1023755K(1123328K)->1023755K(1123328K)
[2026-07-26T08:53:07.382+0200][391443265ms] GC(15413) Pause Young (Normal) (G1 Evacuation Pause) 26149M->9627M(32768M) 43.492ms
[2026-07-26T08:53:07.382+0200][391443265ms] GC(15413) User=0.99s Sys=0.08s Real=0.04s
[2026-07-26T08:53:07.382+0200][391443265ms] Concurrent String Deduplication (391443.266s)
[2026-07-26T08:53:07.386+0200][391443269ms] Concurrent String Deduplication 702.7K->427.7K(275.0K) avg 65.5% (391443.266s, 391443.270s) 3.715ms
[2026-07-26T08:55:08.624+0200][391564507ms] GC(15414) Pause Young (Concurrent Start) (G1 Evacuation Pause)
[2026-07-26T08:55:08.625+0200][391564508ms] GC(15414) Using 32 workers of 32 for evacuation
[2026-07-26T08:55:08.725+0200][391564608ms] GC(15414)   Pre Evacuate Collection Set: 9.8ms
[2026-07-26T08:55:08.725+0200][391564608ms] GC(15414)   Evacuate Collection Set: 50.7ms
[2026-07-26T08:55:08.725+0200][391564608ms] GC(15414)   Post Evacuate Collection Set: 39.2ms
[2026-07-26T08:55:08.725+0200][391564608ms] GC(15414)   Other: 0.7ms
[2026-07-26T08:55:08.725+0200][391564608ms] GC(15414) Eden regions: 1033->0(1032)
[2026-07-26T08:55:08.725+0200][391564608ms] GC(15414) Survivor regions: 2->3(130)
[2026-07-26T08:55:08.725+0200][391564608ms] GC(15414) Old regions: 592->592
[2026-07-26T08:55:08.725+0200][391564608ms] GC(15414) Humongous regions: 8->8
[2026-07-26T08:55:08.725+0200][391564608ms] GC(15414) Metaspace: 1023755K(1123328K)->1023755K(1123328K)
[2026-07-26T08:55:08.725+0200][391564608ms] GC(15414) Pause Young (Concurrent Start) (G1 Evacuation Pause) 26155M->9637M(32768M) 100.634ms
[2026-07-26T08:55:08.725+0200][391564608ms] GC(15414) User=1.78s Sys=0.04s Real=0.10s
[2026-07-26T08:55:08.725+0200][391564608ms] GC(15415) Concurrent Cycle
[2026-07-26T08:55:08.725+0200][391564608ms] GC(15415) Concurrent Clear Claimed Marks
[2026-07-26T08:55:08.725+0200][391564608ms] Concurrent String Deduplication (391564.609s)
[2026-07-26T08:55:08.726+0200][391564609ms] Concurrent String Deduplication 61072.0B->41752.0B(19320.0B) avg 65.5% (391564.609s, 391564.610s) 0.484ms
[2026-07-26T08:55:08.739+0200][391564622ms] GC(15415) Concurrent Clear Claimed Marks 13.267ms
[2026-07-26T08:55:08.739+0200][391564622ms] GC(15415) Concurrent Scan Root Regions
[2026-07-26T08:55:08.769+0200][391564652ms] GC(15415) Concurrent Scan Root Regions 30.230ms
[2026-07-26T08:55:08.769+0200][391564652ms] GC(15415) Concurrent Mark (391564.653s)
[2026-07-26T08:55:08.769+0200][391564652ms] GC(15415) Concurrent Mark From Roots
[2026-07-26T08:55:08.769+0200][391564652ms] GC(15415) Using 24 workers of 24 for marking
[2026-07-26T08:55:10.421+0200][391566304ms] GC(15415) Concurrent Mark From Roots 1652.067ms
[2026-07-26T08:55:10.421+0200][391566304ms] GC(15415) Concurrent Preclean
[2026-07-26T08:55:10.441+0200][391566324ms] GC(15415) Concurrent Preclean 19.589ms
[2026-07-26T08:55:10.441+0200][391566324ms] GC(15415) Concurrent Mark (391564.653s, 391566.324s) 1671.785ms
[2026-07-26T08:55:10.441+0200][391566324ms] GC(15415) Pause Remark
[2026-07-26T08:55:10.743+0200][391566626ms] GC(15415) Cleaned string and symbol table, strings: 486286 processed, 39 removed, symbols: 1498474 processed, 0 removed
[2026-07-26T08:55:10.744+0200][391566627ms] GC(15415) MMU target violated: 201.0ms (200.0ms/201.0ms)
[2026-07-26T08:55:10.744+0200][391566627ms] GC(15415) Pause Remark 10325M->10325M(32768M) 302.972ms
[2026-07-26T08:55:10.744+0200][391566627ms] GC(15415) User=7.00s Sys=0.08s Real=0.30s
[2026-07-26T08:55:10.744+0200][391566627ms] GC(15415) Concurrent Rebuild Remembered Sets
[2026-07-26T08:55:12.676+0200][391568559ms] GC(15415) Concurrent Rebuild Remembered Sets 1932.120ms
[2026-07-26T08:55:12.677+0200][391568560ms] GC(15415) Pause Cleanup
[2026-07-26T08:55:12.680+0200][391568563ms] GC(15415) Pause Cleanup 11214M->11214M(32768M) 2.534ms
[2026-07-26T08:55:12.680+0200][391568563ms] GC(15415) User=0.02s Sys=0.00s Real=0.01s
[2026-07-26T08:55:12.680+0200][391568563ms] GC(15415) Concurrent Cleanup for Next Mark
[2026-07-26T08:55:12.691+0200][391568574ms] GC(15415) Concurrent Cleanup for Next Mark 11.179ms
[2026-07-26T08:55:12.691+0200][391568574ms] GC(15415) Concurrent Cycle 3965.664ms
[2026-07-26T08:57:07.558+0200][391683441ms] GC(15416) Pause Young (Normal) (G1 Evacuation Pause)
[2026-07-26T08:57:07.558+0200][391683441ms] GC(15416) Using 32 workers of 32 for evacuation
[2026-07-26T08:57:07.606+0200][391683489ms] GC(15416)   Pre Evacuate Collection Set: 0.1ms
[2026-07-26T08:57:07.606+0200][391683489ms] GC(15416)   Evacuate Collection Set: 16.6ms
[2026-07-26T08:57:07.606+0200][391683489ms] GC(15416)   Post Evacuate Collection Set: 30.4ms
[2026-07-26T08:57:07.606+0200][391683489ms] GC(15416)   Other: 0.5ms
[2026-07-26T08:57:07.606+0200][391683489ms] GC(15416) Eden regions: 1032->0(1032)
[2026-07-26T08:57:07.606+0200][391683489ms] GC(15416) Survivor regions: 3->3(130)
[2026-07-26T08:57:07.606+0200][391683489ms] GC(15416) Old regions: 592->592
[2026-07-26T08:57:07.606+0200][391683489ms] GC(15416) Humongous regions: 8->8
[2026-07-26T08:57:07.606+0200][391683489ms] GC(15416) Metaspace: 1023686K(1123328K)->1023686K(1123328K)
[2026-07-26T08:57:07.606+0200][391683489ms] GC(15416) Pause Young (Normal) (G1 Evacuation Pause) 26149M->9640M(32768M) 47.694ms
[2026-07-26T08:57:07.606+0200][391683489ms] GC(15416) User=0.94s Sys=0.07s Real=0.04s
[2026-07-26T08:57:07.606+0200][391683489ms] Concurrent String Deduplication (391683.490s)
[2026-07-26T08:57:07.614+0200][391683497ms] Concurrent String Deduplication 1427.6K->875.9K(551.7K) avg 65.5% (391683.490s, 391683.498s) 7.440ms
[2026-07-26T08:59:06.495+0200][391802378ms] GC(15417) Pause Young (Concurrent Start) (G1 Evacuation Pause)
[2026-07-26T08:59:06.495+0200][391802378ms] GC(15417) Using 32 workers of 32 for evacuation
[2026-07-26T08:59:06.603+0200][391802486ms] GC(15417)   Pre Evacuate Collection Set: 8.1ms
[2026-07-26T08:59:06.603+0200][391802486ms] GC(15417)   Evacuate Collection Set: 59.4ms
[2026-07-26T08:59:06.603+0200][391802486ms] GC(15417)   Post Evacuate Collection Set: 39.8ms
[2026-07-26T08:59:06.603+0200][391802486ms] GC(15417)   Other: 0.5ms
[2026-07-26T08:59:06.603+0200][391802486ms] GC(15417) Eden regions: 1032->0(1031)
[2026-07-26T08:59:06.603+0200][391802486ms] GC(15417) Survivor regions: 3->3(130)
[2026-07-26T08:59:06.603+0200][391802486ms] GC(15417) Old regions: 592->592
[2026-07-26T08:59:06.603+0200][391802486ms] GC(15417) Humongous regions: 8->8
[2026-07-26T08:59:06.603+0200][391802486ms] GC(15417) Metaspace: 1023686K(1123328K)->1023686K(1123328K)
[2026-07-26T08:59:06.603+0200][391802486ms] GC(15417) Pause Young (Concurrent Start) (G1 Evacuation Pause) 26152M->9644M(32768M) 107.962ms
[2026-07-26T08:59:06.603+0200][391802486ms] GC(15417) User=2.33s Sys=0.00s Real=0.11s
[2026-07-26T08:59:06.603+0200][391802486ms] GC(15418) Concurrent Cycle
[2026-07-26T08:59:06.603+0200][391802486ms] GC(15418) Concurrent Clear Claimed Marks
[2026-07-26T08:59:06.603+0200][391802486ms] Concurrent String Deduplication (391802.487s)
[2026-07-26T08:59:06.611+0200][391802494ms] GC(15418) Concurrent Clear Claimed Marks 7.906ms
[2026-07-26T08:59:06.611+0200][391802494ms] GC(15418) Concurrent Scan Root Regions
[2026-07-26T08:59:06.612+0200][391802495ms] Concurrent String Deduplication 1509.6K->1171.5K(338.1K) avg 65.5% (391802.487s, 391802.495s) 8.718ms
[2026-07-26T08:59:06.628+0200][391802511ms] GC(15418) Concurrent Scan Root Regions 17.134ms
[2026-07-26T08:59:06.628+0200][391802511ms] GC(15418) Concurrent Mark (391802.512s)
[2026-07-26T08:59:06.628+0200][391802511ms] GC(15418) Concurrent Mark From Roots
[2026-07-26T08:59:06.628+0200][391802511ms] GC(15418) Using 24 workers of 24 for marking
[2026-07-26T08:59:08.171+0200][391804054ms] GC(15418) Concurrent Mark From Roots 1543.220ms
[2026-07-26T08:59:08.171+0200][391804054ms] GC(15418) Concurrent Preclean
[2026-07-26T08:59:08.188+0200][391804071ms] GC(15418) Concurrent Preclean 16.797ms
[2026-07-26T08:59:08.188+0200][391804071ms] GC(15418) Concurrent Mark (391802.512s, 391804.072s) 1560.133ms
[2026-07-26T08:59:08.189+0200][391804072ms] GC(15418) Pause Remark
[2026-07-26T08:59:08.301+0200][391804184ms] GC(15418) Cleaned string and symbol table, strings: 486300 processed, 17 removed, symbols: 1498474 processed, 40 removed
[2026-07-26T08:59:08.302+0200][391804185ms] GC(15418) Pause Remark 10668M->10668M(32768M) 113.679ms
[2026-07-26T08:59:08.302+0200][391804185ms] GC(15418) User=3.04s Sys=0.00s Real=0.11s
[2026-07-26T08:59:08.303+0200][391804186ms] GC(15418) Concurrent Rebuild Remembered Sets
[2026-07-26T08:59:10.177+0200][391806060ms] GC(15418) Concurrent Rebuild Remembered Sets 1874.660ms
[2026-07-26T08:59:10.181+0200][391806064ms] GC(15418) Pause Cleanup
[2026-07-26T08:59:10.183+0200][391806066ms] GC(15418) Pause Cleanup 11820M->11820M(32768M) 2.125ms
[2026-07-26T08:59:10.183+0200][391806066ms] GC(15418) User=0.02s Sys=0.00s Real=0.00s
[2026-07-26T08:59:10.184+0200][391806067ms] GC(15418) Concurrent Cleanup for Next Mark
[2026-07-26T08:59:10.193+0200][391806076ms] GC(15418) Concurrent Cleanup for Next Mark 9.036ms
[2026-07-26T08:59:10.193+0200][391806076ms] GC(15418) Concurrent Cycle 3589.768ms
[2026-07-26T09:01:07.215+0200][391923098ms] GC(15419) Pause Young (Normal) (G1 Evacuation Pause)
[2026-07-26T09:01:07.215+0200][391923098ms] GC(15419) Using 32 workers of 32 for evacuation
[2026-07-26T09:01:07.266+0200][391923149ms] GC(15419)   Pre Evacuate Collection Set: 0.1ms
[2026-07-26T09:01:07.266+0200][391923149ms] GC(15419)   Evacuate Collection Set: 17.9ms
[2026-07-26T09:01:07.266+0200][391923149ms] GC(15419)   Post Evacuate Collection Set: 32.2ms
[2026-07-26T09:01:07.266+0200][391923149ms] GC(15419)   Other: 0.5ms
[2026-07-26T09:01:07.266+0200][391923149ms] GC(15419) Eden regions: 1031->0(1031)
[2026-07-26T09:01:07.266+0200][391923149ms] GC(15419) Survivor regions: 3->3(130)
[2026-07-26T09:01:07.266+0200][391923149ms] GC(15419) Old regions: 592->592
[2026-07-26T09:01:07.266+0200][391923149ms] GC(15419) Humongous regions: 8->8
[2026-07-26T09:01:07.266+0200][391923149ms] GC(15419) Metaspace: 1023686K(1123328K)->1023686K(1123328K)
[2026-07-26T09:01:07.266+0200][391923149ms] GC(15419) Pause Young (Normal) (G1 Evacuation Pause) 26140M->9642M(32768M) 50.865ms
[2026-07-26T09:01:07.266+0200][391923149ms] GC(15419) User=1.16s Sys=0.00s Real=0.05s
[2026-07-26T09:01:07.266+0200][391923149ms] Concurrent String Deduplication (391923.150s)
[2026-07-26T09:01:07.271+0200][391923154ms] Concurrent String Deduplication 528.2K->347.7K(180.5K) avg 65.5% (391923.150s, 391923.155s) 4.864ms
[2026-07-26T09:03:07.740+0200][392043623ms] GC(15420) Pause Young (Concurrent Start) (G1 Evacuation Pause)
[2026-07-26T09:03:07.740+0200][392043623ms] GC(15420) Using 32 workers of 32 for evacuation
[2026-07-26T09:03:07.826+0200][392043709ms] GC(15420)   Pre Evacuate Collection Set: 8.1ms
[2026-07-26T09:03:07.826+0200][392043709ms] GC(15420)   Evacuate Collection Set: 46.0ms
[2026-07-26T09:03:07.826+0200][392043709ms] GC(15420)   Post Evacuate Collection Set: 31.8ms
[2026-07-26T09:03:07.826+0200][392043709ms] GC(15420)   Other: 0.5ms
[2026-07-26T09:03:07.826+0200][392043710ms] GC(15420) Eden regions: 1031->0(1031)
[2026-07-26T09:03:07.827+0200][392043710ms] GC(15420) Survivor regions: 3->3(130)
[2026-07-26T09:03:07.827+0200][392043710ms] GC(15420) Old regions: 592->592
[2026-07-26T09:03:07.827+0200][392043710ms] GC(15420) Humongous regions: 8->8
[2026-07-26T09:03:07.827+0200][392043710ms] GC(15420) Metaspace: 1023705K(1123328K)->1023705K(1123328K)
[2026-07-26T09:03:07.827+0200][392043710ms] GC(15420) Pause Young (Concurrent Start) (G1 Evacuation Pause) 26138M->9640M(32768M) 86.498ms
[2026-07-26T09:03:07.827+0200][392043710ms] GC(15420) User=1.75s Sys=0.01s Real=0.08s
[2026-07-26T09:03:07.827+0200][392043710ms] GC(15421) Concurrent Cycle
[2026-07-26T09:03:07.827+0200][392043710ms] GC(15421) Concurrent Clear Claimed Marks
[2026-07-26T09:03:07.827+0200][392043710ms] Concurrent String Deduplication (392043.711s)
[2026-07-26T09:03:07.833+0200][392043716ms] Concurrent String Deduplication 898.8K->585.9K(312.9K) avg 65.5% (392043.711s, 392043.716s) 5.296ms
[2026-07-26T09:03:07.836+0200][392043719ms] GC(15421) Concurrent Clear Claimed Marks 9.103ms
[2026-07-26T09:03:07.836+0200][392043719ms] GC(15421) Concurrent Scan Root Regions
[2026-07-26T09:03:07.849+0200][392043732ms] GC(15421) Concurrent Scan Root Regions 13.471ms
[2026-07-26T09:03:07.849+0200][392043732ms] GC(15421) Concurrent Mark (392043.733s)
[2026-07-26T09:03:07.849+0200][392043732ms] GC(15421) Concurrent Mark From Roots
[2026-07-26T09:03:07.849+0200][392043732ms] GC(15421) Using 24 workers of 24 for marking
[2026-07-26T09:03:09.393+0200][392045276ms] GC(15421) Concurrent Mark From Roots 1543.270ms
[2026-07-26T09:03:09.393+0200][392045276ms] GC(15421) Concurrent Preclean
[2026-07-26T09:03:09.411+0200][392045294ms] GC(15421) Concurrent Preclean 18.745ms
[2026-07-26T09:03:09.411+0200][392045294ms] GC(15421) Concurrent Mark (392043.733s, 392045.295s) 1562.136ms
[2026-07-26T09:03:09.412+0200][392045295ms] GC(15421) Pause Remark
[2026-07-26T09:03:09.508+0200][392045392ms] GC(15421) Cleaned string and symbol table, strings: 486323 processed, 2 removed, symbols: 1498444 processed, 0 removed
[2026-07-26T09:03:09.510+0200][392045393ms] GC(15421) Pause Remark 10344M->10344M(32768M) 98.053ms
[2026-07-26T09:03:09.510+0200][392045393ms] GC(15421) User=2.54s Sys=0.00s Real=0.10s
[2026-07-26T09:03:09.511+0200][392045394ms] GC(15421) Concurrent Rebuild Remembered Sets
[2026-07-26T09:03:11.372+0200][392047255ms] GC(15421) Concurrent Rebuild Remembered Sets 1861.037ms
[2026-07-26T09:03:11.372+0200][392047255ms] GC(15421) Pause Cleanup
[2026-07-26T09:03:11.374+0200][392047257ms] GC(15421) Pause Cleanup 11248M->11248M(32768M) 2.178ms
[2026-07-26T09:03:11.374+0200][392047257ms] GC(15421) User=0.03s Sys=0.00s Real=0.00s
[2026-07-26T09:03:11.375+0200][392047258ms] GC(15421) Concurrent Cleanup for Next Mark
[2026-07-26T09:03:11.383+0200][392047266ms] GC(15421) Concurrent Cleanup for Next Mark 8.024ms
[2026-07-26T09:03:11.383+0200][392047266ms] GC(15421) Concurrent Cycle 3556.034ms
[2026-07-26T09:05:08.227+0200][392164110ms] GC(15422) Pause Young (Normal) (G1 Evacuation Pause)
[2026-07-26T09:05:08.227+0200][392164110ms] GC(15422) Using 32 workers of 32 for evacuation
[2026-07-26T09:05:08.295+0200][392164178ms] GC(15422)   Pre Evacuate Collection Set: 0.1ms
[2026-07-26T09:05:08.295+0200][392164178ms] GC(15422)   Evacuate Collection Set: 26.3ms
[2026-07-26T09:05:08.295+0200][392164178ms] GC(15422)   Post Evacuate Collection Set: 41.0ms
[2026-07-26T09:05:08.295+0200][392164178ms] GC(15422)   Other: 0.6ms
[2026-07-26T09:05:08.295+0200][392164178ms] GC(15422) Eden regions: 1031->0(1030)
[2026-07-26T09:05:08.295+0200][392164178ms] GC(15422) Survivor regions: 3->4(130)
[2026-07-26T09:05:08.295+0200][392164178ms] GC(15422) Old regions: 592->592
[2026-07-26T09:05:08.295+0200][392164178ms] GC(15422) Humongous regions: 8->8
[2026-07-26T09:05:08.295+0200][392164178ms] GC(15422) Metaspace: 1023705K(1123328K)->1023705K(1123328K)
[2026-07-26T09:05:08.295+0200][392164178ms] GC(15422) Pause Young (Normal) (G1 Evacuation Pause) 26136M->9647M(32768M) 68.189ms
[2026-07-26T09:05:08.295+0200][392164178ms] GC(15422) User=1.44s Sys=0.00s Real=0.07s
[2026-07-26T09:05:08.295+0200][392164178ms] Concurrent String Deduplication (392164.179s)
[2026-07-26T09:05:08.295+0200][392164178ms] Concurrent String Deduplication 20824.0B->15856.0B(4968.0B) avg 65.5% (392164.179s, 392164.179s) 0.171ms
[2026-07-26T09:07:08.223+0200][392284106ms] GC(15423) Pause Young (Concurrent Start) (G1 Evacuation Pause)
[2026-07-26T09:07:08.224+0200][392284107ms] GC(15423) Using 32 workers of 32 for evacuation
[2026-07-26T09:07:08.324+0200][392284207ms] GC(15423)   Pre Evacuate Collection Set: 8.3ms
[2026-07-26T09:07:08.324+0200][392284207ms] GC(15423)   Evacuate Collection Set: 59.1ms
[2026-07-26T09:07:08.324+0200][392284207ms] GC(15423)   Post Evacuate Collection Set: 32.6ms
[2026-07-26T09:07:08.324+0200][392284207ms] GC(15423)   Other: 0.5ms
[2026-07-26T09:07:08.324+0200][392284207ms] GC(15423) Eden regions: 1030->0(1031)
[2026-07-26T09:07:08.324+0200][392284207ms] GC(15423) Survivor regions: 4->3(130)
[2026-07-26T09:07:08.324+0200][392284207ms] GC(15423) Old regions: 592->592
[2026-07-26T09:07:08.324+0200][392284207ms] GC(15423) Humongous regions: 8->8
[2026-07-26T09:07:08.324+0200][392284207ms] GC(15423) Metaspace: 1023705K(1123328K)->1023705K(1123328K)
[2026-07-26T09:07:08.324+0200][392284207ms] GC(15423) Pause Young (Concurrent Start) (G1 Evacuation Pause) 26127M->9644M(32768M) 100.597ms
[2026-07-26T09:07:08.324+0200][392284207ms] GC(15423) User=2.20s Sys=0.00s Real=0.10s
[2026-07-26T09:07:08.324+0200][392284207ms] GC(15424) Concurrent Cycle
[2026-07-26T09:07:08.324+0200][392284207ms] GC(15424) Concurrent Clear Claimed Marks
[2026-07-26T09:07:08.324+0200][392284207ms] Concurrent String Deduplication (392284.208s)
[2026-07-26T09:07:08.325+0200][392284208ms] Concurrent String Deduplication 103.5K->47712.0B(58304.0B) avg 65.5% (392284.208s, 392284.209s) 1.148ms
[2026-07-26T09:07:08.333+0200][392284216ms] GC(15424) Concurrent Clear Claimed Marks 8.812ms
[2026-07-26T09:07:08.333+0200][392284216ms] GC(15424) Concurrent Scan Root Regions
[2026-07-26T09:07:08.349+0200][392284232ms] GC(15424) Concurrent Scan Root Regions 15.613ms
[2026-07-26T09:07:08.349+0200][392284232ms] GC(15424) Concurrent Mark (392284.232s)
[2026-07-26T09:07:08.349+0200][392284232ms] GC(15424) Concurrent Mark From Roots
[2026-07-26T09:07:08.349+0200][392284232ms] GC(15424) Using 24 workers of 24 for marking
[2026-07-26T09:07:09.975+0200][392285858ms] GC(15424) Concurrent Mark From Roots 1625.962ms
[2026-07-26T09:07:09.975+0200][392285858ms] GC(15424) Concurrent Preclean
[2026-07-26T09:07:09.995+0200][392285878ms] GC(15424) Concurrent Preclean 20.557ms
[2026-07-26T09:07:09.995+0200][392285878ms] GC(15424) Concurrent Mark (392284.232s, 392285.879s) 1646.649ms
[2026-07-26T09:07:09.996+0200][392285879ms] GC(15424) Pause Remark
[2026-07-26T09:07:10.111+0200][392285994ms] GC(15424) Cleaned string and symbol table, strings: 486326 processed, 795 removed, symbols: 1498444 processed, 0 removed
[2026-07-26T09:07:10.112+0200][392285995ms] GC(15424) Pause Remark 10540M->10540M(32768M) 116.429ms
[2026-07-26T09:07:10.112+0200][392285995ms] GC(15424) User=3.11s Sys=0.00s Real=0.12s
[2026-07-26T09:07:10.112+0200][392285995ms] GC(15424) Concurrent Rebuild Remembered Sets
[2026-07-26T09:07:11.946+0200][392287829ms] GC(15424) Concurrent Rebuild Remembered Sets 1833.668ms
[2026-07-26T09:07:11.947+0200][392287830ms] GC(15424) Pause Cleanup
[2026-07-26T09:07:11.949+0200][392287832ms] GC(15424) Pause Cleanup 11700M->11700M(32768M) 2.773ms
[2026-07-26T09:07:11.949+0200][392287832ms] GC(15424) User=0.03s Sys=0.00s Real=0.01s
[2026-07-26T09:07:11.950+0200][392287833ms] GC(15424) Concurrent Cleanup for Next Mark
[2026-07-26T09:07:11.961+0200][392287844ms] GC(15424) Concurrent Cleanup for Next Mark 11.194ms
[2026-07-26T09:07:11.961+0200][392287844ms] GC(15424) Concurrent Cycle 3636.612ms
[2026-07-26T09:09:08.720+0200][392404603ms] GC(15425) Pause Young (Normal) (G1 Evacuation Pause)
[2026-07-26T09:09:08.720+0200][392404603ms] GC(15425) Using 32 workers of 32 for evacuation
[2026-07-26T09:09:08.776+0200][392404659ms] GC(15425)   Pre Evacuate Collection Set: 0.1ms
[2026-07-26T09:09:08.776+0200][392404659ms] GC(15425)   Evacuate Collection Set: 22.5ms
[2026-07-26T09:09:08.776+0200][392404659ms] GC(15425)   Post Evacuate Collection Set: 33.0ms
[2026-07-26T09:09:08.776+0200][392404659ms] GC(15425)   Other: 0.5ms
[2026-07-26T09:09:08.776+0200][392404659ms] GC(15425) Eden regions: 1031->0(1031)
[2026-07-26T09:09:08.776+0200][392404659ms] GC(15425) Survivor regions: 3->3(130)
[2026-07-26T09:09:08.776+0200][392404659ms] GC(15425) Old regions: 592->592
[2026-07-26T09:09:08.776+0200][392404659ms] GC(15425) Humongous regions: 8->8
[2026-07-26T09:09:08.776+0200][392404659ms] GC(15425) Metaspace: 1023705K(1123328K)->1023705K(1123328K)
[2026-07-26T09:09:08.776+0200][392404659ms] GC(15425) Pause Young (Normal) (G1 Evacuation Pause) 26140M->9640M(32768M) 56.207ms
[2026-07-26T09:09:08.776+0200][392404659ms] GC(15425) User=1.21s Sys=0.00s Real=0.05s
[2026-07-26T09:09:08.776+0200][392404659ms] Concurrent String Deduplication (392404.660s)
[2026-07-26T09:09:08.786+0200][392404669ms] Concurrent String Deduplication 1255.2K->785.2K(470.0K) avg 65.5% (392404.660s, 392404.670s) 9.860ms
[2026-07-26T09:11:09.194+0200][392525077ms] GC(15426) Pause Young (Concurrent Start) (G1 Evacuation Pause)
[2026-07-26T09:11:09.194+0200][392525077ms] GC(15426) Using 32 workers of 32 for evacuation
[2026-07-26T09:11:09.297+0200][392525180ms] GC(15426)   Pre Evacuate Collection Set: 8.3ms
[2026-07-26T09:11:09.297+0200][392525180ms] GC(15426)   Evacuate Collection Set: 58.6ms
[2026-07-26T09:11:09.297+0200][392525180ms] GC(15426)   Post Evacuate Collection Set: 35.6ms
[2026-07-26T09:11:09.297+0200][392525180ms] GC(15426)   Other: 0.5ms
[2026-07-26T09:11:09.297+0200][392525180ms] GC(15426) Eden regions: 1031->0(1031)
[2026-07-26T09:11:09.297+0200][392525180ms] GC(15426) Survivor regions: 3->3(130)
[2026-07-26T09:11:09.297+0200][392525180ms] GC(15426) Old regions: 592->592
[2026-07-26T09:11:09.297+0200][392525180ms] GC(15426) Humongous regions: 8->8
[2026-07-26T09:11:09.297+0200][392525180ms] GC(15426) Metaspace: 1023705K(1123328K)->1023705K(1123328K)
[2026-07-26T09:11:09.297+0200][392525180ms] GC(15426) Pause Young (Concurrent Start) (G1 Evacuation Pause) 26136M->9635M(32768M) 103.324ms
[2026-07-26T09:11:09.297+0200][392525180ms] GC(15426) User=2.34s Sys=0.00s Real=0.10s
[2026-07-26T09:11:09.297+0200][392525180ms] Concurrent String Deduplication (392525.181s)
[2026-07-26T09:11:09.301+0200][392525184ms] GC(15427) Concurrent Cycle
[2026-07-26T09:11:09.301+0200][392525184ms] GC(15427) Concurrent Clear Claimed Marks
[2026-07-26T09:11:09.302+0200][392525185ms] Concurrent String Deduplication 324.5K->233.7K(92944.0B) avg 65.5% (392525.181s, 392525.185s) 3.062ms
[2026-07-26T09:11:09.309+0200][392525192ms] GC(15427) Concurrent Clear Claimed Marks 7.916ms
[2026-07-26T09:11:09.309+0200][392525192ms] GC(15427) Concurrent Scan Root Regions
[2026-07-26T09:11:09.321+0200][392525204ms] GC(15427) Concurrent Scan Root Regions 12.259ms
[2026-07-26T09:11:09.321+0200][392525204ms] GC(15427) Concurrent Mark (392525.205s)
[2026-07-26T09:11:09.321+0200][392525204ms] GC(15427) Concurrent Mark From Roots
[2026-07-26T09:11:09.321+0200][392525204ms] GC(15427) Using 24 workers of 24 for marking
[2026-07-26T09:11:10.941+0200][392526824ms] GC(15427) Concurrent Mark From Roots 1620.063ms
[2026-07-26T09:11:10.941+0200][392526824ms] GC(15427) Concurrent Preclean
[2026-07-26T09:11:10.961+0200][392526844ms] GC(15427) Concurrent Preclean 20.148ms
[2026-07-26T09:11:10.961+0200][392526844ms] GC(15427) Concurrent Mark (392525.205s, 392526.845s) 1640.344ms
[2026-07-26T09:11:10.962+0200][392526845ms] GC(15427) Pause Remark
[2026-07-26T09:11:11.074+0200][392526957ms] GC(15427) Cleaned string and symbol table, strings: 486292 processed, 316 removed, symbols: 1498444 processed, 0 removed
[2026-07-26T09:11:11.075+0200][392526958ms] GC(15427) Pause Remark 10275M->10275M(32768M) 113.097ms
[2026-07-26T09:11:11.075+0200][392526958ms] GC(15427) User=2.85s Sys=0.05s Real=0.11s
[2026-07-26T09:11:11.075+0200][392526958ms] GC(15427) Concurrent Rebuild Remembered Sets
[2026-07-26T09:11:12.820+0200][392528703ms] GC(15427) Concurrent Rebuild Remembered Sets 1744.573ms
[2026-07-26T09:11:12.820+0200][392528703ms] GC(15427) Pause Cleanup
[2026-07-26T09:11:12.823+0200][392528706ms] GC(15427) Pause Cleanup 10291M->10291M(32768M) 2.389ms
[2026-07-26T09:11:12.823+0200][392528706ms] GC(15427) User=0.02s Sys=0.00s Real=0.00s
[2026-07-26T09:11:12.823+0200][392528706ms] GC(15427) Concurrent Cleanup for Next Mark
[2026-07-26T09:11:12.832+0200][392528715ms] GC(15427) Concurrent Cleanup for Next Mark 9.804ms
[2026-07-26T09:11:12.833+0200][392528716ms] GC(15427) Concurrent Cycle 3531.886ms
[2026-07-26T09:13:07.562+0200][392643445ms] GC(15428) Pause Young (Normal) (G1 Evacuation Pause)
[2026-07-26T09:13:07.562+0200][392643445ms] GC(15428) Using 32 workers of 32 for evacuation
[2026-07-26T09:13:07.617+0200][392643500ms] GC(15428)   Pre Evacuate Collection Set: 0.1ms
[2026-07-26T09:13:07.617+0200][392643500ms] GC(15428)   Evacuate Collection Set: 19.6ms
[2026-07-26T09:13:07.617+0200][392643500ms] GC(15428)   Post Evacuate Collection Set: 34.5ms
[2026-07-26T09:13:07.617+0200][392643500ms] GC(15428)   Other: 0.5ms
[2026-07-26T09:13:07.617+0200][392643500ms] GC(15428) Eden regions: 1031->0(1031)
[2026-07-26T09:13:07.617+0200][392643500ms] GC(15428) Survivor regions: 3->3(130)
[2026-07-26T09:13:07.617+0200][392643500ms] GC(15428) Old regions: 592->592
[2026-07-26T09:13:07.617+0200][392643500ms] GC(15428) Humongous regions: 8->8
[2026-07-26T09:13:07.617+0200][392643500ms] GC(15428) Metaspace: 1023705K(1123328K)->1023705K(1123328K)
[2026-07-26T09:13:07.617+0200][392643500ms] GC(15428) Pause Young (Normal) (G1 Evacuation Pause) 26131M->9637M(32768M) 54.833ms
[2026-07-26T09:13:07.617+0200][392643500ms] GC(15428) User=1.35s Sys=0.00s Real=0.05s
[2026-07-26T09:13:07.621+0200][392643504ms] Concurrent String Deduplication (392643.505s)
[2026-07-26T09:13:07.623+0200][392643506ms] Concurrent String Deduplication 346.5K->237.8K(108.7K) avg 65.5% (392643.505s, 392643.507s) 1.958ms
[2026-07-26T09:15:07.355+0200][392763238ms] GC(15429) Pause Young (Concurrent Start) (G1 Evacuation Pause)
[2026-07-26T09:15:07.355+0200][392763238ms] GC(15429) Using 32 workers of 32 for evacuation
[2026-07-26T09:15:07.465+0200][392763348ms] GC(15429)   Pre Evacuate Collection Set: 9.1ms
[2026-07-26T09:15:07.465+0200][392763348ms] GC(15429)   Evacuate Collection Set: 59.1ms
[2026-07-26T09:15:07.465+0200][392763348ms] GC(15429)   Post Evacuate Collection Set: 41.3ms
[2026-07-26T09:15:07.465+0200][392763348ms] GC(15429)   Other: 0.6ms
[2026-07-26T09:15:07.465+0200][392763348ms] GC(15429) Eden regions: 1031->0(1030)
[2026-07-26T09:15:07.465+0200][392763348ms] GC(15429) Survivor regions: 3->3(130)
[2026-07-26T09:15:07.465+0200][392763348ms] GC(15429) Old regions: 592->593
[2026-07-26T09:15:07.465+0200][392763348ms] GC(15429) Humongous regions: 8->8
[2026-07-26T09:15:07.465+0200][392763348ms] GC(15429) Metaspace: 1023705K(1123328K)->1023705K(1123328K)
[2026-07-26T09:15:07.465+0200][392763348ms] GC(15429) Pause Young (Concurrent Start) (G1 Evacuation Pause) 26133M->9647M(32768M) 110.320ms
[2026-07-26T09:15:07.465+0200][392763348ms] GC(15429) User=2.34s Sys=0.00s Real=0.11s
[2026-07-26T09:15:07.465+0200][392763348ms] Concurrent String Deduplication (392763.349s)
[2026-07-26T09:15:07.465+0200][392763348ms] Concurrent String Deduplication 12144.0B->12144.0B(0.0B) avg 65.5% (392763.349s, 392763.349s) 0.069ms
[2026-07-26T09:15:07.468+0200][392763351ms] GC(15430) Concurrent Cycle
[2026-07-26T09:15:07.468+0200][392763351ms] GC(15430) Concurrent Clear Claimed Marks
[2026-07-26T09:15:07.483+0200][392763366ms] GC(15430) Concurrent Clear Claimed Marks 15.178ms
[2026-07-26T09:15:07.483+0200][392763366ms] GC(15430) Concurrent Scan Root Regions
[2026-07-26T09:15:07.505+0200][392763388ms] GC(15430) Concurrent Scan Root Regions 21.667ms
[2026-07-26T09:15:07.505+0200][392763388ms] GC(15430) Concurrent Mark (392763.389s)
[2026-07-26T09:15:07.505+0200][392763388ms] GC(15430) Concurrent Mark From Roots
[2026-07-26T09:15:07.505+0200][392763388ms] GC(15430) Using 24 workers of 24 for marking
[2026-07-26T09:15:09.245+0200][392765128ms] GC(15430) Concurrent Mark From Roots 1740.226ms
[2026-07-26T09:15:09.246+0200][392765129ms] GC(15430) Concurrent Preclean
[2026-07-26T09:15:09.283+0200][392765166ms] GC(15430) Concurrent Preclean 37.200ms
[2026-07-26T09:15:09.283+0200][392765166ms] GC(15430) Concurrent Mark (392763.389s, 392765.167s) 1777.571ms
[2026-07-26T09:15:09.283+0200][392765166ms] GC(15430) Pause Remark
[2026-07-26T09:15:09.411+0200][392765294ms] GC(15430) Cleaned string and symbol table, strings: 486300 processed, 2323 removed, symbols: 1498444 processed, 0 removed
[2026-07-26T09:15:09.412+0200][392765295ms] GC(15430) Pause Remark 10167M->10167M(32768M) 128.584ms
[2026-07-26T09:15:09.412+0200][392765295ms] GC(15430) User=2.85s Sys=0.00s Real=0.13s
[2026-07-26T09:15:09.412+0200][392765295ms] GC(15430) Concurrent Rebuild Remembered Sets
[2026-07-26T09:15:11.386+0200][392767269ms] GC(15430) Concurrent Rebuild Remembered Sets 1974.314ms
[2026-07-26T09:15:11.387+0200][392767270ms] GC(15430) Pause Cleanup
[2026-07-26T09:15:11.389+0200][392767272ms] GC(15430) Pause Cleanup 10767M->10767M(32768M) 2.271ms
[2026-07-26T09:15:11.389+0200][392767272ms] GC(15430) User=0.03s Sys=0.00s Real=0.01s
[2026-07-26T09:15:11.389+0200][392767272ms] GC(15430) Concurrent Cleanup for Next Mark
[2026-07-26T09:15:11.401+0200][392767284ms] GC(15430) Concurrent Cleanup for Next Mark 11.441ms
[2026-07-26T09:15:11.401+0200][392767284ms] GC(15430) Concurrent Cycle 3932.675ms
[2026-07-26T09:17:07.174+0200][392883057ms] GC(15431) Pause Young (Prepare Mixed) (G1 Evacuation Pause)
[2026-07-26T09:17:07.174+0200][392883057ms] GC(15431) Using 32 workers of 32 for evacuation
[2026-07-26T09:17:07.226+0200][392883109ms] GC(15431)   Pre Evacuate Collection Set: 0.1ms
[2026-07-26T09:17:07.226+0200][392883109ms] GC(15431)   Evacuate Collection Set: 19.9ms
[2026-07-26T09:17:07.226+0200][392883109ms] GC(15431)   Post Evacuate Collection Set: 31.0ms
[2026-07-26T09:17:07.226+0200][392883109ms] GC(15431)   Other: 0.8ms
[2026-07-26T09:17:07.226+0200][392883109ms] GC(15431) Eden regions: 1030->0(98)
[2026-07-26T09:17:07.226+0200][392883109ms] GC(15431) Survivor regions: 3->4(130)
[2026-07-26T09:17:07.226+0200][392883109ms] GC(15431) Old regions: 593->593
[2026-07-26T09:17:07.226+0200][392883109ms] GC(15431) Humongous regions: 8->8
[2026-07-26T09:17:07.226+0200][392883109ms] GC(15431) Metaspace: 1023705K(1123328K)->1023705K(1123328K)
[2026-07-26T09:17:07.226+0200][392883109ms] GC(15431) Pause Young (Prepare Mixed) (G1 Evacuation Pause) 26127M->9649M(32768M) 51.941ms
[2026-07-26T09:17:07.226+0200][392883109ms] GC(15431) User=1.28s Sys=0.00s Real=0.05s
[2026-07-26T09:17:07.226+0200][392883109ms] Concurrent String Deduplication (392883.110s)
[2026-07-26T09:17:07.232+0200][392883115ms] Concurrent String Deduplication 840.9K->547.2K(293.7K) avg 65.5% (392883.110s, 392883.115s) 4.408ms
[2026-07-26T09:17:08.292+0200][392884175ms] GC(15432) Pause Young (Mixed) (G1 Evacuation Pause)
[2026-07-26T09:17:08.292+0200][392884175ms] GC(15432) Using 32 workers of 32 for evacuation
[2026-07-26T09:17:08.375+0200][392884258ms] GC(15432)   Pre Evacuate Collection Set: 0.1ms
[2026-07-26T09:17:08.375+0200][392884258ms] GC(15432)   Evacuate Collection Set: 52.5ms
[2026-07-26T09:17:08.375+0200][392884258ms] GC(15432)   Post Evacuate Collection Set: 28.8ms
[2026-07-26T09:17:08.375+0200][392884258ms] GC(15432)   Other: 1.0ms
[2026-07-26T09:17:08.375+0200][392884258ms] GC(15432) Eden regions: 98->0(1030)
[2026-07-26T09:17:08.375+0200][392884258ms] GC(15432) Survivor regions: 4->4(13)
[2026-07-26T09:17:08.375+0200][392884258ms] GC(15432) Old regions: 593->592
[2026-07-26T09:17:08.375+0200][392884258ms] GC(15432) Humongous regions: 8->8
[2026-07-26T09:17:08.375+0200][392884258ms] GC(15432) Metaspace: 1023705K(1123328K)->1023705K(1123328K)
[2026-07-26T09:17:08.375+0200][392884258ms] GC(15432) Pause Young (Mixed) (G1 Evacuation Pause) 11217M->9643M(32768M) 82.558ms
[2026-07-26T09:17:08.375+0200][392884258ms] GC(15432) User=2.24s Sys=0.01s Real=0.08s
[2026-07-26T09:17:08.375+0200][392884258ms] Concurrent String Deduplication (392884.259s)
[2026-07-26T09:17:08.387+0200][392884270ms] Concurrent String Deduplication 2347.0K->1555.3K(791.7K) avg 65.5% (392884.259s, 392884.271s) 11.595ms
[2026-07-26T09:19:07.605+0200][393003488ms] GC(15433) Pause Young (Normal) (G1 Evacuation Pause)
[2026-07-26T09:19:07.605+0200][393003488ms] GC(15433) Using 32 workers of 32 for evacuation
[2026-07-26T09:19:07.667+0200][393003550ms] GC(15433)   Pre Evacuate Collection Set: 0.1ms
[2026-07-26T09:19:07.667+0200][393003550ms] GC(15433)   Evacuate Collection Set: 28.8ms
[2026-07-26T09:19:07.667+0200][393003550ms] GC(15433)   Post Evacuate Collection Set: 32.8ms
[2026-07-26T09:19:07.667+0200][393003550ms] GC(15433)   Other: 0.4ms
[2026-07-26T09:19:07.667+0200][393003550ms] GC(15433) Eden regions: 1030->0(1024)
[2026-07-26T09:19:07.667+0200][393003550ms] GC(15433) Survivor regions: 4->7(130)
[2026-07-26T09:19:07.667+0200][393003550ms] GC(15433) Old regions: 592->592
[2026-07-26T09:19:07.667+0200][393003550ms] GC(15433) Humongous regions: 8->8
[2026-07-26T09:19:07.667+0200][393003550ms] GC(15433) Metaspace: 1023711K(1123328K)->1023711K(1123328K)
[2026-07-26T09:19:07.667+0200][393003550ms] GC(15433) Pause Young (Normal) (G1 Evacuation Pause) 26123M->9706M(32768M) 62.205ms
[2026-07-26T09:19:07.667+0200][393003550ms] GC(15433) User=1.42s Sys=0.01s Real=0.06s
[2026-07-26T09:19:07.667+0200][393003550ms] Concurrent String Deduplication (393003.551s)
[2026-07-26T09:19:07.670+0200][393003553ms] Concurrent String Deduplication 90888.0B->65128.0B(25760.0B) avg 65.5% (393003.551s, 393003.553s) 2.471ms
[2026-07-26T09:21:07.778+0200][393123661ms] GC(15434) Pause Young (Normal) (G1 Evacuation Pause)
[2026-07-26T09:21:07.778+0200][393123661ms] GC(15434) Using 32 workers of 32 for evacuation
[2026-07-26T09:21:07.845+0200][393123728ms] GC(15434)   Pre Evacuate Collection Set: 0.1ms
[2026-07-26T09:21:07.845+0200][393123728ms] GC(15434)   Evacuate Collection Set: 36.3ms
[2026-07-26T09:21:07.845+0200][393123728ms] GC(15434)   Post Evacuate Collection Set: 30.7ms
[2026-07-26T09:21:07.845+0200][393123728ms] GC(15434)   Other: 0.4ms
[2026-07-26T09:21:07.845+0200][393123728ms] GC(15434) Eden regions: 1024->0(1024)
[2026-07-26T09:21:07.845+0200][393123728ms] GC(15434) Survivor regions: 7->7(129)
[2026-07-26T09:21:07.845+0200][393123728ms] GC(15434) Old regions: 592->592
[2026-07-26T09:21:07.845+0200][393123728ms] GC(15434) Humongous regions: 8->8
[2026-07-26T09:21:07.845+0200][393123728ms] GC(15434) Metaspace: 1023711K(1123328K)->1023711K(1123328K)
[2026-07-26T09:21:07.845+0200][393123728ms] GC(15434) Pause Young (Normal) (G1 Evacuation Pause) 26090M->9705M(32768M) 67.656ms
[2026-07-26T09:21:07.845+0200][393123728ms] GC(15434) User=1.45s Sys=0.07s Real=0.07s
[2026-07-26T09:23:08.364+0200][393244247ms] GC(15435) Pause Young (Concurrent Start) (G1 Evacuation Pause)
[2026-07-26T09:23:08.364+0200][393244247ms] GC(15435) Using 32 workers of 32 for evacuation
[2026-07-26T09:23:08.460+0200][393244343ms] GC(15435)   Pre Evacuate Collection Set: 8.3ms
[2026-07-26T09:23:08.460+0200][393244343ms] GC(15435)   Evacuate Collection Set: 57.4ms
[2026-07-26T09:23:08.460+0200][393244343ms] GC(15435)   Post Evacuate Collection Set: 29.3ms
[2026-07-26T09:23:08.460+0200][393244343ms] GC(15435)   Other: 0.5ms
[2026-07-26T09:23:08.460+0200][393244343ms] GC(15435) Eden regions: 1024->0(1024)
[2026-07-26T09:23:08.460+0200][393244343ms] GC(15435) Survivor regions: 7->7(129)
[2026-07-26T09:23:08.460+0200][393244343ms] GC(15435) Old regions: 592->592
[2026-07-26T09:23:08.460+0200][393244343ms] GC(15435) Humongous regions: 8->8
[2026-07-26T09:23:08.460+0200][393244343ms] GC(15435) Metaspace: 1023711K(1123328K)->1023711K(1123328K)
[2026-07-26T09:23:08.460+0200][393244343ms] GC(15435) Pause Young (Concurrent Start) (G1 Evacuation Pause) 26089M->9707M(32768M) 95.641ms
[2026-07-26T09:23:08.460+0200][393244343ms] GC(15435) User=2.18s Sys=0.00s Real=0.10s
[2026-07-26T09:23:08.460+0200][393244343ms] GC(15436) Concurrent Cycle
[2026-07-26T09:23:08.460+0200][393244343ms] GC(15436) Concurrent Clear Claimed Marks
[2026-07-26T09:23:08.460+0200][393244343ms] Concurrent String Deduplication (393244.344s)
[2026-07-26T09:23:08.468+0200][393244351ms] GC(15436) Concurrent Clear Claimed Marks 8.116ms
[2026-07-26T09:23:08.468+0200][393244351ms] GC(15436) Concurrent Scan Root Regions
[2026-07-26T09:23:08.484+0200][393244367ms] GC(15436) Concurrent Scan Root Regions 15.517ms
[2026-07-26T09:23:08.484+0200][393244367ms] GC(15436) Concurrent Mark (393244.368s)
[2026-07-26T09:23:08.484+0200][393244367ms] GC(15436) Concurrent Mark From Roots
[2026-07-26T09:23:08.484+0200][393244367ms] GC(15436) Using 24 workers of 24 for marking
[2026-07-26T09:23:08.594+0200][393244477ms] Concurrent String Deduplication 5313.3K->3612.4K(1700.9K) avg 65.5% (393244.344s, 393244.478s) 133.003ms
[2026-07-26T09:23:09.991+0200][393245874ms] GC(15436) Concurrent Mark From Roots 1506.656ms
[2026-07-26T09:23:09.991+0200][393245874ms] GC(15436) Concurrent Preclean
[2026-07-26T09:23:10.009+0200][393245892ms] GC(15436) Concurrent Preclean 18.298ms
[2026-07-26T09:23:10.009+0200][393245892ms] GC(15436) Concurrent Mark (393244.368s, 393245.893s) 1525.067ms
[2026-07-26T09:23:10.009+0200][393245892ms] GC(15436) Pause Remark
[2026-07-26T09:23:10.105+0200][393245988ms] GC(15436) Cleaned string and symbol table, strings: 485959 processed, 821 removed, symbols: 1498449 processed, 1 removed
[2026-07-26T09:23:10.106+0200][393245989ms] GC(15436) Pause Remark 10539M->10539M(32768M) 96.516ms
[2026-07-26T09:23:10.106+0200][393245989ms] GC(15436) User=2.48s Sys=0.01s Real=0.09s
[2026-07-26T09:23:10.106+0200][393245989ms] GC(15436) Concurrent Rebuild Remembered Sets
[2026-07-26T09:23:11.954+0200][393247837ms] GC(15436) Concurrent Rebuild Remembered Sets 1847.953ms
[2026-07-26T09:23:11.955+0200][393247838ms] GC(15436) Pause Cleanup
[2026-07-26T09:23:11.956+0200][393247839ms] GC(15436) Pause Cleanup 11171M->11171M(32768M) 1.595ms
[2026-07-26T09:23:11.956+0200][393247839ms] GC(15436) User=0.02s Sys=0.00s Real=0.00s
[2026-07-26T09:23:11.956+0200][393247839ms] GC(15436) Concurrent Cleanup for Next Mark
[2026-07-26T09:23:11.964+0200][393247847ms] GC(15436) Concurrent Cleanup for Next Mark 7.391ms
[2026-07-26T09:23:11.964+0200][393247847ms] GC(15436) Concurrent Cycle 3503.616ms
[2026-07-26T09:25:09.787+0200][393365670ms] GC(15437) Pause Young (Prepare Mixed) (G1 Evacuation Pause)
[2026-07-26T09:25:09.787+0200][393365670ms] GC(15437) Using 32 workers of 32 for evacuation
[2026-07-26T09:25:09.863+0200][393365746ms] GC(15437)   Pre Evacuate Collection Set: 0.1ms
[2026-07-26T09:25:09.863+0200][393365746ms] GC(15437)   Evacuate Collection Set: 36.4ms
[2026-07-26T09:25:09.863+0200][393365746ms] GC(15437)   Post Evacuate Collection Set: 39.2ms
[2026-07-26T09:25:09.863+0200][393365746ms] GC(15437)   Other: 0.8ms
[2026-07-26T09:25:09.863+0200][393365746ms] GC(15437) Eden regions: 1024->0(95)
[2026-07-26T09:25:09.863+0200][393365746ms] GC(15437) Survivor regions: 7->7(129)
[2026-07-26T09:25:09.863+0200][393365746ms] GC(15437) Old regions: 592->593
[2026-07-26T09:25:09.863+0200][393365746ms] GC(15437) Humongous regions: 8->8
[2026-07-26T09:25:09.863+0200][393365746ms] GC(15437) Metaspace: 1023711K(1123328K)->1023711K(1123328K)
[2026-07-26T09:25:09.863+0200][393365746ms] GC(15437) Pause Young (Prepare Mixed) (G1 Evacuation Pause) 26091M->9703M(32768M) 76.531ms
[2026-07-26T09:25:09.863+0200][393365746ms] GC(15437) User=1.87s Sys=0.00s Real=0.08s
[2026-07-26T09:25:09.863+0200][393365746ms] Concurrent String Deduplication (393365.747s)
[2026-07-26T09:25:09.865+0200][393365748ms] Concurrent String Deduplication 174.4K->80920.0B(97632.0B) avg 65.5% (393365.747s, 393365.748s) 1.403ms
[2026-07-26T09:25:38.399+0200][393394282ms] GC(15438) Pause Young (Mixed) (G1 Evacuation Pause)
[2026-07-26T09:25:38.399+0200][393394282ms] GC(15438) Using 32 workers of 32 for evacuation
[2026-07-26T09:25:38.487+0200][393394370ms] GC(15438)   Pre Evacuate Collection Set: 0.2ms
[2026-07-26T09:25:38.487+0200][393394370ms] GC(15438)   Evacuate Collection Set: 53.2ms
[2026-07-26T09:25:38.487+0200][393394370ms] GC(15438)   Post Evacuate Collection Set: 33.7ms
[2026-07-26T09:25:38.487+0200][393394370ms] GC(15438)   Other: 1.0ms
[2026-07-26T09:25:38.487+0200][393394370ms] GC(15438) Eden regions: 95->0(1024)
[2026-07-26T09:25:38.487+0200][393394370ms] GC(15438) Survivor regions: 7->7(13)
[2026-07-26T09:25:38.487+0200][393394370ms] GC(15438) Old regions: 593->592
[2026-07-26T09:25:38.487+0200][393394370ms] GC(15438) Humongous regions: 8->8
[2026-07-26T09:25:38.487+0200][393394370ms] GC(15438) Metaspace: 1023711K(1123328K)->1023711K(1123328K)
[2026-07-26T09:25:38.487+0200][393394370ms] GC(15438) Pause Young (Mixed) (G1 Evacuation Pause) 11223M->9690M(32768M) 88.362ms
[2026-07-26T09:25:38.487+0200][393394370ms] GC(15438) User=2.42s Sys=0.00s Real=0.08s
[2026-07-26T09:25:38.490+0200][393394373ms] Concurrent String Deduplication (393394.374s)
[2026-07-26T09:25:38.492+0200][393394375ms] Concurrent String Deduplication 265.3K->112.7K(152.7K) avg 65.5% (393394.374s, 393394.376s) 2.091ms
[2026-07-26T09:27:10.281+0200][393486164ms] GC(15439) Pause Young (Normal) (G1 Evacuation Pause)
[2026-07-26T09:27:10.281+0200][393486164ms] GC(15439) Using 32 workers of 32 for evacuation
[2026-07-26T09:27:10.346+0200][393486229ms] GC(15439)   Pre Evacuate Collection Set: 0.1ms
[2026-07-26T09:27:10.346+0200][393486229ms] GC(15439)   Evacuate Collection Set: 33.5ms
[2026-07-26T09:27:10.346+0200][393486229ms] GC(15439)   Post Evacuate Collection Set: 30.5ms
[2026-07-26T09:27:10.346+0200][393486229ms] GC(15439)   Other: 0.4ms
[2026-07-26T09:27:10.346+0200][393486229ms] GC(15439) Eden regions: 1024->0(1024)
[2026-07-26T09:27:10.346+0200][393486229ms] GC(15439) Survivor regions: 7->7(129)
[2026-07-26T09:27:10.346+0200][393486229ms] GC(15439) Old regions: 592->592
[2026-07-26T09:27:10.346+0200][393486229ms] GC(15439) Humongous regions: 8->8
[2026-07-26T09:27:10.346+0200][393486229ms] GC(15439) Metaspace: 1023711K(1123328K)->1023711K(1123328K)
[2026-07-26T09:27:10.346+0200][393486229ms] GC(15439) Pause Young (Normal) (G1 Evacuation Pause) 26074M->9690M(32768M) 64.610ms
[2026-07-26T09:27:10.346+0200][393486229ms] GC(15439) User=1.46s Sys=0.07s Real=0.06s
[2026-07-26T09:27:10.346+0200][393486229ms] Concurrent String Deduplication (393486.230s)
[2026-07-26T09:27:10.346+0200][393486230ms] Concurrent String Deduplication 12752.0B->12712.0B(40.0B) avg 65.5% (393486.230s, 393486.230s) 0.288ms
[2026-07-26T09:29:08.745+0200][393604628ms] GC(15440) Pause Young (Normal) (G1 Evacuation Pause)
[2026-07-26T09:29:08.745+0200][393604628ms] GC(15440) Using 32 workers of 32 for evacuation
[2026-07-26T09:29:08.837+0200][393604720ms] GC(15440)   Pre Evacuate Collection Set: 0.1ms
[2026-07-26T09:29:08.837+0200][393604720ms] GC(15440)   Evacuate Collection Set: 56.0ms
[2026-07-26T09:29:08.837+0200][393604720ms] GC(15440)   Post Evacuate Collection Set: 35.7ms
[2026-07-26T09:29:08.837+0200][393604720ms] GC(15440)   Other: 0.4ms
[2026-07-26T09:29:08.837+0200][393604720ms] GC(15440) Eden regions: 1024->0(1024)
[2026-07-26T09:29:08.837+0200][393604720ms] GC(15440) Survivor regions: 7->7(129)
[2026-07-26T09:29:08.837+0200][393604720ms] GC(15440) Old regions: 592->592
[2026-07-26T09:29:08.837+0200][393604720ms] GC(15440) Humongous regions: 8->8
[2026-07-26T09:29:08.837+0200][393604720ms] GC(15440) Metaspace: 1023711K(1123328K)->1023711K(1123328K)
[2026-07-26T09:29:08.837+0200][393604720ms] GC(15440) Pause Young (Normal) (G1 Evacuation Pause) 26074M->9684M(32768M) 92.411ms
[2026-07-26T09:29:08.837+0200][393604720ms] GC(15440) User=2.39s Sys=0.08s Real=0.09s
[2026-07-26T09:29:08.838+0200][393604721ms] Concurrent String Deduplication (393604.721s)
[2026-07-26T09:29:08.840+0200][393604723ms] Concurrent String Deduplication 36208.0B->4848.0B(31360.0B) avg 65.5% (393604.721s, 393604.724s) 2.924ms
[2026-07-26T09:31:09.151+0200][393725034ms] GC(15441) Pause Young (Concurrent Start) (G1 Evacuation Pause)
[2026-07-26T09:31:09.151+0200][393725034ms] GC(15441) Using 32 workers of 32 for evacuation
[2026-07-26T09:31:09.260+0200][393725143ms] GC(15441)   Pre Evacuate Collection Set: 8.0ms
[2026-07-26T09:31:09.261+0200][393725144ms] GC(15441)   Evacuate Collection Set: 66.3ms
[2026-07-26T09:31:09.261+0200][393725144ms] GC(15441)   Post Evacuate Collection Set: 35.0ms
[2026-07-26T09:31:09.261+0200][393725144ms] GC(15441)   Other: 0.5ms
[2026-07-26T09:31:09.261+0200][393725144ms] GC(15441) Eden regions: 1024->0(1026)
[2026-07-26T09:31:09.261+0200][393725144ms] GC(15441) Survivor regions: 7->6(129)
[2026-07-26T09:31:09.261+0200][393725144ms] GC(15441) Old regions: 592->592
[2026-07-26T09:31:09.261+0200][393725144ms] GC(15441) Humongous regions: 8->8
[2026-07-26T09:31:09.261+0200][393725144ms] GC(15441) Metaspace: 1023711K(1123328K)->1023711K(1123328K)
[2026-07-26T09:31:09.261+0200][393725144ms] GC(15441) Pause Young (Concurrent Start) (G1 Evacuation Pause) 26068M->9675M(32768M) 109.987ms
[2026-07-26T09:31:09.261+0200][393725144ms] GC(15441) User=2.49s Sys=0.00s Real=0.11s
[2026-07-26T09:31:09.261+0200][393725144ms] GC(15442) Concurrent Cycle
[2026-07-26T09:31:09.261+0200][393725144ms] GC(15442) Concurrent Clear Claimed Marks
[2026-07-26T09:31:09.261+0200][393725144ms] Concurrent String Deduplication (393725.145s)
[2026-07-26T09:31:09.261+0200][393725144ms] Concurrent String Deduplication 9552.0B->9392.0B(160.0B) avg 65.5% (393725.145s, 393725.145s) 0.269ms
[2026-07-26T09:31:09.269+0200][393725152ms] GC(15442) Concurrent Clear Claimed Marks 7.701ms
[2026-07-26T09:31:09.269+0200][393725152ms] GC(15442) Concurrent Scan Root Regions
[2026-07-26T09:31:09.282+0200][393725165ms] GC(15442) Concurrent Scan Root Regions 13.860ms
[2026-07-26T09:31:09.283+0200][393725166ms] GC(15442) Concurrent Mark (393725.166s)
[2026-07-26T09:31:09.283+0200][393725166ms] GC(15442) Concurrent Mark From Roots
[2026-07-26T09:31:09.283+0200][393725166ms] GC(15442) Using 24 workers of 24 for marking
[2026-07-26T09:31:10.711+0200][393726594ms] GC(15442) Concurrent Mark From Roots 1428.089ms
[2026-07-26T09:31:10.711+0200][393726594ms] GC(15442) Concurrent Preclean
[2026-07-26T09:31:10.730+0200][393726613ms] GC(15442) Concurrent Preclean 19.347ms
[2026-07-26T09:31:10.730+0200][393726613ms] GC(15442) Concurrent Mark (393725.166s, 393726.614s) 1447.568ms
[2026-07-26T09:31:10.731+0200][393726614ms] GC(15442) Pause Remark
[2026-07-26T09:31:10.833+0200][393726716ms] GC(15442) Cleaned string and symbol table, strings: 486339 processed, 70 removed, symbols: 1498448 processed, 0 removed
[2026-07-26T09:31:10.834+0200][393726717ms] GC(15442) Pause Remark 10020M->10020M(32768M) 103.826ms
[2026-07-26T09:31:10.834+0200][393726717ms] GC(15442) User=2.77s Sys=0.00s Real=0.10s
[2026-07-26T09:31:10.834+0200][393726717ms] GC(15442) Concurrent Rebuild Remembered Sets
[2026-07-26T09:31:12.558+0200][393728441ms] GC(15442) Concurrent Rebuild Remembered Sets 1723.135ms
[2026-07-26T09:31:12.558+0200][393728441ms] GC(15442) Pause Cleanup
[2026-07-26T09:31:12.560+0200][393728443ms] GC(15442) Pause Cleanup 10020M->10020M(32768M) 2.089ms
[2026-07-26T09:31:12.560+0200][393728443ms] GC(15442) User=0.02s Sys=0.01s Real=0.01s
[2026-07-26T09:31:12.560+0200][393728443ms] GC(15442) Concurrent Cleanup for Next Mark
[2026-07-26T09:31:12.572+0200][393728455ms] GC(15442) Concurrent Cleanup for Next Mark 11.783ms
[2026-07-26T09:31:12.572+0200][393728455ms] GC(15442) Concurrent Cycle 3311.372ms
[2026-07-26T09:33:36.532+0200][393872415ms] GC(15443) Pause Young (Normal) (G1 Evacuation Pause)
[2026-07-26T09:33:36.533+0200][393872416ms] GC(15443) Using 32 workers of 32 for evacuation
[2026-07-26T09:33:36.602+0200][393872485ms] GC(15443)   Pre Evacuate Collection Set: 0.1ms
[2026-07-26T09:33:36.602+0200][393872485ms] GC(15443)   Evacuate Collection Set: 30.3ms
[2026-07-26T09:33:36.602+0200][393872485ms] GC(15443)   Post Evacuate Collection Set: 38.5ms
[2026-07-26T09:33:36.602+0200][393872485ms] GC(15443)   Other: 0.5ms
[2026-07-26T09:33:36.602+0200][393872485ms] GC(15443) Eden regions: 1026->0(1026)
[2026-07-26T09:33:36.602+0200][393872485ms] GC(15443) Survivor regions: 6->6(129)
[2026-07-26T09:33:36.602+0200][393872485ms] GC(15443) Old regions: 592->592
[2026-07-26T09:33:36.602+0200][393872485ms] GC(15443) Humongous regions: 8->8
[2026-07-26T09:33:36.602+0200][393872485ms] GC(15443) Metaspace: 1023711K(1123328K)->1023711K(1123328K)
[2026-07-26T09:33:36.602+0200][393872485ms] GC(15443) Pause Young (Normal) (G1 Evacuation Pause) 26091M->9669M(32768M) 69.523ms
[2026-07-26T09:33:36.602+0200][393872485ms] GC(15443) User=1.78s Sys=0.01s Real=0.07s
[2026-07-26T09:33:36.602+0200][393872485ms] Concurrent String Deduplication (393872.486s)
[2026-07-26T09:33:36.605+0200][393872488ms] Concurrent String Deduplication 581.4K->348.6K(232.8K) avg 65.5% (393872.486s, 393872.489s) 3.047ms
[2026-07-26T09:35:39.041+0200][393994924ms] GC(15444) Pause Young (Concurrent Start) (G1 Evacuation Pause)
[2026-07-26T09:35:39.041+0200][393994924ms] GC(15444) Using 32 workers of 32 for evacuation
[2026-07-26T09:35:39.134+0200][393995017ms] GC(15444)   Pre Evacuate Collection Set: 8.1ms
[2026-07-26T09:35:39.134+0200][393995018ms] GC(15444)   Evacuate Collection Set: 52.8ms
[2026-07-26T09:35:39.135+0200][393995018ms] GC(15444)   Post Evacuate Collection Set: 32.2ms
[2026-07-26T09:35:39.135+0200][393995018ms] GC(15444)   Other: 0.5ms
[2026-07-26T09:35:39.135+0200][393995018ms] GC(15444) Eden regions: 1026->0(1026)
[2026-07-26T09:35:39.135+0200][393995018ms] GC(15444) Survivor regions: 6->6(129)
[2026-07-26T09:35:39.135+0200][393995018ms] GC(15444) Old regions: 592->592
[2026-07-26T09:35:39.135+0200][393995018ms] GC(15444) Humongous regions: 8->8
[2026-07-26T09:35:39.135+0200][393995018ms] GC(15444) Metaspace: 1023711K(1123328K)->1023711K(1123328K)
[2026-07-26T09:35:39.135+0200][393995018ms] GC(15444) Pause Young (Concurrent Start) (G1 Evacuation Pause) 26085M->9669M(32768M) 93.754ms
[2026-07-26T09:35:39.135+0200][393995018ms] GC(15444) User=2.21s Sys=0.01s Real=0.09s
[2026-07-26T09:35:39.135+0200][393995018ms] GC(15445) Concurrent Cycle
[2026-07-26T09:35:39.135+0200][393995018ms] GC(15445) Concurrent Clear Claimed Marks
[2026-07-26T09:35:39.135+0200][393995018ms] Concurrent String Deduplication (393995.019s)
[2026-07-26T09:35:39.135+0200][393995018ms] Concurrent String Deduplication 31072.0B->22384.0B(8688.0B) avg 65.5% (393995.019s, 393995.019s) 0.250ms
[2026-07-26T09:35:39.143+0200][393995026ms] GC(15445) Concurrent Clear Claimed Marks 8.175ms
[2026-07-26T09:35:39.143+0200][393995026ms] GC(15445) Concurrent Scan Root Regions
[2026-07-26T09:35:39.159+0200][393995042ms] GC(15445) Concurrent Scan Root Regions 16.082ms
[2026-07-26T09:35:39.159+0200][393995042ms] GC(15445) Concurrent Mark (393995.043s)
[2026-07-26T09:35:39.159+0200][393995042ms] GC(15445) Concurrent Mark From Roots
[2026-07-26T09:35:39.159+0200][393995042ms] GC(15445) Using 24 workers of 24 for marking
[2026-07-26T09:35:40.592+0200][393996475ms] GC(15445) Concurrent Mark From Roots 1433.135ms
[2026-07-26T09:35:40.592+0200][393996475ms] GC(15445) Concurrent Preclean
[2026-07-26T09:35:40.611+0200][393996494ms] GC(15445) Concurrent Preclean 18.870ms
[2026-07-26T09:35:40.611+0200][393996494ms] GC(15445) Concurrent Mark (393995.043s, 393996.495s) 1452.133ms
[2026-07-26T09:35:40.612+0200][393996495ms] GC(15445) Pause Remark
[2026-07-26T09:35:40.714+0200][393996597ms] GC(15445) Cleaned string and symbol table, strings: 486284 processed, 5 removed, symbols: 1498448 processed, 0 removed
[2026-07-26T09:35:40.716+0200][393996599ms] GC(15445) Pause Remark 9878M->9878M(32768M) 104.058ms
[2026-07-26T09:35:40.716+0200][393996599ms] GC(15445) User=2.70s Sys=0.00s Real=0.10s
[2026-07-26T09:35:40.716+0200][393996599ms] GC(15445) Concurrent Rebuild Remembered Sets
[2026-07-26T09:35:42.515+0200][393998398ms] GC(15445) Concurrent Rebuild Remembered Sets 1798.929ms
[2026-07-26T09:35:42.515+0200][393998398ms] GC(15445) Pause Cleanup
[2026-07-26T09:35:42.518+0200][393998401ms] GC(15445) Pause Cleanup 9878M->9878M(32768M) 2.119ms
[2026-07-26T09:35:42.518+0200][393998401ms] GC(15445) User=0.02s Sys=0.00s Real=0.00s
[2026-07-26T09:35:42.518+0200][393998401ms] GC(15445) Concurrent Cleanup for Next Mark
[2026-07-26T09:35:42.525+0200][393998408ms] GC(15445) Concurrent Cleanup for Next Mark 7.229ms
[2026-07-26T09:35:42.525+0200][393998408ms] GC(15445) Concurrent Cycle 3390.233ms
[2026-07-26T09:38:04.976+0200][394140859ms] GC(15446) Pause Young (Normal) (G1 Evacuation Pause)
[2026-07-26T09:38:04.976+0200][394140859ms] GC(15446) Using 32 workers of 32 for evacuation
[2026-07-26T09:38:05.044+0200][394140927ms] GC(15446)   Pre Evacuate Collection Set: 0.1ms
[2026-07-26T09:38:05.044+0200][394140927ms] GC(15446)   Evacuate Collection Set: 28.6ms
[2026-07-26T09:38:05.044+0200][394140927ms] GC(15446)   Post Evacuate Collection Set: 38.9ms
[2026-07-26T09:38:05.044+0200][394140927ms] GC(15446)   Other: 0.5ms
[2026-07-26T09:38:05.044+0200][394140928ms] GC(15446) Eden regions: 1026->0(1026)
[2026-07-26T09:38:05.045+0200][394140928ms] GC(15446) Survivor regions: 6->6(129)
[2026-07-26T09:38:05.045+0200][394140928ms] GC(15446) Old regions: 592->592
[2026-07-26T09:38:05.045+0200][394140928ms] GC(15446) Humongous regions: 8->8
[2026-07-26T09:38:05.045+0200][394140928ms] GC(15446) Metaspace: 1023711K(1123328K)->1023711K(1123328K)
[2026-07-26T09:38:05.045+0200][394140928ms] GC(15446) Pause Young (Normal) (G1 Evacuation Pause) 26085M->9668M(32768M) 68.380ms
[2026-07-26T09:38:05.045+0200][394140928ms] GC(15446) User=1.58s Sys=0.00s Real=0.07s
[2026-07-26T09:38:05.045+0200][394140928ms] Concurrent String Deduplication (394140.929s)
[2026-07-26T09:38:05.045+0200][394140928ms] Concurrent String Deduplication 65768.0B->47168.0B(18600.0B) avg 65.5% (394140.929s, 394140.929s) 0.501ms
[2026-07-26T09:40:05.892+0200][394261775ms] GC(15447) Pause Young (Concurrent Start) (G1 Evacuation Pause)
[2026-07-26T09:40:05.892+0200][394261775ms] GC(15447) Using 32 workers of 32 for evacuation
[2026-07-26T09:40:06.024+0200][394261907ms] GC(15447)   Pre Evacuate Collection Set: 9.2ms
[2026-07-26T09:40:06.024+0200][394261907ms] GC(15447)   Evacuate Collection Set: 72.4ms
[2026-07-26T09:40:06.024+0200][394261907ms] GC(15447)   Post Evacuate Collection Set: 49.5ms
[2026-07-26T09:40:06.024+0200][394261907ms] GC(15447)   Other: 0.7ms
[2026-07-26T09:40:06.024+0200][394261907ms] GC(15447) Eden regions: 1026->0(1026)
[2026-07-26T09:40:06.024+0200][394261907ms] GC(15447) Survivor regions: 6->6(129)
[2026-07-26T09:40:06.024+0200][394261907ms] GC(15447) Old regions: 592->592
[2026-07-26T09:40:06.024+0200][394261907ms] GC(15447) Humongous regions: 8->8
[2026-07-26T09:40:06.024+0200][394261907ms] GC(15447) Metaspace: 1023711K(1123328K)->1023711K(1123328K)
[2026-07-26T09:40:06.024+0200][394261907ms] GC(15447) Pause Young (Concurrent Start) (G1 Evacuation Pause) 26084M->9669M(32768M) 131.972ms
[2026-07-26T09:40:06.024+0200][394261907ms] GC(15447) User=2.80s Sys=0.01s Real=0.13s
[2026-07-26T09:40:06.024+0200][394261907ms] GC(15448) Concurrent Cycle
[2026-07-26T09:40:06.025+0200][394261908ms] GC(15448) Concurrent Clear Claimed Marks
[2026-07-26T09:40:06.025+0200][394261908ms] Concurrent String Deduplication (394261.908s)
[2026-07-26T09:40:06.027+0200][394261910ms] Concurrent String Deduplication 1009.7K->979.5K(30904.0B) avg 65.5% (394261.908s, 394261.911s) 2.438ms
[2026-07-26T09:40:06.034+0200][394261917ms] GC(15448) Concurrent Clear Claimed Marks 9.279ms
[2026-07-26T09:40:06.034+0200][394261917ms] GC(15448) Concurrent Scan Root Regions
[2026-07-26T09:40:06.064+0200][394261947ms] GC(15448) Concurrent Scan Root Regions 30.605ms
[2026-07-26T09:40:06.065+0200][394261948ms] GC(15448) Concurrent Mark (394261.948s)
[2026-07-26T09:40:06.065+0200][394261948ms] GC(15448) Concurrent Mark From Roots
[2026-07-26T09:40:06.065+0200][394261948ms] GC(15448) Using 24 workers of 24 for marking
[2026-07-26T09:40:07.932+0200][394263815ms] GC(15448) Concurrent Mark From Roots 1867.014ms
[2026-07-26T09:40:07.932+0200][394263815ms] GC(15448) Concurrent Preclean
[2026-07-26T09:40:07.993+0200][394263876ms] GC(15448) Concurrent Preclean 61.026ms
[2026-07-26T09:40:07.993+0200][394263876ms] GC(15448) Concurrent Mark (394261.948s, 394263.877s) 1928.171ms
[2026-07-26T09:40:07.993+0200][394263876ms] GC(15448) Pause Remark
[2026-07-26T09:40:08.122+0200][394264005ms] GC(15448) Cleaned string and symbol table, strings: 486279 processed, 514 removed, symbols: 1498448 processed, 0 removed
[2026-07-26T09:40:08.124+0200][394264007ms] GC(15448) Pause Remark 10365M->10365M(32768M) 130.359ms
[2026-07-26T09:40:08.124+0200][394264007ms] GC(15448) User=3.32s Sys=0.00s Real=0.13s
[2026-07-26T09:40:08.124+0200][394264007ms] GC(15448) Concurrent Rebuild Remembered Sets
[2026-07-26T09:40:10.315+0200][394266198ms] GC(15448) Concurrent Rebuild Remembered Sets 2191.740ms
[2026-07-26T09:40:10.316+0200][394266199ms] GC(15448) Pause Cleanup
[2026-07-26T09:40:10.323+0200][394266206ms] GC(15448) Pause Cleanup 11365M->11365M(32768M) 6.514ms
[2026-07-26T09:40:10.323+0200][394266206ms] GC(15448) User=0.04s Sys=0.00s Real=0.01s
[2026-07-26T09:40:10.323+0200][394266206ms] GC(15448) Concurrent Cleanup for Next Mark
[2026-07-26T09:40:10.333+0200][394266216ms] GC(15448) Concurrent Cleanup for Next Mark 9.928ms
[2026-07-26T09:40:10.333+0200][394266216ms] GC(15448) Concurrent Cycle 4308.464ms
[2026-07-26T09:42:06.117+0200][394382000ms] GC(15449) Pause Young (Normal) (G1 Evacuation Pause)
[2026-07-26T09:42:06.117+0200][394382000ms] GC(15449) Using 32 workers of 32 for evacuation
[2026-07-26T09:42:06.177+0200][394382060ms] GC(15449)   Pre Evacuate Collection Set: 0.1ms
[2026-07-26T09:42:06.177+0200][394382060ms] GC(15449)   Evacuate Collection Set: 27.8ms
[2026-07-26T09:42:06.177+0200][394382060ms] GC(15449)   Post Evacuate Collection Set: 31.4ms
[2026-07-26T09:42:06.177+0200][394382060ms] GC(15449)   Other: 0.6ms
[2026-07-26T09:42:06.177+0200][394382060ms] GC(15449) Eden regions: 1026->0(1026)
[2026-07-26T09:42:06.177+0200][394382060ms] GC(15449) Survivor regions: 6->6(129)
[2026-07-26T09:42:06.177+0200][394382060ms] GC(15449) Old regions: 592->592
[2026-07-26T09:42:06.177+0200][394382060ms] GC(15449) Humongous regions: 8->8
[2026-07-26T09:42:06.177+0200][394382060ms] GC(15449) Metaspace: 1023711K(1123328K)->1023711K(1123328K)
[2026-07-26T09:42:06.177+0200][394382060ms] GC(15449) Pause Young (Normal) (G1 Evacuation Pause) 26085M->9673M(32768M) 60.036ms
[2026-07-26T09:42:06.177+0200][394382060ms] GC(15449) User=1.46s Sys=0.00s Real=0.06s
[2026-07-26T09:42:06.177+0200][394382060ms] Concurrent String Deduplication (394382.061s)
[2026-07-26T09:42:06.177+0200][394382060ms] Concurrent String Deduplication 16288.0B->16288.0B(0.0B) avg 65.5% (394382.061s, 394382.061s) 0.071ms
[2026-07-26T09:43:44.494+0200][394480377ms] GC(15450) Pause Young (Concurrent Start) (G1 Evacuation Pause)
[2026-07-26T09:43:44.494+0200][394480377ms] GC(15450) Using 32 workers of 32 for evacuation
[2026-07-26T09:43:44.606+0200][394480489ms] GC(15450)   Pre Evacuate Collection Set: 8.1ms
[2026-07-26T09:43:44.606+0200][394480489ms] GC(15450)   Evacuate Collection Set: 68.9ms
[2026-07-26T09:43:44.606+0200][394480489ms] GC(15450)   Post Evacuate Collection Set: 34.1ms
[2026-07-26T09:43:44.606+0200][394480489ms] GC(15450)   Other: 0.5ms
[2026-07-26T09:43:44.606+0200][394480489ms] GC(15450) Eden regions: 1026->0(1028)
[2026-07-26T09:43:44.606+0200][394480489ms] GC(15450) Survivor regions: 6->5(129)
[2026-07-26T09:43:44.606+0200][394480489ms] GC(15450) Old regions: 592->592
[2026-07-26T09:43:44.606+0200][394480489ms] GC(15450) Humongous regions: 8->8
[2026-07-26T09:43:44.606+0200][394480489ms] GC(15450) Metaspace: 1023711K(1123328K)->1023711K(1123328K)
[2026-07-26T09:43:44.606+0200][394480489ms] GC(15450) Pause Young (Concurrent Start) (G1 Evacuation Pause) 26089M->9667M(32768M) 111.751ms
[2026-07-26T09:43:44.606+0200][394480489ms] GC(15450) User=2.41s Sys=0.00s Real=0.11s
[2026-07-26T09:43:44.606+0200][394480489ms] GC(15451) Concurrent Cycle
[2026-07-26T09:43:44.606+0200][394480489ms] GC(15451) Concurrent Clear Claimed Marks
[2026-07-26T09:43:44.606+0200][394480489ms] Concurrent String Deduplication (394480.490s)
[2026-07-26T09:43:44.608+0200][394480491ms] Concurrent String Deduplication 171.0K->75824.0B(99304.0B) avg 65.5% (394480.490s, 394480.491s) 1.445ms
[2026-07-26T09:43:44.614+0200][394480497ms] GC(15451) Concurrent Clear Claimed Marks 7.648ms
[2026-07-26T09:43:44.614+0200][394480497ms] GC(15451) Concurrent Scan Root Regions
[2026-07-26T09:43:44.628+0200][394480511ms] GC(15451) Concurrent Scan Root Regions 14.266ms
[2026-07-26T09:43:44.628+0200][394480511ms] GC(15451) Concurrent Mark (394480.512s)
[2026-07-26T09:43:44.628+0200][394480511ms] GC(15451) Concurrent Mark From Roots
[2026-07-26T09:43:44.628+0200][394480511ms] GC(15451) Using 24 workers of 24 for marking
[2026-07-26T09:43:46.061+0200][394481944ms] GC(15451) Concurrent Mark From Roots 1433.091ms
[2026-07-26T09:43:46.061+0200][394481944ms] GC(15451) Concurrent Preclean
[2026-07-26T09:43:46.081+0200][394481964ms] GC(15451) Concurrent Preclean 19.558ms
[2026-07-26T09:43:46.081+0200][394481964ms] GC(15451) Concurrent Mark (394480.512s, 394481.965s) 1452.801ms
[2026-07-26T09:43:46.081+0200][394481964ms] GC(15451) Pause Remark
[2026-07-26T09:43:46.185+0200][394482068ms] GC(15451) Cleaned string and symbol table, strings: 486343 processed, 571 removed, symbols: 1498448 processed, 0 removed
[2026-07-26T09:43:46.191+0200][394482074ms] GC(15451) Pause Remark 9669M->9669M(32768M) 109.702ms
[2026-07-26T09:43:46.191+0200][394482074ms] GC(15451) User=2.81s Sys=0.00s Real=0.11s
[2026-07-26T09:43:46.191+0200][394482074ms] GC(15451) Concurrent Rebuild Remembered Sets
[2026-07-26T09:43:48.080+0200][394483963ms] GC(15451) Concurrent Rebuild Remembered Sets 1888.577ms
[2026-07-26T09:43:48.080+0200][394483963ms] GC(15451) Pause Cleanup
[2026-07-26T09:43:48.082+0200][394483965ms] GC(15451) Pause Cleanup 9671M->9671M(32768M) 2.193ms
[2026-07-26T09:43:48.082+0200][394483965ms] GC(15451) User=0.02s Sys=0.00s Real=0.00s
[2026-07-26T09:43:48.082+0200][394483965ms] GC(15451) Concurrent Cleanup for Next Mark
[2026-07-26T09:43:48.093+0200][394483976ms] GC(15451) Concurrent Cleanup for Next Mark 10.030ms
[2026-07-26T09:43:48.093+0200][394483976ms] GC(15451) Concurrent Cycle 3486.631ms
[2026-07-26T09:44:05.822+0200][394501705ms] GC(15452) Pause Young (Normal) (G1 Evacuation Pause)
[2026-07-26T09:44:05.822+0200][394501705ms] GC(15452) Using 32 workers of 32 for evacuation
[2026-07-26T09:44:05.893+0200][394501776ms] GC(15452)   Pre Evacuate Collection Set: 0.2ms
[2026-07-26T09:44:05.893+0200][394501776ms] GC(15452)   Evacuate Collection Set: 31.6ms
[2026-07-26T09:44:05.893+0200][394501776ms] GC(15452)   Post Evacuate Collection Set: 39.3ms
[2026-07-26T09:44:05.893+0200][394501776ms] GC(15452)   Other: 0.5ms
[2026-07-26T09:44:05.893+0200][394501776ms] GC(15452) Eden regions: 97->0(162)
[2026-07-26T09:44:05.893+0200][394501776ms] GC(15452) Survivor regions: 5->6(13)
[2026-07-26T09:44:05.893+0200][394501776ms] GC(15452) Old regions: 592->592
[2026-07-26T09:44:05.893+0200][394501776ms] GC(15452) Humongous regions: 8->8
[2026-07-26T09:44:05.893+0200][394501776ms] GC(15452) Metaspace: 1023711K(1123328K)->1023711K(1123328K)
[2026-07-26T09:44:05.893+0200][394501776ms] GC(15452) Pause Young (Normal) (G1 Evacuation Pause) 11219M->9668M(32768M) 71.661ms
[2026-07-26T09:44:05.893+0200][394501776ms] GC(15452) User=1.67s Sys=0.01s Real=0.07s
[2026-07-26T09:44:05.894+0200][394501777ms] Concurrent String Deduplication (394501.777s)
[2026-07-26T09:44:05.895+0200][394501778ms] Concurrent String Deduplication 137.0K->54832.0B(85472.0B) avg 65.5% (394501.777s, 394501.778s) 1.128ms
[2026-07-26T09:44:08.065+0200][394503948ms] GC(15453) Pause Young (Concurrent Start) (G1 Evacuation Pause)
[2026-07-26T09:44:08.065+0200][394503948ms] GC(15453) Using 32 workers of 32 for evacuation
[2026-07-26T09:44:08.193+0200][394504076ms] GC(15453)   Pre Evacuate Collection Set: 8.2ms
[2026-07-26T09:44:08.193+0200][394504076ms] GC(15453)   Evacuate Collection Set: 87.3ms
[2026-07-26T09:44:08.193+0200][394504076ms] GC(15453)   Post Evacuate Collection Set: 32.1ms
[2026-07-26T09:44:08.193+0200][394504076ms] GC(15453)   Other: 0.4ms
[2026-07-26T09:44:08.193+0200][394504076ms] GC(15453) Eden regions: 162->0(221)
[2026-07-26T09:44:08.193+0200][394504076ms] GC(15453) Survivor regions: 6->2(21)
[2026-07-26T09:44:08.193+0200][394504076ms] GC(15453) Old regions: 592->595
[2026-07-26T09:44:08.193+0200][394504076ms] GC(15453) Humongous regions: 8->8
[2026-07-26T09:44:08.193+0200][394504076ms] GC(15453) Metaspace: 1023711K(1123328K)->1023711K(1123328K)
[2026-07-26T09:44:08.193+0200][394504076ms] GC(15453) Pause Young (Concurrent Start) (G1 Evacuation Pause) 12260M->9670M(32768M) 128.060ms
[2026-07-26T09:44:08.193+0200][394504076ms] GC(15453) User=2.65s Sys=0.00s Real=0.13s
[2026-07-26T09:44:08.193+0200][394504076ms] GC(15454) Concurrent Cycle
[2026-07-26T09:44:08.193+0200][394504076ms] GC(15454) Concurrent Clear Claimed Marks
[2026-07-26T09:44:08.193+0200][394504076ms] Concurrent String Deduplication (394504.077s)
[2026-07-26T09:44:08.199+0200][394504082ms] Concurrent String Deduplication 688.5K->47040.0B(642.6K) avg 65.5% (394504.077s, 394504.083s) 5.336ms
[2026-07-26T09:44:08.202+0200][394504085ms] GC(15454) Concurrent Clear Claimed Marks 8.256ms
[2026-07-26T09:44:08.202+0200][394504085ms] GC(15454) Concurrent Scan Root Regions
[2026-07-26T09:44:08.216+0200][394504099ms] GC(15454) Concurrent Scan Root Regions 14.791ms
[2026-07-26T09:44:08.217+0200][394504100ms] GC(15454) Concurrent Mark (394504.100s)
[2026-07-26T09:44:08.217+0200][394504100ms] GC(15454) Concurrent Mark From Roots
[2026-07-26T09:44:08.217+0200][394504100ms] GC(15454) Using 24 workers of 24 for marking
[2026-07-26T09:44:09.876+0200][394505759ms] GC(15454) Concurrent Mark From Roots 1659.016ms
[2026-07-26T09:44:09.876+0200][394505759ms] GC(15454) Concurrent Preclean
[2026-07-26T09:44:09.906+0200][394505789ms] GC(15454) Concurrent Preclean 30.720ms
[2026-07-26T09:44:09.906+0200][394505789ms] GC(15454) Concurrent Mark (394504.100s, 394505.790s) 1689.881ms
[2026-07-26T09:44:09.907+0200][394505790ms] GC(15454) Pause Remark
[2026-07-26T09:44:10.025+0200][394505908ms] GC(15454) Cleaned string and symbol table, strings: 486023 processed, 1514 removed, symbols: 1498448 processed, 0 removed
[2026-07-26T09:44:10.026+0200][394505909ms] GC(15454) Pause Remark 10462M->10462M(32768M) 119.281ms
[2026-07-26T09:44:10.026+0200][394505909ms] GC(15454) User=2.94s Sys=0.00s Real=0.12s
[2026-07-26T09:44:10.031+0200][394505914ms] GC(15454) Concurrent Rebuild Remembered Sets
[2026-07-26T09:44:12.123+0200][394508006ms] GC(15454) Concurrent Rebuild Remembered Sets 2092.295ms
[2026-07-26T09:44:12.124+0200][394508007ms] GC(15454) Pause Cleanup
[2026-07-26T09:44:12.126+0200][394508009ms] GC(15454) Pause Cleanup 11510M->11510M(32768M) 2.709ms
[2026-07-26T09:44:12.126+0200][394508009ms] GC(15454) User=0.02s Sys=0.00s Real=0.00s
[2026-07-26T09:44:12.126+0200][394508009ms] GC(15454) Concurrent Cleanup for Next Mark
[2026-07-26T09:44:12.135+0200][394508018ms] GC(15454) Concurrent Cleanup for Next Mark 8.564ms
[2026-07-26T09:44:12.135+0200][394508018ms] GC(15454) Concurrent Cycle 3941.769ms
[2026-07-26T09:44:12.169+0200][394508052ms] GC(15455) Pause Young (Normal) (G1 Evacuation Pause)
[2026-07-26T09:44:12.169+0200][394508052ms] GC(15455) Using 32 workers of 32 for evacuation
[2026-07-26T09:44:12.223+0200][394508106ms] GC(15455)   Pre Evacuate Collection Set: 0.1ms
[2026-07-26T09:44:12.223+0200][394508106ms] GC(15455)   Evacuate Collection Set: 16.5ms
[2026-07-26T09:44:12.223+0200][394508106ms] GC(15455)   Post Evacuate Collection Set: 36.9ms
[2026-07-26T09:44:12.223+0200][394508106ms] GC(15455)   Other: 0.4ms
[2026-07-26T09:44:12.223+0200][394508106ms] GC(15455) Eden regions: 118->0(192)
[2026-07-26T09:44:12.223+0200][394508106ms] GC(15455) Survivor regions: 2->2(15)
[2026-07-26T09:44:12.223+0200][394508106ms] GC(15455) Old regions: 595->596
[2026-07-26T09:44:12.223+0200][394508106ms] GC(15455) Humongous regions: 8->8
[2026-07-26T09:44:12.223+0200][394508106ms] GC(15455) Metaspace: 1023711K(1123328K)->1023711K(1123328K)
[2026-07-26T09:44:12.223+0200][394508106ms] GC(15455) Pause Young (Normal) (G1 Evacuation Pause) 11558M->9670M(32768M) 54.083ms
[2026-07-26T09:44:12.223+0200][394508106ms] GC(15455) User=1.06s Sys=0.00s Real=0.05s
[2026-07-26T09:44:12.223+0200][394508106ms] Concurrent String Deduplication (394508.107s)
[2026-07-26T09:44:12.226+0200][394508109ms] Concurrent String Deduplication 660.3K->120.9K(539.4K) avg 65.5% (394508.107s, 394508.110s) 2.797ms
[2026-07-26T09:45:05.013+0200][394560896ms] GC(15456) Pause Young (Normal) (G1 Evacuation Pause)
[2026-07-26T09:45:05.013+0200][394560896ms] GC(15456) Using 32 workers of 32 for evacuation
[2026-07-26T09:45:05.065+0200][394560948ms] GC(15456)   Pre Evacuate Collection Set: 0.1ms
[2026-07-26T09:45:05.065+0200][394560948ms] GC(15456)   Evacuate Collection Set: 19.2ms
[2026-07-26T09:45:05.065+0200][394560948ms] GC(15456)   Post Evacuate Collection Set: 33.0ms
[2026-07-26T09:45:05.066+0200][394560949ms] GC(15456)   Other: 0.4ms
[2026-07-26T09:45:05.066+0200][394560949ms] GC(15456) Eden regions: 192->0(246)
[2026-07-26T09:45:05.066+0200][394560949ms] GC(15456) Survivor regions: 2->2(25)
[2026-07-26T09:45:05.066+0200][394560949ms] GC(15456) Old regions: 596->596
[2026-07-26T09:45:05.066+0200][394560949ms] GC(15456) Humongous regions: 8->8
[2026-07-26T09:45:05.066+0200][394560949ms] GC(15456) Metaspace: 1023711K(1123328K)->1023711K(1123328K)
[2026-07-26T09:45:05.066+0200][394560949ms] GC(15456) Pause Young (Normal) (G1 Evacuation Pause) 12742M->9673M(32768M) 52.808ms
[2026-07-26T09:45:05.066+0200][394560949ms] GC(15456) User=1.20s Sys=0.00s Real=0.05s
[2026-07-26T09:45:05.066+0200][394560949ms] Concurrent String Deduplication (394560.950s)
[2026-07-26T09:45:05.068+0200][394560951ms] Concurrent String Deduplication 667.9K->5464.0B(662.6K) avg 65.5% (394560.950s, 394560.952s) 1.963ms
[2026-07-26T09:45:09.134+0200][394565017ms] GC(15457) Pause Young (Normal) (G1 Evacuation Pause)
[2026-07-26T09:45:09.134+0200][394565017ms] GC(15457) Using 32 workers of 32 for evacuation
[2026-07-26T09:45:09.175+0200][394565058ms] GC(15457)   Pre Evacuate Collection Set: 0.1ms
[2026-07-26T09:45:09.175+0200][394565058ms] GC(15457)   Evacuate Collection Set: 10.0ms
[2026-07-26T09:45:09.175+0200][394565058ms] GC(15457)   Post Evacuate Collection Set: 30.4ms
[2026-07-26T09:45:09.175+0200][394565058ms] GC(15457)   Other: 0.3ms
[2026-07-26T09:45:09.175+0200][394565058ms] GC(15457) Eden regions: 246->0(306)
[2026-07-26T09:45:09.175+0200][394565058ms] GC(15457) Survivor regions: 2->2(31)
[2026-07-26T09:45:09.175+0200][394565058ms] GC(15457) Old regions: 596->596
[2026-07-26T09:45:09.175+0200][394565058ms] GC(15457) Humongous regions: 8->8
[2026-07-26T09:45:09.175+0200][394565058ms] GC(15457) Metaspace: 1023711K(1123328K)->1023711K(1123328K)
[2026-07-26T09:45:09.175+0200][394565058ms] GC(15457) Pause Young (Normal) (G1 Evacuation Pause) 13609M->9673M(32768M) 41.055ms
[2026-07-26T09:45:09.175+0200][394565058ms] GC(15457) User=0.85s Sys=0.00s Real=0.04s
[2026-07-26T09:45:09.176+0200][394565059ms] Concurrent String Deduplication (394565.059s)
[2026-07-26T09:45:09.178+0200][394565061ms] Concurrent String Deduplication 152.0K->9576.0B(142.7K) avg 65.5% (394565.059s, 394565.061s) 0.810ms
[2026-07-26T09:46:05.680+0200][394621563ms] GC(15458) Pause Young (Normal) (G1 Evacuation Pause)
[2026-07-26T09:46:05.680+0200][394621563ms] GC(15458) Using 32 workers of 32 for evacuation
[2026-07-26T09:46:05.724+0200][394621607ms] GC(15458)   Pre Evacuate Collection Set: 0.1ms
[2026-07-26T09:46:05.724+0200][394621607ms] GC(15458)   Evacuate Collection Set: 10.7ms
[2026-07-26T09:46:05.724+0200][394621607ms] GC(15458)   Post Evacuate Collection Set: 32.5ms
[2026-07-26T09:46:05.724+0200][394621607ms] GC(15458)   Other: 0.4ms
[2026-07-26T09:46:05.724+0200][394621607ms] GC(15458) Eden regions: 306->0(359)
[2026-07-26T09:46:05.724+0200][394621607ms] GC(15458) Survivor regions: 2->2(39)
[2026-07-26T09:46:05.724+0200][394621607ms] GC(15458) Old regions: 596->596
[2026-07-26T09:46:05.724+0200][394621607ms] GC(15458) Humongous regions: 8->8
[2026-07-26T09:46:05.724+0200][394621607ms] GC(15458) Metaspace: 1023711K(1123328K)->1023711K(1123328K)
[2026-07-26T09:46:05.724+0200][394621607ms] GC(15458) Pause Young (Normal) (G1 Evacuation Pause) 14569M->9675M(32768M) 43.995ms
[2026-07-26T09:46:05.724+0200][394621607ms] GC(15458) User=0.94s Sys=0.02s Real=0.04s
[2026-07-26T09:46:05.724+0200][394621607ms] Concurrent String Deduplication (394621.608s)
[2026-07-26T09:46:05.730+0200][394621613ms] Concurrent String Deduplication 1260.7K->1107.8K(152.8K) avg 65.5% (394621.608s, 394621.614s) 3.983ms
[2026-07-26T09:46:36.821+0200][394652704ms] GC(15459) Pause Young (Normal) (G1 Evacuation Pause)
[2026-07-26T09:46:36.821+0200][394652704ms] GC(15459) Using 32 workers of 32 for evacuation
[2026-07-26T09:46:36.861+0200][394652744ms] GC(15459)   Pre Evacuate Collection Set: 0.1ms
[2026-07-26T09:46:36.861+0200][394652744ms] GC(15459)   Evacuate Collection Set: 10.5ms
[2026-07-26T09:46:36.861+0200][394652744ms] GC(15459)   Post Evacuate Collection Set: 28.9ms
[2026-07-26T09:46:36.861+0200][394652744ms] GC(15459)   Other: 0.4ms
[2026-07-26T09:46:36.861+0200][394652744ms] GC(15459) Eden regions: 359->0(434)
[2026-07-26T09:46:36.861+0200][394652744ms] GC(15459) Survivor regions: 2->2(46)
[2026-07-26T09:46:36.861+0200][394652744ms] GC(15459) Old regions: 596->596
[2026-07-26T09:46:36.861+0200][394652744ms] GC(15459) Humongous regions: 8->8
[2026-07-26T09:46:36.861+0200][394652744ms] GC(15459) Metaspace: 1023713K(1123328K)->1023713K(1123328K)
[2026-07-26T09:46:36.861+0200][394652744ms] GC(15459) Pause Young (Normal) (G1 Evacuation Pause) 15419M->9675M(32768M) 40.010ms
[2026-07-26T09:46:36.861+0200][394652744ms] GC(15459) User=0.61s Sys=0.07s Real=0.04s
[2026-07-26T09:46:36.861+0200][394652744ms] Concurrent String Deduplication (394652.745s)
[2026-07-26T09:46:36.862+0200][394652745ms] Concurrent String Deduplication 58840.0B->30896.0B(27944.0B) avg 65.5% (394652.745s, 394652.746s) 0.606ms
[2026-07-26T09:47:08.760+0200][394684643ms] GC(15460) Pause Young (Normal) (G1 Evacuation Pause)
[2026-07-26T09:47:08.760+0200][394684643ms] GC(15460) Using 32 workers of 32 for evacuation
[2026-07-26T09:47:08.797+0200][394684680ms] GC(15460)   Pre Evacuate Collection Set: 0.1ms
[2026-07-26T09:47:08.797+0200][394684680ms] GC(15460)   Evacuate Collection Set: 10.5ms
[2026-07-26T09:47:08.797+0200][394684680ms] GC(15460)   Post Evacuate Collection Set: 25.8ms
[2026-07-26T09:47:08.797+0200][394684680ms] GC(15460)   Other: 0.4ms
[2026-07-26T09:47:08.797+0200][394684680ms] GC(15460) Eden regions: 434->0(483)
[2026-07-26T09:47:08.797+0200][394684680ms] GC(15460) Survivor regions: 2->2(55)
[2026-07-26T09:47:08.797+0200][394684680ms] GC(15460) Old regions: 596->596
[2026-07-26T09:47:08.797+0200][394684680ms] GC(15460) Humongous regions: 8->8
[2026-07-26T09:47:08.797+0200][394684680ms] GC(15460) Metaspace: 1023713K(1123328K)->1023713K(1123328K)
[2026-07-26T09:47:08.797+0200][394684680ms] GC(15460) Pause Young (Normal) (G1 Evacuation Pause) 16619M->9676M(32768M) 36.947ms
[2026-07-26T09:47:08.797+0200][394684680ms] GC(15460) User=0.78s Sys=0.00s Real=0.03s
[2026-07-26T09:47:08.797+0200][394684680ms] Concurrent String Deduplication (394684.681s)
[2026-07-26T09:47:08.798+0200][394684681ms] Concurrent String Deduplication 183.6K->121.3K(63880.0B) avg 65.5% (394684.681s, 394684.682s) 1.000ms
[2026-07-26T09:48:08.798+0200][394744681ms] GC(15461) Pause Young (Normal) (G1 Evacuation Pause)
[2026-07-26T09:48:08.798+0200][394744681ms] GC(15461) Using 32 workers of 32 for evacuation
[2026-07-26T09:48:08.846+0200][394744729ms] GC(15461)   Pre Evacuate Collection Set: 0.1ms
[2026-07-26T09:48:08.846+0200][394744729ms] GC(15461)   Evacuate Collection Set: 12.6ms
[2026-07-26T09:48:08.846+0200][394744729ms] GC(15461)   Post Evacuate Collection Set: 34.5ms
[2026-07-26T09:48:08.846+0200][394744729ms] GC(15461)   Other: 0.4ms
[2026-07-26T09:48:08.846+0200][394744729ms] GC(15461) Eden regions: 483->0(516)
[2026-07-26T09:48:08.846+0200][394744729ms] GC(15461) Survivor regions: 2->3(61)
[2026-07-26T09:48:08.846+0200][394744729ms] GC(15461) Old regions: 596->596
[2026-07-26T09:48:08.846+0200][394744729ms] GC(15461) Humongous regions: 8->8
[2026-07-26T09:48:08.846+0200][394744729ms] GC(15461) Metaspace: 1023713K(1123328K)->1023713K(1123328K)
[2026-07-26T09:48:08.846+0200][394744729ms] GC(15461) Pause Young (Normal) (G1 Evacuation Pause) 17404M->9685M(32768M) 47.698ms
[2026-07-26T09:48:08.846+0200][394744729ms] GC(15461) User=1.18s Sys=0.00s Real=0.05s
[2026-07-26T09:48:08.846+0200][394744729ms] Concurrent String Deduplication (394744.730s)
[2026-07-26T09:48:08.846+0200][394744729ms] Concurrent String Deduplication 37000.0B->16928.0B(20072.0B) avg 65.5% (394744.730s, 394744.730s) 0.345ms
[2026-07-26T09:49:08.229+0200][394804112ms] GC(15462) Pause Young (Normal) (G1 Evacuation Pause)
[2026-07-26T09:49:08.229+0200][394804112ms] GC(15462) Using 32 workers of 32 for evacuation
[2026-07-26T09:49:08.277+0200][394804160ms] GC(15462)   Pre Evacuate Collection Set: 0.1ms
[2026-07-26T09:49:08.277+0200][394804160ms] GC(15462)   Evacuate Collection Set: 13.0ms
[2026-07-26T09:49:08.277+0200][394804160ms] GC(15462)   Post Evacuate Collection Set: 33.8ms
[2026-07-26T09:49:08.277+0200][394804160ms] GC(15462)   Other: 0.4ms
[2026-07-26T09:49:08.277+0200][394804160ms] GC(15462) Eden regions: 516->0(576)
[2026-07-26T09:49:08.277+0200][394804160ms] GC(15462) Survivor regions: 3->3(65)
[2026-07-26T09:49:08.277+0200][394804160ms] GC(15462) Old regions: 596->596
[2026-07-26T09:49:08.277+0200][394804160ms] GC(15462) Humongous regions: 8->8
[2026-07-26T09:49:08.277+0200][394804160ms] GC(15462) Metaspace: 1023713K(1123328K)->1023713K(1123328K)
[2026-07-26T09:49:08.277+0200][394804160ms] GC(15462) Pause Young (Normal) (G1 Evacuation Pause) 17941M->9686M(32768M) 47.430ms
[2026-07-26T09:49:08.277+0200][394804160ms] GC(15462) User=1.05s Sys=0.01s Real=0.04s
[2026-07-26T09:49:08.277+0200][394804160ms] Concurrent String Deduplication (394804.161s)
[2026-07-26T09:49:08.280+0200][394804163ms] Concurrent String Deduplication 363.0K->243.9K(119.1K) avg 65.5% (394804.161s, 394804.164s) 2.365ms
[2026-07-26T09:50:14.642+0200][394870525ms] GC(15463) Pause Young (Normal) (G1 Evacuation Pause)
[2026-07-26T09:50:14.642+0200][394870525ms] GC(15463) Using 32 workers of 32 for evacuation
[2026-07-26T09:50:14.704+0200][394870587ms] GC(15463)   Pre Evacuate Collection Set: 0.1ms
[2026-07-26T09:50:14.704+0200][394870587ms] GC(15463)   Evacuate Collection Set: 19.1ms
[2026-07-26T09:50:14.704+0200][394870587ms] GC(15463)   Post Evacuate Collection Set: 42.5ms
[2026-07-26T09:50:14.704+0200][394870587ms] GC(15463)   Other: 0.4ms
[2026-07-26T09:50:14.704+0200][394870587ms] GC(15463) Eden regions: 576->0(637)
[2026-07-26T09:50:14.704+0200][394870587ms] GC(15463) Survivor regions: 3->3(73)
[2026-07-26T09:50:14.704+0200][394870587ms] GC(15463) Old regions: 596->596
[2026-07-26T09:50:14.704+0200][394870587ms] GC(15463) Humongous regions: 8->8
[2026-07-26T09:50:14.704+0200][394870587ms] GC(15463) Metaspace: 1023713K(1123328K)->1023713K(1123328K)
[2026-07-26T09:50:14.704+0200][394870587ms] GC(15463) Pause Young (Normal) (G1 Evacuation Pause) 18902M->9687M(32768M) 62.236ms
[2026-07-26T09:50:14.704+0200][394870587ms] GC(15463) User=1.29s Sys=0.00s Real=0.06s
[2026-07-26T09:50:14.704+0200][394870587ms] Concurrent String Deduplication (394870.588s)
[2026-07-26T09:50:14.717+0200][394870600ms] Concurrent String Deduplication 1530.2K->977.8K(552.4K) avg 65.5% (394870.588s, 394870.601s) 12.960ms
[2026-07-26T09:52:04.702+0200][394980585ms] GC(15464) Pause Young (Normal) (G1 Evacuation Pause)
[2026-07-26T09:52:04.702+0200][394980585ms] GC(15464) Using 32 workers of 32 for evacuation
[2026-07-26T09:52:04.745+0200][394980628ms] GC(15464)   Pre Evacuate Collection Set: 0.1ms
[2026-07-26T09:52:04.745+0200][394980628ms] GC(15464)   Evacuate Collection Set: 10.9ms
[2026-07-26T09:52:04.745+0200][394980628ms] GC(15464)   Post Evacuate Collection Set: 31.6ms
[2026-07-26T09:52:04.745+0200][394980628ms] GC(15464)   Other: 0.4ms
[2026-07-26T09:52:04.745+0200][394980628ms] GC(15464) Eden regions: 637->0(738)
[2026-07-26T09:52:04.745+0200][394980628ms] GC(15464) Survivor regions: 3->3(80)
[2026-07-26T09:52:04.745+0200][394980628ms] GC(15464) Old regions: 596->596
[2026-07-26T09:52:04.745+0200][394980628ms] GC(15464) Humongous regions: 8->8
[2026-07-26T09:52:04.745+0200][394980628ms] GC(15464) Metaspace: 1023713K(1123328K)->1023713K(1123328K)
[2026-07-26T09:52:04.745+0200][394980628ms] GC(15464) Pause Young (Normal) (G1 Evacuation Pause) 19879M->9693M(32768M) 43.187ms
[2026-07-26T09:52:04.745+0200][394980628ms] GC(15464) User=0.91s Sys=0.07s Real=0.04s
[2026-07-26T09:52:04.745+0200][394980628ms] Concurrent String Deduplication (394980.629s)
[2026-07-26T09:52:04.746+0200][394980629ms] Concurrent String Deduplication 108.8K->62360.0B(49000.0B) avg 65.5% (394980.629s, 394980.630s) 0.771ms
[2026-07-26T09:53:07.597+0200][395043480ms] GC(15465) Pause Young (Normal) (G1 Evacuation Pause)
[2026-07-26T09:53:07.597+0200][395043480ms] GC(15465) Using 32 workers of 32 for evacuation
[2026-07-26T09:53:07.644+0200][395043527ms] GC(15465)   Pre Evacuate Collection Set: 0.1ms
[2026-07-26T09:53:07.644+0200][395043527ms] GC(15465)   Evacuate Collection Set: 13.9ms
[2026-07-26T09:53:07.644+0200][395043527ms] GC(15465)   Post Evacuate Collection Set: 32.5ms
[2026-07-26T09:53:07.644+0200][395043527ms] GC(15465)   Other: 0.4ms
[2026-07-26T09:53:07.644+0200][395043527ms] GC(15465) Eden regions: 738->0(827)
[2026-07-26T09:53:07.644+0200][395043527ms] GC(15465) Survivor regions: 3->3(93)
[2026-07-26T09:53:07.644+0200][395043527ms] GC(15465) Old regions: 596->596
[2026-07-26T09:53:07.644+0200][395043527ms] GC(15465) Humongous regions: 8->8
[2026-07-26T09:53:07.644+0200][395043527ms] GC(15465) Metaspace: 1023713K(1123328K)->1023713K(1123328K)
[2026-07-26T09:53:07.644+0200][395043527ms] GC(15465) Pause Young (Normal) (G1 Evacuation Pause) 21501M->9694M(32768M) 47.129ms
[2026-07-26T09:53:07.644+0200][395043527ms] GC(15465) User=0.97s Sys=0.00s Real=0.05s
[2026-07-26T09:53:07.644+0200][395043527ms] Concurrent String Deduplication (395043.528s)
[2026-07-26T09:53:07.645+0200][395043528ms] Concurrent String Deduplication 75856.0B->25568.0B(50288.0B) avg 65.5% (395043.528s, 395043.528s) 0.546ms
[2026-07-26T09:55:05.895+0200][395161778ms] GC(15466) Pause Young (Normal) (G1 Evacuation Pause)
[2026-07-26T09:55:05.895+0200][395161778ms] GC(15466) Using 32 workers of 32 for evacuation
[2026-07-26T09:55:05.943+0200][395161826ms] GC(15466)   Pre Evacuate Collection Set: 0.1ms
[2026-07-26T09:55:05.943+0200][395161826ms] GC(15466)   Evacuate Collection Set: 14.8ms
[2026-07-26T09:55:05.943+0200][395161826ms] GC(15466)   Post Evacuate Collection Set: 32.9ms
[2026-07-26T09:55:05.943+0200][395161826ms] GC(15466)   Other: 0.4ms
[2026-07-26T09:55:05.943+0200][395161826ms] GC(15466) Eden regions: 827->0(879)
[2026-07-26T09:55:05.943+0200][395161826ms] GC(15466) Survivor regions: 3->3(104)
[2026-07-26T09:55:05.943+0200][395161826ms] GC(15466) Old regions: 596->596
[2026-07-26T09:55:05.943+0200][395161826ms] GC(15466) Humongous regions: 8->8
[2026-07-26T09:55:05.943+0200][395161826ms] GC(15466) Metaspace: 1023715K(1123328K)->1023715K(1123328K)
[2026-07-26T09:55:05.943+0200][395161826ms] GC(15466) Pause Young (Normal) (G1 Evacuation Pause) 22926M->9698M(32768M) 48.281ms
[2026-07-26T09:55:05.943+0200][395161827ms] GC(15466) User=1.18s Sys=0.07s Real=0.05s
[2026-07-26T09:55:05.944+0200][395161827ms] Concurrent String Deduplication (395161.827s)
[2026-07-26T09:55:05.950+0200][395161833ms] Concurrent String Deduplication 1359.8K->962.7K(397.1K) avg 65.5% (395161.827s, 395161.834s) 6.125ms
[2026-07-26T09:56:37.313+0200][395253196ms] GC(15467) Pause Young (Normal) (G1 Evacuation Pause)
[2026-07-26T09:56:37.313+0200][395253196ms] GC(15467) Using 32 workers of 32 for evacuation
[2026-07-26T09:56:37.366+0200][395253249ms] GC(15467)   Pre Evacuate Collection Set: 0.1ms
[2026-07-26T09:56:37.366+0200][395253249ms] GC(15467)   Evacuate Collection Set: 17.2ms
[2026-07-26T09:56:37.366+0200][395253249ms] GC(15467)   Post Evacuate Collection Set: 34.9ms
[2026-07-26T09:56:37.366+0200][395253249ms] GC(15467)   Other: 0.4ms
[2026-07-26T09:56:37.366+0200][395253249ms] GC(15467) Eden regions: 879->0(899)
[2026-07-26T09:56:37.366+0200][395253249ms] GC(15467) Survivor regions: 3->3(111)
[2026-07-26T09:56:37.366+0200][395253249ms] GC(15467) Old regions: 596->596
[2026-07-26T09:56:37.366+0200][395253249ms] GC(15467) Humongous regions: 8->8
[2026-07-26T09:56:37.366+0200][395253249ms] GC(15467) Metaspace: 1023715K(1123328K)->1023715K(1123328K)
[2026-07-26T09:56:37.366+0200][395253249ms] GC(15467) Pause Young (Normal) (G1 Evacuation Pause) 23762M->9701M(32768M) 52.774ms
[2026-07-26T09:56:37.366+0200][395253249ms] GC(15467) User=1.26s Sys=0.00s Real=0.05s
[2026-07-26T09:56:37.366+0200][395253249ms] Concurrent String Deduplication (395253.250s)
[2026-07-26T09:56:37.366+0200][395253249ms] Concurrent String Deduplication 41256.0B->8944.0B(32312.0B) avg 65.5% (395253.250s, 395253.250s) 0.299ms
[2026-07-26T09:58:08.992+0200][395344875ms] GC(15468) Pause Young (Normal) (G1 Evacuation Pause)
[2026-07-26T09:58:08.992+0200][395344875ms] GC(15468) Using 32 workers of 32 for evacuation
[2026-07-26T09:58:09.042+0200][395344925ms] GC(15468)   Pre Evacuate Collection Set: 0.1ms
[2026-07-26T09:58:09.042+0200][395344925ms] GC(15468)   Evacuate Collection Set: 18.0ms
[2026-07-26T09:58:09.042+0200][395344925ms] GC(15468)   Post Evacuate Collection Set: 31.2ms
[2026-07-26T09:58:09.042+0200][395344925ms] GC(15468)   Other: 0.4ms
[2026-07-26T09:58:09.042+0200][395344925ms] GC(15468) Eden regions: 899->0(914)
[2026-07-26T09:58:09.042+0200][395344925ms] GC(15468) Survivor regions: 3->4(113)
[2026-07-26T09:58:09.042+0200][395344925ms] GC(15468) Old regions: 596->596
[2026-07-26T09:58:09.042+0200][395344925ms] GC(15468) Humongous regions: 8->8
[2026-07-26T09:58:09.042+0200][395344925ms] GC(15468) Metaspace: 1023715K(1123328K)->1023715K(1123328K)
[2026-07-26T09:58:09.042+0200][395344925ms] GC(15468) Pause Young (Normal) (G1 Evacuation Pause) 24085M->9705M(32768M) 49.855ms
[2026-07-26T09:58:09.042+0200][395344925ms] GC(15468) User=1.14s Sys=0.00s Real=0.05s
[2026-07-26T09:58:09.042+0200][395344925ms] Concurrent String Deduplication (395344.926s)
[2026-07-26T09:58:09.049+0200][395344932ms] Concurrent String Deduplication 909.5K->623.4K(286.1K) avg 65.5% (395344.926s, 395344.932s) 4.831ms
[2026-07-26T10:00:05.884+0200][395461767ms] GC(15469) Pause Young (Normal) (G1 Evacuation Pause)
[2026-07-26T10:00:05.885+0200][395461768ms] GC(15469) Using 32 workers of 32 for evacuation
[2026-07-26T10:00:05.944+0200][395461827ms] GC(15469)   Pre Evacuate Collection Set: 0.1ms
[2026-07-26T10:00:05.944+0200][395461827ms] GC(15469)   Evacuate Collection Set: 16.4ms
[2026-07-26T10:00:05.944+0200][395461827ms] GC(15469)   Post Evacuate Collection Set: 42.4ms
[2026-07-26T10:00:05.944+0200][395461827ms] GC(15469)   Other: 0.5ms
[2026-07-26T10:00:05.944+0200][395461827ms] GC(15469) Eden regions: 914->0(928)
[2026-07-26T10:00:05.944+0200][395461827ms] GC(15469) Survivor regions: 4->4(115)
[2026-07-26T10:00:05.944+0200][395461827ms] GC(15469) Old regions: 596->596
[2026-07-26T10:00:05.944+0200][395461827ms] GC(15469) Humongous regions: 8->8
[2026-07-26T10:00:05.944+0200][395461827ms] GC(15469) Metaspace: 1023724K(1123328K)->1023724K(1123328K)
[2026-07-26T10:00:05.944+0200][395461827ms] GC(15469) Pause Young (Normal) (G1 Evacuation Pause) 24329M->9707M(32768M) 59.471ms
[2026-07-26T10:00:05.944+0200][395461827ms] GC(15469) User=1.34s Sys=0.00s Real=0.06s
[2026-07-26T10:00:05.944+0200][395461827ms] Concurrent String Deduplication (395461.828s)
[2026-07-26T10:00:05.949+0200][395461832ms] Concurrent String Deduplication 351.6K->174.7K(176.9K) avg 65.5% (395461.828s, 395461.833s) 2.649ms
[2026-07-26T10:01:08.989+0200][395524872ms] GC(15470) Pause Young (Concurrent Start) (G1 Evacuation Pause)
[2026-07-26T10:01:08.989+0200][395524872ms] GC(15470) Using 32 workers of 32 for evacuation
[2026-07-26T10:01:09.077+0200][395524960ms] GC(15470)   Pre Evacuate Collection Set: 8.0ms
[2026-07-26T10:01:09.077+0200][395524960ms] GC(15470)   Evacuate Collection Set: 48.1ms
[2026-07-26T10:01:09.077+0200][395524960ms] GC(15470)   Post Evacuate Collection Set: 31.3ms
[2026-07-26T10:01:09.077+0200][395524960ms] GC(15470)   Other: 0.5ms
[2026-07-26T10:01:09.077+0200][395524960ms] GC(15470) Eden regions: 928->0(927)
[2026-07-26T10:01:09.077+0200][395524960ms] GC(15470) Survivor regions: 4->5(117)
[2026-07-26T10:01:09.077+0200][395524960ms] GC(15470) Old regions: 596->596
[2026-07-26T10:01:09.077+0200][395524960ms] GC(15470) Humongous regions: 8->8
[2026-07-26T10:01:09.077+0200][395524960ms] GC(15470) Metaspace: 1023840K(1123328K)->1023840K(1123328K)
[2026-07-26T10:01:09.077+0200][395524960ms] GC(15470) Pause Young (Concurrent Start) (G1 Evacuation Pause) 24555M->9722M(32768M) 88.002ms
[2026-07-26T10:01:09.077+0200][395524960ms] GC(15470) User=1.77s Sys=0.00s Real=0.08s
[2026-07-26T10:01:09.077+0200][395524960ms] GC(15471) Concurrent Cycle
[2026-07-26T10:01:09.077+0200][395524960ms] GC(15471) Concurrent Clear Claimed Marks
[2026-07-26T10:01:09.080+0200][395524963ms] Concurrent String Deduplication (395524.964s)
[2026-07-26T10:01:09.086+0200][395524969ms] GC(15471) Concurrent Clear Claimed Marks 8.738ms
[2026-07-26T10:01:09.086+0200][395524969ms] GC(15471) Concurrent Scan Root Regions
[2026-07-26T10:01:09.086+0200][395524969ms] Concurrent String Deduplication 511.5K->197.8K(313.6K) avg 65.5% (395524.964s, 395524.970s) 5.541ms
[2026-07-26T10:01:09.102+0200][395524985ms] GC(15471) Concurrent Scan Root Regions 16.386ms
[2026-07-26T10:01:09.102+0200][395524985ms] GC(15471) Concurrent Mark (395524.986s)
[2026-07-26T10:01:09.102+0200][395524985ms] GC(15471) Concurrent Mark From Roots
[2026-07-26T10:01:09.102+0200][395524985ms] GC(15471) Using 24 workers of 24 for marking
[2026-07-26T10:01:10.821+0200][395526704ms] GC(15471) Concurrent Mark From Roots 1718.266ms
[2026-07-26T10:01:10.821+0200][395526704ms] GC(15471) Concurrent Preclean
[2026-07-26T10:01:10.839+0200][395526722ms] GC(15471) Concurrent Preclean 18.165ms
[2026-07-26T10:01:10.839+0200][395526722ms] GC(15471) Concurrent Mark (395524.986s, 395526.723s) 1736.523ms
[2026-07-26T10:01:10.843+0200][395526726ms] GC(15471) Pause Remark
[2026-07-26T10:01:11.131+0200][395527014ms] GC(15471) Cleaned string and symbol table, strings: 486550 processed, 2205 removed, symbols: 1498534 processed, 0 removed
[2026-07-26T10:01:11.132+0200][395527015ms] GC(15471) MMU target violated: 201.0ms (200.0ms/201.0ms)
[2026-07-26T10:01:11.132+0200][395527015ms] GC(15471) Pause Remark 10442M->10442M(32768M) 288.914ms
[2026-07-26T10:01:11.132+0200][395527015ms] GC(15471) User=6.77s Sys=0.06s Real=0.29s
[2026-07-26T10:01:11.132+0200][395527015ms] GC(15471) Concurrent Rebuild Remembered Sets
[2026-07-26T10:01:13.092+0200][395528975ms] GC(15471) Concurrent Rebuild Remembered Sets 1960.097ms
[2026-07-26T10:01:13.093+0200][395528976ms] GC(15471) Pause Cleanup
[2026-07-26T10:01:13.095+0200][395528978ms] GC(15471) Pause Cleanup 10656M->10656M(32768M) 1.761ms
[2026-07-26T10:01:13.095+0200][395528978ms] GC(15471) User=0.03s Sys=0.00s Real=0.00s
[2026-07-26T10:01:13.095+0200][395528978ms] GC(15471) Concurrent Cleanup for Next Mark
[2026-07-26T10:01:13.102+0200][395528985ms] GC(15471) Concurrent Cleanup for Next Mark 7.460ms
[2026-07-26T10:01:13.102+0200][395528985ms] GC(15471) Concurrent Cycle 4025.429ms
[2026-07-26T10:03:06.264+0200][395642147ms] GC(15472) Pause Young (Prepare Mixed) (G1 Evacuation Pause)
[2026-07-26T10:03:06.264+0200][395642147ms] GC(15472) Using 32 workers of 32 for evacuation
[2026-07-26T10:03:06.322+0200][395642206ms] GC(15472)   Pre Evacuate Collection Set: 0.1ms
[2026-07-26T10:03:06.323+0200][395642206ms] GC(15472)   Evacuate Collection Set: 26.6ms
[2026-07-26T10:03:06.323+0200][395642206ms] GC(15472)   Post Evacuate Collection Set: 31.1ms
[2026-07-26T10:03:06.323+0200][395642206ms] GC(15472)   Other: 0.7ms
[2026-07-26T10:03:06.323+0200][395642206ms] GC(15472) Eden regions: 942->0(98)
[2026-07-26T10:03:06.323+0200][395642206ms] GC(15472) Survivor regions: 5->4(119)
[2026-07-26T10:03:06.323+0200][395642206ms] GC(15472) Old regions: 596->596
[2026-07-26T10:03:06.323+0200][395642206ms] GC(15472) Humongous regions: 8->8
[2026-07-26T10:03:06.323+0200][395642206ms] GC(15472) Metaspace: 1023802K(1123328K)->1023802K(1123328K)
[2026-07-26T10:03:06.323+0200][395642206ms] GC(15472) Pause Young (Prepare Mixed) (G1 Evacuation Pause) 24794M->9720M(32768M) 58.694ms
[2026-07-26T10:03:06.323+0200][395642206ms] GC(15472) User=1.53s Sys=0.00s Real=0.06s
[2026-07-26T10:03:06.323+0200][395642206ms] Concurrent String Deduplication (395642.207s)
[2026-07-26T10:03:06.328+0200][395642211ms] Concurrent String Deduplication 665.1K->335.3K(329.8K) avg 65.5% (395642.207s, 395642.212s) 4.594ms
[2026-07-26T10:03:07.375+0200][395643258ms] GC(15473) Pause Young (Mixed) (G1 Evacuation Pause)
[2026-07-26T10:03:07.375+0200][395643258ms] GC(15473) Using 32 workers of 32 for evacuation
[2026-07-26T10:03:07.452+0200][395643335ms] GC(15473)   Pre Evacuate Collection Set: 0.1ms
[2026-07-26T10:03:07.452+0200][395643335ms] GC(15473)   Evacuate Collection Set: 48.1ms
[2026-07-26T10:03:07.452+0200][395643335ms] GC(15473)   Post Evacuate Collection Set: 28.2ms
[2026-07-26T10:03:07.452+0200][395643335ms] GC(15473)   Other: 1.0ms
[2026-07-26T10:03:07.452+0200][395643335ms] GC(15473) Eden regions: 98->0(957)
[2026-07-26T10:03:07.452+0200][395643335ms] GC(15473) Survivor regions: 4->4(13)
[2026-07-26T10:03:07.452+0200][395643335ms] GC(15473) Old regions: 596->593
[2026-07-26T10:03:07.452+0200][395643335ms] GC(15473) Humongous regions: 8->8
[2026-07-26T10:03:07.452+0200][395643335ms] GC(15473) Metaspace: 1023802K(1123328K)->1023802K(1123328K)
[2026-07-26T10:03:07.452+0200][395643335ms] GC(15473) Pause Young (Mixed) (G1 Evacuation Pause) 11288M->9668M(32768M) 77.526ms
[2026-07-26T10:03:07.452+0200][395643335ms] GC(15473) User=1.84s Sys=0.00s Real=0.08s
[2026-07-26T10:03:07.453+0200][395643336ms] Concurrent String Deduplication (395643.336s)
[2026-07-26T10:03:07.464+0200][395643347ms] Concurrent String Deduplication 1897.4K->860.7K(1036.7K) avg 65.5% (395643.336s, 395643.348s) 11.617ms
[2026-07-26T10:04:49.898+0200][395745781ms] GC(15474) Pause Young (Normal) (G1 Evacuation Pause)
[2026-07-26T10:04:49.899+0200][395745782ms] GC(15474) Using 32 workers of 32 for evacuation
[2026-07-26T10:04:49.946+0200][395745829ms] GC(15474)   Pre Evacuate Collection Set: 0.1ms
[2026-07-26T10:04:49.946+0200][395745829ms] GC(15474)   Evacuate Collection Set: 21.4ms
[2026-07-26T10:04:49.946+0200][395745829ms] GC(15474)   Post Evacuate Collection Set: 25.7ms
[2026-07-26T10:04:49.946+0200][395745829ms] GC(15474)   Other: 0.4ms
[2026-07-26T10:04:49.946+0200][395745829ms] GC(15474) Eden regions: 957->0(966)
[2026-07-26T10:04:49.946+0200][395745829ms] GC(15474) Survivor regions: 4->5(121)
[2026-07-26T10:04:49.946+0200][395745829ms] GC(15474) Old regions: 593->593
[2026-07-26T10:04:49.946+0200][395745829ms] GC(15474) Humongous regions: 8->8
[2026-07-26T10:04:49.946+0200][395745829ms] GC(15474) Metaspace: 1023891K(1123328K)->1023891K(1123328K)
[2026-07-26T10:04:49.946+0200][395745829ms] GC(15474) Pause Young (Normal) (G1 Evacuation Pause) 24980M->9686M(32768M) 47.697ms
[2026-07-26T10:04:49.946+0200][395745829ms] GC(15474) User=1.04s Sys=0.04s Real=0.04s
[2026-07-26T10:04:49.947+0200][395745830ms] Concurrent String Deduplication (395745.831s)
[2026-07-26T10:04:49.955+0200][395745838ms] Concurrent String Deduplication 1502.5K->946.2K(556.4K) avg 65.5% (395745.831s, 395745.839s) 8.255ms
[2026-07-26T10:06:09.237+0200][395825120ms] GC(15475) Pause Young (Normal) (G1 Evacuation Pause)
[2026-07-26T10:06:09.237+0200][395825120ms] GC(15475) Using 32 workers of 32 for evacuation
[2026-07-26T10:06:09.293+0200][395825176ms] GC(15475)   Pre Evacuate Collection Set: 0.1ms
[2026-07-26T10:06:09.293+0200][395825176ms] GC(15475)   Evacuate Collection Set: 23.8ms
[2026-07-26T10:06:09.293+0200][395825176ms] GC(15475)   Post Evacuate Collection Set: 31.7ms
[2026-07-26T10:06:09.293+0200][395825176ms] GC(15475)   Other: 0.4ms
[2026-07-26T10:06:09.293+0200][395825176ms] GC(15475) Eden regions: 966->0(972)
[2026-07-26T10:06:09.293+0200][395825176ms] GC(15475) Survivor regions: 5->6(122)
[2026-07-26T10:06:09.293+0200][395825176ms] GC(15475) Old regions: 593->593
[2026-07-26T10:06:09.293+0200][395825176ms] GC(15475) Humongous regions: 8->8
[2026-07-26T10:06:09.293+0200][395825176ms] GC(15475) Metaspace: 1023924K(1123328K)->1023924K(1123328K)
[2026-07-26T10:06:09.293+0200][395825176ms] GC(15475) Pause Young (Normal) (G1 Evacuation Pause) 25142M->9695M(32768M) 56.160ms
[2026-07-26T10:06:09.293+0200][395825176ms] GC(15475) User=1.20s Sys=0.00s Real=0.06s
[2026-07-26T10:06:09.293+0200][395825176ms] Concurrent String Deduplication (395825.177s)
[2026-07-26T10:06:09.293+0200][395825176ms] Concurrent String Deduplication 3176.0B->1800.0B(1376.0B) avg 65.5% (395825.177s, 395825.177s) 0.070ms
[2026-07-26T10:08:05.947+0200][395941830ms] GC(15476) Pause Young (Concurrent Start) (G1 Evacuation Pause)
[2026-07-26T10:08:05.947+0200][395941830ms] GC(15476) Using 32 workers of 32 for evacuation
[2026-07-26T10:08:06.054+0200][395941937ms] GC(15476)   Pre Evacuate Collection Set: 8.4ms
[2026-07-26T10:08:06.054+0200][395941937ms] GC(15476)   Evacuate Collection Set: 65.2ms
[2026-07-26T10:08:06.054+0200][395941937ms] GC(15476)   Post Evacuate Collection Set: 33.1ms
[2026-07-26T10:08:06.054+0200][395941937ms] GC(15476)   Other: 0.6ms
[2026-07-26T10:08:06.054+0200][395941937ms] GC(15476) Eden regions: 972->0(979)
[2026-07-26T10:08:06.054+0200][395941937ms] GC(15476) Survivor regions: 6->6(123)
[2026-07-26T10:08:06.054+0200][395941937ms] GC(15476) Old regions: 593->593
[2026-07-26T10:08:06.054+0200][395941937ms] GC(15476) Humongous regions: 8->8
[2026-07-26T10:08:06.054+0200][395941937ms] GC(15476) Metaspace: 1024011K(1123328K)->1024011K(1123328K)
[2026-07-26T10:08:06.054+0200][395941937ms] GC(15476) Pause Young (Concurrent Start) (G1 Evacuation Pause) 25247M->9697M(32768M) 107.390ms
[2026-07-26T10:08:06.054+0200][395941937ms] GC(15476) User=2.34s Sys=0.00s Real=0.11s
[2026-07-26T10:08:06.054+0200][395941937ms] GC(15477) Concurrent Cycle
[2026-07-26T10:08:06.054+0200][395941937ms] GC(15477) Concurrent Clear Claimed Marks
[2026-07-26T10:08:06.054+0200][395941937ms] Concurrent String Deduplication (395941.938s)
[2026-07-26T10:08:06.065+0200][395941948ms] GC(15477) Concurrent Clear Claimed Marks 10.810ms
[2026-07-26T10:08:06.065+0200][395941948ms] GC(15477) Concurrent Scan Root Regions
[2026-07-26T10:08:06.068+0200][395941951ms] Concurrent String Deduplication 2148.2K->1562.8K(585.5K) avg 65.5% (395941.938s, 395941.952s) 14.131ms
[2026-07-26T10:08:06.090+0200][395941973ms] GC(15477) Concurrent Scan Root Regions 25.144ms
[2026-07-26T10:08:06.090+0200][395941973ms] GC(15477) Concurrent Mark (395941.974s)
[2026-07-26T10:08:06.090+0200][395941973ms] GC(15477) Concurrent Mark From Roots
[2026-07-26T10:08:06.090+0200][395941973ms] GC(15477) Using 24 workers of 24 for marking
[2026-07-26T10:08:07.851+0200][395943734ms] GC(15477) Concurrent Mark From Roots 1760.293ms
[2026-07-26T10:08:07.851+0200][395943734ms] GC(15477) Concurrent Preclean
[2026-07-26T10:08:07.876+0200][395943759ms] GC(15477) Concurrent Preclean 24.963ms
[2026-07-26T10:08:07.876+0200][395943759ms] GC(15477) Concurrent Mark (395941.974s, 395943.759s) 1785.397ms
[2026-07-26T10:08:07.876+0200][395943759ms] GC(15477) Pause Remark
[2026-07-26T10:08:07.994+0200][395943877ms] GC(15477) Cleaned string and symbol table, strings: 486277 processed, 1946 removed, symbols: 1498704 processed, 44 removed
[2026-07-26T10:08:07.995+0200][395943878ms] GC(15477) Pause Remark 10625M->10625M(32768M) 118.952ms
[2026-07-26T10:08:07.995+0200][395943878ms] GC(15477) User=3.09s Sys=0.00s Real=0.12s
[2026-07-26T10:08:07.995+0200][395943878ms] GC(15477) Concurrent Rebuild Remembered Sets
[2026-07-26T10:08:09.991+0200][395945874ms] GC(15477) Concurrent Rebuild Remembered Sets 1995.419ms
[2026-07-26T10:08:09.991+0200][395945874ms] GC(15477) Pause Cleanup
[2026-07-26T10:08:09.993+0200][395945876ms] GC(15477) Pause Cleanup 11713M->11713M(32768M) 2.045ms
[2026-07-26T10:08:09.993+0200][395945876ms] GC(15477) User=0.02s Sys=0.00s Real=0.00s
[2026-07-26T10:08:09.993+0200][395945876ms] GC(15477) Concurrent Cleanup for Next Mark
[2026-07-26T10:08:10.003+0200][395945886ms] GC(15477) Concurrent Cleanup for Next Mark 9.462ms
[2026-07-26T10:08:10.003+0200][395945886ms] GC(15477) Concurrent Cycle 3948.658ms
[2026-07-26T10:09:56.774+0200][396052657ms] GC(15478) Pause Young (Prepare Mixed) (G1 Evacuation Pause)
[2026-07-26T10:09:56.774+0200][396052657ms] GC(15478) Using 32 workers of 32 for evacuation
[2026-07-26T10:09:56.836+0200][396052719ms] GC(15478)   Pre Evacuate Collection Set: 0.1ms
[2026-07-26T10:09:56.836+0200][396052719ms] GC(15478)   Evacuate Collection Set: 27.9ms
[2026-07-26T10:09:56.836+0200][396052719ms] GC(15478)   Post Evacuate Collection Set: 33.6ms
[2026-07-26T10:09:56.836+0200][396052719ms] GC(15478)   Other: 0.7ms
[2026-07-26T10:09:56.836+0200][396052719ms] GC(15478) Eden regions: 979->0(96)
[2026-07-26T10:09:56.836+0200][396052719ms] GC(15478) Survivor regions: 6->6(124)
[2026-07-26T10:09:56.836+0200][396052719ms] GC(15478) Old regions: 593->593
[2026-07-26T10:09:56.836+0200][396052719ms] GC(15478) Humongous regions: 8->8
[2026-07-26T10:09:56.836+0200][396052719ms] GC(15478) Metaspace: 1024035K(1123328K)->1024035K(1123328K)
[2026-07-26T10:09:56.836+0200][396052719ms] GC(15478) Pause Young (Prepare Mixed) (G1 Evacuation Pause) 25361M->9696M(32768M) 62.419ms
[2026-07-26T10:09:56.836+0200][396052719ms] GC(15478) User=1.58s Sys=0.00s Real=0.06s
[2026-07-26T10:09:56.836+0200][396052719ms] Concurrent String Deduplication (396052.720s)
[2026-07-26T10:09:56.845+0200][396052728ms] Concurrent String Deduplication 1624.3K->1010.2K(614.1K) avg 65.5% (396052.720s, 396052.729s) 8.562ms
[2026-07-26T10:10:06.501+0200][396062384ms] GC(15479) Pause Young (Mixed) (G1 Evacuation Pause)
[2026-07-26T10:10:06.501+0200][396062384ms] GC(15479) Using 32 workers of 32 for evacuation
[2026-07-26T10:10:06.613+0200][396062496ms] GC(15479)   Pre Evacuate Collection Set: 0.1ms
[2026-07-26T10:10:06.613+0200][396062496ms] GC(15479)   Evacuate Collection Set: 63.8ms
[2026-07-26T10:10:06.613+0200][396062496ms] GC(15479)   Post Evacuate Collection Set: 47.7ms
[2026-07-26T10:10:06.613+0200][396062496ms] GC(15479)   Other: 1.3ms
[2026-07-26T10:10:06.613+0200][396062496ms] GC(15479) Eden regions: 96->0(986)
[2026-07-26T10:10:06.613+0200][396062497ms] GC(15479) Survivor regions: 6->6(13)
[2026-07-26T10:10:06.614+0200][396062497ms] GC(15479) Old regions: 593->592
[2026-07-26T10:10:06.614+0200][396062497ms] GC(15479) Humongous regions: 8->8
[2026-07-26T10:10:06.614+0200][396062497ms] GC(15479) Metaspace: 1024036K(1123328K)->1024036K(1123328K)
[2026-07-26T10:10:06.614+0200][396062497ms] GC(15479) Pause Young (Mixed) (G1 Evacuation Pause) 11232M->9686M(32768M) 112.998ms
[2026-07-26T10:10:06.614+0200][396062497ms] GC(15479) User=2.65s Sys=0.09s Real=0.11s
[2026-07-26T10:10:06.614+0200][396062497ms] Concurrent String Deduplication (396062.498s)
[2026-07-26T10:10:06.619+0200][396062502ms] Concurrent String Deduplication 706.8K->310.1K(396.7K) avg 65.5% (396062.498s, 396062.503s) 4.772ms
[2026-07-26T10:11:37.392+0200][396153275ms] GC(15480) Pause Young (Normal) (G1 Evacuation Pause)
[2026-07-26T10:11:37.392+0200][396153275ms] GC(15480) Using 32 workers of 32 for evacuation
[2026-07-26T10:11:37.447+0200][396153330ms] GC(15480)   Pre Evacuate Collection Set: 0.1ms
[2026-07-26T10:11:37.447+0200][396153330ms] GC(15480)   Evacuate Collection Set: 21.6ms
[2026-07-26T10:11:37.447+0200][396153330ms] GC(15480)   Post Evacuate Collection Set: 32.8ms
[2026-07-26T10:11:37.447+0200][396153330ms] GC(15480)   Other: 0.4ms
[2026-07-26T10:11:37.447+0200][396153330ms] GC(15480) Eden regions: 986->0(990)
[2026-07-26T10:11:37.447+0200][396153330ms] GC(15480) Survivor regions: 6->7(124)
[2026-07-26T10:11:37.447+0200][396153330ms] GC(15480) Old regions: 592->592
[2026-07-26T10:11:37.447+0200][396153330ms] GC(15480) Humongous regions: 8->8
[2026-07-26T10:11:37.447+0200][396153330ms] GC(15480) Metaspace: 1024333K(1123328K)->1024333K(1123328K)
[2026-07-26T10:11:37.447+0200][396153330ms] GC(15480) Pause Young (Normal) (G1 Evacuation Pause) 25462M->9698M(32768M) 55.056ms
[2026-07-26T10:11:37.447+0200][396153330ms] GC(15480) User=1.16s Sys=0.08s Real=0.05s
[2026-07-26T10:11:37.448+0200][396153331ms] Concurrent String Deduplication (396153.331s)
[2026-07-26T10:11:37.450+0200][396153333ms] Concurrent String Deduplication 257.5K->116.6K(140.9K) avg 65.5% (396153.331s, 396153.333s) 2.102ms
[2026-07-26T10:11:47.209+0200][396163092ms] GC(15481) Pause Young (Concurrent Start) (G1 Humongous Allocation)
[2026-07-26T10:11:47.209+0200][396163092ms] GC(15481) Using 32 workers of 32 for evacuation
[2026-07-26T10:11:47.329+0200][396163212ms] GC(15481)   Pre Evacuate Collection Set: 8.2ms
[2026-07-26T10:11:47.329+0200][396163212ms] GC(15481)   Evacuate Collection Set: 83.8ms
[2026-07-26T10:11:47.329+0200][396163212ms] GC(15481)   Post Evacuate Collection Set: 27.3ms
[2026-07-26T10:11:47.329+0200][396163212ms] GC(15481)   Other: 0.5ms
[2026-07-26T10:11:47.329+0200][396163212ms] GC(15481) Eden regions: 41->0(987)
[2026-07-26T10:11:47.329+0200][396163212ms] GC(15481) Survivor regions: 7->8(125)
[2026-07-26T10:11:47.329+0200][396163212ms] GC(15481) Old regions: 592->593
[2026-07-26T10:11:47.329+0200][396163212ms] GC(15481) Humongous regions: 8->8
[2026-07-26T10:11:47.329+0200][396163212ms] GC(15481) Metaspace: 1024336K(1123328K)->1024336K(1123328K)
[2026-07-26T10:11:47.329+0200][396163212ms] GC(15481) Pause Young (Concurrent Start) (G1 Humongous Allocation) 10347M->9727M(32768M) 119.953ms
[2026-07-26T10:11:47.329+0200][396163212ms] GC(15481) User=2.04s Sys=0.01s Real=0.12s
[2026-07-26T10:11:47.329+0200][396163212ms] Concurrent String Deduplication (396163.213s)
[2026-07-26T10:11:47.329+0200][396163212ms] Concurrent String Deduplication 1376.0B->1000.0B(376.0B) avg 65.5% (396163.213s, 396163.213s) 0.061ms
[2026-07-26T10:11:47.330+0200][396163213ms] GC(15482) Concurrent Cycle
[2026-07-26T10:11:47.330+0200][396163213ms] GC(15482) Concurrent Clear Claimed Marks
[2026-07-26T10:11:47.339+0200][396163222ms] GC(15482) Concurrent Clear Claimed Marks 9.103ms
[2026-07-26T10:11:47.339+0200][396163222ms] GC(15482) Concurrent Scan Root Regions
[2026-07-26T10:11:47.352+0200][396163235ms] GC(15482) Concurrent Scan Root Regions 13.216ms
[2026-07-26T10:11:47.352+0200][396163235ms] GC(15482) Concurrent Mark (396163.236s)
[2026-07-26T10:11:47.352+0200][396163235ms] GC(15482) Concurrent Mark From Roots
[2026-07-26T10:11:47.352+0200][396163235ms] GC(15482) Using 24 workers of 24 for marking
[2026-07-26T10:11:49.012+0200][396164895ms] GC(15482) Concurrent Mark From Roots 1659.728ms
[2026-07-26T10:11:49.012+0200][396164895ms] GC(15482) Concurrent Preclean
[2026-07-26T10:11:49.030+0200][396164913ms] GC(15482) Concurrent Preclean 17.827ms
[2026-07-26T10:11:49.030+0200][396164913ms] GC(15482) Concurrent Mark (396163.236s, 396164.914s) 1677.661ms
[2026-07-26T10:11:49.030+0200][396164913ms] GC(15482) Pause Remark
[2026-07-26T10:11:49.303+0200][396165186ms] GC(15482) Cleaned string and symbol table, strings: 486457 processed, 360 removed, symbols: 1498854 processed, 0 removed
[2026-07-26T10:11:49.305+0200][396165188ms] GC(15482) MMU target violated: 201.0ms (200.0ms/201.0ms)
[2026-07-26T10:11:49.305+0200][396165188ms] GC(15482) Pause Remark 9960M->9960M(32768M) 274.660ms
[2026-07-26T10:11:49.305+0200][396165188ms] GC(15482) User=6.52s Sys=0.00s Real=0.27s
[2026-07-26T10:11:49.305+0200][396165188ms] GC(15482) Concurrent Rebuild Remembered Sets
[2026-07-26T10:11:51.241+0200][396167124ms] GC(15482) Concurrent Rebuild Remembered Sets 1935.945ms
[2026-07-26T10:11:51.242+0200][396167125ms] GC(15482) Pause Cleanup
[2026-07-26T10:11:51.243+0200][396167126ms] GC(15482) Pause Cleanup 10033M->10033M(32768M) 1.613ms
[2026-07-26T10:11:51.243+0200][396167126ms] GC(15482) User=0.03s Sys=0.00s Real=0.00s
[2026-07-26T10:11:51.243+0200][396167126ms] GC(15482) Concurrent Cleanup for Next Mark
[2026-07-26T10:11:51.253+0200][396167136ms] GC(15482) Concurrent Cleanup for Next Mark 9.428ms
[2026-07-26T10:11:51.253+0200][396167136ms] GC(15482) Concurrent Cycle 3923.245ms
[2026-07-26T10:13:09.156+0200][396245039ms] GC(15483) Pause Young (Prepare Mixed) (G1 Evacuation Pause)
[2026-07-26T10:13:09.156+0200][396245039ms] GC(15483) Using 32 workers of 32 for evacuation
[2026-07-26T10:13:09.223+0200][396245106ms] GC(15483)   Pre Evacuate Collection Set: 0.1ms
[2026-07-26T10:13:09.223+0200][396245106ms] GC(15483)   Evacuate Collection Set: 34.8ms
[2026-07-26T10:13:09.223+0200][396245106ms] GC(15483)   Post Evacuate Collection Set: 30.7ms
[2026-07-26T10:13:09.223+0200][396245106ms] GC(15483)   Other: 0.8ms
[2026-07-26T10:13:09.223+0200][396245106ms] GC(15483) Eden regions: 987->0(95)
[2026-07-26T10:13:09.223+0200][396245106ms] GC(15483) Survivor regions: 8->7(125)
[2026-07-26T10:13:09.223+0200][396245106ms] GC(15483) Old regions: 593->593
[2026-07-26T10:13:09.223+0200][396245106ms] GC(15483) Humongous regions: 18->8
[2026-07-26T10:13:09.223+0200][396245106ms] GC(15483) Metaspace: 1024112K(1123328K)->1024112K(1123328K)
[2026-07-26T10:13:09.223+0200][396245106ms] GC(15483) Pause Young (Prepare Mixed) (G1 Evacuation Pause) 25679M->9712M(32768M) 66.586ms
[2026-07-26T10:13:09.223+0200][396245106ms] GC(15483) User=1.77s Sys=0.00s Real=0.07s
[2026-07-26T10:13:09.223+0200][396245106ms] Concurrent String Deduplication (396245.107s)
[2026-07-26T10:13:09.252+0200][396245135ms] Concurrent String Deduplication 2382.6K->108.4K(2274.2K) avg 65.5% (396245.107s, 396245.136s) 27.469ms
[2026-07-26T10:13:10.725+0200][396246608ms] GC(15484) Pause Young (Mixed) (G1 Evacuation Pause)
[2026-07-26T10:13:10.725+0200][396246608ms] GC(15484) Using 32 workers of 32 for evacuation
[2026-07-26T10:13:10.795+0200][396246678ms] GC(15484)   Pre Evacuate Collection Set: 0.1ms
[2026-07-26T10:13:10.795+0200][396246678ms] GC(15484)   Evacuate Collection Set: 40.2ms
[2026-07-26T10:13:10.795+0200][396246678ms] GC(15484)   Post Evacuate Collection Set: 28.5ms
[2026-07-26T10:13:10.795+0200][396246678ms] GC(15484)   Other: 1.0ms
[2026-07-26T10:13:10.795+0200][396246678ms] GC(15484) Eden regions: 95->0(994)
[2026-07-26T10:13:10.795+0200][396246678ms] GC(15484) Survivor regions: 7->7(13)
[2026-07-26T10:13:10.795+0200][396246678ms] GC(15484) Old regions: 593->592
[2026-07-26T10:13:10.795+0200][396246678ms] GC(15484) Humongous regions: 8->8
[2026-07-26T10:13:10.795+0200][396246678ms] GC(15484) Metaspace: 1024112K(1123328K)->1024112K(1123328K)
[2026-07-26T10:13:10.795+0200][396246678ms] GC(15484) Pause Young (Mixed) (G1 Evacuation Pause) 11232M->9709M(32768M) 69.899ms
[2026-07-26T10:13:10.795+0200][396246678ms] GC(15484) User=1.79s Sys=0.00s Real=0.07s
[2026-07-26T10:13:10.795+0200][396246678ms] Concurrent String Deduplication (396246.679s)
[2026-07-26T10:13:10.796+0200][396246679ms] Concurrent String Deduplication 29504.0B->12304.0B(17200.0B) avg 65.5% (396246.679s, 396246.680s) 0.352ms
[2026-07-26T10:15:06.197+0200][396362080ms] GC(15485) Pause Young (Normal) (G1 Evacuation Pause)
[2026-07-26T10:15:06.197+0200][396362080ms] GC(15485) Using 32 workers of 32 for evacuation
[2026-07-26T10:15:06.273+0200][396362156ms] GC(15485)   Pre Evacuate Collection Set: 0.1ms
[2026-07-26T10:15:06.273+0200][396362156ms] GC(15485)   Evacuate Collection Set: 34.6ms
[2026-07-26T10:15:06.273+0200][396362156ms] GC(15485)   Post Evacuate Collection Set: 41.0ms
[2026-07-26T10:15:06.273+0200][396362156ms] GC(15485)   Other: 0.5ms
[2026-07-26T10:15:06.273+0200][396362156ms] GC(15485) Eden regions: 994->0(997)
[2026-07-26T10:15:06.273+0200][396362156ms] GC(15485) Survivor regions: 7->8(126)
[2026-07-26T10:15:06.273+0200][396362156ms] GC(15485) Old regions: 592->593
[2026-07-26T10:15:06.273+0200][396362156ms] GC(15485) Humongous regions: 8->8
[2026-07-26T10:15:06.273+0200][396362156ms] GC(15485) Metaspace: 1024380K(1123328K)->1024380K(1123328K)
[2026-07-26T10:15:06.273+0200][396362156ms] GC(15485) Pause Young (Normal) (G1 Evacuation Pause) 25613M->9716M(32768M) 76.408ms
[2026-07-26T10:15:06.273+0200][396362156ms] GC(15485) User=1.82s Sys=0.00s Real=0.08s
[2026-07-26T10:15:06.273+0200][396362156ms] Concurrent String Deduplication (396362.157s)
[2026-07-26T10:15:06.285+0200][396362168ms] Concurrent String Deduplication 1563.8K->346.5K(1217.3K) avg 65.5% (396362.157s, 396362.169s) 10.892ms
[2026-07-26T10:16:09.468+0200][396425351ms] GC(15486) Pause Young (Normal) (G1 Evacuation Pause)
[2026-07-26T10:16:09.468+0200][396425351ms] GC(15486) Using 32 workers of 32 for evacuation
[2026-07-26T10:16:09.544+0200][396425427ms] GC(15486)   Pre Evacuate Collection Set: 0.1ms
[2026-07-26T10:16:09.544+0200][396425427ms] GC(15486)   Evacuate Collection Set: 33.9ms
[2026-07-26T10:16:09.544+0200][396425427ms] GC(15486)   Post Evacuate Collection Set: 41.1ms
[2026-07-26T10:16:09.544+0200][396425427ms] GC(15486)   Other: 0.5ms
[2026-07-26T10:16:09.544+0200][396425427ms] GC(15486) Eden regions: 997->0(1000)
[2026-07-26T10:16:09.544+0200][396425427ms] GC(15486) Survivor regions: 8->9(126)
[2026-07-26T10:16:09.544+0200][396425427ms] GC(15486) Old regions: 593->593
[2026-07-26T10:16:09.544+0200][396425427ms] GC(15486) Humongous regions: 8->8
[2026-07-26T10:16:09.544+0200][396425427ms] GC(15486) Metaspace: 1024489K(1123328K)->1024489K(1123328K)
[2026-07-26T10:16:09.544+0200][396425427ms] GC(15486) Pause Young (Normal) (G1 Evacuation Pause) 25668M->9742M(32768M) 75.690ms
[2026-07-26T10:16:09.544+0200][396425427ms] GC(15486) User=1.92s Sys=0.00s Real=0.08s
[2026-07-26T10:16:09.544+0200][396425427ms] Concurrent String Deduplication (396425.428s)
[2026-07-26T10:16:09.545+0200][396425428ms] Concurrent String Deduplication 48896.0B->35768.0B(13128.0B) avg 65.5% (396425.428s, 396425.429s) 0.389ms
[2026-07-26T10:18:05.987+0200][396541870ms] GC(15487) Pause Young (Concurrent Start) (G1 Evacuation Pause)
[2026-07-26T10:18:05.987+0200][396541870ms] GC(15487) Using 32 workers of 32 for evacuation
[2026-07-26T10:18:06.114+0200][396541997ms] GC(15487)   Pre Evacuate Collection Set: 8.5ms
[2026-07-26T10:18:06.114+0200][396541997ms] GC(15487)   Evacuate Collection Set: 86.1ms
[2026-07-26T10:18:06.115+0200][396541998ms] GC(15487)   Post Evacuate Collection Set: 32.8ms
[2026-07-26T10:18:06.115+0200][396541998ms] GC(15487)   Other: 0.5ms
[2026-07-26T10:18:06.115+0200][396541998ms] GC(15487) Eden regions: 1000->0(1004)
[2026-07-26T10:18:06.115+0200][396541998ms] GC(15487) Survivor regions: 9->9(127)
[2026-07-26T10:18:06.115+0200][396541998ms] GC(15487) Old regions: 593->593
[2026-07-26T10:18:06.115+0200][396541998ms] GC(15487) Humongous regions: 8->8
[2026-07-26T10:18:06.115+0200][396541998ms] GC(15487) Metaspace: 1024602K(1123328K)->1024602K(1123328K)
[2026-07-26T10:18:06.115+0200][396541998ms] GC(15487) Pause Young (Concurrent Start) (G1 Evacuation Pause) 25742M->9743M(32768M) 128.034ms
[2026-07-26T10:18:06.115+0200][396541998ms] GC(15487) User=3.09s Sys=0.00s Real=0.13s
[2026-07-26T10:18:06.115+0200][396541998ms] GC(15488) Concurrent Cycle
[2026-07-26T10:18:06.115+0200][396541998ms] GC(15488) Concurrent Clear Claimed Marks
[2026-07-26T10:18:06.115+0200][396541998ms] Concurrent String Deduplication (396541.999s)
[2026-07-26T10:18:06.126+0200][396542009ms] GC(15488) Concurrent Clear Claimed Marks 11.586ms
[2026-07-26T10:18:06.126+0200][396542009ms] GC(15488) Concurrent Scan Root Regions
[2026-07-26T10:18:06.145+0200][396542028ms] Concurrent String Deduplication 2385.5K->1501.0K(884.5K) avg 65.5% (396541.999s, 396542.029s) 30.337ms
[2026-07-26T10:18:06.161+0200][396542044ms] GC(15488) Concurrent Scan Root Regions 35.134ms
[2026-07-26T10:18:06.162+0200][396542045ms] GC(15488) Concurrent Mark (396542.045s)
[2026-07-26T10:18:06.162+0200][396542045ms] GC(15488) Concurrent Mark From Roots
[2026-07-26T10:18:06.162+0200][396542045ms] GC(15488) Using 24 workers of 24 for marking
[2026-07-26T10:18:08.104+0200][396543987ms] GC(15488) Concurrent Mark From Roots 1942.689ms
[2026-07-26T10:18:08.104+0200][396543987ms] GC(15488) Concurrent Preclean
[2026-07-26T10:18:08.140+0200][396544023ms] GC(15488) Concurrent Preclean 35.618ms
[2026-07-26T10:18:08.140+0200][396544023ms] GC(15488) Concurrent Mark (396542.045s, 396544.024s) 1978.475ms
[2026-07-26T10:18:08.141+0200][396544024ms] GC(15488) Pause Remark
[2026-07-26T10:18:08.256+0200][396544139ms] GC(15488) Cleaned string and symbol table, strings: 487565 processed, 2 removed, symbols: 1499237 processed, 166 removed
[2026-07-26T10:18:08.261+0200][396544144ms] GC(15488) Pause Remark 10551M->10551M(32768M) 120.855ms
[2026-07-26T10:18:08.262+0200][396544145ms] GC(15488) User=2.83s Sys=0.00s Real=0.12s
[2026-07-26T10:18:08.262+0200][396544145ms] GC(15488) Concurrent Rebuild Remembered Sets
[2026-07-26T10:18:10.423+0200][396546306ms] GC(15488) Concurrent Rebuild Remembered Sets 2161.206ms
[2026-07-26T10:18:10.423+0200][396546306ms] GC(15488) Pause Cleanup
[2026-07-26T10:18:10.426+0200][396546309ms] GC(15488) Pause Cleanup 11511M->11511M(32768M) 2.183ms
[2026-07-26T10:18:10.426+0200][396546309ms] GC(15488) User=0.03s Sys=0.00s Real=0.00s
[2026-07-26T10:18:10.426+0200][396546309ms] GC(15488) Concurrent Cleanup for Next Mark
[2026-07-26T10:18:10.436+0200][396546319ms] GC(15488) Concurrent Cleanup for Next Mark 10.037ms
[2026-07-26T10:18:10.436+0200][396546319ms] GC(15488) Concurrent Cycle 4321.214ms
[2026-07-26T10:19:38.066+0200][396633949ms] GC(15489) Pause Young (Prepare Mixed) (G1 Evacuation Pause)
[2026-07-26T10:19:38.066+0200][396633949ms] GC(15489) Using 32 workers of 32 for evacuation
[2026-07-26T10:19:38.129+0200][396634012ms] GC(15489)   Pre Evacuate Collection Set: 0.1ms
[2026-07-26T10:19:38.129+0200][396634012ms] GC(15489)   Evacuate Collection Set: 35.0ms
[2026-07-26T10:19:38.129+0200][396634012ms] GC(15489)   Post Evacuate Collection Set: 27.0ms
[2026-07-26T10:19:38.129+0200][396634012ms] GC(15489)   Other: 0.8ms
[2026-07-26T10:19:38.129+0200][396634012ms] GC(15489) Eden regions: 1004->0(94)
[2026-07-26T10:19:38.129+0200][396634012ms] GC(15489) Survivor regions: 9->8(127)
[2026-07-26T10:19:38.129+0200][396634012ms] GC(15489) Old regions: 593->593
[2026-07-26T10:19:38.129+0200][396634012ms] GC(15489) Humongous regions: 8->8
[2026-07-26T10:19:38.129+0200][396634012ms] GC(15489) Metaspace: 1024742K(1123328K)->1024742K(1123328K)
[2026-07-26T10:19:38.129+0200][396634012ms] GC(15489) Pause Young (Prepare Mixed) (G1 Evacuation Pause) 25807M->9736M(32768M) 63.015ms
[2026-07-26T10:19:38.129+0200][396634012ms] GC(15489) User=1.54s Sys=0.00s Real=0.07s
[2026-07-26T10:19:38.130+0200][396634013ms] Concurrent String Deduplication (396634.013s)
[2026-07-26T10:19:38.153+0200][396634036ms] Concurrent String Deduplication 5797.7K->4422.1K(1375.6K) avg 65.5% (396634.013s, 396634.036s) 21.359ms
[2026-07-26T10:20:05.544+0200][396661427ms] GC(15490) Pause Young (Mixed) (G1 Evacuation Pause)
[2026-07-26T10:20:05.544+0200][396661427ms] GC(15490) Using 32 workers of 32 for evacuation
[2026-07-26T10:20:05.677+0200][396661560ms] GC(15490)   Pre Evacuate Collection Set: 0.3ms
[2026-07-26T10:20:05.677+0200][396661560ms] GC(15490)   Evacuate Collection Set: 78.3ms
[2026-07-26T10:20:05.677+0200][396661560ms] GC(15490)   Post Evacuate Collection Set: 52.6ms
[2026-07-26T10:20:05.677+0200][396661560ms] GC(15490)   Other: 2.3ms
[2026-07-26T10:20:05.677+0200][396661560ms] GC(15490) Eden regions: 94->0(1008)
[2026-07-26T10:20:05.677+0200][396661560ms] GC(15490) Survivor regions: 8->7(13)
[2026-07-26T10:20:05.677+0200][396661560ms] GC(15490) Old regions: 593->593
[2026-07-26T10:20:05.677+0200][396661560ms] GC(15490) Humongous regions: 8->8
[2026-07-26T10:20:05.677+0200][396661560ms] GC(15490) Metaspace: 1024755K(1123328K)->1024755K(1123328K)
[2026-07-26T10:20:05.677+0200][396661560ms] GC(15490) Pause Young (Mixed) (G1 Evacuation Pause) 11240M->9724M(32768M) 133.730ms
[2026-07-26T10:20:05.678+0200][396661561ms] GC(15490) User=3.23s Sys=0.02s Real=0.13s
[2026-07-26T10:20:05.682+0200][396661565ms] Concurrent String Deduplication (396661.566s)
[2026-07-26T10:20:05.726+0200][396661609ms] Concurrent String Deduplication 2890.7K->1980.6K(910.1K) avg 65.4% (396661.566s, 396661.609s) 34.630ms
[2026-07-26T10:21:49.211+0200][396765094ms] GC(15491) Pause Young (Normal) (G1 Evacuation Pause)
[2026-07-26T10:21:49.212+0200][396765095ms] GC(15491) Using 32 workers of 32 for evacuation
[2026-07-26T10:21:49.284+0200][396765167ms] GC(15491)   Pre Evacuate Collection Set: 0.1ms
[2026-07-26T10:21:49.284+0200][396765167ms] GC(15491)   Evacuate Collection Set: 30.5ms
[2026-07-26T10:21:49.284+0200][396765167ms] GC(15491)   Post Evacuate Collection Set: 41.3ms
[2026-07-26T10:21:49.284+0200][396765167ms] GC(15491)   Other: 0.4ms
[2026-07-26T10:21:49.284+0200][396765167ms] GC(15491) Eden regions: 1008->0(1009)
[2026-07-26T10:21:49.284+0200][396765167ms] GC(15491) Survivor regions: 7->8(127)
[2026-07-26T10:21:49.284+0200][396765167ms] GC(15491) Old regions: 593->593
[2026-07-26T10:21:49.284+0200][396765167ms] GC(15491) Humongous regions: 8->8
[2026-07-26T10:21:49.284+0200][396765167ms] GC(15491) Metaspace: 1024789K(1123328K)->1024789K(1123328K)
[2026-07-26T10:21:49.284+0200][396765167ms] GC(15491) Pause Young (Normal) (G1 Evacuation Pause) 25852M->9730M(32768M) 72.468ms
[2026-07-26T10:21:49.284+0200][396765167ms] GC(15491) User=1.84s Sys=0.00s Real=0.07s
[2026-07-26T10:21:49.284+0200][396765167ms] Concurrent String Deduplication (396765.168s)
[2026-07-26T10:21:49.286+0200][396765169ms] Concurrent String Deduplication 100.9K->68328.0B(35008.0B) avg 65.4% (396765.168s, 396765.170s) 0.831ms
[2026-07-26T10:22:29.941+0200][396805824ms] GC(15492) Pause Young (Concurrent Start) (G1 Humongous Allocation)
[2026-07-26T10:22:29.941+0200][396805824ms] GC(15492) Using 32 workers of 32 for evacuation
[2026-07-26T10:22:30.047+0200][396805930ms] GC(15492)   Pre Evacuate Collection Set: 8.0ms
[2026-07-26T10:22:30.047+0200][396805930ms] GC(15492)   Evacuate Collection Set: 64.9ms
[2026-07-26T10:22:30.047+0200][396805930ms] GC(15492)   Post Evacuate Collection Set: 33.0ms
[2026-07-26T10:22:30.047+0200][396805930ms] GC(15492)   Other: 0.5ms
[2026-07-26T10:22:30.047+0200][396805930ms] GC(15492) Eden regions: 543->0(1002)
[2026-07-26T10:22:30.047+0200][396805930ms] GC(15492) Survivor regions: 8->9(128)
[2026-07-26T10:22:30.047+0200][396805930ms] GC(15492) Old regions: 593->593
[2026-07-26T10:22:30.048+0200][396805931ms] GC(15492) Humongous regions: 8->8
[2026-07-26T10:22:30.048+0200][396805931ms] GC(15492) Metaspace: 1024799K(1123328K)->1024799K(1123328K)
[2026-07-26T10:22:30.048+0200][396805931ms] GC(15492) Pause Young (Concurrent Start) (G1 Humongous Allocation) 18416M->9745M(32768M) 106.540ms
[2026-07-26T10:22:30.048+0200][396805931ms] GC(15492) User=2.36s Sys=0.00s Real=0.10s
[2026-07-26T10:22:30.048+0200][396805931ms] GC(15493) Concurrent Cycle
[2026-07-26T10:22:30.048+0200][396805931ms] GC(15493) Concurrent Clear Claimed Marks
[2026-07-26T10:22:30.048+0200][396805931ms] Concurrent String Deduplication (396805.932s)
[2026-07-26T10:22:30.049+0200][396805932ms] Concurrent String Deduplication 101.8K->26536.0B(77680.0B) avg 65.4% (396805.932s, 396805.933s) 1.042ms
[2026-07-26T10:22:30.057+0200][396805940ms] GC(15493) Concurrent Clear Claimed Marks 9.470ms
[2026-07-26T10:22:30.057+0200][396805940ms] GC(15493) Concurrent Scan Root Regions
[2026-07-26T10:22:30.080+0200][396805963ms] GC(15493) Concurrent Scan Root Regions 22.624ms
[2026-07-26T10:22:30.080+0200][396805963ms] GC(15493) Concurrent Mark (396805.964s)
[2026-07-26T10:22:30.080+0200][396805963ms] GC(15493) Concurrent Mark From Roots
[2026-07-26T10:22:30.080+0200][396805963ms] GC(15493) Using 24 workers of 24 for marking
[2026-07-26T10:22:31.612+0200][396807495ms] GC(15493) Concurrent Mark From Roots 1532.300ms
[2026-07-26T10:22:31.612+0200][396807495ms] GC(15493) Concurrent Preclean
[2026-07-26T10:22:31.631+0200][396807514ms] GC(15493) Concurrent Preclean 18.437ms
[2026-07-26T10:22:31.631+0200][396807514ms] GC(15493) Concurrent Mark (396805.964s, 396807.514s) 1550.879ms
[2026-07-26T10:22:31.631+0200][396807514ms] GC(15493) Pause Remark
[2026-07-26T10:22:31.725+0200][396807608ms] GC(15493) Cleaned string and symbol table, strings: 487662 processed, 1866 removed, symbols: 1499206 processed, 1 removed
[2026-07-26T10:22:31.727+0200][396807610ms] GC(15493) Pause Remark 9841M->9841M(32768M) 96.134ms
[2026-07-26T10:22:31.727+0200][396807610ms] GC(15493) User=2.33s Sys=0.01s Real=0.09s
[2026-07-26T10:22:31.727+0200][396807610ms] GC(15493) Concurrent Rebuild Remembered Sets
[2026-07-26T10:22:33.528+0200][396809411ms] GC(15493) Concurrent Rebuild Remembered Sets 1801.023ms
[2026-07-26T10:22:33.529+0200][396809412ms] GC(15493) Pause Cleanup
[2026-07-26T10:22:33.531+0200][396809414ms] GC(15493) Pause Cleanup 9842M->9842M(32768M) 2.485ms
[2026-07-26T10:22:33.531+0200][396809414ms] GC(15493) User=0.02s Sys=0.00s Real=0.00s
[2026-07-26T10:22:33.531+0200][396809414ms] GC(15493) Concurrent Cleanup for Next Mark
[2026-07-26T10:22:33.543+0200][396809426ms] GC(15493) Concurrent Cleanup for Next Mark 11.347ms
[2026-07-26T10:22:33.543+0200][396809426ms] GC(15493) Concurrent Cycle 3495.269ms
[2026-07-26T10:24:36.239+0200][396932122ms] GC(15494) Pause Young (Normal) (G1 Evacuation Pause)
[2026-07-26T10:24:36.239+0200][396932122ms] GC(15494) Using 32 workers of 32 for evacuation
[2026-07-26T10:24:36.308+0200][396932191ms] GC(15494)   Pre Evacuate Collection Set: 0.1ms
[2026-07-26T10:24:36.308+0200][396932191ms] GC(15494)   Evacuate Collection Set: 36.8ms
[2026-07-26T10:24:36.308+0200][396932191ms] GC(15494)   Post Evacuate Collection Set: 31.8ms
[2026-07-26T10:24:36.308+0200][396932191ms] GC(15494)   Other: 0.6ms
[2026-07-26T10:24:36.308+0200][396932191ms] GC(15494) Eden regions: 1002->0(1007)
[2026-07-26T10:24:36.308+0200][396932191ms] GC(15494) Survivor regions: 9->7(127)
[2026-07-26T10:24:36.308+0200][396932191ms] GC(15494) Old regions: 593->594
[2026-07-26T10:24:36.308+0200][396932191ms] GC(15494) Humongous regions: 10->8
[2026-07-26T10:24:36.308+0200][396932191ms] GC(15494) Metaspace: 1024801K(1123328K)->1024801K(1123328K)
[2026-07-26T10:24:36.308+0200][396932191ms] GC(15494) Pause Young (Normal) (G1 Evacuation Pause) 25809M->9719M(32768M) 69.456ms
[2026-07-26T10:24:36.308+0200][396932191ms] GC(15494) User=1.23s Sys=0.06s Real=0.06s
[2026-07-26T10:24:36.308+0200][396932191ms] Concurrent String Deduplication (396932.192s)
[2026-07-26T10:24:36.310+0200][396932193ms] Concurrent String Deduplication 239.5K->77696.0B(163.7K) avg 65.4% (396932.192s, 396932.194s) 1.301ms
[2026-07-26T10:26:10.205+0200][397026088ms] GC(15495) Pause Young (Concurrent Start) (G1 Evacuation Pause)
[2026-07-26T10:26:10.205+0200][397026088ms] GC(15495) Using 32 workers of 32 for evacuation
[2026-07-26T10:26:10.303+0200][397026186ms] GC(15495)   Pre Evacuate Collection Set: 8.2ms
[2026-07-26T10:26:10.303+0200][397026186ms] GC(15495)   Evacuate Collection Set: 50.9ms
[2026-07-26T10:26:10.303+0200][397026186ms] GC(15495)   Post Evacuate Collection Set: 38.0ms
[2026-07-26T10:26:10.303+0200][397026186ms] GC(15495)   Other: 0.5ms
[2026-07-26T10:26:10.303+0200][397026186ms] GC(15495) Eden regions: 1007->0(1009)
[2026-07-26T10:26:10.303+0200][397026186ms] GC(15495) Survivor regions: 7->7(127)
[2026-07-26T10:26:10.303+0200][397026186ms] GC(15495) Old regions: 594->594
[2026-07-26T10:26:10.303+0200][397026186ms] GC(15495) Humongous regions: 8->8
[2026-07-26T10:26:10.303+0200][397026186ms] GC(15495) Metaspace: 1024809K(1123328K)->1024809K(1123328K)
[2026-07-26T10:26:10.303+0200][397026186ms] GC(15495) Pause Young (Concurrent Start) (G1 Evacuation Pause) 25831M->9721M(32768M) 97.748ms
[2026-07-26T10:26:10.303+0200][397026186ms] GC(15495) User=1.96s Sys=0.02s Real=0.10s
[2026-07-26T10:26:10.303+0200][397026186ms] GC(15496) Concurrent Cycle
[2026-07-26T10:26:10.303+0200][397026186ms] GC(15496) Concurrent Clear Claimed Marks
[2026-07-26T10:26:10.303+0200][397026186ms] Concurrent String Deduplication (397026.187s)
[2026-07-26T10:26:10.305+0200][397026188ms] Concurrent String Deduplication 137.3K->60160.0B(80400.0B) avg 65.4% (397026.187s, 397026.189s) 1.431ms
[2026-07-26T10:26:10.311+0200][397026194ms] GC(15496) Concurrent Clear Claimed Marks 8.263ms
[2026-07-26T10:26:10.311+0200][397026194ms] GC(15496) Concurrent Scan Root Regions
[2026-07-26T10:26:10.329+0200][397026212ms] GC(15496) Concurrent Scan Root Regions 17.286ms
[2026-07-26T10:26:10.329+0200][397026212ms] GC(15496) Concurrent Mark (397026.213s)
[2026-07-26T10:26:10.329+0200][397026212ms] GC(15496) Concurrent Mark From Roots
[2026-07-26T10:26:10.329+0200][397026212ms] GC(15496) Using 24 workers of 24 for marking
[2026-07-26T10:26:11.942+0200][397027825ms] GC(15496) Concurrent Mark From Roots 1613.488ms
[2026-07-26T10:26:11.942+0200][397027825ms] GC(15496) Concurrent Preclean
[2026-07-26T10:26:11.962+0200][397027845ms] GC(15496) Concurrent Preclean 19.808ms
[2026-07-26T10:26:11.962+0200][397027845ms] GC(15496) Concurrent Mark (397026.213s, 397027.846s) 1633.422ms
[2026-07-26T10:26:11.963+0200][397027846ms] GC(15496) Pause Remark
[2026-07-26T10:26:12.066+0200][397027949ms] GC(15496) Cleaned string and symbol table, strings: 487517 processed, 17 removed, symbols: 1499213 processed, 0 removed
[2026-07-26T10:26:12.072+0200][397027955ms] GC(15496) Pause Remark 10185M->10185M(32768M) 108.983ms
[2026-07-26T10:26:12.072+0200][397027955ms] GC(15496) User=2.55s Sys=0.01s Real=0.11s
[2026-07-26T10:26:12.072+0200][397027955ms] GC(15496) Concurrent Rebuild Remembered Sets
[2026-07-26T10:26:14.135+0200][397030018ms] GC(15496) Concurrent Rebuild Remembered Sets 2063.131ms
[2026-07-26T10:26:14.136+0200][397030019ms] GC(15496) Pause Cleanup
[2026-07-26T10:26:14.140+0200][397030023ms] GC(15496) Pause Cleanup 10228M->10228M(32768M) 4.322ms
[2026-07-26T10:26:14.140+0200][397030023ms] GC(15496) User=0.04s Sys=0.00s Real=0.01s
[2026-07-26T10:26:14.141+0200][397030024ms] GC(15496) Concurrent Cleanup for Next Mark
[2026-07-26T10:26:14.153+0200][397030036ms] GC(15496) Concurrent Cleanup for Next Mark 11.983ms
[2026-07-26T10:26:14.153+0200][397030036ms] GC(15496) Concurrent Cycle 3850.324ms
[2026-07-26T10:28:09.064+0200][397144947ms] GC(15497) Pause Young (Normal) (G1 Evacuation Pause)
[2026-07-26T10:28:09.064+0200][397144947ms] GC(15497) Using 32 workers of 32 for evacuation
[2026-07-26T10:28:09.143+0200][397145026ms] GC(15497)   Pre Evacuate Collection Set: 0.1ms
[2026-07-26T10:28:09.143+0200][397145026ms] GC(15497)   Evacuate Collection Set: 37.6ms
[2026-07-26T10:28:09.143+0200][397145026ms] GC(15497)   Post Evacuate Collection Set: 41.1ms
[2026-07-26T10:28:09.143+0200][397145026ms] GC(15497)   Other: 0.5ms
[2026-07-26T10:28:09.143+0200][397145026ms] GC(15497) Eden regions: 1009->0(1012)
[2026-07-26T10:28:09.143+0200][397145026ms] GC(15497) Survivor regions: 7->7(127)
[2026-07-26T10:28:09.143+0200][397145026ms] GC(15497) Old regions: 594->594
[2026-07-26T10:28:09.143+0200][397145026ms] GC(15497) Humongous regions: 8->8
[2026-07-26T10:28:09.143+0200][397145026ms] GC(15497) Metaspace: 1024820K(1123328K)->1024820K(1123328K)
[2026-07-26T10:28:09.143+0200][397145026ms] GC(15497) Pause Young (Normal) (G1 Evacuation Pause) 25865M->9718M(32768M) 79.434ms
[2026-07-26T10:28:09.144+0200][397145027ms] GC(15497) User=1.76s Sys=0.00s Real=0.08s
[2026-07-26T10:28:09.144+0200][397145027ms] Concurrent String Deduplication (397145.027s)
[2026-07-26T10:28:09.145+0200][397145028ms] Concurrent String Deduplication 227.3K->171.3K(57352.0B) avg 65.4% (397145.027s, 397145.029s) 1.567ms
[2026-07-26T10:30:07.767+0200][397263650ms] GC(15498) Pause Young (Concurrent Start) (G1 Evacuation Pause)
[2026-07-26T10:30:07.767+0200][397263650ms] GC(15498) Using 32 workers of 32 for evacuation
[2026-07-26T10:30:07.875+0200][397263758ms] GC(15498)   Pre Evacuate Collection Set: 11.5ms
[2026-07-26T10:30:07.875+0200][397263758ms] GC(15498)   Evacuate Collection Set: 55.2ms
[2026-07-26T10:30:07.875+0200][397263758ms] GC(15498)   Post Evacuate Collection Set: 41.1ms
[2026-07-26T10:30:07.875+0200][397263758ms] GC(15498)   Other: 0.5ms
[2026-07-26T10:30:07.875+0200][397263758ms] GC(15498) Eden regions: 1012->0(1016)
[2026-07-26T10:30:07.875+0200][397263758ms] GC(15498) Survivor regions: 7->5(128)
[2026-07-26T10:30:07.875+0200][397263758ms] GC(15498) Old regions: 594->594
[2026-07-26T10:30:07.875+0200][397263758ms] GC(15498) Humongous regions: 8->8
[2026-07-26T10:30:07.875+0200][397263758ms] GC(15498) Metaspace: 1024824K(1123328K)->1024824K(1123328K)
[2026-07-26T10:30:07.875+0200][397263758ms] GC(15498) Pause Young (Concurrent Start) (G1 Evacuation Pause) 25910M->9699M(32768M) 108.557ms
[2026-07-26T10:30:07.875+0200][397263758ms] GC(15498) User=2.42s Sys=0.00s Real=0.11s
[2026-07-26T10:30:07.875+0200][397263758ms] GC(15499) Concurrent Cycle
[2026-07-26T10:30:07.875+0200][397263758ms] GC(15499) Concurrent Clear Claimed Marks
[2026-07-26T10:30:07.876+0200][397263759ms] Concurrent String Deduplication (397263.759s)
[2026-07-26T10:30:07.882+0200][397263765ms] Concurrent String Deduplication 724.4K->385.9K(338.5K) avg 65.4% (397263.759s, 397263.765s) 6.019ms
[2026-07-26T10:30:07.886+0200][397263769ms] GC(15499) Concurrent Clear Claimed Marks 10.603ms
[2026-07-26T10:30:07.886+0200][397263769ms] GC(15499) Concurrent Scan Root Regions
[2026-07-26T10:30:07.911+0200][397263794ms] GC(15499) Concurrent Scan Root Regions 25.089ms
[2026-07-26T10:30:07.911+0200][397263794ms] GC(15499) Concurrent Mark (397263.795s)
[2026-07-26T10:30:07.911+0200][397263794ms] GC(15499) Concurrent Mark From Roots
[2026-07-26T10:30:07.911+0200][397263794ms] GC(15499) Using 24 workers of 24 for marking
[2026-07-26T10:30:09.694+0200][397265577ms] GC(15499) Concurrent Mark From Roots 1782.632ms
[2026-07-26T10:30:09.694+0200][397265577ms] GC(15499) Concurrent Preclean
[2026-07-26T10:30:09.742+0200][397265625ms] GC(15499) Concurrent Preclean 48.005ms
[2026-07-26T10:30:09.742+0200][397265625ms] GC(15499) Concurrent Mark (397263.795s, 397265.626s) 1830.764ms
[2026-07-26T10:30:09.743+0200][397265626ms] GC(15499) Pause Remark
[2026-07-26T10:30:09.874+0200][397265757ms] GC(15499) Cleaned string and symbol table, strings: 487548 processed, 1822 removed, symbols: 1499221 processed, 0 removed
[2026-07-26T10:30:09.876+0200][397265759ms] GC(15499) Pause Remark 10227M->10227M(32768M) 132.969ms
[2026-07-26T10:30:09.876+0200][397265759ms] GC(15499) User=3.06s Sys=0.11s Real=0.13s
[2026-07-26T10:30:09.876+0200][397265759ms] GC(15499) Concurrent Rebuild Remembered Sets
[2026-07-26T10:30:12.093+0200][397267976ms] GC(15499) Concurrent Rebuild Remembered Sets 2217.827ms
[2026-07-26T10:30:12.094+0200][397267977ms] GC(15499) Pause Cleanup
[2026-07-26T10:30:12.096+0200][397267979ms] GC(15499) Pause Cleanup 11011M->11011M(32768M) 2.161ms
[2026-07-26T10:30:12.096+0200][397267979ms] GC(15499) User=0.03s Sys=0.00s Real=0.00s
[2026-07-26T10:30:12.096+0200][397267979ms] GC(15499) Concurrent Cleanup for Next Mark
[2026-07-26T10:30:12.113+0200][397267996ms] GC(15499) Concurrent Cleanup for Next Mark 16.610ms
[2026-07-26T10:30:12.113+0200][397267996ms] GC(15499) Concurrent Cycle 4237.588ms
[2026-07-26T10:32:06.845+0200][397382728ms] GC(15500) Pause Young (Prepare Mixed) (G1 Evacuation Pause)
[2026-07-26T10:32:06.846+0200][397382729ms] GC(15500) Using 32 workers of 32 for evacuation
[2026-07-26T10:32:06.927+0200][397382810ms] GC(15500)   Pre Evacuate Collection Set: 0.1ms
[2026-07-26T10:32:06.927+0200][397382810ms] GC(15500)   Evacuate Collection Set: 44.7ms
[2026-07-26T10:32:06.927+0200][397382810ms] GC(15500)   Post Evacuate Collection Set: 36.1ms
[2026-07-26T10:32:06.927+0200][397382810ms] GC(15500)   Other: 1.0ms
[2026-07-26T10:32:06.927+0200][397382810ms] GC(15500) Eden regions: 1016->0(98)
[2026-07-26T10:32:06.927+0200][397382810ms] GC(15500) Survivor regions: 5->4(128)
[2026-07-26T10:32:06.927+0200][397382810ms] GC(15500) Old regions: 594->594
[2026-07-26T10:32:06.927+0200][397382810ms] GC(15500) Humongous regions: 8->8
[2026-07-26T10:32:06.927+0200][397382810ms] GC(15500) Metaspace: 1024829K(1123328K)->1024829K(1123328K)
[2026-07-26T10:32:06.927+0200][397382810ms] GC(15500) Pause Young (Prepare Mixed) (G1 Evacuation Pause) 25955M->9686M(32768M) 81.975ms
[2026-07-26T10:32:06.927+0200][397382810ms] GC(15500) User=2.04s Sys=0.05s Real=0.08s
[2026-07-26T10:32:06.928+0200][397382811ms] Concurrent String Deduplication (397382.811s)
[2026-07-26T10:32:06.935+0200][397382818ms] Concurrent String Deduplication 792.9K->654.5K(138.5K) avg 65.4% (397382.811s, 397382.819s) 3.573ms
[2026-07-26T10:32:08.332+0200][397384215ms] GC(15501) Pause Young (Mixed) (G1 Evacuation Pause)
[2026-07-26T10:32:08.332+0200][397384215ms] GC(15501) Using 32 workers of 32 for evacuation
[2026-07-26T10:32:08.426+0200][397384309ms] GC(15501)   Pre Evacuate Collection Set: 0.1ms
[2026-07-26T10:32:08.426+0200][397384309ms] GC(15501)   Evacuate Collection Set: 62.7ms
[2026-07-26T10:32:08.426+0200][397384309ms] GC(15501)   Post Evacuate Collection Set: 30.3ms
[2026-07-26T10:32:08.426+0200][397384309ms] GC(15501)   Other: 1.1ms
[2026-07-26T10:32:08.426+0200][397384309ms] GC(15501) Eden regions: 98->0(1018)
[2026-07-26T10:32:08.426+0200][397384309ms] GC(15501) Survivor regions: 4->4(13)
[2026-07-26T10:32:08.426+0200][397384309ms] GC(15501) Old regions: 594->594
[2026-07-26T10:32:08.426+0200][397384309ms] GC(15501) Humongous regions: 8->8
[2026-07-26T10:32:08.426+0200][397384309ms] GC(15501) Metaspace: 1024829K(1123328K)->1024829K(1123328K)
[2026-07-26T10:32:08.426+0200][397384309ms] GC(15501) Pause Young (Mixed) (G1 Evacuation Pause) 11254M->9674M(32768M) 94.424ms
[2026-07-26T10:32:08.426+0200][397384309ms] GC(15501) User=2.57s Sys=0.00s Real=0.09s
[2026-07-26T10:32:08.427+0200][397384310ms] Concurrent String Deduplication (397384.310s)
[2026-07-26T10:32:08.427+0200][397384310ms] Concurrent String Deduplication 40440.0B->19888.0B(20552.0B) avg 65.4% (397384.310s, 397384.311s) 0.378ms
[2026-07-26T10:34:08.015+0200][397503898ms] GC(15502) Pause Young (Normal) (G1 Evacuation Pause)
[2026-07-26T10:34:08.015+0200][397503898ms] GC(15502) Using 32 workers of 32 for evacuation
[2026-07-26T10:34:08.064+0200][397503947ms] GC(15502)   Pre Evacuate Collection Set: 0.1ms
[2026-07-26T10:34:08.064+0200][397503947ms] GC(15502)   Evacuate Collection Set: 16.1ms
[2026-07-26T10:34:08.064+0200][397503947ms] GC(15502)   Post Evacuate Collection Set: 32.6ms
[2026-07-26T10:34:08.064+0200][397503947ms] GC(15502)   Other: 0.5ms
[2026-07-26T10:34:08.064+0200][397503947ms] GC(15502) Eden regions: 1018->0(1019)
[2026-07-26T10:34:08.064+0200][397503947ms] GC(15502) Survivor regions: 4->4(128)
[2026-07-26T10:34:08.064+0200][397503947ms] GC(15502) Old regions: 594->594
[2026-07-26T10:34:08.064+0200][397503947ms] GC(15502) Humongous regions: 8->8
[2026-07-26T10:34:08.064+0200][397503947ms] GC(15502) Metaspace: 1024829K(1123328K)->1024829K(1123328K)
[2026-07-26T10:34:08.065+0200][397503948ms] GC(15502) Pause Young (Normal) (G1 Evacuation Pause) 25962M->9674M(32768M) 49.402ms
[2026-07-26T10:34:08.065+0200][397503948ms] GC(15502) User=1.07s Sys=0.02s Real=0.05s
[2026-07-26T10:34:08.065+0200][397503948ms] Concurrent String Deduplication (397503.949s)
[2026-07-26T10:34:08.068+0200][397503951ms] Concurrent String Deduplication 821.6K->643.3K(178.3K) avg 65.4% (397503.949s, 397503.952s) 3.693ms
[2026-07-26T10:36:08.208+0200][397624091ms] GC(15503) Pause Young (Normal) (G1 Evacuation Pause)
[2026-07-26T10:36:08.208+0200][397624091ms] GC(15503) Using 32 workers of 32 for evacuation
[2026-07-26T10:36:08.262+0200][397624145ms] GC(15503)   Pre Evacuate Collection Set: 0.1ms
[2026-07-26T10:36:08.262+0200][397624145ms] GC(15503)   Evacuate Collection Set: 17.7ms
[2026-07-26T10:36:08.262+0200][397624145ms] GC(15503)   Post Evacuate Collection Set: 35.9ms
[2026-07-26T10:36:08.262+0200][397624145ms] GC(15503)   Other: 0.5ms
[2026-07-26T10:36:08.262+0200][397624145ms] GC(15503) Eden regions: 1019->0(1021)
[2026-07-26T10:36:08.262+0200][397624145ms] GC(15503) Survivor regions: 4->4(128)
[2026-07-26T10:36:08.262+0200][397624145ms] GC(15503) Old regions: 594->594
[2026-07-26T10:36:08.262+0200][397624145ms] GC(15503) Humongous regions: 8->8
[2026-07-26T10:36:08.262+0200][397624145ms] GC(15503) Metaspace: 1024845K(1123328K)->1024845K(1123328K)
[2026-07-26T10:36:08.262+0200][397624145ms] GC(15503) Pause Young (Normal) (G1 Evacuation Pause) 25978M->9677M(32768M) 54.351ms
[2026-07-26T10:36:08.262+0200][397624145ms] GC(15503) User=1.10s Sys=0.00s Real=0.06s
[2026-07-26T10:38:08.757+0200][397744640ms] GC(15504) Pause Young (Concurrent Start) (G1 Evacuation Pause)
[2026-07-26T10:38:08.757+0200][397744640ms] GC(15504) Using 32 workers of 32 for evacuation
[2026-07-26T10:38:08.867+0200][397744750ms] GC(15504)   Pre Evacuate Collection Set: 8.5ms
[2026-07-26T10:38:08.867+0200][397744750ms] GC(15504)   Evacuate Collection Set: 68.3ms
[2026-07-26T10:38:08.867+0200][397744750ms] GC(15504)   Post Evacuate Collection Set: 32.8ms
[2026-07-26T10:38:08.867+0200][397744750ms] GC(15504)   Other: 0.5ms
[2026-07-26T10:38:08.867+0200][397744750ms] GC(15504) Eden regions: 1021->0(1022)
[2026-07-26T10:38:08.867+0200][397744750ms] GC(15504) Survivor regions: 4->4(129)
[2026-07-26T10:38:08.867+0200][397744750ms] GC(15504) Old regions: 594->594
[2026-07-26T10:38:08.867+0200][397744750ms] GC(15504) Humongous regions: 8->8
[2026-07-26T10:38:08.867+0200][397744750ms] GC(15504) Metaspace: 1024845K(1123328K)->1024845K(1123328K)
[2026-07-26T10:38:08.867+0200][397744750ms] GC(15504) Pause Young (Concurrent Start) (G1 Evacuation Pause) 26013M->9676M(32768M) 110.221ms
[2026-07-26T10:38:08.867+0200][397744750ms] GC(15504) User=2.22s Sys=0.03s Real=0.11s
[2026-07-26T10:38:08.867+0200][397744750ms] GC(15505) Concurrent Cycle
[2026-07-26T10:38:08.867+0200][397744750ms] GC(15505) Concurrent Clear Claimed Marks
[2026-07-26T10:38:08.867+0200][397744750ms] Concurrent String Deduplication (397744.751s)
[2026-07-26T10:38:08.874+0200][397744757ms] Concurrent String Deduplication 852.8K->355.0K(497.8K) avg 65.4% (397744.751s, 397744.758s) 6.880ms
[2026-07-26T10:38:08.878+0200][397744761ms] GC(15505) Concurrent Clear Claimed Marks 10.902ms
[2026-07-26T10:38:08.878+0200][397744761ms] GC(15505) Concurrent Scan Root Regions
[2026-07-26T10:38:08.892+0200][397744775ms] GC(15505) Concurrent Scan Root Regions 13.794ms
[2026-07-26T10:38:08.892+0200][397744775ms] GC(15505) Concurrent Mark (397744.775s)
[2026-07-26T10:38:08.892+0200][397744775ms] GC(15505) Concurrent Mark From Roots
[2026-07-26T10:38:08.892+0200][397744775ms] GC(15505) Using 24 workers of 24 for marking
[2026-07-26T10:38:10.554+0200][397746437ms] GC(15505) Concurrent Mark From Roots 1661.974ms
[2026-07-26T10:38:10.554+0200][397746437ms] GC(15505) Concurrent Preclean
[2026-07-26T10:38:10.573+0200][397746456ms] GC(15505) Concurrent Preclean 19.696ms
[2026-07-26T10:38:10.574+0200][397746457ms] GC(15505) Concurrent Mark (397744.775s, 397746.457s) 1681.804ms
[2026-07-26T10:38:10.574+0200][397746457ms] GC(15505) Pause Remark
[2026-07-26T10:38:10.903+0200][397746786ms] GC(15505) Cleaned string and symbol table, strings: 487576 processed, 955 removed, symbols: 1499233 processed, 0 removed
[2026-07-26T10:38:10.904+0200][397746787ms] GC(15505) MMU target violated: 201.0ms (200.0ms/201.0ms)
[2026-07-26T10:38:10.905+0200][397746788ms] GC(15505) Pause Remark 10364M->10364M(32768M) 330.546ms
[2026-07-26T10:38:10.905+0200][397746788ms] GC(15505) User=8.10s Sys=0.07s Real=0.33s
[2026-07-26T10:38:10.905+0200][397746788ms] GC(15505) Concurrent Rebuild Remembered Sets
[2026-07-26T10:38:12.952+0200][397748835ms] GC(15505) Concurrent Rebuild Remembered Sets 2046.816ms
[2026-07-26T10:38:12.952+0200][397748835ms] GC(15505) Pause Cleanup
[2026-07-26T10:38:12.954+0200][397748837ms] GC(15505) Pause Cleanup 11508M->11508M(32768M) 1.893ms
[2026-07-26T10:38:12.954+0200][397748837ms] GC(15505) User=0.03s Sys=0.00s Real=0.00s
[2026-07-26T10:38:12.954+0200][397748837ms] GC(15505) Concurrent Cleanup for Next Mark
[2026-07-26T10:38:12.964+0200][397748847ms] GC(15505) Concurrent Cleanup for Next Mark 9.672ms
[2026-07-26T10:38:12.964+0200][397748847ms] GC(15505) Concurrent Cycle 4096.930ms
[2026-07-26T10:40:09.859+0200][397865742ms] GC(15506) Pause Young (Prepare Mixed) (G1 Evacuation Pause)
[2026-07-26T10:40:09.859+0200][397865742ms] GC(15506) Using 32 workers of 32 for evacuation
[2026-07-26T10:40:09.933+0200][397865816ms] GC(15506)   Pre Evacuate Collection Set: 0.1ms
[2026-07-26T10:40:09.934+0200][397865817ms] GC(15506)   Evacuate Collection Set: 31.4ms
[2026-07-26T10:40:09.934+0200][397865817ms] GC(15506)   Post Evacuate Collection Set: 41.8ms
[2026-07-26T10:40:09.934+0200][397865817ms] GC(15506)   Other: 0.9ms
[2026-07-26T10:40:09.934+0200][397865817ms] GC(15506) Eden regions: 1022->0(98)
[2026-07-26T10:40:09.934+0200][397865817ms] GC(15506) Survivor regions: 4->4(129)
[2026-07-26T10:40:09.934+0200][397865817ms] GC(15506) Old regions: 594->594
[2026-07-26T10:40:09.934+0200][397865817ms] GC(15506) Humongous regions: 8->8
[2026-07-26T10:40:09.934+0200][397865817ms] GC(15506) Metaspace: 1024817K(1123328K)->1024817K(1123328K)
[2026-07-26T10:40:09.934+0200][397865817ms] GC(15506) Pause Young (Prepare Mixed) (G1 Evacuation Pause) 26028M->9680M(32768M) 74.423ms
[2026-07-26T10:40:09.934+0200][397865817ms] GC(15506) User=1.95s Sys=0.00s Real=0.07s
[2026-07-26T10:40:09.934+0200][397865817ms] Concurrent String Deduplication (397865.818s)
[2026-07-26T10:40:09.945+0200][397865828ms] Concurrent String Deduplication 764.1K->289.0K(475.1K) avg 65.4% (397865.818s, 397865.828s) 7.557ms
[2026-07-26T10:40:13.852+0200][397869735ms] GC(15507) Pause Young (Mixed) (G1 Evacuation Pause)
[2026-07-26T10:40:13.852+0200][397869735ms] GC(15507) Using 32 workers of 32 for evacuation
[2026-07-26T10:40:13.949+0200][397869832ms] GC(15507)   Pre Evacuate Collection Set: 0.1ms
[2026-07-26T10:40:13.949+0200][397869832ms] GC(15507)   Evacuate Collection Set: 58.6ms
[2026-07-26T10:40:13.949+0200][397869832ms] GC(15507)   Post Evacuate Collection Set: 37.2ms
[2026-07-26T10:40:13.951+0200][397869834ms] GC(15507)   Other: 1.3ms
[2026-07-26T10:40:13.951+0200][397869834ms] GC(15507) Eden regions: 98->0(1024)
[2026-07-26T10:40:13.951+0200][397869834ms] GC(15507) Survivor regions: 4->3(13)
[2026-07-26T10:40:13.951+0200][397869834ms] GC(15507) Old regions: 594->594
[2026-07-26T10:40:13.951+0200][397869834ms] GC(15507) Humongous regions: 8->8
[2026-07-26T10:40:13.951+0200][397869834ms] GC(15507) Metaspace: 1024817K(1123328K)->1024817K(1123328K)
[2026-07-26T10:40:13.951+0200][397869834ms] GC(15507) Pause Young (Mixed) (G1 Evacuation Pause) 11248M->9669M(32768M) 99.323ms
[2026-07-26T10:40:13.952+0200][397869835ms] GC(15507) User=2.32s Sys=0.00s Real=0.10s
[2026-07-26T10:40:13.952+0200][397869835ms] Concurrent String Deduplication (397869.836s)
[2026-07-26T10:40:13.953+0200][397869836ms] Concurrent String Deduplication 40520.0B->15784.0B(24736.0B) avg 65.4% (397869.836s, 397869.837s) 0.551ms
[2026-07-26T10:42:10.879+0200][397986762ms] GC(15508) Pause Young (Normal) (G1 Evacuation Pause)
[2026-07-26T10:42:10.879+0200][397986762ms] GC(15508) Using 32 workers of 32 for evacuation
[2026-07-26T10:42:10.934+0200][397986818ms] GC(15508)   Pre Evacuate Collection Set: 0.1ms
[2026-07-26T10:42:10.935+0200][397986818ms] GC(15508)   Evacuate Collection Set: 15.3ms
[2026-07-26T10:42:10.935+0200][397986818ms] GC(15508)   Post Evacuate Collection Set: 39.3ms
[2026-07-26T10:42:10.935+0200][397986818ms] GC(15508)   Other: 0.4ms
[2026-07-26T10:42:10.935+0200][397986818ms] GC(15508) Eden regions: 1024->0(1025)
[2026-07-26T10:42:10.935+0200][397986818ms] GC(15508) Survivor regions: 3->3(129)
[2026-07-26T10:42:10.935+0200][397986818ms] GC(15508) Old regions: 594->594
[2026-07-26T10:42:10.935+0200][397986818ms] GC(15508) Humongous regions: 8->8
[2026-07-26T10:42:10.935+0200][397986818ms] GC(15508) Metaspace: 1024821K(1123328K)->1024821K(1123328K)
[2026-07-26T10:42:10.935+0200][397986818ms] GC(15508) Pause Young (Normal) (G1 Evacuation Pause) 26053M->9669M(32768M) 55.234ms
[2026-07-26T10:42:10.935+0200][397986818ms] GC(15508) User=1.22s Sys=0.00s Real=0.05s
[2026-07-26T10:42:10.935+0200][397986818ms] Concurrent String Deduplication (397986.819s)
[2026-07-26T10:42:10.940+0200][397986823ms] Concurrent String Deduplication 1061.2K->652.0K(409.2K) avg 65.4% (397986.819s, 397986.824s) 5.246ms
[2026-07-26T10:44:06.043+0200][398101926ms] GC(15509) Pause Young (Normal) (G1 Evacuation Pause)
[2026-07-26T10:44:06.043+0200][398101926ms] GC(15509) Using 32 workers of 32 for evacuation
[2026-07-26T10:44:06.094+0200][398101977ms] GC(15509)   Pre Evacuate Collection Set: 0.1ms
[2026-07-26T10:44:06.094+0200][398101977ms] GC(15509)   Evacuate Collection Set: 18.9ms
[2026-07-26T10:44:06.094+0200][398101977ms] GC(15509)   Post Evacuate Collection Set: 31.6ms
[2026-07-26T10:44:06.094+0200][398101977ms] GC(15509)   Other: 0.4ms
[2026-07-26T10:44:06.094+0200][398101977ms] GC(15509) Eden regions: 1025->0(1023)
[2026-07-26T10:44:06.094+0200][398101977ms] GC(15509) Survivor regions: 3->5(129)
[2026-07-26T10:44:06.094+0200][398101977ms] GC(15509) Old regions: 594->594
[2026-07-26T10:44:06.094+0200][398101977ms] GC(15509) Humongous regions: 8->8
[2026-07-26T10:44:06.094+0200][398101977ms] GC(15509) Metaspace: 1024830K(1123328K)->1024830K(1123328K)
[2026-07-26T10:44:06.094+0200][398101977ms] GC(15509) Pause Young (Normal) (G1 Evacuation Pause) 26069M->9691M(32768M) 51.128ms
[2026-07-26T10:44:06.094+0200][398101977ms] GC(15509) User=1.28s Sys=0.01s Real=0.05s
[2026-07-26T10:44:09.858+0200][398105741ms] GC(15510) Pause Young (Concurrent Start) (G1 Humongous Allocation)
[2026-07-26T10:44:09.858+0200][398105741ms] GC(15510) Using 32 workers of 32 for evacuation
[2026-07-26T10:44:09.966+0200][398105849ms] GC(15510)   Pre Evacuate Collection Set: 8.3ms
[2026-07-26T10:44:09.966+0200][398105849ms] GC(15510)   Evacuate Collection Set: 68.0ms
[2026-07-26T10:44:09.966+0200][398105849ms] GC(15510)   Post Evacuate Collection Set: 31.7ms
[2026-07-26T10:44:09.966+0200][398105849ms] GC(15510)   Other: 0.4ms
[2026-07-26T10:44:09.966+0200][398105849ms] GC(15510) Eden regions: 268->0(1022)
[2026-07-26T10:44:09.966+0200][398105849ms] GC(15510) Survivor regions: 5->6(129)
[2026-07-26T10:44:09.966+0200][398105849ms] GC(15510) Old regions: 594->594
[2026-07-26T10:44:09.966+0200][398105849ms] GC(15510) Humongous regions: 8->8
[2026-07-26T10:44:09.966+0200][398105849ms] GC(15510) Metaspace: 1024830K(1123328K)->1024830K(1123328K)
[2026-07-26T10:44:09.966+0200][398105849ms] GC(15510) Pause Young (Concurrent Start) (G1 Humongous Allocation) 13967M->9718M(32768M) 108.675ms
[2026-07-26T10:44:09.967+0200][398105850ms] GC(15510) User=2.35s Sys=0.00s Real=0.11s
[2026-07-26T10:44:09.967+0200][398105850ms] GC(15511) Concurrent Cycle
[2026-07-26T10:44:09.967+0200][398105850ms] GC(15511) Concurrent Clear Claimed Marks
[2026-07-26T10:44:09.967+0200][398105850ms] Concurrent String Deduplication (398105.851s)
[2026-07-26T10:44:09.976+0200][398105859ms] Concurrent String Deduplication 754.1K->437.6K(316.5K) avg 65.4% (398105.851s, 398105.860s) 8.029ms
[2026-07-26T10:44:09.976+0200][398105859ms] GC(15511) Concurrent Clear Claimed Marks 9.443ms
[2026-07-26T10:44:09.976+0200][398105859ms] GC(15511) Concurrent Scan Root Regions
[2026-07-26T10:44:09.988+0200][398105871ms] GC(15511) Concurrent Scan Root Regions 12.300ms
[2026-07-26T10:44:09.988+0200][398105871ms] GC(15511) Concurrent Mark (398105.872s)
[2026-07-26T10:44:09.988+0200][398105871ms] GC(15511) Concurrent Mark From Roots
[2026-07-26T10:44:09.988+0200][398105871ms] GC(15511) Using 24 workers of 24 for marking
[2026-07-26T10:44:11.722+0200][398107605ms] GC(15511) Concurrent Mark From Roots 1733.295ms
[2026-07-26T10:44:11.722+0200][398107605ms] GC(15511) Concurrent Preclean
[2026-07-26T10:44:11.743+0200][398107626ms] GC(15511) Concurrent Preclean 21.666ms
[2026-07-26T10:44:11.744+0200][398107627ms] GC(15511) Concurrent Mark (398105.872s, 398107.627s) 1755.106ms
[2026-07-26T10:44:11.744+0200][398107627ms] GC(15511) Pause Remark
[2026-07-26T10:44:12.044+0200][398107927ms] GC(15511) Cleaned string and symbol table, strings: 487449 processed, 227 removed, symbols: 1499237 processed, 20 removed
[2026-07-26T10:44:12.045+0200][398107928ms] GC(15511) MMU target violated: 201.0ms (200.0ms/201.0ms)
[2026-07-26T10:44:12.045+0200][398107928ms] GC(15511) Pause Remark 10494M->10494M(32768M) 301.341ms
[2026-07-26T10:44:12.045+0200][398107928ms] GC(15511) User=7.12s Sys=0.01s Real=0.30s
[2026-07-26T10:44:12.046+0200][398107929ms] GC(15511) Concurrent Rebuild Remembered Sets
[2026-07-26T10:44:14.143+0200][398110026ms] GC(15511) Concurrent Rebuild Remembered Sets 2097.775ms
[2026-07-26T10:44:14.144+0200][398110027ms] GC(15511) Pause Cleanup
[2026-07-26T10:44:14.146+0200][398110029ms] GC(15511) Pause Cleanup 11030M->11030M(32768M) 1.950ms
[2026-07-26T10:44:14.146+0200][398110029ms] GC(15511) User=0.02s Sys=0.00s Real=0.00s
[2026-07-26T10:44:14.146+0200][398110029ms] GC(15511) Concurrent Cleanup for Next Mark
[2026-07-26T10:44:14.155+0200][398110038ms] GC(15511) Concurrent Cleanup for Next Mark 8.566ms
[2026-07-26T10:44:14.155+0200][398110038ms] GC(15511) Concurrent Cycle 4188.110ms
[2026-07-26T10:46:08.010+0200][398223893ms] GC(15512) Pause Young (Prepare Mixed) (G1 Evacuation Pause)
[2026-07-26T10:46:08.010+0200][398223893ms] GC(15512) Using 32 workers of 32 for evacuation
[2026-07-26T10:46:08.085+0200][398223968ms] GC(15512)   Pre Evacuate Collection Set: 0.1ms
[2026-07-26T10:46:08.085+0200][398223968ms] GC(15512)   Evacuate Collection Set: 34.3ms
[2026-07-26T10:46:08.085+0200][398223968ms] GC(15512)   Post Evacuate Collection Set: 39.7ms
[2026-07-26T10:46:08.085+0200][398223968ms] GC(15512)   Other: 1.0ms
[2026-07-26T10:46:08.085+0200][398223968ms] GC(15512) Eden regions: 1022->0(96)
[2026-07-26T10:46:08.085+0200][398223968ms] GC(15512) Survivor regions: 6->6(129)
[2026-07-26T10:46:08.085+0200][398223968ms] GC(15512) Old regions: 594->594
[2026-07-26T10:46:08.085+0200][398223968ms] GC(15512) Humongous regions: 10->8
[2026-07-26T10:46:08.085+0200][398223968ms] GC(15512) Metaspace: 1024803K(1123328K)->1024803K(1123328K)
[2026-07-26T10:46:08.085+0200][398223968ms] GC(15512) Pause Young (Prepare Mixed) (G1 Evacuation Pause) 26102M->9709M(32768M) 75.301ms
[2026-07-26T10:46:08.085+0200][398223968ms] GC(15512) User=1.80s Sys=0.05s Real=0.07s
[2026-07-26T10:46:08.085+0200][398223968ms] Concurrent String Deduplication (398223.969s)
[2026-07-26T10:46:08.105+0200][398223988ms] Concurrent String Deduplication 4604.2K->3513.9K(1090.3K) avg 65.4% (398223.969s, 398223.989s) 19.665ms
[2026-07-26T10:46:09.332+0200][398225215ms] GC(15513) Pause Young (Mixed) (G1 Evacuation Pause)
[2026-07-26T10:46:09.332+0200][398225215ms] GC(15513) Using 32 workers of 32 for evacuation
[2026-07-26T10:46:09.424+0200][398225307ms] GC(15513)   Pre Evacuate Collection Set: 0.2ms
[2026-07-26T10:46:09.424+0200][398225307ms] GC(15513)   Evacuate Collection Set: 53.4ms
[2026-07-26T10:46:09.424+0200][398225307ms] GC(15513)   Post Evacuate Collection Set: 38.0ms
[2026-07-26T10:46:09.424+0200][398225307ms] GC(15513)   Other: 1.1ms
[2026-07-26T10:46:09.424+0200][398225307ms] GC(15513) Eden regions: 96->0(1023)
[2026-07-26T10:46:09.424+0200][398225307ms] GC(15513) Survivor regions: 6->6(13)
[2026-07-26T10:46:09.424+0200][398225307ms] GC(15513) Old regions: 594->593
[2026-07-26T10:46:09.424+0200][398225307ms] GC(15513) Humongous regions: 8->8
[2026-07-26T10:46:09.424+0200][398225307ms] GC(15513) Metaspace: 1024803K(1123328K)->1024803K(1123328K)
[2026-07-26T10:46:09.424+0200][398225307ms] GC(15513) Pause Young (Mixed) (G1 Evacuation Pause) 11245M->9698M(32768M) 92.749ms
[2026-07-26T10:46:09.425+0200][398225308ms] GC(15513) User=2.28s Sys=0.00s Real=0.09s
[2026-07-26T10:46:09.425+0200][398225308ms] Concurrent String Deduplication (398225.309s)
[2026-07-26T10:46:09.426+0200][398225309ms] Concurrent String Deduplication 287.1K->172.2K(114.9K) avg 65.4% (398225.309s, 398225.310s) 1.217ms
[2026-07-26T10:48:08.705+0200][398344588ms] GC(15514) Pause Young (Normal) (G1 Evacuation Pause)
[2026-07-26T10:48:08.705+0200][398344588ms] GC(15514) Using 32 workers of 32 for evacuation
[2026-07-26T10:48:08.756+0200][398344639ms] GC(15514)   Pre Evacuate Collection Set: 0.1ms
[2026-07-26T10:48:08.756+0200][398344639ms] GC(15514)   Evacuate Collection Set: 19.6ms
[2026-07-26T10:48:08.756+0200][398344639ms] GC(15514)   Post Evacuate Collection Set: 31.0ms
[2026-07-26T10:48:08.756+0200][398344639ms] GC(15514)   Other: 0.4ms
[2026-07-26T10:48:08.756+0200][398344639ms] GC(15514) Eden regions: 1023->0(1023)
[2026-07-26T10:48:08.756+0200][398344639ms] GC(15514) Survivor regions: 6->6(129)
[2026-07-26T10:48:08.756+0200][398344639ms] GC(15514) Old regions: 593->594
[2026-07-26T10:48:08.756+0200][398344639ms] GC(15514) Humongous regions: 8->8
[2026-07-26T10:48:08.756+0200][398344639ms] GC(15514) Metaspace: 1024803K(1123328K)->1024803K(1123328K)
[2026-07-26T10:48:08.756+0200][398344639ms] GC(15514) Pause Young (Normal) (G1 Evacuation Pause) 26066M->9706M(32768M) 51.348ms
[2026-07-26T10:48:08.756+0200][398344639ms] GC(15514) User=1.05s Sys=0.00s Real=0.05s
[2026-07-26T10:48:08.757+0200][398344640ms] Concurrent String Deduplication (398344.640s)
[2026-07-26T10:48:08.777+0200][398344660ms] Concurrent String Deduplication 3674.7K->2286.0K(1388.7K) avg 65.4% (398344.640s, 398344.660s) 19.104ms
[2026-07-26T10:50:07.671+0200][398463554ms] GC(15515) Pause Young (Normal) (G1 Evacuation Pause)
[2026-07-26T10:50:07.671+0200][398463554ms] GC(15515) Using 32 workers of 32 for evacuation
[2026-07-26T10:50:07.733+0200][398463616ms] GC(15515)   Pre Evacuate Collection Set: 0.1ms
[2026-07-26T10:50:07.733+0200][398463616ms] GC(15515)   Evacuate Collection Set: 22.7ms
[2026-07-26T10:50:07.733+0200][398463616ms] GC(15515)   Post Evacuate Collection Set: 39.0ms
[2026-07-26T10:50:07.733+0200][398463616ms] GC(15515)   Other: 0.4ms
[2026-07-26T10:50:07.733+0200][398463616ms] GC(15515) Eden regions: 1023->0(1022)
[2026-07-26T10:50:07.733+0200][398463616ms] GC(15515) Survivor regions: 6->7(129)
[2026-07-26T10:50:07.733+0200][398463616ms] GC(15515) Old regions: 594->594
[2026-07-26T10:50:07.733+0200][398463616ms] GC(15515) Humongous regions: 8->8
[2026-07-26T10:50:07.733+0200][398463616ms] GC(15515) Metaspace: 1024805K(1123328K)->1024805K(1123328K)
[2026-07-26T10:50:07.733+0200][398463616ms] GC(15515) Pause Young (Normal) (G1 Evacuation Pause) 26074M->9720M(32768M) 62.364ms
[2026-07-26T10:50:07.733+0200][398463616ms] GC(15515) User=1.52s Sys=0.04s Real=0.06s
[2026-07-26T10:50:07.734+0200][398463617ms] Concurrent String Deduplication (398463.617s)
[2026-07-26T10:50:07.734+0200][398463617ms] Concurrent String Deduplication 8560.0B->3784.0B(4776.0B) avg 65.4% (398463.617s, 398463.618s) 0.147ms
[2026-07-26T10:52:06.751+0200][398582634ms] GC(15516) Pause Young (Concurrent Start) (G1 Evacuation Pause)
[2026-07-26T10:52:06.751+0200][398582634ms] GC(15516) Using 32 workers of 32 for evacuation
[2026-07-26T10:52:06.864+0200][398582747ms] GC(15516)   Pre Evacuate Collection Set: 8.2ms
[2026-07-26T10:52:06.864+0200][398582747ms] GC(15516)   Evacuate Collection Set: 64.9ms
[2026-07-26T10:52:06.864+0200][398582747ms] GC(15516)   Post Evacuate Collection Set: 40.2ms
[2026-07-26T10:52:06.864+0200][398582747ms] GC(15516)   Other: 0.5ms
[2026-07-26T10:52:06.864+0200][398582747ms] GC(15516) Eden regions: 1022->0(1022)
[2026-07-26T10:52:06.864+0200][398582747ms] GC(15516) Survivor regions: 7->7(129)
[2026-07-26T10:52:06.864+0200][398582747ms] GC(15516) Old regions: 594->594
[2026-07-26T10:52:06.864+0200][398582747ms] GC(15516) Humongous regions: 8->8
[2026-07-26T10:52:06.865+0200][398582748ms] GC(15516) Metaspace: 1024805K(1123328K)->1024805K(1123328K)
[2026-07-26T10:52:06.865+0200][398582748ms] GC(15516) Pause Young (Concurrent Start) (G1 Evacuation Pause) 26072M->9725M(32768M) 113.900ms
[2026-07-26T10:52:06.865+0200][398582748ms] GC(15516) User=2.52s Sys=0.00s Real=0.11s
[2026-07-26T10:52:06.865+0200][398582748ms] GC(15517) Concurrent Cycle
[2026-07-26T10:52:06.865+0200][398582748ms] GC(15517) Concurrent Clear Claimed Marks
[2026-07-26T10:52:06.865+0200][398582748ms] Concurrent String Deduplication (398582.749s)
[2026-07-26T10:52:06.880+0200][398582763ms] Concurrent String Deduplication 2679.5K->1934.2K(745.3K) avg 65.4% (398582.749s, 398582.764s) 14.431ms
[2026-07-26T10:52:06.881+0200][398582764ms] GC(15517) Concurrent Clear Claimed Marks 16.187ms
[2026-07-26T10:52:06.881+0200][398582764ms] GC(15517) Concurrent Scan Root Regions
[2026-07-26T10:52:06.896+0200][398582779ms] GC(15517) Concurrent Scan Root Regions 15.015ms
[2026-07-26T10:52:06.896+0200][398582779ms] GC(15517) Concurrent Mark (398582.780s)
[2026-07-26T10:52:06.896+0200][398582779ms] GC(15517) Concurrent Mark From Roots
[2026-07-26T10:52:06.896+0200][398582779ms] GC(15517) Using 24 workers of 24 for marking
[2026-07-26T10:52:08.841+0200][398584724ms] GC(15517) Concurrent Mark From Roots 1945.281ms
[2026-07-26T10:52:08.841+0200][398584724ms] GC(15517) Concurrent Preclean
[2026-07-26T10:52:08.865+0200][398584748ms] GC(15517) Concurrent Preclean 23.370ms
[2026-07-26T10:52:08.865+0200][398584748ms] GC(15517) Concurrent Mark (398582.780s, 398584.748s) 1968.781ms
[2026-07-26T10:52:08.865+0200][398584748ms] GC(15517) Pause Remark
[2026-07-26T10:52:08.993+0200][398584876ms] GC(15517) Cleaned string and symbol table, strings: 487266 processed, 1546 removed, symbols: 1499219 processed, 35 removed
[2026-07-26T10:52:08.994+0200][398584877ms] GC(15517) Pause Remark 10669M->10669M(32768M) 129.110ms
[2026-07-26T10:52:08.994+0200][398584877ms] GC(15517) User=3.20s Sys=0.00s Real=0.13s
[2026-07-26T10:52:08.994+0200][398584877ms] GC(15517) Concurrent Rebuild Remembered Sets
[2026-07-26T10:52:11.142+0200][398587025ms] GC(15517) Concurrent Rebuild Remembered Sets 2147.500ms
[2026-07-26T10:52:11.143+0200][398587026ms] GC(15517) Pause Cleanup
[2026-07-26T10:52:11.145+0200][398587028ms] GC(15517) Pause Cleanup 11789M->11789M(32768M) 2.698ms
[2026-07-26T10:52:11.145+0200][398587028ms] GC(15517) User=0.02s Sys=0.00s Real=0.00s
[2026-07-26T10:52:11.146+0200][398587029ms] GC(15517) Concurrent Cleanup for Next Mark
[2026-07-26T10:52:11.155+0200][398587038ms] GC(15517) Concurrent Cleanup for Next Mark 9.484ms
[2026-07-26T10:52:11.155+0200][398587038ms] GC(15517) Concurrent Cycle 4290.597ms
[2026-07-26T10:54:05.311+0200][398701194ms] GC(15518) Pause Young (Normal) (G1 Evacuation Pause)
[2026-07-26T10:54:05.311+0200][398701194ms] GC(15518) Using 32 workers of 32 for evacuation
[2026-07-26T10:54:05.377+0200][398701260ms] GC(15518)   Pre Evacuate Collection Set: 0.1ms
[2026-07-26T10:54:05.377+0200][398701260ms] GC(15518)   Evacuate Collection Set: 33.4ms
[2026-07-26T10:54:05.377+0200][398701260ms] GC(15518)   Post Evacuate Collection Set: 31.7ms
[2026-07-26T10:54:05.377+0200][398701260ms] GC(15518)   Other: 0.6ms
[2026-07-26T10:54:05.377+0200][398701260ms] GC(15518) Eden regions: 1022->0(1020)
[2026-07-26T10:54:05.377+0200][398701260ms] GC(15518) Survivor regions: 7->8(129)
[2026-07-26T10:54:05.377+0200][398701260ms] GC(15518) Old regions: 594->594
[2026-07-26T10:54:05.377+0200][398701260ms] GC(15518) Humongous regions: 8->8
[2026-07-26T10:54:05.377+0200][398701260ms] GC(15518) Metaspace: 1024823K(1123328K)->1024823K(1123328K)
[2026-07-26T10:54:05.377+0200][398701260ms] GC(15518) Pause Young (Normal) (G1 Evacuation Pause) 26077M->9735M(32768M) 65.879ms
[2026-07-26T10:54:05.377+0200][398701260ms] GC(15518) User=1.58s Sys=0.00s Real=0.06s
[2026-07-26T10:54:05.377+0200][398701260ms] Concurrent String Deduplication (398701.261s)
[2026-07-26T10:54:05.391+0200][398701274ms] Concurrent String Deduplication 3010.6K->2112.5K(898.1K) avg 65.4% (398701.261s, 398701.275s) 13.999ms
[2026-07-26T10:56:05.127+0200][398821010ms] GC(15519) Pause Young (Concurrent Start) (G1 Evacuation Pause)
[2026-07-26T10:56:05.127+0200][398821010ms] GC(15519) Using 32 workers of 32 for evacuation
[2026-07-26T10:56:05.223+0200][398821106ms] GC(15519)   Pre Evacuate Collection Set: 8.2ms
[2026-07-26T10:56:05.223+0200][398821106ms] GC(15519)   Evacuate Collection Set: 55.8ms
[2026-07-26T10:56:05.223+0200][398821106ms] GC(15519)   Post Evacuate Collection Set: 32.3ms
[2026-07-26T10:56:05.223+0200][398821106ms] GC(15519)   Other: 0.5ms
[2026-07-26T10:56:05.223+0200][398821106ms] GC(15519) Eden regions: 1020->0(1022)
[2026-07-26T10:56:05.223+0200][398821106ms] GC(15519) Survivor regions: 8->7(129)
[2026-07-26T10:56:05.223+0200][398821106ms] GC(15519) Old regions: 594->594
[2026-07-26T10:56:05.223+0200][398821107ms] GC(15519) Humongous regions: 8->8
[2026-07-26T10:56:05.224+0200][398821107ms] GC(15519) Metaspace: 1024831K(1123328K)->1024831K(1123328K)
[2026-07-26T10:56:05.224+0200][398821107ms] GC(15519) Pause Young (Concurrent Start) (G1 Evacuation Pause) 26055M->9730M(32768M) 96.882ms
[2026-07-26T10:56:05.224+0200][398821107ms] GC(15519) User=2.26s Sys=0.00s Real=0.10s
[2026-07-26T10:56:05.224+0200][398821107ms] GC(15520) Concurrent Cycle
[2026-07-26T10:56:05.224+0200][398821107ms] GC(15520) Concurrent Clear Claimed Marks
[2026-07-26T10:56:05.224+0200][398821107ms] Concurrent String Deduplication (398821.108s)
[2026-07-26T10:56:05.231+0200][398821114ms] Concurrent String Deduplication 760.9K->372.2K(388.7K) avg 65.4% (398821.108s, 398821.115s) 7.427ms
[2026-07-26T10:56:05.232+0200][398821115ms] GC(15520) Concurrent Clear Claimed Marks 7.952ms
[2026-07-26T10:56:05.232+0200][398821115ms] GC(15520) Concurrent Scan Root Regions
[2026-07-26T10:56:05.247+0200][398821130ms] GC(15520) Concurrent Scan Root Regions 15.787ms
[2026-07-26T10:56:05.248+0200][398821131ms] GC(15520) Concurrent Mark (398821.131s)
[2026-07-26T10:56:05.248+0200][398821131ms] GC(15520) Concurrent Mark From Roots
[2026-07-26T10:56:05.248+0200][398821131ms] GC(15520) Using 24 workers of 24 for marking
[2026-07-26T10:56:06.961+0200][398822844ms] GC(15520) Concurrent Mark From Roots 1713.447ms
[2026-07-26T10:56:06.961+0200][398822844ms] GC(15520) Concurrent Preclean
[2026-07-26T10:56:06.985+0200][398822868ms] GC(15520) Concurrent Preclean 24.328ms
[2026-07-26T10:56:06.986+0200][398822869ms] GC(15520) Concurrent Mark (398821.131s, 398822.869s) 1738.066ms
[2026-07-26T10:56:06.986+0200][398822869ms] GC(15520) Pause Remark
[2026-07-26T10:56:07.115+0200][398822998ms] GC(15520) Cleaned string and symbol table, strings: 487232 processed, 1842 removed, symbols: 1499200 processed, 0 removed
[2026-07-26T10:56:07.121+0200][398823004ms] GC(15520) Pause Remark 10378M->10378M(32768M) 135.092ms
[2026-07-26T10:56:07.121+0200][398823004ms] GC(15520) User=3.23s Sys=0.14s Real=0.14s
[2026-07-26T10:56:07.121+0200][398823004ms] GC(15520) Concurrent Rebuild Remembered Sets
[2026-07-26T10:56:09.224+0200][398825107ms] GC(15520) Concurrent Rebuild Remembered Sets 2102.429ms
[2026-07-26T10:56:09.224+0200][398825107ms] GC(15520) Pause Cleanup
[2026-07-26T10:56:09.232+0200][398825115ms] GC(15520) Pause Cleanup 11402M->11402M(32768M) 7.582ms
[2026-07-26T10:56:09.232+0200][398825115ms] GC(15520) User=0.04s Sys=0.00s Real=0.01s
[2026-07-26T10:56:09.232+0200][398825115ms] GC(15520) Concurrent Cleanup for Next Mark
[2026-07-26T10:56:09.243+0200][398825126ms] GC(15520) Concurrent Cleanup for Next Mark 10.484ms
[2026-07-26T10:56:09.243+0200][398825126ms] GC(15520) Concurrent Cycle 4019.006ms
[2026-07-26T10:57:37.830+0200][398913713ms] GC(15521) Pause Young (Normal) (G1 Evacuation Pause)
[2026-07-26T10:57:37.830+0200][398913713ms] GC(15521) Using 32 workers of 32 for evacuation
[2026-07-26T10:57:37.903+0200][398913786ms] GC(15521)   Pre Evacuate Collection Set: 0.1ms
[2026-07-26T10:57:37.903+0200][398913786ms] GC(15521)   Evacuate Collection Set: 40.6ms
[2026-07-26T10:57:37.903+0200][398913786ms] GC(15521)   Post Evacuate Collection Set: 32.0ms
[2026-07-26T10:57:37.903+0200][398913786ms] GC(15521)   Other: 0.5ms
[2026-07-26T10:57:37.903+0200][398913786ms] GC(15521) Eden regions: 1022->0(1020)
[2026-07-26T10:57:37.903+0200][398913786ms] GC(15521) Survivor regions: 7->8(129)
[2026-07-26T10:57:37.903+0200][398913786ms] GC(15521) Old regions: 594->594
[2026-07-26T10:57:37.903+0200][398913786ms] GC(15521) Humongous regions: 8->8
[2026-07-26T10:57:37.904+0200][398913787ms] GC(15521) Metaspace: 1024831K(1123328K)->1024831K(1123328K)
[2026-07-26T10:57:37.904+0200][398913787ms] GC(15521) Pause Young (Normal) (G1 Evacuation Pause) 26082M->9736M(32768M) 73.437ms
[2026-07-26T10:57:37.904+0200][398913787ms] GC(15521) User=1.39s Sys=0.10s Real=0.07s
[2026-07-26T10:57:37.904+0200][398913787ms] Concurrent String Deduplication (398913.788s)
[2026-07-26T10:57:37.917+0200][398913800ms] Concurrent String Deduplication 1603.0K->664.0K(939.0K) avg 65.4% (398913.788s, 398913.801s) 11.746ms
[2026-07-26T10:59:07.049+0200][399002932ms] GC(15522) Pause Young (Concurrent Start) (G1 Evacuation Pause)
[2026-07-26T10:59:07.049+0200][399002932ms] GC(15522) Using 32 workers of 32 for evacuation
[2026-07-26T10:59:07.158+0200][399003041ms] GC(15522)   Pre Evacuate Collection Set: 8.3ms
[2026-07-26T10:59:07.158+0200][399003041ms] GC(15522)   Evacuate Collection Set: 68.5ms
[2026-07-26T10:59:07.158+0200][399003041ms] GC(15522)   Post Evacuate Collection Set: 31.8ms
[2026-07-26T10:59:07.158+0200][399003041ms] GC(15522)   Other: 0.6ms
[2026-07-26T10:59:07.158+0200][399003041ms] GC(15522) Eden regions: 1020->0(1020)
[2026-07-26T10:59:07.158+0200][399003041ms] GC(15522) Survivor regions: 8->8(129)
[2026-07-26T10:59:07.158+0200][399003041ms] GC(15522) Old regions: 594->594
[2026-07-26T10:59:07.158+0200][399003041ms] GC(15522) Humongous regions: 8->8
[2026-07-26T10:59:07.158+0200][399003041ms] GC(15522) Metaspace: 1025358K(1123328K)->1025358K(1123328K)
[2026-07-26T10:59:07.158+0200][399003041ms] GC(15522) Pause Young (Concurrent Start) (G1 Evacuation Pause) 26056M->9738M(32768M) 109.348ms
[2026-07-26T10:59:07.158+0200][399003041ms] GC(15522) User=2.42s Sys=0.07s Real=0.10s
[2026-07-26T10:59:07.161+0200][399003044ms] GC(15523) Concurrent Cycle
[2026-07-26T10:59:07.161+0200][399003044ms] GC(15523) Concurrent Clear Claimed Marks
[2026-07-26T10:59:07.161+0200][399003044ms] Concurrent String Deduplication (399003.045s)
[2026-07-26T10:59:07.165+0200][399003048ms] Concurrent String Deduplication 216.5K->68648.0B(149.5K) avg 65.4% (399003.045s, 399003.048s) 2.374ms
[2026-07-26T10:59:07.169+0200][399003052ms] GC(15523) Concurrent Clear Claimed Marks 8.463ms
[2026-07-26T10:59:07.169+0200][399003052ms] GC(15523) Concurrent Scan Root Regions
[2026-07-26T10:59:07.196+0200][399003079ms] GC(15523) Concurrent Scan Root Regions 26.811ms
[2026-07-26T10:59:07.196+0200][399003079ms] GC(15523) Concurrent Mark (399003.080s)
[2026-07-26T10:59:07.196+0200][399003079ms] GC(15523) Concurrent Mark From Roots
[2026-07-26T10:59:07.196+0200][399003079ms] GC(15523) Using 24 workers of 24 for marking
[2026-07-26T10:59:08.951+0200][399004834ms] GC(15523) Concurrent Mark From Roots 1755.044ms
[2026-07-26T10:59:08.951+0200][399004834ms] GC(15523) Concurrent Preclean
[2026-07-26T10:59:08.969+0200][399004852ms] GC(15523) Concurrent Preclean 17.124ms
[2026-07-26T10:59:08.969+0200][399004852ms] GC(15523) Concurrent Mark (399003.080s, 399004.852s) 1772.295ms
[2026-07-26T10:59:08.969+0200][399004852ms] GC(15523) Pause Remark
[2026-07-26T10:59:09.073+0200][399004956ms] GC(15523) Cleaned string and symbol table, strings: 487507 processed, 230 removed, symbols: 1499479 processed, 1 removed
[2026-07-26T10:59:09.075+0200][399004958ms] GC(15523) Pause Remark 10970M->10970M(32768M) 105.246ms
[2026-07-26T10:59:09.075+0200][399004958ms] GC(15523) User=2.60s Sys=0.03s Real=0.10s
[2026-07-26T10:59:09.075+0200][399004958ms] GC(15523) Concurrent Rebuild Remembered Sets
[2026-07-26T10:59:10.873+0200][399006756ms] GC(15523) Concurrent Rebuild Remembered Sets 1798.636ms
[2026-07-26T10:59:10.874+0200][399006757ms] GC(15523) Pause Cleanup
[2026-07-26T10:59:10.876+0200][399006759ms] GC(15523) Pause Cleanup 11682M->11682M(32768M) 2.373ms
[2026-07-26T10:59:10.876+0200][399006759ms] GC(15523) User=0.03s Sys=0.00s Real=0.00s
[2026-07-26T10:59:10.876+0200][399006759ms] GC(15523) Concurrent Cleanup for Next Mark
[2026-07-26T10:59:10.884+0200][399006767ms] GC(15523) Concurrent Cleanup for Next Mark 7.620ms
[2026-07-26T10:59:10.884+0200][399006767ms] GC(15523) Concurrent Cycle 3723.290ms
[2026-07-26T11:01:06.360+0200][399122243ms] GC(15524) Pause Young (Normal) (G1 Evacuation Pause)
[2026-07-26T11:01:06.360+0200][399122243ms] GC(15524) Using 32 workers of 32 for evacuation
[2026-07-26T11:01:06.422+0200][399122305ms] GC(15524)   Pre Evacuate Collection Set: 0.1ms
[2026-07-26T11:01:06.422+0200][399122305ms] GC(15524)   Evacuate Collection Set: 31.6ms
[2026-07-26T11:01:06.422+0200][399122305ms] GC(15524)   Post Evacuate Collection Set: 28.5ms
[2026-07-26T11:01:06.422+0200][399122305ms] GC(15524)   Other: 1.4ms
[2026-07-26T11:01:06.422+0200][399122305ms] GC(15524) Eden regions: 1020->0(1022)
[2026-07-26T11:01:06.422+0200][399122305ms] GC(15524) Survivor regions: 8->7(129)
[2026-07-26T11:01:06.422+0200][399122305ms] GC(15524) Old regions: 594->594
[2026-07-26T11:01:06.422+0200][399122305ms] GC(15524) Humongous regions: 8->8
[2026-07-26T11:01:06.422+0200][399122305ms] GC(15524) Metaspace: 1025382K(1123328K)->1025382K(1123328K)
[2026-07-26T11:01:06.422+0200][399122305ms] GC(15524) Pause Young (Normal) (G1 Evacuation Pause) 26058M->9726M(32768M) 61.829ms
[2026-07-26T11:01:06.422+0200][399122305ms] GC(15524) User=1.41s Sys=0.00s Real=0.06s
[2026-07-26T11:01:06.422+0200][399122305ms] Concurrent String Deduplication (399122.306s)
[2026-07-26T11:01:06.435+0200][399122318ms] Concurrent String Deduplication 1909.7K->1022.9K(886.8K) avg 65.4% (399122.306s, 399122.319s) 11.784ms
[2026-07-26T11:01:52.930+0200][399168813ms] GC(15525) Pause Young (Concurrent Start) (G1 Humongous Allocation)
[2026-07-26T11:01:52.930+0200][399168813ms] GC(15525) Using 32 workers of 32 for evacuation
[2026-07-26T11:01:53.043+0200][399168926ms] GC(15525)   Pre Evacuate Collection Set: 8.1ms
[2026-07-26T11:01:53.043+0200][399168926ms] GC(15525)   Evacuate Collection Set: 67.0ms
[2026-07-26T11:01:53.043+0200][399168926ms] GC(15525)   Post Evacuate Collection Set: 37.4ms
[2026-07-26T11:01:53.043+0200][399168926ms] GC(15525)   Other: 0.5ms
[2026-07-26T11:01:53.043+0200][399168926ms] GC(15525) Eden regions: 405->0(644)
[2026-07-26T11:01:53.043+0200][399168926ms] GC(15525) Survivor regions: 7->9(129)
[2026-07-26T11:01:53.043+0200][399168926ms] GC(15525) Old regions: 594->594
[2026-07-26T11:01:53.043+0200][399168926ms] GC(15525) Humongous regions: 8->8
[2026-07-26T11:01:53.043+0200][399168926ms] GC(15525) Metaspace: 1025388K(1123328K)->1025388K(1123328K)
[2026-07-26T11:01:53.043+0200][399168926ms] GC(15525) Pause Young (Concurrent Start) (G1 Humongous Allocation) 16203M->9749M(32768M) 113.204ms
[2026-07-26T11:01:53.043+0200][399168926ms] GC(15525) User=2.52s Sys=0.01s Real=0.11s
[2026-07-26T11:01:53.043+0200][399168926ms] GC(15526) Concurrent Cycle
[2026-07-26T11:01:53.043+0200][399168926ms] GC(15526) Concurrent Clear Claimed Marks
[2026-07-26T11:01:53.043+0200][399168926ms] Concurrent String Deduplication (399168.927s)
[2026-07-26T11:01:53.051+0200][399168934ms] GC(15526) Concurrent Clear Claimed Marks 7.977ms
[2026-07-26T11:01:53.051+0200][399168934ms] GC(15526) Concurrent Scan Root Regions
[2026-07-26T11:01:53.067+0200][399168950ms] GC(15526) Concurrent Scan Root Regions 16.067ms
[2026-07-26T11:01:53.067+0200][399168950ms] GC(15526) Concurrent Mark (399168.951s)
[2026-07-26T11:01:53.067+0200][399168950ms] GC(15526) Concurrent Mark From Roots
[2026-07-26T11:01:53.067+0200][399168950ms] GC(15526) Using 24 workers of 24 for marking
[2026-07-26T11:01:53.096+0200][399168979ms] Concurrent String Deduplication 2778.1K->547.5K(2230.6K) avg 65.4% (399168.927s, 399168.980s) 51.597ms
[2026-07-26T11:01:54.603+0200][399170486ms] GC(15526) Concurrent Mark From Roots 1536.096ms
[2026-07-26T11:01:54.603+0200][399170486ms] GC(15526) Concurrent Preclean
[2026-07-26T11:01:54.620+0200][399170503ms] GC(15526) Concurrent Preclean 16.719ms
[2026-07-26T11:01:54.620+0200][399170503ms] GC(15526) Concurrent Mark (399168.951s, 399170.504s) 1552.928ms
[2026-07-26T11:01:54.621+0200][399170504ms] GC(15526) Pause Remark
[2026-07-26T11:01:54.713+0200][399170596ms] GC(15526) Cleaned string and symbol table, strings: 487742 processed, 27 removed, symbols: 1499490 processed, 0 removed
[2026-07-26T11:01:54.714+0200][399170597ms] GC(15526) Pause Remark 9862M->9862M(32768M) 93.706ms
[2026-07-26T11:01:54.714+0200][399170597ms] GC(15526) User=2.46s Sys=0.00s Real=0.09s
[2026-07-26T11:01:54.714+0200][399170597ms] GC(15526) Concurrent Rebuild Remembered Sets
[2026-07-26T11:01:56.555+0200][399172438ms] GC(15526) Concurrent Rebuild Remembered Sets 1840.702ms
[2026-07-26T11:01:56.556+0200][399172439ms] GC(15526) Pause Cleanup
[2026-07-26T11:01:56.558+0200][399172441ms] GC(15526) Pause Cleanup 9884M->9884M(32768M) 2.194ms
[2026-07-26T11:01:56.558+0200][399172441ms] GC(15526) User=0.02s Sys=0.00s Real=0.00s
[2026-07-26T11:01:56.558+0200][399172441ms] GC(15526) Concurrent Cleanup for Next Mark
[2026-07-26T11:01:56.565+0200][399172448ms] GC(15526) Concurrent Cleanup for Next Mark 7.422ms
[2026-07-26T11:01:56.565+0200][399172448ms] GC(15526) Concurrent Cycle 3522.329ms
[2026-07-26T11:03:06.564+0200][399242447ms] GC(15527) Pause Young (Normal) (G1 Evacuation Pause)
[2026-07-26T11:03:06.565+0200][399242448ms] GC(15527) Using 32 workers of 32 for evacuation
[2026-07-26T11:03:06.632+0200][399242515ms] GC(15527)   Pre Evacuate Collection Set: 0.1ms
[2026-07-26T11:03:06.632+0200][399242515ms] GC(15527)   Evacuate Collection Set: 30.4ms
[2026-07-26T11:03:06.632+0200][399242515ms] GC(15527)   Post Evacuate Collection Set: 37.0ms
[2026-07-26T11:03:06.633+0200][399242516ms] GC(15527)   Other: 0.5ms
[2026-07-26T11:03:06.633+0200][399242516ms] GC(15527) Eden regions: 715->0(787)
[2026-07-26T11:03:06.633+0200][399242516ms] GC(15527) Survivor regions: 9->7(91)
[2026-07-26T11:03:06.633+0200][399242516ms] GC(15527) Old regions: 594->594
[2026-07-26T11:03:06.633+0200][399242516ms] GC(15527) Humongous regions: 11->8
[2026-07-26T11:03:06.633+0200][399242516ms] GC(15527) Metaspace: 1025388K(1123328K)->1025388K(1123328K)
[2026-07-26T11:03:06.633+0200][399242516ms] GC(15527) Pause Young (Normal) (G1 Evacuation Pause) 21237M->9720M(32768M) 68.214ms
[2026-07-26T11:03:06.633+0200][399242516ms] GC(15527) User=1.54s Sys=0.00s Real=0.07s
[2026-07-26T11:03:06.633+0200][399242516ms] Concurrent String Deduplication (399242.517s)
[2026-07-26T11:03:06.636+0200][399242519ms] Concurrent String Deduplication 302.3K->111.3K(191.0K) avg 65.4% (399242.517s, 399242.520s) 2.762ms
[2026-07-26T11:04:08.987+0200][399304870ms] GC(15528) Pause Young (Normal) (G1 Evacuation Pause)
[2026-07-26T11:04:08.987+0200][399304870ms] GC(15528) Using 32 workers of 32 for evacuation
[2026-07-26T11:04:09.054+0200][399304937ms] GC(15528)   Pre Evacuate Collection Set: 0.1ms
[2026-07-26T11:04:09.054+0200][399304937ms] GC(15528)   Evacuate Collection Set: 25.8ms
[2026-07-26T11:04:09.054+0200][399304937ms] GC(15528)   Post Evacuate Collection Set: 40.1ms
[2026-07-26T11:04:09.054+0200][399304937ms] GC(15528)   Other: 0.4ms
[2026-07-26T11:04:09.054+0200][399304937ms] GC(15528) Eden regions: 787->0(920)
[2026-07-26T11:04:09.054+0200][399304937ms] GC(15528) Survivor regions: 7->7(100)
[2026-07-26T11:04:09.054+0200][399304937ms] GC(15528) Old regions: 594->594
[2026-07-26T11:04:09.054+0200][399304937ms] GC(15528) Humongous regions: 8->8
[2026-07-26T11:04:09.054+0200][399304937ms] GC(15528) Metaspace: 1025426K(1123328K)->1025426K(1123328K)
[2026-07-26T11:04:09.054+0200][399304937ms] GC(15528) Pause Young (Normal) (G1 Evacuation Pause) 22312M->9727M(32768M) 66.560ms
[2026-07-26T11:04:09.054+0200][399304937ms] GC(15528) User=1.50s Sys=0.00s Real=0.07s
[2026-07-26T11:04:09.054+0200][399304937ms] Concurrent String Deduplication (399304.938s)
[2026-07-26T11:04:09.059+0200][399304942ms] Concurrent String Deduplication 542.0K->330.6K(211.4K) avg 65.4% (399304.938s, 399304.942s) 3.876ms
[2026-07-26T11:06:05.462+0200][399421345ms] GC(15529) Pause Young (Normal) (G1 Evacuation Pause)
[2026-07-26T11:06:05.462+0200][399421345ms] GC(15529) Using 32 workers of 32 for evacuation
[2026-07-26T11:06:05.535+0200][399421418ms] GC(15529)   Pre Evacuate Collection Set: 0.1ms
[2026-07-26T11:06:05.535+0200][399421418ms] GC(15529)   Evacuate Collection Set: 31.4ms
[2026-07-26T11:06:05.535+0200][399421418ms] GC(15529)   Post Evacuate Collection Set: 41.0ms
[2026-07-26T11:06:05.535+0200][399421418ms] GC(15529)   Other: 0.5ms
[2026-07-26T11:06:05.535+0200][399421418ms] GC(15529) Eden regions: 920->0(949)
[2026-07-26T11:06:05.535+0200][399421418ms] GC(15529) Survivor regions: 7->8(116)
[2026-07-26T11:06:05.535+0200][399421418ms] GC(15529) Old regions: 594->594
[2026-07-26T11:06:05.535+0200][399421418ms] GC(15529) Humongous regions: 8->8
[2026-07-26T11:06:05.535+0200][399421418ms] GC(15529) Metaspace: 1025435K(1123328K)->1025435K(1123328K)
[2026-07-26T11:06:05.535+0200][399421418ms] GC(15529) Pause Young (Normal) (G1 Evacuation Pause) 24447M->9744M(32768M) 73.097ms
[2026-07-26T11:06:05.535+0200][399421418ms] GC(15529) User=1.69s Sys=0.00s Real=0.07s
[2026-07-26T11:06:05.535+0200][399421418ms] Concurrent String Deduplication (399421.419s)
[2026-07-26T11:06:05.545+0200][399421428ms] Concurrent String Deduplication 1356.9K->916.4K(440.5K) avg 65.4% (399421.419s, 399421.429s) 9.928ms
[2026-07-26T11:07:37.723+0200][399513606ms] GC(15530) Pause Young (Concurrent Start) (G1 Evacuation Pause)
[2026-07-26T11:07:37.723+0200][399513606ms] GC(15530) Using 32 workers of 32 for evacuation
[2026-07-26T11:07:37.813+0200][399513696ms] GC(15530)   Pre Evacuate Collection Set: 8.1ms
[2026-07-26T11:07:37.813+0200][399513696ms] GC(15530)   Evacuate Collection Set: 51.2ms
[2026-07-26T11:07:37.813+0200][399513696ms] GC(15530)   Post Evacuate Collection Set: 30.5ms
[2026-07-26T11:07:37.813+0200][399513696ms] GC(15530)   Other: 0.5ms
[2026-07-26T11:07:37.813+0200][399513696ms] GC(15530) Eden regions: 949->0(961)
[2026-07-26T11:07:37.813+0200][399513696ms] GC(15530) Survivor regions: 8->7(120)
[2026-07-26T11:07:37.813+0200][399513696ms] GC(15530) Old regions: 594->594
[2026-07-26T11:07:37.813+0200][399513696ms] GC(15530) Humongous regions: 8->8
[2026-07-26T11:07:37.813+0200][399513696ms] GC(15530) Metaspace: 1025443K(1123328K)->1025443K(1123328K)
[2026-07-26T11:07:37.813+0200][399513696ms] GC(15530) Pause Young (Concurrent Start) (G1 Evacuation Pause) 24928M->9735M(32768M) 90.433ms
[2026-07-26T11:07:37.813+0200][399513696ms] GC(15530) User=1.94s Sys=0.02s Real=0.09s
[2026-07-26T11:07:37.814+0200][399513697ms] GC(15531) Concurrent Cycle
[2026-07-26T11:07:37.814+0200][399513697ms] GC(15531) Concurrent Clear Claimed Marks
[2026-07-26T11:07:37.814+0200][399513697ms] Concurrent String Deduplication (399513.697s)
[2026-07-26T11:07:37.823+0200][399513706ms] GC(15531) Concurrent Clear Claimed Marks 8.990ms
[2026-07-26T11:07:37.823+0200][399513706ms] GC(15531) Concurrent Scan Root Regions
[2026-07-26T11:07:37.839+0200][399513722ms] Concurrent String Deduplication 2347.4K->1579.0K(768.4K) avg 65.4% (399513.697s, 399513.722s) 23.554ms
[2026-07-26T11:07:37.841+0200][399513724ms] GC(15531) Concurrent Scan Root Regions 18.549ms
[2026-07-26T11:07:37.841+0200][399513724ms] GC(15531) Concurrent Mark (399513.725s)
[2026-07-26T11:07:37.841+0200][399513724ms] GC(15531) Concurrent Mark From Roots
[2026-07-26T11:07:37.841+0200][399513724ms] GC(15531) Using 24 workers of 24 for marking
[2026-07-26T11:07:39.454+0200][399515337ms] GC(15531) Concurrent Mark From Roots 1612.377ms
[2026-07-26T11:07:39.454+0200][399515337ms] GC(15531) Concurrent Preclean
[2026-07-26T11:07:39.471+0200][399515354ms] GC(15531) Concurrent Preclean 17.157ms
[2026-07-26T11:07:39.471+0200][399515354ms] GC(15531) Concurrent Mark (399513.725s, 399515.355s) 1629.660ms
[2026-07-26T11:07:39.471+0200][399515354ms] GC(15531) Pause Remark
[2026-07-26T11:07:39.576+0200][399515459ms] GC(15531) Cleaned string and symbol table, strings: 487810 processed, 821 removed, symbols: 1499520 processed, 0 removed
[2026-07-26T11:07:39.578+0200][399515461ms] GC(15531) Pause Remark 10215M->10215M(32768M) 106.235ms
[2026-07-26T11:07:39.578+0200][399515461ms] GC(15531) User=2.70s Sys=0.09s Real=0.10s
[2026-07-26T11:07:39.578+0200][399515461ms] GC(15531) Concurrent Rebuild Remembered Sets
[2026-07-26T11:07:41.411+0200][399517294ms] GC(15531) Concurrent Rebuild Remembered Sets 1833.053ms
[2026-07-26T11:07:41.412+0200][399517295ms] GC(15531) Pause Cleanup
[2026-07-26T11:07:41.414+0200][399517297ms] GC(15531) Pause Cleanup 10345M->10345M(32768M) 2.232ms
[2026-07-26T11:07:41.414+0200][399517297ms] GC(15531) User=0.03s Sys=0.00s Real=0.00s
[2026-07-26T11:07:41.414+0200][399517297ms] GC(15531) Concurrent Cleanup for Next Mark
[2026-07-26T11:07:41.423+0200][399517306ms] GC(15531) Concurrent Cleanup for Next Mark 9.361ms
[2026-07-26T11:07:41.423+0200][399517306ms] GC(15531) Concurrent Cycle 3609.868ms
[2026-07-26T11:09:09.389+0200][399605272ms] GC(15532) Pause Young (Normal) (G1 Evacuation Pause)
[2026-07-26T11:09:09.389+0200][399605272ms] GC(15532) Using 32 workers of 32 for evacuation
[2026-07-26T11:09:09.447+0200][399605330ms] GC(15532)   Pre Evacuate Collection Set: 0.1ms
[2026-07-26T11:09:09.447+0200][399605330ms] GC(15532)   Evacuate Collection Set: 26.7ms
[2026-07-26T11:09:09.448+0200][399605331ms] GC(15532)   Post Evacuate Collection Set: 31.5ms
[2026-07-26T11:09:09.448+0200][399605331ms] GC(15532)   Other: 0.5ms
[2026-07-26T11:09:09.448+0200][399605331ms] GC(15532) Eden regions: 962->0(971)
[2026-07-26T11:09:09.448+0200][399605331ms] GC(15532) Survivor regions: 7->7(122)
[2026-07-26T11:09:09.448+0200][399605331ms] GC(15532) Old regions: 594->594
[2026-07-26T11:09:09.448+0200][399605331ms] GC(15532) Humongous regions: 8->8
[2026-07-26T11:09:09.448+0200][399605331ms] GC(15532) Metaspace: 1025443K(1123328K)->1025443K(1123328K)
[2026-07-26T11:09:09.448+0200][399605331ms] GC(15532) Pause Young (Normal) (G1 Evacuation Pause) 25127M->9734M(32768M) 58.942ms
[2026-07-26T11:09:09.448+0200][399605331ms] GC(15532) User=1.46s Sys=0.00s Real=0.05s
[2026-07-26T11:09:09.448+0200][399605331ms] Concurrent String Deduplication (399605.332s)
[2026-07-26T11:09:09.467+0200][399605350ms] Concurrent String Deduplication 3959.9K->2830.2K(1129.6K) avg 65.4% (399605.332s, 399605.350s) 18.869ms
[2026-07-26T11:11:08.718+0200][399724601ms] GC(15533) Pause Young (Concurrent Start) (G1 Evacuation Pause)
[2026-07-26T11:11:08.718+0200][399724601ms] GC(15533) Using 32 workers of 32 for evacuation
[2026-07-26T11:11:08.823+0200][399724706ms] GC(15533)   Pre Evacuate Collection Set: 8.2ms
[2026-07-26T11:11:08.823+0200][399724706ms] GC(15533)   Evacuate Collection Set: 64.4ms
[2026-07-26T11:11:08.823+0200][399724706ms] GC(15533)   Post Evacuate Collection Set: 31.7ms
[2026-07-26T11:11:08.823+0200][399724706ms] GC(15533)   Other: 0.5ms
[2026-07-26T11:11:08.823+0200][399724706ms] GC(15533) Eden regions: 971->0(978)
[2026-07-26T11:11:08.823+0200][399724706ms] GC(15533) Survivor regions: 7->7(123)
[2026-07-26T11:11:08.823+0200][399724706ms] GC(15533) Old regions: 594->594
[2026-07-26T11:11:08.823+0200][399724706ms] GC(15533) Humongous regions: 8->8
[2026-07-26T11:11:08.823+0200][399724706ms] GC(15533) Metaspace: 1025443K(1123328K)->1025443K(1123328K)
[2026-07-26T11:11:08.823+0200][399724706ms] GC(15533) Pause Young (Concurrent Start) (G1 Evacuation Pause) 25270M->9729M(32768M) 104.959ms
[2026-07-26T11:11:08.823+0200][399724706ms] GC(15533) User=2.38s Sys=0.09s Real=0.10s
[2026-07-26T11:11:08.823+0200][399724706ms] GC(15534) Concurrent Cycle
[2026-07-26T11:11:08.824+0200][399724707ms] GC(15534) Concurrent Clear Claimed Marks
[2026-07-26T11:11:08.824+0200][399724707ms] Concurrent String Deduplication (399724.707s)
[2026-07-26T11:11:08.829+0200][399724712ms] Concurrent String Deduplication 661.1K->447.4K(213.7K) avg 65.4% (399724.707s, 399724.713s) 4.215ms
[2026-07-26T11:11:08.832+0200][399724715ms] GC(15534) Concurrent Clear Claimed Marks 8.687ms
[2026-07-26T11:11:08.832+0200][399724715ms] GC(15534) Concurrent Scan Root Regions
[2026-07-26T11:11:08.853+0200][399724736ms] GC(15534) Concurrent Scan Root Regions 20.598ms
[2026-07-26T11:11:08.853+0200][399724736ms] GC(15534) Concurrent Mark (399724.737s)
[2026-07-26T11:11:08.853+0200][399724736ms] GC(15534) Concurrent Mark From Roots
[2026-07-26T11:11:08.853+0200][399724736ms] GC(15534) Using 24 workers of 24 for marking
[2026-07-26T11:11:10.383+0200][399726266ms] GC(15534) Concurrent Mark From Roots 1530.118ms
[2026-07-26T11:11:10.383+0200][399726266ms] GC(15534) Concurrent Preclean
[2026-07-26T11:11:10.404+0200][399726287ms] GC(15534) Concurrent Preclean 21.100ms
[2026-07-26T11:11:10.404+0200][399726287ms] GC(15534) Concurrent Mark (399724.737s, 399726.288s) 1551.341ms
[2026-07-26T11:11:10.405+0200][399726288ms] GC(15534) Pause Remark
[2026-07-26T11:11:10.514+0200][399726397ms] GC(15534) Cleaned string and symbol table, strings: 487405 processed, 18 removed, symbols: 1499520 processed, 0 removed
[2026-07-26T11:11:10.515+0200][399726398ms] GC(15534) Pause Remark 10345M->10345M(32768M) 110.082ms
[2026-07-26T11:11:10.515+0200][399726398ms] GC(15534) User=2.93s Sys=0.00s Real=0.11s
[2026-07-26T11:11:10.515+0200][399726398ms] GC(15534) Concurrent Rebuild Remembered Sets
[2026-07-26T11:11:12.437+0200][399728320ms] GC(15534) Concurrent Rebuild Remembered Sets 1921.901ms
[2026-07-26T11:11:12.437+0200][399728320ms] GC(15534) Pause Cleanup
[2026-07-26T11:11:12.440+0200][399728323ms] GC(15534) Pause Cleanup 10817M->10817M(32768M) 2.190ms
[2026-07-26T11:11:12.440+0200][399728323ms] GC(15534) User=0.03s Sys=0.00s Real=0.01s
[2026-07-26T11:11:12.440+0200][399728323ms] GC(15534) Concurrent Cleanup for Next Mark
[2026-07-26T11:11:12.452+0200][399728335ms] GC(15534) Concurrent Cleanup for Next Mark 11.827ms
[2026-07-26T11:11:12.452+0200][399728335ms] GC(15534) Concurrent Cycle 3628.110ms
[2026-07-26T11:13:07.459+0200][399843342ms] GC(15535) Pause Young (Normal) (G1 Evacuation Pause)
[2026-07-26T11:13:07.459+0200][399843342ms] GC(15535) Using 32 workers of 32 for evacuation
[2026-07-26T11:13:07.524+0200][399843407ms] GC(15535)   Pre Evacuate Collection Set: 0.1ms
[2026-07-26T11:13:07.524+0200][399843407ms] GC(15535)   Evacuate Collection Set: 31.9ms
[2026-07-26T11:13:07.524+0200][399843407ms] GC(15535)   Post Evacuate Collection Set: 32.3ms
[2026-07-26T11:13:07.524+0200][399843407ms] GC(15535)   Other: 0.5ms
[2026-07-26T11:13:07.524+0200][399843407ms] GC(15535) Eden regions: 978->0(986)
[2026-07-26T11:13:07.524+0200][399843407ms] GC(15535) Survivor regions: 7->6(124)
[2026-07-26T11:13:07.524+0200][399843407ms] GC(15535) Old regions: 594->594
[2026-07-26T11:13:07.524+0200][399843407ms] GC(15535) Humongous regions: 8->8
[2026-07-26T11:13:07.524+0200][399843407ms] GC(15535) Metaspace: 1025458K(1123328K)->1025458K(1123328K)
[2026-07-26T11:13:07.524+0200][399843407ms] GC(15535) Pause Young (Normal) (G1 Evacuation Pause) 25377M->9720M(32768M) 64.926ms
[2026-07-26T11:13:07.524+0200][399843407ms] GC(15535) User=1.56s Sys=0.07s Real=0.06s
[2026-07-26T11:13:07.525+0200][399843408ms] Concurrent String Deduplication (399843.408s)
[2026-07-26T11:13:07.526+0200][399843409ms] Concurrent String Deduplication 189.1K->115.3K(75616.0B) avg 65.4% (399843.408s, 399843.410s) 1.162ms
[2026-07-26T11:15:04.264+0200][399960147ms] GC(15536) Pause Young (Concurrent Start) (G1 Evacuation Pause)
[2026-07-26T11:15:04.264+0200][399960147ms] GC(15536) Using 32 workers of 32 for evacuation
[2026-07-26T11:15:04.404+0200][399960287ms] GC(15536)   Pre Evacuate Collection Set: 9.7ms
[2026-07-26T11:15:04.404+0200][399960287ms] GC(15536)   Evacuate Collection Set: 84.1ms
[2026-07-26T11:15:04.404+0200][399960287ms] GC(15536)   Post Evacuate Collection Set: 45.4ms
[2026-07-26T11:15:04.404+0200][399960287ms] GC(15536)   Other: 0.7ms
[2026-07-26T11:15:04.404+0200][399960287ms] GC(15536) Eden regions: 986->0(990)
[2026-07-26T11:15:04.404+0200][399960287ms] GC(15536) Survivor regions: 6->6(124)
[2026-07-26T11:15:04.404+0200][399960287ms] GC(15536) Old regions: 594->595
[2026-07-26T11:15:04.404+0200][399960287ms] GC(15536) Humongous regions: 8->8
[2026-07-26T11:15:04.404+0200][399960287ms] GC(15536) Metaspace: 1025459K(1123328K)->1025459K(1123328K)
[2026-07-26T11:15:04.404+0200][399960287ms] GC(15536) Pause Young (Concurrent Start) (G1 Evacuation Pause) 25496M->9726M(32768M) 140.119ms
[2026-07-26T11:15:04.404+0200][399960287ms] GC(15536) User=2.84s Sys=0.00s Real=0.14s
[2026-07-26T11:15:04.404+0200][399960287ms] GC(15537) Concurrent Cycle
[2026-07-26T11:15:04.404+0200][399960287ms] GC(15537) Concurrent Clear Claimed Marks
[2026-07-26T11:15:04.404+0200][399960287ms] Concurrent String Deduplication (399960.288s)
[2026-07-26T11:15:04.406+0200][399960289ms] Concurrent String Deduplication 90840.0B->54448.0B(36392.0B) avg 65.4% (399960.288s, 399960.290s) 0.993ms
[2026-07-26T11:15:04.417+0200][399960300ms] GC(15537) Concurrent Clear Claimed Marks 12.489ms
[2026-07-26T11:15:04.417+0200][399960300ms] GC(15537) Concurrent Scan Root Regions
[2026-07-26T11:15:04.436+0200][399960319ms] GC(15537) Concurrent Scan Root Regions 18.982ms
[2026-07-26T11:15:04.436+0200][399960319ms] GC(15537) Concurrent Mark (399960.319s)
[2026-07-26T11:15:04.436+0200][399960319ms] GC(15537) Concurrent Mark From Roots
[2026-07-26T11:15:04.436+0200][399960319ms] GC(15537) Using 24 workers of 24 for marking
[2026-07-26T11:15:06.233+0200][399962116ms] GC(15537) Concurrent Mark From Roots 1797.006ms
[2026-07-26T11:15:06.233+0200][399962116ms] GC(15537) Concurrent Preclean
[2026-07-26T11:15:06.254+0200][399962137ms] GC(15537) Concurrent Preclean 20.887ms
[2026-07-26T11:15:06.254+0200][399962137ms] GC(15537) Concurrent Mark (399960.319s, 399962.138s) 1818.032ms
[2026-07-26T11:15:06.255+0200][399962138ms] GC(15537) Pause Remark
[2026-07-26T11:15:06.385+0200][399962268ms] GC(15537) Cleaned string and symbol table, strings: 487847 processed, 0 removed, symbols: 1499528 processed, 0 removed
[2026-07-26T11:15:06.387+0200][399962270ms] GC(15537) Pause Remark 10406M->10406M(32768M) 132.058ms
[2026-07-26T11:15:06.387+0200][399962270ms] GC(15537) User=3.44s Sys=0.08s Real=0.13s
[2026-07-26T11:15:06.387+0200][399962270ms] GC(15537) Concurrent Rebuild Remembered Sets
[2026-07-26T11:15:08.503+0200][399964386ms] GC(15537) Concurrent Rebuild Remembered Sets 2116.390ms
[2026-07-26T11:15:08.504+0200][399964387ms] GC(15537) Pause Cleanup
[2026-07-26T11:15:08.506+0200][399964389ms] GC(15537) Pause Cleanup 10999M->10999M(32768M) 1.813ms
[2026-07-26T11:15:08.506+0200][399964389ms] GC(15537) User=0.03s Sys=0.00s Real=0.00s
[2026-07-26T11:15:08.506+0200][399964389ms] GC(15537) Concurrent Cleanup for Next Mark
[2026-07-26T11:15:08.514+0200][399964397ms] GC(15537) Concurrent Cleanup for Next Mark 8.200ms
[2026-07-26T11:15:08.514+0200][399964397ms] GC(15537) Concurrent Cycle 4110.312ms
[2026-07-26T11:16:09.706+0200][400025589ms] GC(15538) Pause Young (Prepare Mixed) (G1 Evacuation Pause)
[2026-07-26T11:16:09.706+0200][400025589ms] GC(15538) Using 32 workers of 32 for evacuation
[2026-07-26T11:16:09.782+0200][400025665ms] GC(15538)   Pre Evacuate Collection Set: 0.1ms
[2026-07-26T11:16:09.782+0200][400025665ms] GC(15538)   Evacuate Collection Set: 37.1ms
[2026-07-26T11:16:09.782+0200][400025665ms] GC(15538)   Post Evacuate Collection Set: 38.8ms
[2026-07-26T11:16:09.782+0200][400025665ms] GC(15538)   Other: 0.7ms
[2026-07-26T11:16:09.783+0200][400025666ms] GC(15538) Eden regions: 990->0(95)
[2026-07-26T11:16:09.783+0200][400025666ms] GC(15538) Survivor regions: 6->7(125)
[2026-07-26T11:16:09.783+0200][400025666ms] GC(15538) Old regions: 595->595
[2026-07-26T11:16:09.783+0200][400025666ms] GC(15538) Humongous regions: 8->8
[2026-07-26T11:16:09.783+0200][400025666ms] GC(15538) Metaspace: 1025459K(1123328K)->1025459K(1123328K)
[2026-07-26T11:16:09.783+0200][400025666ms] GC(15538) Pause Young (Prepare Mixed) (G1 Evacuation Pause) 25566M->9741M(32768M) 76.921ms
[2026-07-26T11:16:09.783+0200][400025666ms] GC(15538) User=1.72s Sys=0.01s Real=0.08s
[2026-07-26T11:16:09.783+0200][400025666ms] Concurrent String Deduplication (400025.667s)
[2026-07-26T11:16:09.786+0200][400025669ms] Concurrent String Deduplication 307.8K->121.7K(186.2K) avg 65.4% (400025.667s, 400025.670s) 2.963ms
[2026-07-26T11:16:25.558+0200][400041441ms] GC(15539) Pause Young (Mixed) (G1 Evacuation Pause)
[2026-07-26T11:16:25.558+0200][400041441ms] GC(15539) Using 32 workers of 32 for evacuation
[2026-07-26T11:16:25.628+0200][400041511ms] GC(15539)   Pre Evacuate Collection Set: 0.1ms
[2026-07-26T11:16:25.628+0200][400041511ms] GC(15539)   Evacuate Collection Set: 41.5ms
[2026-07-26T11:16:25.628+0200][400041511ms] GC(15539)   Post Evacuate Collection Set: 27.6ms
[2026-07-26T11:16:25.628+0200][400041511ms] GC(15539)   Other: 1.0ms
[2026-07-26T11:16:25.628+0200][400041511ms] GC(15539) Eden regions: 95->0(994)
[2026-07-26T11:16:25.628+0200][400041511ms] GC(15539) Survivor regions: 7->7(13)
[2026-07-26T11:16:25.628+0200][400041511ms] GC(15539) Old regions: 595->594
[2026-07-26T11:16:25.628+0200][400041511ms] GC(15539) Humongous regions: 8->8
[2026-07-26T11:16:25.628+0200][400041511ms] GC(15539) Metaspace: 1025459K(1123328K)->1025459K(1123328K)
[2026-07-26T11:16:25.628+0200][400041511ms] GC(15539) Pause Young (Mixed) (G1 Evacuation Pause) 11261M->9734M(32768M) 70.416ms
[2026-07-26T11:16:25.628+0200][400041511ms] GC(15539) User=1.68s Sys=0.00s Real=0.07s
[2026-07-26T11:16:25.628+0200][400041511ms] Concurrent String Deduplication (400041.512s)
[2026-07-26T11:16:25.638+0200][400041521ms] Concurrent String Deduplication 1807.6K->1059.2K(748.5K) avg 65.4% (400041.512s, 400041.522s) 9.658ms
[2026-07-26T11:18:09.254+0200][400145137ms] GC(15540) Pause Young (Normal) (G1 Evacuation Pause)
[2026-07-26T11:18:09.254+0200][400145137ms] GC(15540) Using 32 workers of 32 for evacuation
[2026-07-26T11:18:09.316+0200][400145199ms] GC(15540)   Pre Evacuate Collection Set: 0.1ms
[2026-07-26T11:18:09.316+0200][400145199ms] GC(15540)   Evacuate Collection Set: 27.7ms
[2026-07-26T11:18:09.316+0200][400145199ms] GC(15540)   Post Evacuate Collection Set: 34.0ms
[2026-07-26T11:18:09.316+0200][400145199ms] GC(15540)   Other: 0.5ms
[2026-07-26T11:18:09.316+0200][400145199ms] GC(15540) Eden regions: 994->0(999)
[2026-07-26T11:18:09.316+0200][400145199ms] GC(15540) Survivor regions: 7->6(126)
[2026-07-26T11:18:09.316+0200][400145199ms] GC(15540) Old regions: 594->595
[2026-07-26T11:18:09.316+0200][400145199ms] GC(15540) Humongous regions: 8->8
[2026-07-26T11:18:09.316+0200][400145199ms] GC(15540) Metaspace: 1025465K(1123328K)->1025465K(1123328K)
[2026-07-26T11:18:09.316+0200][400145199ms] GC(15540) Pause Young (Normal) (G1 Evacuation Pause) 25638M->9727M(32768M) 62.474ms
[2026-07-26T11:18:09.316+0200][400145199ms] GC(15540) User=1.50s Sys=0.01s Real=0.06s
[2026-07-26T11:18:09.316+0200][400145199ms] Concurrent String Deduplication (400145.200s)
[2026-07-26T11:18:09.332+0200][400145215ms] Concurrent String Deduplication 3489.2K->2784.5K(704.7K) avg 65.4% (400145.200s, 400145.216s) 15.683ms
[2026-07-26T11:20:11.078+0200][400266961ms] GC(15541) Pause Young (Normal) (G1 Evacuation Pause)
[2026-07-26T11:20:11.078+0200][400266961ms] GC(15541) Using 32 workers of 32 for evacuation
[2026-07-26T11:20:11.147+0200][400267030ms] GC(15541)   Pre Evacuate Collection Set: 0.1ms
[2026-07-26T11:20:11.147+0200][400267030ms] GC(15541)   Evacuate Collection Set: 23.9ms
[2026-07-26T11:20:11.147+0200][400267030ms] GC(15541)   Post Evacuate Collection Set: 44.5ms
[2026-07-26T11:20:11.147+0200][400267030ms] GC(15541)   Other: 0.5ms
[2026-07-26T11:20:11.147+0200][400267030ms] GC(15541) Eden regions: 999->0(1001)
[2026-07-26T11:20:11.147+0200][400267030ms] GC(15541) Survivor regions: 6->6(126)
[2026-07-26T11:20:11.147+0200][400267030ms] GC(15541) Old regions: 595->595
[2026-07-26T11:20:11.147+0200][400267030ms] GC(15541) Humongous regions: 8->8
[2026-07-26T11:20:11.147+0200][400267030ms] GC(15541) Metaspace: 1025638K(1123328K)->1025638K(1123328K)
[2026-07-26T11:20:11.147+0200][400267030ms] GC(15541) Pause Young (Normal) (G1 Evacuation Pause) 25711M->9717M(32768M) 69.125ms
[2026-07-26T11:20:11.147+0200][400267030ms] GC(15541) User=1.67s Sys=0.00s Real=0.07s
[2026-07-26T11:20:11.151+0200][400267034ms] Concurrent String Deduplication (400267.035s)
[2026-07-26T11:20:11.152+0200][400267035ms] Concurrent String Deduplication 84192.0B->64368.0B(19824.0B) avg 65.4% (400267.035s, 400267.036s) 0.558ms
[2026-07-26T11:22:09.474+0200][400385357ms] GC(15542) Pause Young (Concurrent Start) (G1 Evacuation Pause)
[2026-07-26T11:22:09.474+0200][400385357ms] GC(15542) Using 32 workers of 32 for evacuation
[2026-07-26T11:22:09.573+0200][400385456ms] GC(15542)   Pre Evacuate Collection Set: 8.6ms
[2026-07-26T11:22:09.573+0200][400385456ms] GC(15542)   Evacuate Collection Set: 50.6ms
[2026-07-26T11:22:09.573+0200][400385456ms] GC(15542)   Post Evacuate Collection Set: 39.7ms
[2026-07-26T11:22:09.573+0200][400385456ms] GC(15542)   Other: 0.6ms
[2026-07-26T11:22:09.573+0200][400385456ms] GC(15542) Eden regions: 1001->0(1005)
[2026-07-26T11:22:09.573+0200][400385456ms] GC(15542) Survivor regions: 6->5(126)
[2026-07-26T11:22:09.573+0200][400385456ms] GC(15542) Old regions: 595->595
[2026-07-26T11:22:09.573+0200][400385456ms] GC(15542) Humongous regions: 8->8
[2026-07-26T11:22:09.573+0200][400385456ms] GC(15542) Metaspace: 1025650K(1123328K)->1025650K(1123328K)
[2026-07-26T11:22:09.573+0200][400385456ms] GC(15542) Pause Young (Concurrent Start) (G1 Evacuation Pause) 25733M->9699M(32768M) 99.680ms
[2026-07-26T11:22:09.574+0200][400385457ms] GC(15542) User=1.98s Sys=0.02s Real=0.10s
[2026-07-26T11:22:09.574+0200][400385457ms] GC(15543) Concurrent Cycle
[2026-07-26T11:22:09.574+0200][400385457ms] GC(15543) Concurrent Clear Claimed Marks
[2026-07-26T11:22:09.574+0200][400385457ms] Concurrent String Deduplication (400385.458s)
[2026-07-26T11:22:09.576+0200][400385459ms] Concurrent String Deduplication 605.1K->517.7K(89544.0B) avg 65.4% (400385.458s, 400385.460s) 2.415ms
[2026-07-26T11:22:09.584+0200][400385467ms] GC(15543) Concurrent Clear Claimed Marks 10.453ms
[2026-07-26T11:22:09.584+0200][400385467ms] GC(15543) Concurrent Scan Root Regions
[2026-07-26T11:22:09.601+0200][400385484ms] GC(15543) Concurrent Scan Root Regions 16.475ms
[2026-07-26T11:22:09.601+0200][400385484ms] GC(15543) Concurrent Mark (400385.484s)
[2026-07-26T11:22:09.601+0200][400385484ms] GC(15543) Concurrent Mark From Roots
[2026-07-26T11:22:09.601+0200][400385484ms] GC(15543) Using 24 workers of 24 for marking
[2026-07-26T11:22:11.333+0200][400387216ms] GC(15543) Concurrent Mark From Roots 1732.795ms
[2026-07-26T11:22:11.333+0200][400387216ms] GC(15543) Concurrent Preclean
[2026-07-26T11:22:11.361+0200][400387244ms] GC(15543) Concurrent Preclean 27.945ms
[2026-07-26T11:22:11.362+0200][400387245ms] GC(15543) Concurrent Mark (400385.484s, 400387.245s) 1760.936ms
[2026-07-26T11:22:11.362+0200][400387245ms] GC(15543) Pause Remark
[2026-07-26T11:22:11.466+0200][400387349ms] GC(15543) Cleaned string and symbol table, strings: 488277 processed, 3072 removed, symbols: 1499624 processed, 0 removed
[2026-07-26T11:22:11.467+0200][400387350ms] GC(15543) Pause Remark 10427M->10427M(32768M) 105.237ms
[2026-07-26T11:22:11.467+0200][400387350ms] GC(15543) User=2.72s Sys=0.00s Real=0.10s
[2026-07-26T11:22:11.471+0200][400387354ms] GC(15543) Concurrent Rebuild Remembered Sets
[2026-07-26T11:22:13.538+0200][400389421ms] GC(15543) Concurrent Rebuild Remembered Sets 2067.208ms
[2026-07-26T11:22:13.541+0200][400389424ms] GC(15543) Pause Cleanup
[2026-07-26T11:22:13.544+0200][400389427ms] GC(15543) Pause Cleanup 10891M->10891M(32768M) 2.632ms
[2026-07-26T11:22:13.544+0200][400389427ms] GC(15543) User=0.03s Sys=0.00s Real=0.00s
[2026-07-26T11:22:13.544+0200][400389427ms] GC(15543) Concurrent Cleanup for Next Mark
[2026-07-26T11:22:13.554+0200][400389437ms] GC(15543) Concurrent Cleanup for Next Mark 9.909ms
[2026-07-26T11:22:13.554+0200][400389437ms] GC(15543) Concurrent Cycle 3980.071ms
[2026-07-26T11:24:07.606+0200][400503489ms] GC(15544) Pause Young (Normal) (G1 Evacuation Pause)
[2026-07-26T11:24:07.606+0200][400503489ms] GC(15544) Using 32 workers of 32 for evacuation
[2026-07-26T11:24:07.673+0200][400503556ms] GC(15544)   Pre Evacuate Collection Set: 0.1ms
[2026-07-26T11:24:07.673+0200][400503556ms] GC(15544)   Evacuate Collection Set: 27.1ms
[2026-07-26T11:24:07.673+0200][400503556ms] GC(15544)   Post Evacuate Collection Set: 38.9ms
[2026-07-26T11:24:07.673+0200][400503556ms] GC(15544)   Other: 0.5ms
[2026-07-26T11:24:07.673+0200][400503556ms] GC(15544) Eden regions: 1005->0(1008)
[2026-07-26T11:24:07.673+0200][400503556ms] GC(15544) Survivor regions: 5->5(127)
[2026-07-26T11:24:07.673+0200][400503556ms] GC(15544) Old regions: 595->595
[2026-07-26T11:24:07.673+0200][400503556ms] GC(15544) Humongous regions: 8->8
[2026-07-26T11:24:07.673+0200][400503556ms] GC(15544) Metaspace: 1025713K(1123328K)->1025713K(1123328K)
[2026-07-26T11:24:07.673+0200][400503556ms] GC(15544) Pause Young (Normal) (G1 Evacuation Pause) 25779M->9707M(32768M) 66.710ms
[2026-07-26T11:24:07.673+0200][400503556ms] GC(15544) User=1.64s Sys=0.02s Real=0.07s
[2026-07-26T11:24:07.673+0200][400503556ms] Concurrent String Deduplication (400503.557s)
[2026-07-26T11:24:07.677+0200][400503560ms] Concurrent String Deduplication 603.1K->226.5K(376.6K) avg 65.4% (400503.557s, 400503.561s) 4.058ms
[2026-07-26T11:26:05.996+0200][400621879ms] GC(15545) Pause Young (Concurrent Start) (G1 Evacuation Pause)
[2026-07-26T11:26:05.996+0200][400621879ms] GC(15545) Using 32 workers of 32 for evacuation
[2026-07-26T11:26:06.112+0200][400621995ms] GC(15545)   Pre Evacuate Collection Set: 8.3ms
[2026-07-26T11:26:06.112+0200][400621995ms] GC(15545)   Evacuate Collection Set: 66.5ms
[2026-07-26T11:26:06.112+0200][400621995ms] GC(15545)   Post Evacuate Collection Set: 40.7ms
[2026-07-26T11:26:06.112+0200][400621995ms] GC(15545)   Other: 0.6ms
[2026-07-26T11:26:06.112+0200][400621995ms] GC(15545) Eden regions: 1008->0(1010)
[2026-07-26T11:26:06.112+0200][400621995ms] GC(15545) Survivor regions: 5->5(127)
[2026-07-26T11:26:06.112+0200][400621995ms] GC(15545) Old regions: 595->595
[2026-07-26T11:26:06.112+0200][400621995ms] GC(15545) Humongous regions: 8->8
[2026-07-26T11:26:06.112+0200][400621995ms] GC(15545) Metaspace: 1025718K(1123328K)->1025718K(1123328K)
[2026-07-26T11:26:06.113+0200][400621996ms] GC(15545) Pause Young (Concurrent Start) (G1 Evacuation Pause) 25835M->9713M(32768M) 116.256ms
[2026-07-26T11:26:06.113+0200][400621996ms] GC(15545) User=2.62s Sys=0.00s Real=0.12s
[2026-07-26T11:26:06.113+0200][400621996ms] GC(15546) Concurrent Cycle
[2026-07-26T11:26:06.113+0200][400621996ms] GC(15546) Concurrent Clear Claimed Marks
[2026-07-26T11:26:06.113+0200][400621996ms] Concurrent String Deduplication (400621.997s)
[2026-07-26T11:26:06.114+0200][400621997ms] Concurrent String Deduplication 125.0K->88792.0B(39248.0B) avg 65.4% (400621.997s, 400621.997s) 0.918ms
[2026-07-26T11:26:06.121+0200][400622004ms] GC(15546) Concurrent Clear Claimed Marks 8.189ms
[2026-07-26T11:26:06.121+0200][400622004ms] GC(15546) Concurrent Scan Root Regions
[2026-07-26T11:26:06.137+0200][400622020ms] GC(15546) Concurrent Scan Root Regions 15.624ms
[2026-07-26T11:26:06.137+0200][400622020ms] GC(15546) Concurrent Mark (400622.020s)
[2026-07-26T11:26:06.137+0200][400622020ms] GC(15546) Concurrent Mark From Roots
[2026-07-26T11:26:06.137+0200][400622020ms] GC(15546) Using 24 workers of 24 for marking
[2026-07-26T11:26:07.881+0200][400623764ms] GC(15546) Concurrent Mark From Roots 1744.847ms
[2026-07-26T11:26:07.882+0200][400623765ms] GC(15546) Concurrent Preclean
[2026-07-26T11:26:07.908+0200][400623791ms] GC(15546) Concurrent Preclean 26.215ms
[2026-07-26T11:26:07.908+0200][400623791ms] GC(15546) Concurrent Mark (400622.020s, 400623.792s) 1771.213ms
[2026-07-26T11:26:07.911+0200][400623794ms] GC(15546) Pause Remark
[2026-07-26T11:26:08.016+0200][400623899ms] GC(15546) Cleaned string and symbol table, strings: 488202 processed, 673 removed, symbols: 1499658 processed, 0 removed
[2026-07-26T11:26:08.021+0200][400623904ms] GC(15546) Pause Remark 10361M->10361M(32768M) 110.413ms
[2026-07-26T11:26:08.021+0200][400623904ms] GC(15546) User=2.55s Sys=0.00s Real=0.11s
[2026-07-26T11:26:08.021+0200][400623904ms] GC(15546) Concurrent Rebuild Remembered Sets
[2026-07-26T11:26:10.167+0200][400626050ms] GC(15546) Concurrent Rebuild Remembered Sets 2145.260ms
[2026-07-26T11:26:10.167+0200][400626050ms] GC(15546) Pause Cleanup
[2026-07-26T11:26:10.171+0200][400626054ms] GC(15546) Pause Cleanup 11713M->11713M(32768M) 4.087ms
[2026-07-26T11:26:10.172+0200][400626055ms] GC(15546) User=0.05s Sys=0.00s Real=0.01s
[2026-07-26T11:26:10.172+0200][400626055ms] GC(15546) Concurrent Cleanup for Next Mark
[2026-07-26T11:26:10.181+0200][400626064ms] GC(15546) Concurrent Cleanup for Next Mark 9.742ms
[2026-07-26T11:26:10.181+0200][400626064ms] GC(15546) Concurrent Cycle 4068.799ms
[2026-07-26T11:28:05.586+0200][400741469ms] GC(15547) Pause Young (Prepare Mixed) (G1 Evacuation Pause)
[2026-07-26T11:28:05.586+0200][400741469ms] GC(15547) Using 32 workers of 32 for evacuation
[2026-07-26T11:28:05.652+0200][400741535ms] GC(15547)   Pre Evacuate Collection Set: 0.1ms
[2026-07-26T11:28:05.652+0200][400741535ms] GC(15547)   Evacuate Collection Set: 28.1ms
[2026-07-26T11:28:05.652+0200][400741535ms] GC(15547)   Post Evacuate Collection Set: 36.1ms
[2026-07-26T11:28:05.652+0200][400741535ms] GC(15547)   Other: 0.9ms
[2026-07-26T11:28:05.652+0200][400741535ms] GC(15547) Eden regions: 1010->0(96)
[2026-07-26T11:28:05.652+0200][400741535ms] GC(15547) Survivor regions: 5->6(127)
[2026-07-26T11:28:05.652+0200][400741535ms] GC(15547) Old regions: 595->595
[2026-07-26T11:28:05.652+0200][400741535ms] GC(15547) Humongous regions: 8->8
[2026-07-26T11:28:05.652+0200][400741535ms] GC(15547) Metaspace: 1025734K(1123328K)->1025734K(1123328K)
[2026-07-26T11:28:05.652+0200][400741535ms] GC(15547) Pause Young (Prepare Mixed) (G1 Evacuation Pause) 25873M->9716M(32768M) 65.376ms
[2026-07-26T11:28:05.652+0200][400741535ms] GC(15547) User=1.54s Sys=0.00s Real=0.07s
[2026-07-26T11:28:05.652+0200][400741535ms] Concurrent String Deduplication (400741.536s)
[2026-07-26T11:28:05.663+0200][400741546ms] Concurrent String Deduplication 1795.8K->1059.5K(736.4K) avg 65.4% (400741.536s, 400741.547s) 11.368ms
[2026-07-26T11:28:06.884+0200][400742767ms] GC(15548) Pause Young (Mixed) (G1 Evacuation Pause)
[2026-07-26T11:28:06.884+0200][400742767ms] GC(15548) Using 32 workers of 32 for evacuation
[2026-07-26T11:28:06.984+0200][400742867ms] GC(15548)   Pre Evacuate Collection Set: 0.1ms
[2026-07-26T11:28:06.984+0200][400742867ms] GC(15548)   Evacuate Collection Set: 58.9ms
[2026-07-26T11:28:06.984+0200][400742867ms] GC(15548)   Post Evacuate Collection Set: 39.8ms
[2026-07-26T11:28:06.984+0200][400742867ms] GC(15548)   Other: 1.0ms
[2026-07-26T11:28:06.984+0200][400742867ms] GC(15548) Eden regions: 96->0(1013)
[2026-07-26T11:28:06.984+0200][400742867ms] GC(15548) Survivor regions: 6->5(13)
[2026-07-26T11:28:06.984+0200][400742867ms] GC(15548) Old regions: 595->594
[2026-07-26T11:28:06.984+0200][400742867ms] GC(15548) Humongous regions: 8->8
[2026-07-26T11:28:06.984+0200][400742867ms] GC(15548) Metaspace: 1025734K(1123328K)->1025734K(1123328K)
[2026-07-26T11:28:06.984+0200][400742867ms] GC(15548) Pause Young (Mixed) (G1 Evacuation Pause) 11252M->9708M(32768M) 100.015ms
[2026-07-26T11:28:06.984+0200][400742867ms] GC(15548) User=2.66s Sys=0.02s Real=0.10s
[2026-07-26T11:28:06.984+0200][400742867ms] Concurrent String Deduplication (400742.868s)
[2026-07-26T11:28:06.996+0200][400742879ms] Concurrent String Deduplication 1684.8K->1228.0K(456.8K) avg 65.4% (400742.868s, 400742.880s) 12.035ms
[2026-07-26T11:29:37.788+0200][400833671ms] GC(15549) Pause Young (Normal) (G1 Evacuation Pause)
[2026-07-26T11:29:37.788+0200][400833671ms] GC(15549) Using 32 workers of 32 for evacuation
[2026-07-26T11:29:37.843+0200][400833726ms] GC(15549)   Pre Evacuate Collection Set: 0.1ms
[2026-07-26T11:29:37.843+0200][400833726ms] GC(15549)   Evacuate Collection Set: 15.4ms
[2026-07-26T11:29:37.843+0200][400833726ms] GC(15549)   Post Evacuate Collection Set: 39.2ms
[2026-07-26T11:29:37.843+0200][400833726ms] GC(15549)   Other: 0.4ms
[2026-07-26T11:29:37.843+0200][400833726ms] GC(15549) Eden regions: 1013->0(1012)
[2026-07-26T11:29:37.843+0200][400833726ms] GC(15549) Survivor regions: 5->5(128)
[2026-07-26T11:29:37.843+0200][400833726ms] GC(15549) Old regions: 594->595
[2026-07-26T11:29:37.843+0200][400833726ms] GC(15549) Humongous regions: 11->10
[2026-07-26T11:29:37.843+0200][400833726ms] GC(15549) Metaspace: 1025734K(1123328K)->1025734K(1123328K)
[2026-07-26T11:29:37.844+0200][400833727ms] GC(15549) Pause Young (Normal) (G1 Evacuation Pause) 25964M->9737M(32768M) 55.333ms
[2026-07-26T11:29:37.844+0200][400833727ms] GC(15549) User=1.20s Sys=0.00s Real=0.06s
[2026-07-26T11:29:37.844+0200][400833727ms] Concurrent String Deduplication (400833.728s)
[2026-07-26T11:29:37.846+0200][400833729ms] Concurrent String Deduplication 307.4K->202.6K(104.8K) avg 65.4% (400833.728s, 400833.729s) 1.811ms
[2026-07-26T11:31:34.429+0200][400950312ms] GC(15550) Pause Young (Normal) (G1 Evacuation Pause)
[2026-07-26T11:31:34.429+0200][400950312ms] GC(15550) Using 32 workers of 32 for evacuation
[2026-07-26T11:31:34.483+0200][400950366ms] GC(15550)   Pre Evacuate Collection Set: 0.1ms
[2026-07-26T11:31:34.483+0200][400950366ms] GC(15550)   Evacuate Collection Set: 14.7ms
[2026-07-26T11:31:34.483+0200][400950366ms] GC(15550)   Post Evacuate Collection Set: 38.4ms
[2026-07-26T11:31:34.483+0200][400950366ms] GC(15550)   Other: 0.5ms
[2026-07-26T11:31:34.483+0200][400950366ms] GC(15550) Eden regions: 1012->0(1015)
[2026-07-26T11:31:34.483+0200][400950366ms] GC(15550) Survivor regions: 5->5(128)
[2026-07-26T11:31:34.483+0200][400950366ms] GC(15550) Old regions: 595->595
[2026-07-26T11:31:34.483+0200][400950366ms] GC(15550) Humongous regions: 10->8
[2026-07-26T11:31:34.483+0200][400950366ms] GC(15550) Metaspace: 1025734K(1123328K)->1025734K(1123328K)
[2026-07-26T11:31:34.483+0200][400950366ms] GC(15550) Pause Young (Normal) (G1 Evacuation Pause) 25929M->9699M(32768M) 53.856ms
[2026-07-26T11:31:34.483+0200][400950366ms] GC(15550) User=1.19s Sys=0.00s Real=0.05s
[2026-07-26T11:31:34.483+0200][400950366ms] Concurrent String Deduplication (400950.367s)
[2026-07-26T11:31:34.485+0200][400950368ms] Concurrent String Deduplication 160.0B->160.0B(0.0B) avg 65.4% (400950.367s, 400950.368s) 0.043ms
[2026-07-26T11:33:02.354+0200][401038237ms] GC(15551) Pause Young (Concurrent Start) (G1 Humongous Allocation)
[2026-07-26T11:33:02.354+0200][401038237ms] GC(15551) Using 32 workers of 32 for evacuation
[2026-07-26T11:33:02.457+0200][401038340ms] GC(15551)   Pre Evacuate Collection Set: 8.3ms
[2026-07-26T11:33:02.457+0200][401038340ms] GC(15551)   Evacuate Collection Set: 63.5ms
[2026-07-26T11:33:02.457+0200][401038340ms] GC(15551)   Post Evacuate Collection Set: 30.7ms
[2026-07-26T11:33:02.457+0200][401038340ms] GC(15551)   Other: 0.5ms
[2026-07-26T11:33:02.457+0200][401038340ms] GC(15551) Eden regions: 675->0(1010)
[2026-07-26T11:33:02.457+0200][401038340ms] GC(15551) Survivor regions: 5->7(128)
[2026-07-26T11:33:02.457+0200][401038340ms] GC(15551) Old regions: 595->595
[2026-07-26T11:33:02.457+0200][401038340ms] GC(15551) Humongous regions: 8->8
[2026-07-26T11:33:02.457+0200][401038340ms] GC(15551) Metaspace: 1025734K(1123328K)->1025734K(1123328K)
[2026-07-26T11:33:02.457+0200][401038340ms] GC(15551) Pause Young (Concurrent Start) (G1 Humongous Allocation) 20491M->9730M(32768M) 103.267ms
[2026-07-26T11:33:02.457+0200][401038340ms] GC(15551) User=2.18s Sys=0.00s Real=0.10s
[2026-07-26T11:33:02.457+0200][401038340ms] GC(15552) Concurrent Cycle
[2026-07-26T11:33:02.457+0200][401038340ms] GC(15552) Concurrent Clear Claimed Marks
[2026-07-26T11:33:02.461+0200][401038344ms] Concurrent String Deduplication (401038.345s)
[2026-07-26T11:33:02.466+0200][401038349ms] GC(15552) Concurrent Clear Claimed Marks 9.245ms
[2026-07-26T11:33:02.466+0200][401038349ms] GC(15552) Concurrent Scan Root Regions
[2026-07-26T11:33:02.471+0200][401038354ms] Concurrent String Deduplication 1850.8K->1513.4K(337.3K) avg 65.4% (401038.345s, 401038.355s) 8.091ms
[2026-07-26T11:33:02.479+0200][401038362ms] GC(15552) Concurrent Scan Root Regions 12.806ms
[2026-07-26T11:33:02.479+0200][401038362ms] GC(15552) Concurrent Mark (401038.363s)
[2026-07-26T11:33:02.479+0200][401038362ms] GC(15552) Concurrent Mark From Roots
[2026-07-26T11:33:02.479+0200][401038362ms] GC(15552) Using 24 workers of 24 for marking
[2026-07-26T11:33:04.081+0200][401039964ms] GC(15552) Concurrent Mark From Roots 1601.751ms
[2026-07-26T11:33:04.081+0200][401039964ms] GC(15552) Concurrent Preclean
[2026-07-26T11:33:04.100+0200][401039983ms] GC(15552) Concurrent Preclean 18.986ms
[2026-07-26T11:33:04.100+0200][401039983ms] GC(15552) Concurrent Mark (401038.363s, 401039.984s) 1620.869ms
[2026-07-26T11:33:04.101+0200][401039984ms] GC(15552) Pause Remark
[2026-07-26T11:33:04.204+0200][401040087ms] GC(15552) Cleaned string and symbol table, strings: 488090 processed, 76 removed, symbols: 1499666 processed, 0 removed
[2026-07-26T11:33:04.206+0200][401040089ms] GC(15552) Pause Remark 9900M->9900M(32768M) 105.268ms
[2026-07-26T11:33:04.206+0200][401040089ms] GC(15552) User=2.78s Sys=0.00s Real=0.10s
[2026-07-26T11:33:04.206+0200][401040089ms] GC(15552) Concurrent Rebuild Remembered Sets
[2026-07-26T11:33:06.054+0200][401041937ms] GC(15552) Concurrent Rebuild Remembered Sets 1848.141ms
[2026-07-26T11:33:06.055+0200][401041938ms] GC(15552) Pause Cleanup
[2026-07-26T11:33:06.057+0200][401041940ms] GC(15552) Pause Cleanup 10554M->10554M(32768M) 1.905ms
[2026-07-26T11:33:06.057+0200][401041940ms] GC(15552) User=0.02s Sys=0.00s Real=0.00s
[2026-07-26T11:33:06.057+0200][401041940ms] GC(15552) Concurrent Cleanup for Next Mark
[2026-07-26T11:33:06.064+0200][401041947ms] GC(15552) Concurrent Cleanup for Next Mark 7.100ms
[2026-07-26T11:33:06.064+0200][401041947ms] GC(15552) Concurrent Cycle 3606.891ms
[2026-07-26T11:34:19.558+0200][401115441ms] GC(15553) Pause Young (Prepare Mixed) (G1 Evacuation Pause)
[2026-07-26T11:34:19.558+0200][401115441ms] GC(15553) Using 32 workers of 32 for evacuation
[2026-07-26T11:34:19.627+0200][401115510ms] GC(15553)   Pre Evacuate Collection Set: 0.1ms
[2026-07-26T11:34:19.627+0200][401115510ms] GC(15553)   Evacuate Collection Set: 32.7ms
[2026-07-26T11:34:19.627+0200][401115510ms] GC(15553)   Post Evacuate Collection Set: 35.3ms
[2026-07-26T11:34:19.627+0200][401115510ms] GC(15553)   Other: 0.8ms
[2026-07-26T11:34:19.627+0200][401115510ms] GC(15553) Eden regions: 1010->0(96)
[2026-07-26T11:34:19.627+0200][401115510ms] GC(15553) Survivor regions: 7->6(128)
[2026-07-26T11:34:19.627+0200][401115510ms] GC(15553) Old regions: 595->595
[2026-07-26T11:34:19.627+0200][401115510ms] GC(15553) Humongous regions: 13->8
[2026-07-26T11:34:19.627+0200][401115510ms] GC(15553) Metaspace: 1025734K(1123328K)->1025734K(1123328K)
[2026-07-26T11:34:19.627+0200][401115510ms] GC(15553) Pause Young (Prepare Mixed) (G1 Evacuation Pause) 25970M->9717M(32768M) 69.102ms
[2026-07-26T11:34:19.627+0200][401115510ms] GC(15553) User=1.76s Sys=0.00s Real=0.07s
[2026-07-26T11:34:19.631+0200][401115514ms] Concurrent String Deduplication (401115.515s)
[2026-07-26T11:34:19.639+0200][401115522ms] Concurrent String Deduplication 1527.4K->1000.1K(527.3K) avg 65.4% (401115.515s, 401115.523s) 7.655ms
[2026-07-26T11:34:39.864+0200][401135747ms] GC(15554) Pause Young (Mixed) (G1 Evacuation Pause)
[2026-07-26T11:34:39.864+0200][401135747ms] GC(15554) Using 32 workers of 32 for evacuation
[2026-07-26T11:34:39.934+0200][401135817ms] GC(15554)   Pre Evacuate Collection Set: 0.1ms
[2026-07-26T11:34:39.934+0200][401135817ms] GC(15554)   Evacuate Collection Set: 37.6ms
[2026-07-26T11:34:39.934+0200][401135817ms] GC(15554)   Post Evacuate Collection Set: 31.4ms
[2026-07-26T11:34:39.934+0200][401135817ms] GC(15554)   Other: 1.0ms
[2026-07-26T11:34:39.934+0200][401135817ms] GC(15554) Eden regions: 96->0(991)
[2026-07-26T11:34:39.934+0200][401135817ms] GC(15554) Survivor regions: 6->6(13)
[2026-07-26T11:34:39.934+0200][401135817ms] GC(15554) Old regions: 595->594
[2026-07-26T11:34:39.934+0200][401135817ms] GC(15554) Humongous regions: 8->8
[2026-07-26T11:34:39.934+0200][401135817ms] GC(15554) Metaspace: 1025734K(1123328K)->1025734K(1123328K)
[2026-07-26T11:34:39.935+0200][401135818ms] GC(15554) Pause Young (Mixed) (G1 Evacuation Pause) 11253M->9711M(32768M) 70.246ms
[2026-07-26T11:34:39.935+0200][401135818ms] GC(15554) User=1.61s Sys=0.00s Real=0.07s
[2026-07-26T11:34:39.935+0200][401135818ms] Concurrent String Deduplication (401135.819s)
[2026-07-26T11:34:39.948+0200][401135831ms] Concurrent String Deduplication 2706.1K->1977.4K(728.8K) avg 65.4% (401135.819s, 401135.832s) 11.671ms
[2026-07-26T11:36:38.053+0200][401253936ms] GC(15555) Pause Young (Normal) (G1 Evacuation Pause)
[2026-07-26T11:36:38.053+0200][401253936ms] GC(15555) Using 32 workers of 32 for evacuation
[2026-07-26T11:36:38.107+0200][401253990ms] GC(15555)   Pre Evacuate Collection Set: 0.1ms
[2026-07-26T11:36:38.107+0200][401253990ms] GC(15555)   Evacuate Collection Set: 20.7ms
[2026-07-26T11:36:38.107+0200][401253990ms] GC(15555)   Post Evacuate Collection Set: 32.8ms
[2026-07-26T11:36:38.107+0200][401253990ms] GC(15555)   Other: 0.4ms
[2026-07-26T11:36:38.107+0200][401253990ms] GC(15555) Eden regions: 991->0(1015)
[2026-07-26T11:36:38.107+0200][401253990ms] GC(15555) Survivor regions: 6->6(125)
[2026-07-26T11:36:38.107+0200][401253990ms] GC(15555) Old regions: 594->594
[2026-07-26T11:36:38.107+0200][401253990ms] GC(15555) Humongous regions: 8->8
[2026-07-26T11:36:38.107+0200][401253990ms] GC(15555) Metaspace: 1025744K(1123328K)->1025744K(1123328K)
[2026-07-26T11:36:38.107+0200][401253990ms] GC(15555) Pause Young (Normal) (G1 Evacuation Pause) 25567M->9711M(32768M) 54.080ms
[2026-07-26T11:36:38.107+0200][401253990ms] GC(15555) User=1.22s Sys=0.00s Real=0.05s
[2026-07-26T11:36:38.107+0200][401253990ms] Concurrent String Deduplication (401253.991s)
[2026-07-26T11:36:38.115+0200][401253998ms] Concurrent String Deduplication 1752.8K->1133.5K(619.3K) avg 65.4% (401253.991s, 401253.999s) 8.353ms
[2026-07-26T11:38:38.109+0200][401373992ms] GC(15556) Pause Young (Normal) (G1 Evacuation Pause)
[2026-07-26T11:38:38.109+0200][401373992ms] GC(15556) Using 32 workers of 32 for evacuation
[2026-07-26T11:38:38.157+0200][401374040ms] GC(15556)   Pre Evacuate Collection Set: 0.1ms
[2026-07-26T11:38:38.157+0200][401374040ms] GC(15556)   Evacuate Collection Set: 14.4ms
[2026-07-26T11:38:38.157+0200][401374040ms] GC(15556)   Post Evacuate Collection Set: 32.4ms
[2026-07-26T11:38:38.157+0200][401374040ms] GC(15556)   Other: 0.4ms
[2026-07-26T11:38:38.157+0200][401374040ms] GC(15556) Eden regions: 1015->0(1017)
[2026-07-26T11:38:38.157+0200][401374040ms] GC(15556) Survivor regions: 6->5(128)
[2026-07-26T11:38:38.157+0200][401374040ms] GC(15556) Old regions: 594->594
[2026-07-26T11:38:38.157+0200][401374040ms] GC(15556) Humongous regions: 8->8
[2026-07-26T11:38:38.157+0200][401374040ms] GC(15556) Metaspace: 1025744K(1123328K)->1025744K(1123328K)
[2026-07-26T11:38:38.157+0200][401374040ms] GC(15556) Pause Young (Normal) (G1 Evacuation Pause) 25951M->9703M(32768M) 47.443ms
[2026-07-26T11:38:38.157+0200][401374040ms] GC(15556) User=1.07s Sys=0.01s Real=0.04s
[2026-07-26T11:38:38.157+0200][401374040ms] Concurrent String Deduplication (401374.041s)
[2026-07-26T11:38:38.159+0200][401374042ms] Concurrent String Deduplication 582.1K->521.6K(61992.0B) avg 65.4% (401374.041s, 401374.043s) 1.867ms
[2026-07-26T11:40:39.213+0200][401495096ms] GC(15557) Pause Young (Concurrent Start) (G1 Evacuation Pause)
[2026-07-26T11:40:39.214+0200][401495097ms] GC(15557) Using 32 workers of 32 for evacuation
[2026-07-26T11:40:39.307+0200][401495190ms] GC(15557)   Pre Evacuate Collection Set: 8.3ms
[2026-07-26T11:40:39.307+0200][401495190ms] GC(15557)   Evacuate Collection Set: 49.1ms
[2026-07-26T11:40:39.307+0200][401495190ms] GC(15557)   Post Evacuate Collection Set: 35.9ms
[2026-07-26T11:40:39.307+0200][401495190ms] GC(15557)   Other: 0.5ms
[2026-07-26T11:40:39.307+0200][401495190ms] GC(15557) Eden regions: 1017->0(1019)
[2026-07-26T11:40:39.307+0200][401495190ms] GC(15557) Survivor regions: 5->5(128)
[2026-07-26T11:40:39.307+0200][401495190ms] GC(15557) Old regions: 594->594
[2026-07-26T11:40:39.307+0200][401495190ms] GC(15557) Humongous regions: 8->8
[2026-07-26T11:40:39.307+0200][401495190ms] GC(15557) Metaspace: 1025745K(1123328K)->1025745K(1123328K)
[2026-07-26T11:40:39.308+0200][401495191ms] GC(15557) Pause Young (Concurrent Start) (G1 Evacuation Pause) 25975M->9699M(32768M) 94.027ms
[2026-07-26T11:40:39.308+0200][401495191ms] GC(15557) User=2.04s Sys=0.03s Real=0.09s
[2026-07-26T11:40:39.308+0200][401495191ms] GC(15558) Concurrent Cycle
[2026-07-26T11:40:39.308+0200][401495191ms] GC(15558) Concurrent Clear Claimed Marks
[2026-07-26T11:40:39.308+0200][401495191ms] Concurrent String Deduplication (401495.192s)
[2026-07-26T11:40:39.313+0200][401495196ms] Concurrent String Deduplication 248.8K->106.5K(142.3K) avg 65.4% (401495.192s, 401495.197s) 5.315ms
[2026-07-26T11:40:39.318+0200][401495201ms] GC(15558) Concurrent Clear Claimed Marks 10.198ms
[2026-07-26T11:40:39.318+0200][401495201ms] GC(15558) Concurrent Scan Root Regions
[2026-07-26T11:40:39.333+0200][401495216ms] GC(15558) Concurrent Scan Root Regions 15.196ms
[2026-07-26T11:40:39.333+0200][401495216ms] GC(15558) Concurrent Mark (401495.217s)
[2026-07-26T11:40:39.333+0200][401495216ms] GC(15558) Concurrent Mark From Roots
[2026-07-26T11:40:39.333+0200][401495216ms] GC(15558) Using 24 workers of 24 for marking
[2026-07-26T11:40:40.791+0200][401496674ms] GC(15558) Concurrent Mark From Roots 1458.291ms
[2026-07-26T11:40:40.791+0200][401496675ms] GC(15558) Concurrent Preclean
[2026-07-26T11:40:40.811+0200][401496694ms] GC(15558) Concurrent Preclean 19.755ms
[2026-07-26T11:40:40.811+0200][401496694ms] GC(15558) Concurrent Mark (401495.217s, 401496.695s) 1478.173ms
[2026-07-26T11:40:40.812+0200][401496695ms] GC(15558) Pause Remark
[2026-07-26T11:40:41.102+0200][401496985ms] GC(15558) Cleaned string and symbol table, strings: 488027 processed, 872 removed, symbols: 1499672 processed, 0 removed
[2026-07-26T11:40:41.103+0200][401496986ms] GC(15558) MMU target violated: 201.0ms (200.0ms/201.0ms)
[2026-07-26T11:40:41.103+0200][401496986ms] GC(15558) Pause Remark 9892M->9892M(32768M) 291.278ms
[2026-07-26T11:40:41.103+0200][401496986ms] GC(15558) User=6.93s Sys=0.12s Real=0.29s
[2026-07-26T11:40:41.103+0200][401496986ms] GC(15558) Concurrent Rebuild Remembered Sets
[2026-07-26T11:40:42.946+0200][401498829ms] GC(15558) Concurrent Rebuild Remembered Sets 1842.856ms
[2026-07-26T11:40:42.947+0200][401498830ms] GC(15558) Pause Cleanup
[2026-07-26T11:40:42.949+0200][401498832ms] GC(15558) Pause Cleanup 9892M->9892M(32768M) 2.475ms
[2026-07-26T11:40:42.949+0200][401498832ms] GC(15558) User=0.02s Sys=0.00s Real=0.01s
[2026-07-26T11:40:42.949+0200][401498832ms] GC(15558) Concurrent Cleanup for Next Mark
[2026-07-26T11:40:42.957+0200][401498840ms] GC(15558) Concurrent Cleanup for Next Mark 7.908ms
[2026-07-26T11:40:42.957+0200][401498840ms] GC(15558) Concurrent Cycle 3649.706ms
[2026-07-26T11:42:39.341+0200][401615224ms] GC(15559) Pause Young (Normal) (G1 Evacuation Pause)
[2026-07-26T11:42:39.341+0200][401615224ms] GC(15559) Using 32 workers of 32 for evacuation
[2026-07-26T11:42:39.404+0200][401615287ms] GC(15559)   Pre Evacuate Collection Set: 0.1ms
[2026-07-26T11:42:39.404+0200][401615287ms] GC(15559)   Evacuate Collection Set: 23.6ms
[2026-07-26T11:42:39.404+0200][401615287ms] GC(15559)   Post Evacuate Collection Set: 39.2ms
[2026-07-26T11:42:39.404+0200][401615287ms] GC(15559)   Other: 0.6ms
[2026-07-26T11:42:39.404+0200][401615287ms] GC(15559) Eden regions: 1019->0(1020)
[2026-07-26T11:42:39.404+0200][401615287ms] GC(15559) Survivor regions: 5->5(128)
[2026-07-26T11:42:39.404+0200][401615287ms] GC(15559) Old regions: 594->594
[2026-07-26T11:42:39.404+0200][401615287ms] GC(15559) Humongous regions: 8->8
[2026-07-26T11:42:39.404+0200][401615287ms] GC(15559) Metaspace: 1025751K(1123328K)->1025751K(1123328K)
[2026-07-26T11:42:39.404+0200][401615287ms] GC(15559) Pause Young (Normal) (G1 Evacuation Pause) 26003M->9700M(32768M) 63.560ms
[2026-07-26T11:42:39.404+0200][401615287ms] GC(15559) User=1.51s Sys=0.08s Real=0.06s
[2026-07-26T11:42:39.404+0200][401615287ms] Concurrent String Deduplication (401615.288s)
[2026-07-26T11:42:39.409+0200][401615292ms] Concurrent String Deduplication 639.8K->275.2K(364.7K) avg 65.4% (401615.288s, 401615.293s) 4.868ms
[2026-07-26T11:44:09.574+0200][401705457ms] GC(15560) Pause Young (Concurrent Start) (G1 Evacuation Pause)
[2026-07-26T11:44:09.574+0200][401705457ms] GC(15560) Using 32 workers of 32 for evacuation
[2026-07-26T11:44:09.694+0200][401705577ms] GC(15560)   Pre Evacuate Collection Set: 8.6ms
[2026-07-26T11:44:09.694+0200][401705577ms] GC(15560)   Evacuate Collection Set: 72.3ms
[2026-07-26T11:44:09.694+0200][401705577ms] GC(15560)   Post Evacuate Collection Set: 38.0ms
[2026-07-26T11:44:09.694+0200][401705577ms] GC(15560)   Other: 0.6ms
[2026-07-26T11:44:09.694+0200][401705577ms] GC(15560) Eden regions: 1020->0(1021)
[2026-07-26T11:44:09.694+0200][401705577ms] GC(15560) Survivor regions: 5->5(129)
[2026-07-26T11:44:09.694+0200][401705577ms] GC(15560) Old regions: 594->595
[2026-07-26T11:44:09.694+0200][401705577ms] GC(15560) Humongous regions: 8->8
[2026-07-26T11:44:09.694+0200][401705577ms] GC(15560) Metaspace: 1025751K(1123328K)->1025751K(1123328K)
[2026-07-26T11:44:09.694+0200][401705577ms] GC(15560) Pause Young (Concurrent Start) (G1 Evacuation Pause) 26020M->9697M(32768M) 119.637ms
[2026-07-26T11:44:09.694+0200][401705577ms] GC(15560) User=2.40s Sys=0.05s Real=0.12s
[2026-07-26T11:44:09.694+0200][401705577ms] GC(15561) Concurrent Cycle
[2026-07-26T11:44:09.694+0200][401705577ms] GC(15561) Concurrent Clear Claimed Marks
[2026-07-26T11:44:09.694+0200][401705577ms] Concurrent String Deduplication (401705.578s)
[2026-07-26T11:44:09.696+0200][401705579ms] Concurrent String Deduplication 196.0K->84168.0B(113.9K) avg 65.4% (401705.578s, 401705.580s) 1.926ms
[2026-07-26T11:44:09.706+0200][401705589ms] GC(15561) Concurrent Clear Claimed Marks 12.232ms
[2026-07-26T11:44:09.706+0200][401705589ms] GC(15561) Concurrent Scan Root Regions
[2026-07-26T11:44:09.725+0200][401705608ms] GC(15561) Concurrent Scan Root Regions 18.595ms
[2026-07-26T11:44:09.725+0200][401705608ms] GC(15561) Concurrent Mark (401705.609s)
[2026-07-26T11:44:09.725+0200][401705608ms] GC(15561) Concurrent Mark From Roots
[2026-07-26T11:44:09.725+0200][401705608ms] GC(15561) Using 24 workers of 24 for marking
[2026-07-26T11:44:11.356+0200][401707239ms] GC(15561) Concurrent Mark From Roots 1630.816ms
[2026-07-26T11:44:11.356+0200][401707239ms] GC(15561) Concurrent Preclean
[2026-07-26T11:44:11.380+0200][401707263ms] GC(15561) Concurrent Preclean 24.319ms
[2026-07-26T11:44:11.380+0200][401707263ms] GC(15561) Concurrent Mark (401705.609s, 401707.264s) 1655.280ms
[2026-07-26T11:44:11.382+0200][401707265ms] GC(15561) Pause Remark
[2026-07-26T11:44:11.505+0200][401707388ms] GC(15561) Cleaned string and symbol table, strings: 487998 processed, 0 removed, symbols: 1499678 processed, 0 removed
[2026-07-26T11:44:11.506+0200][401707389ms] GC(15561) Pause Remark 10489M->10489M(32768M) 124.419ms
[2026-07-26T11:44:11.506+0200][401707389ms] GC(15561) User=3.27s Sys=0.02s Real=0.12s
[2026-07-26T11:44:11.506+0200][401707389ms] GC(15561) Concurrent Rebuild Remembered Sets
[2026-07-26T11:44:13.542+0200][401709425ms] GC(15561) Concurrent Rebuild Remembered Sets 2035.569ms
[2026-07-26T11:44:13.543+0200][401709426ms] GC(15561) Pause Cleanup
[2026-07-26T11:44:13.546+0200][401709429ms] GC(15561) Pause Cleanup 10801M->10801M(32768M) 3.486ms
[2026-07-26T11:44:13.546+0200][401709429ms] GC(15561) User=0.00s Sys=0.03s Real=0.00s
[2026-07-26T11:44:13.546+0200][401709429ms] GC(15561) Concurrent Cleanup for Next Mark
[2026-07-26T11:44:13.553+0200][401709436ms] GC(15561) Concurrent Cleanup for Next Mark 7.133ms
[2026-07-26T11:44:13.553+0200][401709436ms] GC(15561) Concurrent Cycle 3859.482ms
[2026-07-26T11:46:08.579+0200][401824462ms] GC(15562) Pause Young (Normal) (G1 Evacuation Pause)
[2026-07-26T11:46:08.579+0200][401824462ms] GC(15562) Using 32 workers of 32 for evacuation
[2026-07-26T11:46:08.654+0200][401824537ms] GC(15562)   Pre Evacuate Collection Set: 0.1ms
[2026-07-26T11:46:08.654+0200][401824537ms] GC(15562)   Evacuate Collection Set: 33.7ms
[2026-07-26T11:46:08.654+0200][401824537ms] GC(15562)   Post Evacuate Collection Set: 40.0ms
[2026-07-26T11:46:08.654+0200][401824537ms] GC(15562)   Other: 0.6ms
[2026-07-26T11:46:08.654+0200][401824537ms] GC(15562) Eden regions: 1021->0(1020)
[2026-07-26T11:46:08.654+0200][401824537ms] GC(15562) Survivor regions: 5->6(129)
[2026-07-26T11:46:08.654+0200][401824537ms] GC(15562) Old regions: 595->595
[2026-07-26T11:46:08.654+0200][401824537ms] GC(15562) Humongous regions: 8->8
[2026-07-26T11:46:08.654+0200][401824537ms] GC(15562) Metaspace: 1025780K(1123328K)->1025780K(1123328K)
[2026-07-26T11:46:08.654+0200][401824537ms] GC(15562) Pause Young (Normal) (G1 Evacuation Pause) 26033M->9718M(32768M) 74.547ms
[2026-07-26T11:46:08.654+0200][401824537ms] GC(15562) User=1.86s Sys=0.00s Real=0.07s
[2026-07-26T11:46:08.654+0200][401824537ms] Concurrent String Deduplication (401824.538s)
[2026-07-26T11:46:08.658+0200][401824541ms] Concurrent String Deduplication 525.8K->176.2K(349.6K) avg 65.4% (401824.538s, 401824.541s) 3.522ms
[2026-07-26T11:48:06.684+0200][401942567ms] GC(15563) Pause Young (Concurrent Start) (G1 Evacuation Pause)
[2026-07-26T11:48:06.684+0200][401942567ms] GC(15563) Using 32 workers of 32 for evacuation
[2026-07-26T11:48:06.782+0200][401942665ms] GC(15563)   Pre Evacuate Collection Set: 8.2ms
[2026-07-26T11:48:06.783+0200][401942666ms] GC(15563)   Evacuate Collection Set: 53.1ms
[2026-07-26T11:48:06.783+0200][401942666ms] GC(15563)   Post Evacuate Collection Set: 36.5ms
[2026-07-26T11:48:06.783+0200][401942666ms] GC(15563)   Other: 0.5ms
[2026-07-26T11:48:06.783+0200][401942666ms] GC(15563) Eden regions: 1020->0(1021)
[2026-07-26T11:48:06.783+0200][401942666ms] GC(15563) Survivor regions: 6->5(129)
[2026-07-26T11:48:06.783+0200][401942666ms] GC(15563) Old regions: 595->595
[2026-07-26T11:48:06.783+0200][401942666ms] GC(15563) Humongous regions: 8->8
[2026-07-26T11:48:06.783+0200][401942666ms] GC(15563) Metaspace: 1025780K(1123328K)->1025780K(1123328K)
[2026-07-26T11:48:06.783+0200][401942666ms] GC(15563) Pause Young (Concurrent Start) (G1 Evacuation Pause) 26038M->9711M(32768M) 98.407ms
[2026-07-26T11:48:06.783+0200][401942666ms] GC(15563) User=1.92s Sys=0.00s Real=0.10s
[2026-07-26T11:48:06.783+0200][401942666ms] GC(15564) Concurrent Cycle
[2026-07-26T11:48:06.783+0200][401942666ms] GC(15564) Concurrent Clear Claimed Marks
[2026-07-26T11:48:06.783+0200][401942666ms] Concurrent String Deduplication (401942.667s)
[2026-07-26T11:48:06.783+0200][401942666ms] Concurrent String Deduplication 10904.0B->10240.0B(664.0B) avg 65.4% (401942.667s, 401942.667s) 0.279ms
[2026-07-26T11:48:06.792+0200][401942675ms] GC(15564) Concurrent Clear Claimed Marks 8.837ms
[2026-07-26T11:48:06.792+0200][401942675ms] GC(15564) Concurrent Scan Root Regions
[2026-07-26T11:48:06.807+0200][401942690ms] GC(15564) Concurrent Scan Root Regions 15.730ms
[2026-07-26T11:48:06.807+0200][401942690ms] GC(15564) Concurrent Mark (401942.691s)
[2026-07-26T11:48:06.807+0200][401942690ms] GC(15564) Concurrent Mark From Roots
[2026-07-26T11:48:06.807+0200][401942690ms] GC(15564) Using 24 workers of 24 for marking
[2026-07-26T11:48:08.502+0200][401944385ms] GC(15564) Concurrent Mark From Roots 1694.185ms
[2026-07-26T11:48:08.502+0200][401944385ms] GC(15564) Concurrent Preclean
[2026-07-26T11:48:08.536+0200][401944419ms] GC(15564) Concurrent Preclean 34.593ms
[2026-07-26T11:48:08.536+0200][401944419ms] GC(15564) Concurrent Mark (401942.691s, 401944.420s) 1729.040ms
[2026-07-26T11:48:08.541+0200][401944424ms] GC(15564) Pause Remark
[2026-07-26T11:48:08.666+0200][401944549ms] GC(15564) Cleaned string and symbol table, strings: 488042 processed, 339 removed, symbols: 1499702 processed, 0 removed
[2026-07-26T11:48:08.672+0200][401944555ms] GC(15564) Pause Remark 10527M->10527M(32768M) 130.371ms
[2026-07-26T11:48:08.672+0200][401944555ms] GC(15564) User=3.19s Sys=0.06s Real=0.13s
[2026-07-26T11:48:08.672+0200][401944555ms] GC(15564) Concurrent Rebuild Remembered Sets
[2026-07-26T11:48:10.814+0200][401946697ms] GC(15564) Concurrent Rebuild Remembered Sets 2142.719ms
[2026-07-26T11:48:10.815+0200][401946698ms] GC(15564) Pause Cleanup
[2026-07-26T11:48:10.818+0200][401946701ms] GC(15564) Pause Cleanup 11759M->11759M(32768M) 3.090ms
[2026-07-26T11:48:10.819+0200][401946702ms] GC(15564) User=0.03s Sys=0.00s Real=0.01s
[2026-07-26T11:48:10.819+0200][401946702ms] GC(15564) Concurrent Cleanup for Next Mark
[2026-07-26T11:48:10.826+0200][401946709ms] GC(15564) Concurrent Cleanup for Next Mark 7.680ms
[2026-07-26T11:48:10.826+0200][401946709ms] GC(15564) Concurrent Cycle 4043.691ms
[2026-07-26T11:50:06.631+0200][402062514ms] GC(15565) Pause Young (Normal) (G1 Evacuation Pause)
[2026-07-26T11:50:06.632+0200][402062515ms] GC(15565) Using 32 workers of 32 for evacuation
[2026-07-26T11:50:06.704+0200][402062587ms] GC(15565)   Pre Evacuate Collection Set: 0.3ms
[2026-07-26T11:50:06.704+0200][402062587ms] GC(15565)   Evacuate Collection Set: 32.0ms
[2026-07-26T11:50:06.704+0200][402062587ms] GC(15565)   Post Evacuate Collection Set: 39.1ms
[2026-07-26T11:50:06.704+0200][402062587ms] GC(15565)   Other: 1.1ms
[2026-07-26T11:50:06.704+0200][402062587ms] GC(15565) Eden regions: 1021->0(1021)
[2026-07-26T11:50:06.704+0200][402062587ms] GC(15565) Survivor regions: 5->5(129)
[2026-07-26T11:50:06.704+0200][402062587ms] GC(15565) Old regions: 595->595
[2026-07-26T11:50:06.704+0200][402062587ms] GC(15565) Humongous regions: 8->8
[2026-07-26T11:50:06.704+0200][402062587ms] GC(15565) Metaspace: 1025780K(1123328K)->1025780K(1123328K)
[2026-07-26T11:50:06.704+0200][402062587ms] GC(15565) Pause Young (Normal) (G1 Evacuation Pause) 26047M->9711M(32768M) 72.651ms
[2026-07-26T11:50:06.704+0200][402062587ms] GC(15565) User=1.67s Sys=0.04s Real=0.07s
[2026-07-26T11:50:06.705+0200][402062588ms] Concurrent String Deduplication (402062.588s)
[2026-07-26T11:50:06.751+0200][402062634ms] Concurrent String Deduplication 5114.9K->2209.7K(2905.2K) avg 65.4% (402062.588s, 402062.635s) 45.229ms
[2026-07-26T11:51:50.424+0200][402166307ms] GC(15566) Pause Young (Concurrent Start) (G1 Humongous Allocation)
[2026-07-26T11:51:50.424+0200][402166307ms] GC(15566) Using 32 workers of 32 for evacuation
[2026-07-26T11:51:50.520+0200][402166403ms] GC(15566)   Pre Evacuate Collection Set: 9.4ms
[2026-07-26T11:51:50.520+0200][402166403ms] GC(15566)   Evacuate Collection Set: 52.1ms
[2026-07-26T11:51:50.520+0200][402166403ms] GC(15566)   Post Evacuate Collection Set: 34.4ms
[2026-07-26T11:51:50.520+0200][402166403ms] GC(15566)   Other: 0.6ms
[2026-07-26T11:51:50.520+0200][402166403ms] GC(15566) Eden regions: 925->0(993)
[2026-07-26T11:51:50.520+0200][402166403ms] GC(15566) Survivor regions: 5->6(129)
[2026-07-26T11:51:50.520+0200][402166403ms] GC(15566) Old regions: 595->595
[2026-07-26T11:51:50.520+0200][402166403ms] GC(15566) Humongous regions: 8->8
[2026-07-26T11:51:50.520+0200][402166403ms] GC(15566) Metaspace: 1025780K(1123328K)->1025780K(1123328K)
[2026-07-26T11:51:50.520+0200][402166403ms] GC(15566) Pause Young (Concurrent Start) (G1 Humongous Allocation) 24502M->9725M(32768M) 96.590ms
[2026-07-26T11:51:50.520+0200][402166403ms] GC(15566) User=2.04s Sys=0.00s Real=0.10s
[2026-07-26T11:51:50.521+0200][402166404ms] GC(15567) Concurrent Cycle
[2026-07-26T11:51:50.521+0200][402166404ms] GC(15567) Concurrent Clear Claimed Marks
[2026-07-26T11:51:50.521+0200][402166404ms] Concurrent String Deduplication (402166.405s)
[2026-07-26T11:51:50.533+0200][402166416ms] GC(15567) Concurrent Clear Claimed Marks 12.182ms
[2026-07-26T11:51:50.533+0200][402166416ms] GC(15567) Concurrent Scan Root Regions
[2026-07-26T11:51:50.543+0200][402166426ms] Concurrent String Deduplication 2020.0K->1351.5K(668.5K) avg 65.4% (402166.405s, 402166.427s) 20.416ms
[2026-07-26T11:51:50.551+0200][402166434ms] GC(15567) Concurrent Scan Root Regions 17.742ms
[2026-07-26T11:51:50.551+0200][402166434ms] GC(15567) Concurrent Mark (402166.435s)
[2026-07-26T11:51:50.551+0200][402166434ms] GC(15567) Concurrent Mark From Roots
[2026-07-26T11:51:50.551+0200][402166434ms] GC(15567) Using 24 workers of 24 for marking
[2026-07-26T11:51:52.205+0200][402168088ms] GC(15567) Concurrent Mark From Roots 1654.310ms
[2026-07-26T11:51:52.205+0200][402168088ms] GC(15567) Concurrent Preclean
[2026-07-26T11:51:52.224+0200][402168107ms] GC(15567) Concurrent Preclean 18.010ms
[2026-07-26T11:51:52.224+0200][402168107ms] GC(15567) Concurrent Mark (402166.435s, 402168.107s) 1672.455ms
[2026-07-26T11:51:52.224+0200][402168107ms] GC(15567) Pause Remark
[2026-07-26T11:51:52.331+0200][402168214ms] GC(15567) Cleaned string and symbol table, strings: 487705 processed, 2977 removed, symbols: 1499702 processed, 0 removed
[2026-07-26T11:51:52.332+0200][402168215ms] GC(15567) Pause Remark 10025M->10025M(32768M) 108.270ms
[2026-07-26T11:51:52.332+0200][402168215ms] GC(15567) User=2.62s Sys=0.02s Real=0.11s
[2026-07-26T11:51:52.332+0200][402168215ms] GC(15567) Concurrent Rebuild Remembered Sets
[2026-07-26T11:51:54.050+0200][402169933ms] GC(15567) Concurrent Rebuild Remembered Sets 1717.211ms
[2026-07-26T11:51:54.050+0200][402169933ms] GC(15567) Pause Cleanup
[2026-07-26T11:51:54.052+0200][402169935ms] GC(15567) Pause Cleanup 10037M->10037M(32768M) 1.806ms
[2026-07-26T11:51:54.052+0200][402169935ms] GC(15567) User=0.03s Sys=0.00s Real=0.00s
[2026-07-26T11:51:54.052+0200][402169935ms] GC(15567) Concurrent Cleanup for Next Mark
[2026-07-26T11:51:54.063+0200][402169946ms] GC(15567) Concurrent Cleanup for Next Mark 10.599ms
[2026-07-26T11:51:54.063+0200][402169946ms] GC(15567) Concurrent Cycle 3541.669ms
[2026-07-26T11:53:38.506+0200][402274389ms] GC(15568) Pause Young (Prepare Mixed) (G1 Evacuation Pause)
[2026-07-26T11:53:38.506+0200][402274389ms] GC(15568) Using 32 workers of 32 for evacuation
[2026-07-26T11:53:38.576+0200][402274459ms] GC(15568)   Pre Evacuate Collection Set: 0.1ms
[2026-07-26T11:53:38.576+0200][402274459ms] GC(15568)   Evacuate Collection Set: 34.8ms
[2026-07-26T11:53:38.576+0200][402274459ms] GC(15568)   Post Evacuate Collection Set: 34.1ms
[2026-07-26T11:53:38.576+0200][402274459ms] GC(15568)   Other: 0.8ms
[2026-07-26T11:53:38.576+0200][402274459ms] GC(15568) Eden regions: 993->0(97)
[2026-07-26T11:53:38.576+0200][402274459ms] GC(15568) Survivor regions: 6->5(125)
[2026-07-26T11:53:38.576+0200][402274459ms] GC(15568) Old regions: 595->595
[2026-07-26T11:53:38.576+0200][402274459ms] GC(15568) Humongous regions: 37->20
[2026-07-26T11:53:38.576+0200][402274459ms] GC(15568) Metaspace: 1025780K(1123328K)->1025780K(1123328K)
[2026-07-26T11:53:38.576+0200][402274459ms] GC(15568) Pause Young (Prepare Mixed) (G1 Evacuation Pause) 26077M->9906M(32768M) 70.045ms
[2026-07-26T11:53:38.576+0200][402274459ms] GC(15568) User=1.57s Sys=0.00s Real=0.07s
[2026-07-26T11:53:38.576+0200][402274459ms] Concurrent String Deduplication (402274.460s)
[2026-07-26T11:53:38.585+0200][402274468ms] Concurrent String Deduplication 1405.2K->585.7K(819.5K) avg 65.4% (402274.460s, 402274.469s) 9.102ms
[2026-07-26T11:54:05.339+0200][402301222ms] GC(15569) Pause Young (Mixed) (G1 Evacuation Pause)
[2026-07-26T11:54:05.339+0200][402301222ms] GC(15569) Using 32 workers of 32 for evacuation
[2026-07-26T11:54:05.427+0200][402301310ms] GC(15569)   Pre Evacuate Collection Set: 0.2ms
[2026-07-26T11:54:05.427+0200][402301310ms] GC(15569)   Evacuate Collection Set: 54.7ms
[2026-07-26T11:54:05.427+0200][402301310ms] GC(15569)   Post Evacuate Collection Set: 32.7ms
[2026-07-26T11:54:05.427+0200][402301310ms] GC(15569)   Other: 1.1ms
[2026-07-26T11:54:05.427+0200][402301310ms] GC(15569) Eden regions: 97->0(991)
[2026-07-26T11:54:05.427+0200][402301310ms] GC(15569) Survivor regions: 5->5(13)
[2026-07-26T11:54:05.427+0200][402301310ms] GC(15569) Old regions: 595->594
[2026-07-26T11:54:05.427+0200][402301310ms] GC(15569) Humongous regions: 20->20
[2026-07-26T11:54:05.427+0200][402301310ms] GC(15569) Metaspace: 1025780K(1123328K)->1025780K(1123328K)
[2026-07-26T11:54:05.427+0200][402301310ms] GC(15569) Pause Young (Mixed) (G1 Evacuation Pause) 11458M->9896M(32768M) 88.795ms
[2026-07-26T11:54:05.427+0200][402301310ms] GC(15569) User=2.43s Sys=0.02s Real=0.08s
[2026-07-26T11:54:05.428+0200][402301311ms] Concurrent String Deduplication (402301.312s)
[2026-07-26T11:54:05.432+0200][402301315ms] Concurrent String Deduplication 896.6K->600.2K(296.4K) avg 65.4% (402301.312s, 402301.316s) 4.589ms
[2026-07-26T11:56:05.082+0200][402420965ms] GC(15570) Pause Young (Normal) (G1 Evacuation Pause)
[2026-07-26T11:56:05.082+0200][402420965ms] GC(15570) Using 32 workers of 32 for evacuation
[2026-07-26T11:56:05.135+0200][402421018ms] GC(15570)   Pre Evacuate Collection Set: 0.1ms
[2026-07-26T11:56:05.135+0200][402421018ms] GC(15570)   Evacuate Collection Set: 19.3ms
[2026-07-26T11:56:05.135+0200][402421018ms] GC(15570)   Post Evacuate Collection Set: 32.6ms
[2026-07-26T11:56:05.135+0200][402421018ms] GC(15570)   Other: 0.5ms
[2026-07-26T11:56:05.135+0200][402421018ms] GC(15570) Eden regions: 991->0(1002)
[2026-07-26T11:56:05.135+0200][402421018ms] GC(15570) Survivor regions: 5->5(125)
[2026-07-26T11:56:05.135+0200][402421018ms] GC(15570) Old regions: 594->594
[2026-07-26T11:56:05.135+0200][402421018ms] GC(15570) Humongous regions: 20->8
[2026-07-26T11:56:05.135+0200][402421018ms] GC(15570) Metaspace: 1025790K(1123328K)->1025790K(1123328K)
[2026-07-26T11:56:05.135+0200][402421018ms] GC(15570) Pause Young (Normal) (G1 Evacuation Pause) 25752M->9708M(32768M) 52.673ms
[2026-07-26T11:56:05.135+0200][402421018ms] GC(15570) User=1.25s Sys=0.00s Real=0.05s
[2026-07-26T11:56:05.135+0200][402421018ms] Concurrent String Deduplication (402421.019s)
[2026-07-26T11:56:05.140+0200][402421023ms] Concurrent String Deduplication 607.9K->256.8K(351.0K) avg 65.4% (402421.019s, 402421.024s) 4.978ms
[2026-07-26T11:58:04.825+0200][402540708ms] GC(15571) Pause Young (Normal) (G1 Evacuation Pause)
[2026-07-26T11:58:04.825+0200][402540708ms] GC(15571) Using 32 workers of 32 for evacuation
[2026-07-26T11:58:04.885+0200][402540768ms] GC(15571)   Pre Evacuate Collection Set: 0.1ms
[2026-07-26T11:58:04.885+0200][402540768ms] GC(15571)   Evacuate Collection Set: 19.5ms
[2026-07-26T11:58:04.885+0200][402540768ms] GC(15571)   Post Evacuate Collection Set: 39.8ms
[2026-07-26T11:58:04.885+0200][402540768ms] GC(15571)   Other: 0.4ms
[2026-07-26T11:58:04.885+0200][402540768ms] GC(15571) Eden regions: 1002->0(1005)
[2026-07-26T11:58:04.885+0200][402540768ms] GC(15571) Survivor regions: 5->5(126)
[2026-07-26T11:58:04.885+0200][402540768ms] GC(15571) Old regions: 594->594
[2026-07-26T11:58:04.885+0200][402540768ms] GC(15571) Humongous regions: 8->8
[2026-07-26T11:58:04.885+0200][402540768ms] GC(15571) Metaspace: 1025790K(1123328K)->1025790K(1123328K)
[2026-07-26T11:58:04.885+0200][402540768ms] GC(15571) Pause Young (Normal) (G1 Evacuation Pause) 25740M->9709M(32768M) 59.909ms
[2026-07-26T11:58:04.885+0200][402540768ms] GC(15571) User=1.38s Sys=0.00s Real=0.06s
[2026-07-26T11:58:04.885+0200][402540768ms] Concurrent String Deduplication (402540.769s)
[2026-07-26T11:58:04.885+0200][402540768ms] Concurrent String Deduplication 3456.0B->3344.0B(112.0B) avg 65.4% (402540.769s, 402540.769s) 0.065ms
[2026-07-26T11:59:08.930+0200][402604813ms] GC(15572) Pause Young (Concurrent Start) (G1 Evacuation Pause)
[2026-07-26T11:59:08.930+0200][402604813ms] GC(15572) Using 32 workers of 32 for evacuation
[2026-07-26T11:59:09.021+0200][402604904ms] GC(15572)   Pre Evacuate Collection Set: 8.1ms
[2026-07-26T11:59:09.021+0200][402604904ms] GC(15572)   Evacuate Collection Set: 54.3ms
[2026-07-26T11:59:09.021+0200][402604904ms] GC(15572)   Post Evacuate Collection Set: 28.1ms
[2026-07-26T11:59:09.021+0200][402604904ms] GC(15572)   Other: 0.5ms
[2026-07-26T11:59:09.021+0200][402604904ms] GC(15572) Eden regions: 1005->0(1008)
[2026-07-26T11:59:09.021+0200][402604904ms] GC(15572) Survivor regions: 5->5(127)
[2026-07-26T11:59:09.021+0200][402604904ms] GC(15572) Old regions: 594->594
[2026-07-26T11:59:09.021+0200][402604904ms] GC(15572) Humongous regions: 8->8
[2026-07-26T11:59:09.021+0200][402604904ms] GC(15572) Metaspace: 1025790K(1123328K)->1025790K(1123328K)
[2026-07-26T11:59:09.021+0200][402604904ms] GC(15572) Pause Young (Concurrent Start) (G1 Evacuation Pause) 25789M->9710M(32768M) 91.190ms
[2026-07-26T11:59:09.021+0200][402604904ms] GC(15572) User=1.76s Sys=0.00s Real=0.09s
[2026-07-26T11:59:09.021+0200][402604904ms] GC(15573) Concurrent Cycle
[2026-07-26T11:59:09.021+0200][402604904ms] GC(15573) Concurrent Clear Claimed Marks
[2026-07-26T11:59:09.021+0200][402604904ms] Concurrent String Deduplication (402604.905s)
[2026-07-26T11:59:09.023+0200][402604906ms] Concurrent String Deduplication 173.5K->89056.0B(88584.0B) avg 65.4% (402604.905s, 402604.907s) 1.943ms
[2026-07-26T11:59:09.029+0200][402604912ms] GC(15573) Concurrent Clear Claimed Marks 8.007ms
[2026-07-26T11:59:09.029+0200][402604912ms] GC(15573) Concurrent Scan Root Regions
[2026-07-26T11:59:09.047+0200][402604930ms] GC(15573) Concurrent Scan Root Regions 17.658ms
[2026-07-26T11:59:09.047+0200][402604930ms] GC(15573) Concurrent Mark (402604.931s)
[2026-07-26T11:59:09.047+0200][402604930ms] GC(15573) Concurrent Mark From Roots
[2026-07-26T11:59:09.047+0200][402604930ms] GC(15573) Using 24 workers of 24 for marking
[2026-07-26T11:59:10.555+0200][402606438ms] GC(15573) Concurrent Mark From Roots 1507.616ms
[2026-07-26T11:59:10.555+0200][402606438ms] GC(15573) Concurrent Preclean
[2026-07-26T11:59:10.575+0200][402606458ms] GC(15573) Concurrent Preclean 19.799ms
[2026-07-26T11:59:10.575+0200][402606458ms] GC(15573) Concurrent Mark (402604.931s, 402606.458s) 1527.541ms
[2026-07-26T11:59:10.575+0200][402606458ms] GC(15573) Pause Remark
[2026-07-26T11:59:10.684+0200][402606567ms] GC(15573) Cleaned string and symbol table, strings: 487720 processed, 447 removed, symbols: 1499710 processed, 0 removed
[2026-07-26T11:59:10.685+0200][402606568ms] GC(15573) Pause Remark 10406M->10406M(32768M) 110.103ms
[2026-07-26T11:59:10.685+0200][402606568ms] GC(15573) User=2.87s Sys=0.08s Real=0.11s
[2026-07-26T11:59:10.685+0200][402606568ms] GC(15573) Concurrent Rebuild Remembered Sets
[2026-07-26T11:59:12.463+0200][402608346ms] GC(15573) Concurrent Rebuild Remembered Sets 1777.770ms
[2026-07-26T11:59:12.464+0200][402608347ms] GC(15573) Pause Cleanup
[2026-07-26T11:59:12.466+0200][402608349ms] GC(15573) Pause Cleanup 10502M->10502M(32768M) 2.238ms
[2026-07-26T11:59:12.466+0200][402608349ms] GC(15573) User=0.02s Sys=0.00s Real=0.00s
[2026-07-26T11:59:12.466+0200][402608349ms] GC(15573) Concurrent Cleanup for Next Mark
[2026-07-26T11:59:12.473+0200][402608356ms] GC(15573) Concurrent Cleanup for Next Mark 7.481ms
[2026-07-26T11:59:12.474+0200][402608357ms] GC(15573) Concurrent Cycle 3452.190ms
[2026-07-26T12:01:08.849+0200][402724732ms] GC(15574) Pause Young (Normal) (G1 Evacuation Pause)
[2026-07-26T12:01:08.849+0200][402724732ms] GC(15574) Using 32 workers of 32 for evacuation
[2026-07-26T12:01:08.903+0200][402724786ms] GC(15574)   Pre Evacuate Collection Set: 0.1ms
[2026-07-26T12:01:08.903+0200][402724786ms] GC(15574)   Evacuate Collection Set: 22.2ms
[2026-07-26T12:01:08.903+0200][402724786ms] GC(15574)   Post Evacuate Collection Set: 31.0ms
[2026-07-26T12:01:08.903+0200][402724786ms] GC(15574)   Other: 0.5ms
[2026-07-26T12:01:08.903+0200][402724786ms] GC(15574) Eden regions: 1008->0(1011)
[2026-07-26T12:01:08.903+0200][402724786ms] GC(15574) Survivor regions: 5->4(127)
[2026-07-26T12:01:08.903+0200][402724786ms] GC(15574) Old regions: 594->594
[2026-07-26T12:01:08.903+0200][402724786ms] GC(15574) Humongous regions: 8->8
[2026-07-26T12:01:08.903+0200][402724786ms] GC(15574) Metaspace: 1025790K(1123328K)->1025790K(1123328K)
[2026-07-26T12:01:08.903+0200][402724786ms] GC(15574) Pause Young (Normal) (G1 Evacuation Pause) 25838M->9691M(32768M) 53.996ms
[2026-07-26T12:01:08.903+0200][402724786ms] GC(15574) User=1.30s Sys=0.00s Real=0.05s
[2026-07-26T12:01:08.903+0200][402724786ms] Concurrent String Deduplication (402724.787s)
[2026-07-26T12:01:08.908+0200][402724791ms] Concurrent String Deduplication 782.6K->307.8K(474.9K) avg 65.4% (402724.787s, 402724.792s) 4.944ms
[2026-07-26T12:03:08.635+0200][402844518ms] GC(15575) Pause Young (Concurrent Start) (G1 Evacuation Pause)
[2026-07-26T12:03:08.635+0200][402844518ms] GC(15575) Using 32 workers of 32 for evacuation
[2026-07-26T12:03:08.727+0200][402844610ms] GC(15575)   Pre Evacuate Collection Set: 8.1ms
[2026-07-26T12:03:08.727+0200][402844610ms] GC(15575)   Evacuate Collection Set: 49.7ms
[2026-07-26T12:03:08.727+0200][402844610ms] GC(15575)   Post Evacuate Collection Set: 33.8ms
[2026-07-26T12:03:08.727+0200][402844610ms] GC(15575)   Other: 0.5ms
[2026-07-26T12:03:08.727+0200][402844610ms] GC(15575) Eden regions: 1011->0(1012)
[2026-07-26T12:03:08.727+0200][402844610ms] GC(15575) Survivor regions: 4->4(127)
[2026-07-26T12:03:08.727+0200][402844610ms] GC(15575) Old regions: 594->594
[2026-07-26T12:03:08.727+0200][402844610ms] GC(15575) Humongous regions: 8->8
[2026-07-26T12:03:08.727+0200][402844610ms] GC(15575) Metaspace: 1025791K(1123328K)->1025791K(1123328K)
[2026-07-26T12:03:08.727+0200][402844610ms] GC(15575) Pause Young (Concurrent Start) (G1 Evacuation Pause) 25867M->9684M(32768M) 92.310ms
[2026-07-26T12:03:08.727+0200][402844610ms] GC(15575) User=2.00s Sys=0.02s Real=0.09s
[2026-07-26T12:03:08.728+0200][402844611ms] GC(15576) Concurrent Cycle
[2026-07-26T12:03:08.728+0200][402844611ms] GC(15576) Concurrent Clear Claimed Marks
[2026-07-26T12:03:08.731+0200][402844614ms] Concurrent String Deduplication (402844.615s)
[2026-07-26T12:03:08.733+0200][402844616ms] Concurrent String Deduplication 169.9K->69256.0B(102.3K) avg 65.4% (402844.615s, 402844.616s) 1.591ms
[2026-07-26T12:03:08.736+0200][402844619ms] GC(15576) Concurrent Clear Claimed Marks 8.030ms
[2026-07-26T12:03:08.736+0200][402844619ms] GC(15576) Concurrent Scan Root Regions
[2026-07-26T12:03:08.751+0200][402844634ms] GC(15576) Concurrent Scan Root Regions 15.830ms
[2026-07-26T12:03:08.751+0200][402844634ms] GC(15576) Concurrent Mark (402844.635s)
[2026-07-26T12:03:08.751+0200][402844635ms] GC(15576) Concurrent Mark From Roots
[2026-07-26T12:03:08.752+0200][402844635ms] GC(15576) Using 24 workers of 24 for marking
[2026-07-26T12:03:10.335+0200][402846218ms] GC(15576) Concurrent Mark From Roots 1583.706ms
[2026-07-26T12:03:10.335+0200][402846218ms] GC(15576) Concurrent Preclean
[2026-07-26T12:03:10.354+0200][402846237ms] GC(15576) Concurrent Preclean 18.421ms
[2026-07-26T12:03:10.354+0200][402846237ms] GC(15576) Concurrent Mark (402844.635s, 402846.238s) 1602.275ms
[2026-07-26T12:03:10.354+0200][402846237ms] GC(15576) Pause Remark
[2026-07-26T12:03:10.452+0200][402846335ms] GC(15576) Cleaned string and symbol table, strings: 487710 processed, 2 removed, symbols: 1499710 processed, 0 removed
[2026-07-26T12:03:10.453+0200][402846336ms] GC(15576) Pause Remark 10284M->10284M(32768M) 98.871ms
[2026-07-26T12:03:10.453+0200][402846336ms] GC(15576) User=2.58s Sys=0.00s Real=0.10s
[2026-07-26T12:03:10.453+0200][402846336ms] GC(15576) Concurrent Rebuild Remembered Sets
[2026-07-26T12:03:12.185+0200][402848068ms] GC(15576) Concurrent Rebuild Remembered Sets 1732.125ms
[2026-07-26T12:03:12.186+0200][402848069ms] GC(15576) Pause Cleanup
[2026-07-26T12:03:12.188+0200][402848071ms] GC(15576) Pause Cleanup 10638M->10638M(32768M) 2.220ms
[2026-07-26T12:03:12.188+0200][402848071ms] GC(15576) User=0.03s Sys=0.00s Real=0.01s
[2026-07-26T12:03:12.188+0200][402848071ms] GC(15576) Concurrent Cleanup for Next Mark
[2026-07-26T12:03:12.196+0200][402848079ms] GC(15576) Concurrent Cleanup for Next Mark 7.358ms
[2026-07-26T12:03:12.196+0200][402848079ms] GC(15576) Concurrent Cycle 3468.202ms
[2026-07-26T12:05:08.324+0200][402964207ms] GC(15577) Pause Young (Normal) (G1 Evacuation Pause)
[2026-07-26T12:05:08.324+0200][402964207ms] GC(15577) Using 32 workers of 32 for evacuation
[2026-07-26T12:05:08.395+0200][402964278ms] GC(15577)   Pre Evacuate Collection Set: 0.1ms
[2026-07-26T12:05:08.395+0200][402964278ms] GC(15577)   Evacuate Collection Set: 29.6ms
[2026-07-26T12:05:08.395+0200][402964278ms] GC(15577)   Post Evacuate Collection Set: 40.7ms
[2026-07-26T12:05:08.395+0200][402964278ms] GC(15577)   Other: 0.6ms
[2026-07-26T12:05:08.395+0200][402964278ms] GC(15577) Eden regions: 1012->0(1014)
[2026-07-26T12:05:08.395+0200][402964278ms] GC(15577) Survivor regions: 4->4(127)
[2026-07-26T12:05:08.395+0200][402964278ms] GC(15577) Old regions: 594->594
[2026-07-26T12:05:08.395+0200][402964278ms] GC(15577) Humongous regions: 8->8
[2026-07-26T12:05:08.395+0200][402964278ms] GC(15577) Metaspace: 1025833K(1123328K)->1025833K(1123328K)
[2026-07-26T12:05:08.396+0200][402964279ms] GC(15577) Pause Young (Normal) (G1 Evacuation Pause) 25876M->9690M(32768M) 71.164ms
[2026-07-26T12:05:08.396+0200][402964279ms] GC(15577) User=1.62s Sys=0.00s Real=0.07s
[2026-07-26T12:05:08.396+0200][402964279ms] Concurrent String Deduplication (402964.280s)
[2026-07-26T12:05:08.397+0200][402964280ms] Concurrent String Deduplication 187.8K->102040.0B(90240.0B) avg 65.4% (402964.280s, 402964.281s) 1.379ms
[2026-07-26T12:07:03.408+0200][403079291ms] GC(15578) Pause Young (Concurrent Start) (G1 Evacuation Pause)
[2026-07-26T12:07:03.408+0200][403079291ms] GC(15578) Using 32 workers of 32 for evacuation
[2026-07-26T12:07:03.507+0200][403079390ms] GC(15578)   Pre Evacuate Collection Set: 8.2ms
[2026-07-26T12:07:03.507+0200][403079390ms] GC(15578)   Evacuate Collection Set: 56.3ms
[2026-07-26T12:07:03.507+0200][403079390ms] GC(15578)   Post Evacuate Collection Set: 34.3ms
[2026-07-26T12:07:03.507+0200][403079390ms] GC(15578)   Other: 0.5ms
[2026-07-26T12:07:03.507+0200][403079390ms] GC(15578) Eden regions: 1014->0(1013)
[2026-07-26T12:07:03.507+0200][403079390ms] GC(15578) Survivor regions: 4->6(128)
[2026-07-26T12:07:03.507+0200][403079390ms] GC(15578) Old regions: 594->595
[2026-07-26T12:07:03.507+0200][403079390ms] GC(15578) Humongous regions: 8->8
[2026-07-26T12:07:03.507+0200][403079390ms] GC(15578) Metaspace: 1025844K(1123328K)->1025844K(1123328K)
[2026-07-26T12:07:03.507+0200][403079390ms] GC(15578) Pause Young (Concurrent Start) (G1 Evacuation Pause) 25914M->9715M(32768M) 99.515ms
[2026-07-26T12:07:03.507+0200][403079390ms] GC(15578) User=2.16s Sys=0.00s Real=0.10s
[2026-07-26T12:07:03.507+0200][403079390ms] Concurrent String Deduplication (403079.391s)
[2026-07-26T12:07:03.511+0200][403079394ms] GC(15579) Concurrent Cycle
[2026-07-26T12:07:03.511+0200][403079394ms] GC(15579) Concurrent Clear Claimed Marks
[2026-07-26T12:07:03.517+0200][403079400ms] Concurrent String Deduplication 584.5K->217.3K(367.2K) avg 65.4% (403079.391s, 403079.400s) 5.628ms
[2026-07-26T12:07:03.519+0200][403079402ms] GC(15579) Concurrent Clear Claimed Marks 7.989ms
[2026-07-26T12:07:03.519+0200][403079402ms] GC(15579) Concurrent Scan Root Regions
[2026-07-26T12:07:03.533+0200][403079416ms] GC(15579) Concurrent Scan Root Regions 14.077ms
[2026-07-26T12:07:03.533+0200][403079416ms] GC(15579) Concurrent Mark (403079.417s)
[2026-07-26T12:07:03.533+0200][403079416ms] GC(15579) Concurrent Mark From Roots
[2026-07-26T12:07:03.533+0200][403079416ms] GC(15579) Using 24 workers of 24 for marking
[2026-07-26T12:07:05.122+0200][403081005ms] GC(15579) Concurrent Mark From Roots 1588.968ms
[2026-07-26T12:07:05.122+0200][403081005ms] GC(15579) Concurrent Preclean
[2026-07-26T12:07:05.143+0200][403081026ms] GC(15579) Concurrent Preclean 20.540ms
[2026-07-26T12:07:05.143+0200][403081026ms] GC(15579) Concurrent Mark (403079.417s, 403081.027s) 1609.655ms
[2026-07-26T12:07:05.143+0200][403081026ms] GC(15579) Pause Remark
[2026-07-26T12:07:05.252+0200][403081135ms] GC(15579) Cleaned string and symbol table, strings: 487738 processed, 115 removed, symbols: 1499740 processed, 0 removed
[2026-07-26T12:07:05.253+0200][403081136ms] GC(15579) Pause Remark 9963M->9963M(32768M) 109.605ms
[2026-07-26T12:07:05.253+0200][403081136ms] GC(15579) User=2.78s Sys=0.08s Real=0.11s
[2026-07-26T12:07:05.253+0200][403081136ms] GC(15579) Concurrent Rebuild Remembered Sets
[2026-07-26T12:07:07.211+0200][403083094ms] GC(15579) Concurrent Rebuild Remembered Sets 1957.512ms
[2026-07-26T12:07:07.211+0200][403083094ms] GC(15579) Pause Cleanup
[2026-07-26T12:07:07.214+0200][403083097ms] GC(15579) Pause Cleanup 10867M->10867M(32768M) 2.532ms
[2026-07-26T12:07:07.214+0200][403083097ms] GC(15579) User=0.03s Sys=0.00s Real=0.00s
[2026-07-26T12:07:07.214+0200][403083097ms] GC(15579) Concurrent Cleanup for Next Mark
[2026-07-26T12:07:07.223+0200][403083106ms] GC(15579) Concurrent Cleanup for Next Mark 9.445ms
[2026-07-26T12:07:07.223+0200][403083106ms] GC(15579) Concurrent Cycle 3712.425ms
[2026-07-26T12:08:37.735+0200][403173618ms] GC(15580) Pause Young (Normal) (G1 Evacuation Pause)
[2026-07-26T12:08:37.735+0200][403173618ms] GC(15580) Using 32 workers of 32 for evacuation
[2026-07-26T12:08:37.790+0200][403173673ms] GC(15580)   Pre Evacuate Collection Set: 0.1ms
[2026-07-26T12:08:37.790+0200][403173673ms] GC(15580)   Evacuate Collection Set: 26.5ms
[2026-07-26T12:08:37.790+0200][403173673ms] GC(15580)   Post Evacuate Collection Set: 27.5ms
[2026-07-26T12:08:37.790+0200][403173673ms] GC(15580)   Other: 0.5ms
[2026-07-26T12:08:37.790+0200][403173673ms] GC(15580) Eden regions: 1013->0(1015)
[2026-07-26T12:08:37.790+0200][403173673ms] GC(15580) Survivor regions: 6->6(128)
[2026-07-26T12:08:37.790+0200][403173673ms] GC(15580) Old regions: 595->595
[2026-07-26T12:08:37.790+0200][403173673ms] GC(15580) Humongous regions: 8->8
[2026-07-26T12:08:37.790+0200][403173673ms] GC(15580) Metaspace: 1025844K(1123328K)->1025844K(1123328K)
[2026-07-26T12:08:37.790+0200][403173673ms] GC(15580) Pause Young (Normal) (G1 Evacuation Pause) 25923M->9718M(32768M) 54.709ms
[2026-07-26T12:08:37.790+0200][403173673ms] GC(15580) User=1.28s Sys=0.02s Real=0.06s
[2026-07-26T12:08:37.791+0200][403173674ms] Concurrent String Deduplication (403173.675s)
[2026-07-26T12:08:37.814+0200][403173697ms] Concurrent String Deduplication 3035.0K->618.0K(2417.0K) avg 65.4% (403173.675s, 403173.698s) 22.616ms
[2026-07-26T12:10:38.133+0200][403294017ms] GC(15581) Pause Young (Concurrent Start) (G1 Evacuation Pause)
[2026-07-26T12:10:38.134+0200][403294017ms] GC(15581) Using 32 workers of 32 for evacuation
[2026-07-26T12:10:38.237+0200][403294120ms] GC(15581)   Pre Evacuate Collection Set: 8.2ms
[2026-07-26T12:10:38.237+0200][403294120ms] GC(15581)   Evacuate Collection Set: 60.3ms
[2026-07-26T12:10:38.237+0200][403294120ms] GC(15581)   Post Evacuate Collection Set: 34.4ms
[2026-07-26T12:10:38.237+0200][403294120ms] GC(15581)   Other: 0.5ms
[2026-07-26T12:10:38.237+0200][403294120ms] GC(15581) Eden regions: 1015->0(1016)
[2026-07-26T12:10:38.237+0200][403294120ms] GC(15581) Survivor regions: 6->6(128)
[2026-07-26T12:10:38.237+0200][403294120ms] GC(15581) Old regions: 595->595
[2026-07-26T12:10:38.237+0200][403294120ms] GC(15581) Humongous regions: 8->8
[2026-07-26T12:10:38.237+0200][403294120ms] GC(15581) Metaspace: 1025844K(1123328K)->1025844K(1123328K)
[2026-07-26T12:10:38.237+0200][403294120ms] GC(15581) Pause Young (Concurrent Start) (G1 Evacuation Pause) 25958M->9717M(32768M) 103.617ms
[2026-07-26T12:10:38.237+0200][403294120ms] GC(15581) User=2.30s Sys=0.01s Real=0.10s
[2026-07-26T12:10:38.237+0200][403294120ms] GC(15582) Concurrent Cycle
[2026-07-26T12:10:38.237+0200][403294120ms] GC(15582) Concurrent Clear Claimed Marks
[2026-07-26T12:10:38.237+0200][403294120ms] Concurrent String Deduplication (403294.121s)
[2026-07-26T12:10:38.247+0200][403294130ms] GC(15582) Concurrent Clear Claimed Marks 10.152ms
[2026-07-26T12:10:38.247+0200][403294130ms] GC(15582) Concurrent Scan Root Regions
[2026-07-26T12:10:38.265+0200][403294148ms] GC(15582) Concurrent Scan Root Regions 17.368ms
[2026-07-26T12:10:38.265+0200][403294148ms] GC(15582) Concurrent Mark (403294.149s)
[2026-07-26T12:10:38.265+0200][403294148ms] GC(15582) Concurrent Mark From Roots
[2026-07-26T12:10:38.265+0200][403294148ms] GC(15582) Using 24 workers of 24 for marking
[2026-07-26T12:10:38.296+0200][403294179ms] Concurrent String Deduplication 5580.0K->3640.3K(1939.7K) avg 65.4% (403294.121s, 403294.180s) 58.811ms
[2026-07-26T12:10:39.742+0200][403295625ms] GC(15582) Concurrent Mark From Roots 1476.602ms
[2026-07-26T12:10:39.742+0200][403295625ms] GC(15582) Concurrent Preclean
[2026-07-26T12:10:39.760+0200][403295643ms] GC(15582) Concurrent Preclean 18.087ms
[2026-07-26T12:10:39.760+0200][403295643ms] GC(15582) Concurrent Mark (403294.149s, 403295.643s) 1494.812ms
[2026-07-26T12:10:39.760+0200][403295643ms] GC(15582) Pause Remark
[2026-07-26T12:10:39.865+0200][403295748ms] GC(15582) Cleaned string and symbol table, strings: 487759 processed, 408 removed, symbols: 1499740 processed, 0 removed
[2026-07-26T12:10:39.867+0200][403295750ms] GC(15582) Pause Remark 9845M->9845M(32768M) 106.367ms
[2026-07-26T12:10:39.867+0200][403295750ms] GC(15582) User=2.69s Sys=0.09s Real=0.10s
[2026-07-26T12:10:39.871+0200][403295754ms] GC(15582) Concurrent Rebuild Remembered Sets
[2026-07-26T12:10:41.697+0200][403297580ms] GC(15582) Concurrent Rebuild Remembered Sets 1825.548ms
[2026-07-26T12:10:41.698+0200][403297581ms] GC(15582) Pause Cleanup
[2026-07-26T12:10:41.699+0200][403297582ms] GC(15582) Pause Cleanup 9848M->9848M(32768M) 1.586ms
[2026-07-26T12:10:41.699+0200][403297582ms] GC(15582) User=0.03s Sys=0.00s Real=0.01s
[2026-07-26T12:10:41.699+0200][403297582ms] GC(15582) Concurrent Cleanup for Next Mark
[2026-07-26T12:10:41.707+0200][403297590ms] GC(15582) Concurrent Cleanup for Next Mark 7.398ms
[2026-07-26T12:10:41.707+0200][403297590ms] GC(15582) Concurrent Cycle 3469.531ms
[2026-07-26T12:12:38.119+0200][403414002ms] GC(15583) Pause Young (Prepare Mixed) (G1 Evacuation Pause)
[2026-07-26T12:12:38.119+0200][403414002ms] GC(15583) Using 32 workers of 32 for evacuation
[2026-07-26T12:12:38.183+0200][403414066ms] GC(15583)   Pre Evacuate Collection Set: 0.1ms
[2026-07-26T12:12:38.183+0200][403414066ms] GC(15583)   Evacuate Collection Set: 32.0ms
[2026-07-26T12:12:38.183+0200][403414066ms] GC(15583)   Post Evacuate Collection Set: 30.5ms
[2026-07-26T12:12:38.183+0200][403414066ms] GC(15583)   Other: 0.9ms
[2026-07-26T12:12:38.183+0200][403414066ms] GC(15583) Eden regions: 1016->0(96)
[2026-07-26T12:12:38.183+0200][403414066ms] GC(15583) Survivor regions: 6->6(128)
[2026-07-26T12:12:38.183+0200][403414066ms] GC(15583) Old regions: 595->595
[2026-07-26T12:12:38.183+0200][403414066ms] GC(15583) Humongous regions: 8->8
[2026-07-26T12:12:38.183+0200][403414066ms] GC(15583) Metaspace: 1025844K(1123328K)->1025844K(1123328K)
[2026-07-26T12:12:38.183+0200][403414066ms] GC(15583) Pause Young (Prepare Mixed) (G1 Evacuation Pause) 25973M->9719M(32768M) 63.710ms
[2026-07-26T12:12:38.183+0200][403414066ms] GC(15583) User=1.56s Sys=0.00s Real=0.06s
[2026-07-26T12:12:38.183+0200][403414066ms] Concurrent String Deduplication (403414.067s)
[2026-07-26T12:12:38.189+0200][403414072ms] Concurrent String Deduplication 891.3K->347.7K(543.5K) avg 65.4% (403414.067s, 403414.073s) 5.803ms
[2026-07-26T12:13:04.801+0200][403440684ms] GC(15584) Pause Young (Mixed) (G1 Evacuation Pause)
[2026-07-26T12:13:04.801+0200][403440684ms] GC(15584) Using 32 workers of 32 for evacuation
[2026-07-26T12:13:04.897+0200][403440780ms] GC(15584)   Pre Evacuate Collection Set: 0.1ms
[2026-07-26T12:13:04.897+0200][403440780ms] GC(15584)   Evacuate Collection Set: 63.0ms
[2026-07-26T12:13:04.897+0200][403440780ms] GC(15584)   Post Evacuate Collection Set: 32.4ms
[2026-07-26T12:13:04.897+0200][403440780ms] GC(15584)   Other: 1.0ms
[2026-07-26T12:13:04.897+0200][403440780ms] GC(15584) Eden regions: 96->0(1018)
[2026-07-26T12:13:04.897+0200][403440780ms] GC(15584) Survivor regions: 6->6(13)
[2026-07-26T12:13:04.897+0200][403440780ms] GC(15584) Old regions: 595->594
[2026-07-26T12:13:04.897+0200][403440780ms] GC(15584) Humongous regions: 8->8
[2026-07-26T12:13:04.897+0200][403440780ms] GC(15584) Metaspace: 1025852K(1123328K)->1025852K(1123328K)
[2026-07-26T12:13:04.897+0200][403440780ms] GC(15584) Pause Young (Mixed) (G1 Evacuation Pause) 11255M->9721M(32768M) 96.661ms
[2026-07-26T12:13:04.898+0200][403440781ms] GC(15584) User=2.59s Sys=0.00s Real=0.09s
[2026-07-26T12:13:04.898+0200][403440781ms] Concurrent String Deduplication (403440.782s)
[2026-07-26T12:13:04.899+0200][403440782ms] Concurrent String Deduplication 351.0K->255.8K(97480.0B) avg 65.4% (403440.782s, 403440.783s) 1.626ms
[2026-07-26T12:14:09.408+0200][403505291ms] GC(15585) Pause Young (Normal) (G1 Evacuation Pause)
[2026-07-26T12:14:09.408+0200][403505291ms] GC(15585) Using 32 workers of 32 for evacuation
[2026-07-26T12:14:09.466+0200][403505349ms] GC(15585)   Pre Evacuate Collection Set: 0.1ms
[2026-07-26T12:14:09.466+0200][403505349ms] GC(15585)   Evacuate Collection Set: 23.4ms
[2026-07-26T12:14:09.466+0200][403505349ms] GC(15585)   Post Evacuate Collection Set: 34.0ms
[2026-07-26T12:14:09.466+0200][403505349ms] GC(15585)   Other: 0.4ms
[2026-07-26T12:14:09.466+0200][403505349ms] GC(15585) Eden regions: 1018->0(1019)
[2026-07-26T12:14:09.466+0200][403505349ms] GC(15585) Survivor regions: 6->6(128)
[2026-07-26T12:14:09.466+0200][403505349ms] GC(15585) Old regions: 594->594
[2026-07-26T12:14:09.466+0200][403505349ms] GC(15585) Humongous regions: 8->8
[2026-07-26T12:14:09.466+0200][403505349ms] GC(15585) Metaspace: 1025852K(1123328K)->1025852K(1123328K)
[2026-07-26T12:14:09.466+0200][403505349ms] GC(15585) Pause Young (Normal) (G1 Evacuation Pause) 26009M->9725M(32768M) 58.109ms
[2026-07-26T12:14:09.466+0200][403505349ms] GC(15585) User=1.37s Sys=0.01s Real=0.06s
[2026-07-26T12:14:09.466+0200][403505349ms] Concurrent String Deduplication (403505.350s)
[2026-07-26T12:14:09.475+0200][403505358ms] Concurrent String Deduplication 1100.2K->679.8K(420.4K) avg 65.4% (403505.350s, 403505.359s) 8.572ms
[2026-07-26T12:16:08.985+0200][403624868ms] GC(15586) Pause Young (Normal) (G1 Evacuation Pause)
[2026-07-26T12:16:08.985+0200][403624868ms] GC(15586) Using 32 workers of 32 for evacuation
[2026-07-26T12:16:09.047+0200][403624930ms] GC(15586)   Pre Evacuate Collection Set: 0.1ms
[2026-07-26T12:16:09.047+0200][403624930ms] GC(15586)   Evacuate Collection Set: 27.6ms
[2026-07-26T12:16:09.047+0200][403624930ms] GC(15586)   Post Evacuate Collection Set: 34.4ms
[2026-07-26T12:16:09.047+0200][403624930ms] GC(15586)   Other: 0.5ms
[2026-07-26T12:16:09.047+0200][403624930ms] GC(15586) Eden regions: 1019->0(1018)
[2026-07-26T12:16:09.047+0200][403624930ms] GC(15586) Survivor regions: 6->7(129)
[2026-07-26T12:16:09.047+0200][403624930ms] GC(15586) Old regions: 594->595
[2026-07-26T12:16:09.047+0200][403624930ms] GC(15586) Humongous regions: 8->8
[2026-07-26T12:16:09.047+0200][403624930ms] GC(15586) Metaspace: 1025854K(1123328K)->1025854K(1123328K)
[2026-07-26T12:16:09.047+0200][403624930ms] GC(15586) Pause Young (Normal) (G1 Evacuation Pause) 26029M->9734M(32768M) 62.781ms
[2026-07-26T12:16:09.048+0200][403624931ms] GC(15586) User=1.58s Sys=0.00s Real=0.06s
[2026-07-26T12:16:09.050+0200][403624933ms] Concurrent String Deduplication (403624.934s)
[2026-07-26T12:16:09.058+0200][403624941ms] Concurrent String Deduplication 1152.8K->432.6K(720.2K) avg 65.4% (403624.934s, 403624.942s) 7.927ms
[2026-07-26T12:18:09.362+0200][403745245ms] GC(15587) Pause Young (Concurrent Start) (G1 Evacuation Pause)
[2026-07-26T12:18:09.363+0200][403745246ms] GC(15587) Using 32 workers of 32 for evacuation
[2026-07-26T12:18:09.468+0200][403745351ms] GC(15587)   Pre Evacuate Collection Set: 8.2ms
[2026-07-26T12:18:09.468+0200][403745351ms] GC(15587)   Evacuate Collection Set: 64.2ms
[2026-07-26T12:18:09.468+0200][403745351ms] GC(15587)   Post Evacuate Collection Set: 32.4ms
[2026-07-26T12:18:09.468+0200][403745351ms] GC(15587)   Other: 0.5ms
[2026-07-26T12:18:09.468+0200][403745351ms] GC(15587) Eden regions: 1018->0(1019)
[2026-07-26T12:18:09.468+0200][403745351ms] GC(15587) Survivor regions: 7->7(129)
[2026-07-26T12:18:09.468+0200][403745351ms] GC(15587) Old regions: 595->595
[2026-07-26T12:18:09.468+0200][403745351ms] GC(15587) Humongous regions: 8->8
[2026-07-26T12:18:09.468+0200][403745351ms] GC(15587) Metaspace: 1025854K(1123328K)->1025854K(1123328K)
[2026-07-26T12:18:09.468+0200][403745351ms] GC(15587) Pause Young (Concurrent Start) (G1 Evacuation Pause) 26022M->9736M(32768M) 105.373ms
[2026-07-26T12:18:09.468+0200][403745351ms] GC(15587) User=2.16s Sys=0.01s Real=0.10s
[2026-07-26T12:18:09.468+0200][403745351ms] Concurrent String Deduplication (403745.352s)
[2026-07-26T12:18:09.471+0200][403745354ms] GC(15588) Concurrent Cycle
[2026-07-26T12:18:09.471+0200][403745354ms] GC(15588) Concurrent Clear Claimed Marks
[2026-07-26T12:18:09.474+0200][403745357ms] Concurrent String Deduplication 699.9K->426.7K(273.2K) avg 65.4% (403745.352s, 403745.358s) 5.290ms
[2026-07-26T12:18:09.481+0200][403745364ms] GC(15588) Concurrent Clear Claimed Marks 9.756ms
[2026-07-26T12:18:09.481+0200][403745364ms] GC(15588) Concurrent Scan Root Regions
[2026-07-26T12:18:09.501+0200][403745384ms] GC(15588) Concurrent Scan Root Regions 19.873ms
[2026-07-26T12:18:09.501+0200][403745384ms] GC(15588) Concurrent Mark (403745.385s)
[2026-07-26T12:18:09.501+0200][403745384ms] GC(15588) Concurrent Mark From Roots
[2026-07-26T12:18:09.501+0200][403745384ms] GC(15588) Using 24 workers of 24 for marking
[2026-07-26T12:18:11.211+0200][403747094ms] GC(15588) Concurrent Mark From Roots 1709.762ms
[2026-07-26T12:18:11.211+0200][403747094ms] GC(15588) Concurrent Preclean
[2026-07-26T12:18:11.233+0200][403747116ms] GC(15588) Concurrent Preclean 21.723ms
[2026-07-26T12:18:11.233+0200][403747116ms] GC(15588) Concurrent Mark (403745.385s, 403747.117s) 1731.616ms
[2026-07-26T12:18:11.234+0200][403747117ms] GC(15588) Pause Remark
[2026-07-26T12:18:11.351+0200][403747234ms] GC(15588) Cleaned string and symbol table, strings: 487843 processed, 470 removed, symbols: 1499742 processed, 0 removed
[2026-07-26T12:18:11.353+0200][403747236ms] GC(15588) Pause Remark 10504M->10504M(32768M) 119.217ms
[2026-07-26T12:18:11.353+0200][403747236ms] GC(15588) User=3.00s Sys=0.01s Real=0.12s
[2026-07-26T12:18:11.353+0200][403747236ms] GC(15588) Concurrent Rebuild Remembered Sets
[2026-07-26T12:18:13.425+0200][403749308ms] GC(15588) Concurrent Rebuild Remembered Sets 2071.895ms
[2026-07-26T12:18:13.425+0200][403749308ms] GC(15588) Pause Cleanup
[2026-07-26T12:18:13.428+0200][403749311ms] GC(15588) Pause Cleanup 10696M->10696M(32768M) 2.253ms
[2026-07-26T12:18:13.428+0200][403749311ms] GC(15588) User=0.03s Sys=0.00s Real=0.00s
[2026-07-26T12:18:13.428+0200][403749311ms] GC(15588) Concurrent Cleanup for Next Mark
[2026-07-26T12:18:13.435+0200][403749318ms] GC(15588) Concurrent Cleanup for Next Mark 7.073ms
[2026-07-26T12:18:13.435+0200][403749318ms] GC(15588) Concurrent Cycle 3963.666ms
[2026-07-26T12:20:11.383+0200][403867266ms] GC(15589) Pause Young (Prepare Mixed) (G1 Evacuation Pause)
[2026-07-26T12:20:11.383+0200][403867266ms] GC(15589) Using 32 workers of 32 for evacuation
[2026-07-26T12:20:11.464+0200][403867347ms] GC(15589)   Pre Evacuate Collection Set: 0.1ms
[2026-07-26T12:20:11.464+0200][403867347ms] GC(15589)   Evacuate Collection Set: 38.7ms
[2026-07-26T12:20:11.464+0200][403867347ms] GC(15589)   Post Evacuate Collection Set: 41.5ms
[2026-07-26T12:20:11.464+0200][403867347ms] GC(15589)   Other: 0.8ms
[2026-07-26T12:20:11.464+0200][403867347ms] GC(15589) Eden regions: 1019->0(95)
[2026-07-26T12:20:11.464+0200][403867347ms] GC(15589) Survivor regions: 7->7(129)
[2026-07-26T12:20:11.464+0200][403867347ms] GC(15589) Old regions: 595->595
[2026-07-26T12:20:11.464+0200][403867347ms] GC(15589) Humongous regions: 8->8
[2026-07-26T12:20:11.464+0200][403867347ms] GC(15589) Metaspace: 1025854K(1123328K)->1025854K(1123328K)
[2026-07-26T12:20:11.464+0200][403867347ms] GC(15589) Pause Young (Prepare Mixed) (G1 Evacuation Pause) 26040M->9729M(32768M) 81.290ms
[2026-07-26T12:20:11.464+0200][403867347ms] GC(15589) User=2.05s Sys=0.00s Real=0.08s
[2026-07-26T12:20:11.464+0200][403867347ms] Concurrent String Deduplication (403867.348s)
[2026-07-26T12:20:11.481+0200][403867364ms] Concurrent String Deduplication 1558.4K->797.1K(761.3K) avg 65.4% (403867.348s, 403867.365s) 16.711ms
[2026-07-26T12:20:36.451+0200][403892334ms] GC(15590) Pause Young (Mixed) (G1 Evacuation Pause)
[2026-07-26T12:20:36.451+0200][403892334ms] GC(15590) Using 32 workers of 32 for evacuation
[2026-07-26T12:20:36.537+0200][403892420ms] GC(15590)   Pre Evacuate Collection Set: 0.1ms
[2026-07-26T12:20:36.537+0200][403892420ms] GC(15590)   Evacuate Collection Set: 56.8ms
[2026-07-26T12:20:36.537+0200][403892420ms] GC(15590)   Post Evacuate Collection Set: 27.8ms
[2026-07-26T12:20:36.537+0200][403892420ms] GC(15590)   Other: 1.0ms
[2026-07-26T12:20:36.537+0200][403892420ms] GC(15590) Eden regions: 95->0(1021)
[2026-07-26T12:20:36.537+0200][403892420ms] GC(15590) Survivor regions: 7->6(13)
[2026-07-26T12:20:36.537+0200][403892420ms] GC(15590) Old regions: 595->594
[2026-07-26T12:20:36.537+0200][403892420ms] GC(15590) Humongous regions: 8->8
[2026-07-26T12:20:36.537+0200][403892420ms] GC(15590) Metaspace: 1025854K(1123328K)->1025854K(1123328K)
[2026-07-26T12:20:36.537+0200][403892420ms] GC(15590) Pause Young (Mixed) (G1 Evacuation Pause) 11249M->9713M(32768M) 85.888ms
[2026-07-26T12:20:36.537+0200][403892420ms] GC(15590) User=2.29s Sys=0.00s Real=0.08s
[2026-07-26T12:20:36.538+0200][403892421ms] Concurrent String Deduplication (403892.422s)
[2026-07-26T12:20:36.539+0200][403892422ms] Concurrent String Deduplication 227.0K->90160.0B(139.0K) avg 65.4% (403892.422s, 403892.423s) 1.463ms
[2026-07-26T12:22:32.558+0200][404008441ms] GC(15591) Pause Young (Normal) (G1 Evacuation Pause)
[2026-07-26T12:22:32.558+0200][404008441ms] GC(15591) Using 32 workers of 32 for evacuation
[2026-07-26T12:22:32.615+0200][404008498ms] GC(15591)   Pre Evacuate Collection Set: 0.1ms
[2026-07-26T12:22:32.615+0200][404008498ms] GC(15591)   Evacuate Collection Set: 16.2ms
[2026-07-26T12:22:32.615+0200][404008498ms] GC(15591)   Post Evacuate Collection Set: 40.5ms
[2026-07-26T12:22:32.615+0200][404008498ms] GC(15591)   Other: 0.5ms
[2026-07-26T12:22:32.615+0200][404008498ms] GC(15591) Eden regions: 1021->0(1023)
[2026-07-26T12:22:32.615+0200][404008498ms] GC(15591) Survivor regions: 6->5(129)
[2026-07-26T12:22:32.615+0200][404008498ms] GC(15591) Old regions: 594->594
[2026-07-26T12:22:32.615+0200][404008498ms] GC(15591) Humongous regions: 8->8
[2026-07-26T12:22:32.616+0200][404008499ms] GC(15591) Metaspace: 1025854K(1123328K)->1025854K(1123328K)
[2026-07-26T12:22:32.616+0200][404008499ms] GC(15591) Pause Young (Normal) (G1 Evacuation Pause) 26049M->9701M(32768M) 57.416ms
[2026-07-26T12:22:32.616+0200][404008499ms] GC(15591) User=1.26s Sys=0.02s Real=0.06s
[2026-07-26T12:22:32.616+0200][404008499ms] Concurrent String Deduplication (404008.500s)
[2026-07-26T12:22:32.624+0200][404008507ms] Concurrent String Deduplication 1792.4K->1415.5K(376.9K) avg 65.4% (404008.500s, 404008.508s) 7.836ms
[2026-07-26T12:24:36.289+0200][404132172ms] GC(15592) Pause Young (Normal) (G1 Evacuation Pause)
[2026-07-26T12:24:36.289+0200][404132172ms] GC(15592) Using 32 workers of 32 for evacuation
[2026-07-26T12:24:36.343+0200][404132226ms] GC(15592)   Pre Evacuate Collection Set: 0.1ms
[2026-07-26T12:24:36.343+0200][404132226ms] GC(15592)   Evacuate Collection Set: 22.1ms
[2026-07-26T12:24:36.343+0200][404132226ms] GC(15592)   Post Evacuate Collection Set: 30.8ms
[2026-07-26T12:24:36.343+0200][404132226ms] GC(15592)   Other: 0.4ms
[2026-07-26T12:24:36.343+0200][404132226ms] GC(15592) Eden regions: 1023->0(1023)
[2026-07-26T12:24:36.343+0200][404132226ms] GC(15592) Survivor regions: 5->5(129)
[2026-07-26T12:24:36.343+0200][404132226ms] GC(15592) Old regions: 594->594
[2026-07-26T12:24:36.343+0200][404132226ms] GC(15592) Humongous regions: 8->8
[2026-07-26T12:24:36.343+0200][404132226ms] GC(15592) Metaspace: 1025854K(1123328K)->1025854K(1123328K)
[2026-07-26T12:24:36.343+0200][404132226ms] GC(15592) Pause Young (Normal) (G1 Evacuation Pause) 26069M->9704M(32768M) 53.508ms
[2026-07-26T12:24:36.343+0200][404132226ms] GC(15592) User=1.22s Sys=0.00s Real=0.05s
[2026-07-26T12:24:36.343+0200][404132226ms] Concurrent String Deduplication (404132.227s)
[2026-07-26T12:24:36.343+0200][404132227ms] Concurrent String Deduplication 82856.0B->34504.0B(48352.0B) avg 65.4% (404132.227s, 404132.227s) 0.595ms
[2026-07-26T12:26:09.399+0200][404225282ms] GC(15593) Pause Young (Concurrent Start) (G1 Evacuation Pause)
[2026-07-26T12:26:09.399+0200][404225282ms] GC(15593) Using 32 workers of 32 for evacuation
[2026-07-26T12:26:09.506+0200][404225389ms] GC(15593)   Pre Evacuate Collection Set: 9.0ms
[2026-07-26T12:26:09.506+0200][404225389ms] GC(15593)   Evacuate Collection Set: 66.3ms
[2026-07-26T12:26:09.506+0200][404225389ms] GC(15593)   Post Evacuate Collection Set: 30.9ms
[2026-07-26T12:26:09.506+0200][404225389ms] GC(15593)   Other: 0.6ms
[2026-07-26T12:26:09.506+0200][404225389ms] GC(15593) Eden regions: 1023->0(1022)
[2026-07-26T12:26:09.506+0200][404225389ms] GC(15593) Survivor regions: 5->6(129)
[2026-07-26T12:26:09.506+0200][404225389ms] GC(15593) Old regions: 594->595
[2026-07-26T12:26:09.506+0200][404225389ms] GC(15593) Humongous regions: 8->8
[2026-07-26T12:26:09.506+0200][404225389ms] GC(15593) Metaspace: 1025888K(1123328K)->1025888K(1123328K)
[2026-07-26T12:26:09.506+0200][404225389ms] GC(15593) Pause Young (Concurrent Start) (G1 Evacuation Pause) 26072M->9724M(32768M) 106.898ms
[2026-07-26T12:26:09.506+0200][404225389ms] GC(15593) User=2.36s Sys=0.01s Real=0.10s
[2026-07-26T12:26:09.506+0200][404225389ms] GC(15594) Concurrent Cycle
[2026-07-26T12:26:09.506+0200][404225389ms] GC(15594) Concurrent Clear Claimed Marks
[2026-07-26T12:26:09.508+0200][404225391ms] Concurrent String Deduplication (404225.391s)
[2026-07-26T12:26:09.516+0200][404225400ms] GC(15594) Concurrent Clear Claimed Marks 10.101ms
[2026-07-26T12:26:09.517+0200][404225400ms] GC(15594) Concurrent Scan Root Regions
[2026-07-26T12:26:09.527+0200][404225410ms] Concurrent String Deduplication 1628.5K->907.3K(721.2K) avg 65.4% (404225.391s, 404225.410s) 17.004ms
[2026-07-26T12:26:09.535+0200][404225418ms] GC(15594) Concurrent Scan Root Regions 18.096ms
[2026-07-26T12:26:09.535+0200][404225418ms] GC(15594) Concurrent Mark (404225.418s)
[2026-07-26T12:26:09.535+0200][404225418ms] GC(15594) Concurrent Mark From Roots
[2026-07-26T12:26:09.535+0200][404225418ms] GC(15594) Using 24 workers of 24 for marking
[2026-07-26T12:26:11.314+0200][404227197ms] GC(15594) Concurrent Mark From Roots 1778.897ms
[2026-07-26T12:26:11.314+0200][404227197ms] GC(15594) Concurrent Preclean
[2026-07-26T12:26:11.333+0200][404227216ms] GC(15594) Concurrent Preclean 19.754ms
[2026-07-26T12:26:11.333+0200][404227216ms] GC(15594) Concurrent Mark (404225.418s, 404227.217s) 1798.781ms
[2026-07-26T12:26:11.334+0200][404227217ms] GC(15594) Pause Remark
[2026-07-26T12:26:11.444+0200][404227327ms] GC(15594) Cleaned string and symbol table, strings: 487406 processed, 2730 removed, symbols: 1499764 processed, 0 removed
[2026-07-26T12:26:11.445+0200][404227328ms] GC(15594) Pause Remark 10604M->10604M(32768M) 111.330ms
[2026-07-26T12:26:11.445+0200][404227328ms] GC(15594) User=2.93s Sys=0.01s Real=0.11s
[2026-07-26T12:26:11.445+0200][404227328ms] GC(15594) Concurrent Rebuild Remembered Sets
[2026-07-26T12:26:13.472+0200][404229355ms] GC(15594) Concurrent Rebuild Remembered Sets 2026.372ms
[2026-07-26T12:26:13.472+0200][404229355ms] GC(15594) Pause Cleanup
[2026-07-26T12:26:13.476+0200][404229359ms] GC(15594) Pause Cleanup 11148M->11148M(32768M) 3.738ms
[2026-07-26T12:26:13.476+0200][404229359ms] GC(15594) User=0.03s Sys=0.00s Real=0.00s
[2026-07-26T12:26:13.476+0200][404229359ms] GC(15594) Concurrent Cleanup for Next Mark
[2026-07-26T12:26:13.484+0200][404229367ms] GC(15594) Concurrent Cleanup for Next Mark 7.320ms
[2026-07-26T12:26:13.484+0200][404229367ms] GC(15594) Concurrent Cycle 3977.288ms
[2026-07-26T12:28:07.574+0200][404343457ms] GC(15595) Pause Young (Normal) (G1 Evacuation Pause)
[2026-07-26T12:28:07.574+0200][404343457ms] GC(15595) Using 32 workers of 32 for evacuation
[2026-07-26T12:28:07.654+0200][404343537ms] GC(15595)   Pre Evacuate Collection Set: 0.2ms
[2026-07-26T12:28:07.654+0200][404343537ms] GC(15595)   Evacuate Collection Set: 36.2ms
[2026-07-26T12:28:07.654+0200][404343537ms] GC(15595)   Post Evacuate Collection Set: 42.1ms
[2026-07-26T12:28:07.654+0200][404343537ms] GC(15595)   Other: 0.8ms
[2026-07-26T12:28:07.654+0200][404343537ms] GC(15595) Eden regions: 1022->0(1021)
[2026-07-26T12:28:07.654+0200][404343537ms] GC(15595) Survivor regions: 6->7(129)
[2026-07-26T12:28:07.654+0200][404343537ms] GC(15595) Old regions: 595->595
[2026-07-26T12:28:07.654+0200][404343537ms] GC(15595) Humongous regions: 8->8
[2026-07-26T12:28:07.654+0200][404343537ms] GC(15595) Metaspace: 1025888K(1123328K)->1025888K(1123328K)
[2026-07-26T12:28:07.654+0200][404343537ms] GC(15595) Pause Young (Normal) (G1 Evacuation Pause) 26076M->9730M(32768M) 79.545ms
[2026-07-26T12:28:07.654+0200][404343537ms] GC(15595) User=1.90s Sys=0.00s Real=0.08s
[2026-07-26T12:28:07.654+0200][404343537ms] Concurrent String Deduplication (404343.538s)
[2026-07-26T12:28:07.659+0200][404343542ms] Concurrent String Deduplication 683.8K->426.7K(257.1K) avg 65.4% (404343.538s, 404343.543s) 4.828ms
[2026-07-26T12:30:06.892+0200][404462775ms] GC(15596) Pause Young (Concurrent Start) (G1 Evacuation Pause)
[2026-07-26T12:30:06.892+0200][404462775ms] GC(15596) Using 32 workers of 32 for evacuation
[2026-07-26T12:30:07.009+0200][404462892ms] GC(15596)   Pre Evacuate Collection Set: 10.3ms
[2026-07-26T12:30:07.009+0200][404462892ms] GC(15596)   Evacuate Collection Set: 70.3ms
[2026-07-26T12:30:07.009+0200][404462892ms] GC(15596)   Post Evacuate Collection Set: 35.4ms
[2026-07-26T12:30:07.009+0200][404462892ms] GC(15596)   Other: 0.8ms
[2026-07-26T12:30:07.009+0200][404462892ms] GC(15596) Eden regions: 1021->0(1022)
[2026-07-26T12:30:07.009+0200][404462892ms] GC(15596) Survivor regions: 7->6(129)
[2026-07-26T12:30:07.009+0200][404462892ms] GC(15596) Old regions: 595->595
[2026-07-26T12:30:07.009+0200][404462892ms] GC(15596) Humongous regions: 8->8
[2026-07-26T12:30:07.009+0200][404462892ms] GC(15596) Metaspace: 1025888K(1123328K)->1025888K(1123328K)
[2026-07-26T12:30:07.009+0200][404462892ms] GC(15596) Pause Young (Concurrent Start) (G1 Evacuation Pause) 26066M->9727M(32768M) 116.934ms
[2026-07-26T12:30:07.009+0200][404462892ms] GC(15596) User=2.32s Sys=0.00s Real=0.12s
[2026-07-26T12:30:07.009+0200][404462892ms] Concurrent String Deduplication (404462.893s)
[2026-07-26T12:30:07.011+0200][404462894ms] GC(15597) Concurrent Cycle
[2026-07-26T12:30:07.011+0200][404462894ms] GC(15597) Concurrent Clear Claimed Marks
[2026-07-26T12:30:07.020+0200][404462903ms] GC(15597) Concurrent Clear Claimed Marks 8.669ms
[2026-07-26T12:30:07.020+0200][404462903ms] GC(15597) Concurrent Scan Root Regions
[2026-07-26T12:30:07.038+0200][404462921ms] GC(15597) Concurrent Scan Root Regions 18.018ms
[2026-07-26T12:30:07.038+0200][404462921ms] GC(15597) Concurrent Mark (404462.922s)
[2026-07-26T12:30:07.038+0200][404462921ms] GC(15597) Concurrent Mark From Roots
[2026-07-26T12:30:07.038+0200][404462921ms] GC(15597) Using 24 workers of 24 for marking
[2026-07-26T12:30:07.043+0200][404462926ms] Concurrent String Deduplication 5117.9K->3761.1K(1356.8K) avg 65.4% (404462.893s, 404462.927s) 34.108ms
[2026-07-26T12:30:09.015+0200][404464898ms] GC(15597) Concurrent Mark From Roots 1976.914ms
[2026-07-26T12:30:09.015+0200][404464898ms] GC(15597) Concurrent Preclean
[2026-07-26T12:30:09.044+0200][404464927ms] GC(15597) Concurrent Preclean 28.630ms
[2026-07-26T12:30:09.044+0200][404464927ms] GC(15597) Concurrent Mark (404462.922s, 404464.927s) 2005.661ms
[2026-07-26T12:30:09.044+0200][404464927ms] GC(15597) Pause Remark
[2026-07-26T12:30:09.172+0200][404465055ms] GC(15597) Cleaned string and symbol table, strings: 487783 processed, 686 removed, symbols: 1499764 processed, 0 removed
[2026-07-26T12:30:09.173+0200][404465056ms] GC(15597) Pause Remark 10231M->10231M(32768M) 129.032ms
[2026-07-26T12:30:09.173+0200][404465056ms] GC(15597) User=3.27s Sys=0.00s Real=0.13s
[2026-07-26T12:30:09.173+0200][404465056ms] GC(15597) Concurrent Rebuild Remembered Sets
[2026-07-26T12:30:11.392+0200][404467275ms] GC(15597) Concurrent Rebuild Remembered Sets 2218.632ms
[2026-07-26T12:30:11.393+0200][404467276ms] GC(15597) Pause Cleanup
[2026-07-26T12:30:11.395+0200][404467278ms] GC(15597) Pause Cleanup 10903M->10903M(32768M) 2.778ms
[2026-07-26T12:30:11.395+0200][404467278ms] GC(15597) User=0.03s Sys=0.00s Real=0.00s
[2026-07-26T12:30:11.396+0200][404467279ms] GC(15597) Concurrent Cleanup for Next Mark
[2026-07-26T12:30:11.412+0200][404467295ms] GC(15597) Concurrent Cleanup for Next Mark 16.007ms
[2026-07-26T12:30:11.412+0200][404467295ms] GC(15597) Concurrent Cycle 4400.464ms
[2026-07-26T12:32:05.397+0200][404581280ms] GC(15598) Pause Young (Normal) (G1 Evacuation Pause)
[2026-07-26T12:32:05.397+0200][404581280ms] GC(15598) Using 32 workers of 32 for evacuation
[2026-07-26T12:32:05.473+0200][404581356ms] GC(15598)   Pre Evacuate Collection Set: 0.1ms
[2026-07-26T12:32:05.473+0200][404581356ms] GC(15598)   Evacuate Collection Set: 36.4ms
[2026-07-26T12:32:05.473+0200][404581356ms] GC(15598)   Post Evacuate Collection Set: 38.8ms
[2026-07-26T12:32:05.473+0200][404581356ms] GC(15598)   Other: 0.5ms
[2026-07-26T12:32:05.473+0200][404581356ms] GC(15598) Eden regions: 1022->0(1017)
[2026-07-26T12:32:05.473+0200][404581356ms] GC(15598) Survivor regions: 6->9(129)
[2026-07-26T12:32:05.473+0200][404581356ms] GC(15598) Old regions: 595->595
[2026-07-26T12:32:05.473+0200][404581356ms] GC(15598) Humongous regions: 8->8
[2026-07-26T12:32:05.473+0200][404581356ms] GC(15598) Metaspace: 1025922K(1123328K)->1025922K(1123328K)
[2026-07-26T12:32:05.473+0200][404581356ms] GC(15598) Pause Young (Normal) (G1 Evacuation Pause) 26079M->9768M(32768M) 76.047ms
[2026-07-26T12:32:05.473+0200][404581356ms] GC(15598) User=1.95s Sys=0.01s Real=0.08s
[2026-07-26T12:32:05.473+0200][404581356ms] Concurrent String Deduplication (404581.357s)
[2026-07-26T12:32:05.490+0200][404581373ms] Concurrent String Deduplication 2528.4K->1189.3K(1339.1K) avg 65.4% (404581.357s, 404581.374s) 16.822ms
[2026-07-26T12:34:05.641+0200][404701524ms] GC(15599) Pause Young (Concurrent Start) (G1 Evacuation Pause)
[2026-07-26T12:34:05.641+0200][404701524ms] GC(15599) Using 32 workers of 32 for evacuation
[2026-07-26T12:34:05.757+0200][404701640ms] GC(15599)   Pre Evacuate Collection Set: 8.5ms
[2026-07-26T12:34:05.757+0200][404701640ms] GC(15599)   Evacuate Collection Set: 72.6ms
[2026-07-26T12:34:05.757+0200][404701640ms] GC(15599)   Post Evacuate Collection Set: 35.0ms
[2026-07-26T12:34:05.757+0200][404701640ms] GC(15599)   Other: 0.5ms
[2026-07-26T12:34:05.757+0200][404701640ms] GC(15599) Eden regions: 1017->0(1017)
[2026-07-26T12:34:05.757+0200][404701640ms] GC(15599) Survivor regions: 9->9(129)
[2026-07-26T12:34:05.757+0200][404701640ms] GC(15599) Old regions: 595->595
[2026-07-26T12:34:05.757+0200][404701640ms] GC(15599) Humongous regions: 8->8
[2026-07-26T12:34:05.757+0200][404701640ms] GC(15599) Metaspace: 1025922K(1123328K)->1025922K(1123328K)
[2026-07-26T12:34:05.757+0200][404701640ms] GC(15599) Pause Young (Concurrent Start) (G1 Evacuation Pause) 26040M->9768M(32768M) 116.789ms
[2026-07-26T12:34:05.757+0200][404701640ms] GC(15599) User=2.69s Sys=0.06s Real=0.11s
[2026-07-26T12:34:05.758+0200][404701641ms] GC(15600) Concurrent Cycle
[2026-07-26T12:34:05.758+0200][404701641ms] GC(15600) Concurrent Clear Claimed Marks
[2026-07-26T12:34:05.758+0200][404701641ms] Concurrent String Deduplication (404701.642s)
[2026-07-26T12:34:05.758+0200][404701641ms] Concurrent String Deduplication 15816.0B->14248.0B(1568.0B) avg 65.4% (404701.642s, 404701.642s) 0.137ms
[2026-07-26T12:34:05.766+0200][404701649ms] GC(15600) Concurrent Clear Claimed Marks 8.758ms
[2026-07-26T12:34:05.766+0200][404701649ms] GC(15600) Concurrent Scan Root Regions
[2026-07-26T12:34:05.781+0200][404701664ms] GC(15600) Concurrent Scan Root Regions 15.005ms
[2026-07-26T12:34:05.781+0200][404701664ms] GC(15600) Concurrent Mark (404701.665s)
[2026-07-26T12:34:05.781+0200][404701664ms] GC(15600) Concurrent Mark From Roots
[2026-07-26T12:34:05.781+0200][404701664ms] GC(15600) Using 24 workers of 24 for marking
[2026-07-26T12:34:07.372+0200][404703255ms] GC(15600) Concurrent Mark From Roots 1590.626ms
[2026-07-26T12:34:07.372+0200][404703255ms] GC(15600) Concurrent Preclean
[2026-07-26T12:34:07.391+0200][404703274ms] GC(15600) Concurrent Preclean 18.888ms
[2026-07-26T12:34:07.391+0200][404703274ms] GC(15600) Concurrent Mark (404701.665s, 404703.275s) 1609.632ms
[2026-07-26T12:34:07.392+0200][404703275ms] GC(15600) Pause Remark
[2026-07-26T12:34:07.512+0200][404703395ms] GC(15600) Cleaned string and symbol table, strings: 487795 processed, 22 removed, symbols: 1499782 processed, 0 removed
[2026-07-26T12:34:07.513+0200][404703396ms] GC(15600) Pause Remark 10176M->10176M(32768M) 121.443ms
[2026-07-26T12:34:07.513+0200][404703396ms] GC(15600) User=3.13s Sys=0.08s Real=0.12s
[2026-07-26T12:34:07.513+0200][404703396ms] GC(15600) Concurrent Rebuild Remembered Sets
[2026-07-26T12:34:09.587+0200][404705470ms] GC(15600) Concurrent Rebuild Remembered Sets 2073.445ms
[2026-07-26T12:34:09.587+0200][404705470ms] GC(15600) Pause Cleanup
[2026-07-26T12:34:09.590+0200][404705473ms] GC(15600) Pause Cleanup 10936M->10936M(32768M) 2.958ms
[2026-07-26T12:34:09.590+0200][404705473ms] GC(15600) User=0.03s Sys=0.00s Real=0.01s
[2026-07-26T12:34:09.591+0200][404705474ms] GC(15600) Concurrent Cleanup for Next Mark
[2026-07-26T12:34:09.602+0200][404705485ms] GC(15600) Concurrent Cleanup for Next Mark 11.140ms
[2026-07-26T12:34:09.602+0200][404705485ms] GC(15600) Concurrent Cycle 3844.214ms
[2026-07-26T12:36:05.815+0200][404821698ms] GC(15601) Pause Young (Normal) (G1 Evacuation Pause)
[2026-07-26T12:36:05.815+0200][404821698ms] GC(15601) Using 32 workers of 32 for evacuation
[2026-07-26T12:36:05.896+0200][404821779ms] GC(15601)   Pre Evacuate Collection Set: 0.1ms
[2026-07-26T12:36:05.896+0200][404821779ms] GC(15601)   Evacuate Collection Set: 40.1ms
[2026-07-26T12:36:05.896+0200][404821779ms] GC(15601)   Post Evacuate Collection Set: 39.8ms
[2026-07-26T12:36:05.896+0200][404821779ms] GC(15601)   Other: 0.6ms
[2026-07-26T12:36:05.896+0200][404821779ms] GC(15601) Eden regions: 1017->0(1017)
[2026-07-26T12:36:05.896+0200][404821779ms] GC(15601) Survivor regions: 9->9(129)
[2026-07-26T12:36:05.896+0200][404821779ms] GC(15601) Old regions: 595->595
[2026-07-26T12:36:05.896+0200][404821779ms] GC(15601) Humongous regions: 8->8
[2026-07-26T12:36:05.896+0200][404821779ms] GC(15601) Metaspace: 1025922K(1123328K)->1025922K(1123328K)
[2026-07-26T12:36:05.896+0200][404821779ms] GC(15601) Pause Young (Normal) (G1 Evacuation Pause) 26040M->9766M(32768M) 80.785ms
[2026-07-26T12:36:05.896+0200][404821779ms] GC(15601) User=1.91s Sys=0.01s Real=0.08s
[2026-07-26T12:36:05.896+0200][404821779ms] Concurrent String Deduplication (404821.780s)
[2026-07-26T12:36:05.937+0200][404821820ms] Concurrent String Deduplication 3008.9K->2624.3K(384.6K) avg 65.4% (404821.780s, 404821.821s) 41.301ms
[2026-07-26T12:38:06.410+0200][404942293ms] GC(15602) Pause Young (Concurrent Start) (G1 Evacuation Pause)
[2026-07-26T12:38:06.410+0200][404942293ms] GC(15602) Using 32 workers of 32 for evacuation
[2026-07-26T12:38:06.516+0200][404942400ms] GC(15602)   Pre Evacuate Collection Set: 8.7ms
[2026-07-26T12:38:06.517+0200][404942400ms] GC(15602)   Evacuate Collection Set: 64.4ms
[2026-07-26T12:38:06.517+0200][404942400ms] GC(15602)   Post Evacuate Collection Set: 33.1ms
[2026-07-26T12:38:06.517+0200][404942400ms] GC(15602)   Other: 0.6ms
[2026-07-26T12:38:06.517+0200][404942400ms] GC(15602) Eden regions: 1017->0(1019)
[2026-07-26T12:38:06.517+0200][404942400ms] GC(15602) Survivor regions: 9->8(129)
[2026-07-26T12:38:06.517+0200][404942400ms] GC(15602) Old regions: 595->595
[2026-07-26T12:38:06.517+0200][404942400ms] GC(15602) Humongous regions: 8->8
[2026-07-26T12:38:06.517+0200][404942400ms] GC(15602) Metaspace: 1025922K(1123328K)->1025922K(1123328K)
[2026-07-26T12:38:06.517+0200][404942400ms] GC(15602) Pause Young (Concurrent Start) (G1 Evacuation Pause) 26038M->9759M(32768M) 106.956ms
[2026-07-26T12:38:06.517+0200][404942400ms] GC(15602) User=2.13s Sys=0.00s Real=0.10s
[2026-07-26T12:38:06.517+0200][404942400ms] Concurrent String Deduplication (404942.401s)
[2026-07-26T12:38:06.521+0200][404942404ms] GC(15603) Concurrent Cycle
[2026-07-26T12:38:06.521+0200][404942404ms] GC(15603) Concurrent Clear Claimed Marks
[2026-07-26T12:38:06.523+0200][404942406ms] Concurrent String Deduplication 441.2K->177.5K(263.7K) avg 65.4% (404942.401s, 404942.407s) 5.962ms
[2026-07-26T12:38:06.530+0200][404942413ms] GC(15603) Concurrent Clear Claimed Marks 8.604ms
[2026-07-26T12:38:06.530+0200][404942413ms] GC(15603) Concurrent Scan Root Regions
[2026-07-26T12:38:06.545+0200][404942428ms] GC(15603) Concurrent Scan Root Regions 15.594ms
[2026-07-26T12:38:06.546+0200][404942429ms] GC(15603) Concurrent Mark (404942.429s)
[2026-07-26T12:38:06.546+0200][404942429ms] GC(15603) Concurrent Mark From Roots
[2026-07-26T12:38:06.546+0200][404942429ms] GC(15603) Using 24 workers of 24 for marking
[2026-07-26T12:38:08.256+0200][404944139ms] GC(15603) Concurrent Mark From Roots 1710.096ms
[2026-07-26T12:38:08.256+0200][404944139ms] GC(15603) Concurrent Preclean
[2026-07-26T12:38:08.283+0200][404944166ms] GC(15603) Concurrent Preclean 27.472ms
[2026-07-26T12:38:08.283+0200][404944166ms] GC(15603) Concurrent Mark (404942.429s, 404944.167s) 1737.683ms
[2026-07-26T12:38:08.284+0200][404944167ms] GC(15603) Pause Remark
[2026-07-26T12:38:08.403+0200][404944286ms] GC(15603) Cleaned string and symbol table, strings: 487785 processed, 136 removed, symbols: 1499782 processed, 0 removed
[2026-07-26T12:38:08.404+0200][404944287ms] GC(15603) Pause Remark 10271M->10271M(32768M) 120.402ms
[2026-07-26T12:38:08.404+0200][404944287ms] GC(15603) User=3.12s Sys=0.02s Real=0.12s
[2026-07-26T12:38:08.404+0200][404944287ms] GC(15603) Concurrent Rebuild Remembered Sets
[2026-07-26T12:38:10.430+0200][404946313ms] GC(15603) Concurrent Rebuild Remembered Sets 2026.029ms
[2026-07-26T12:38:10.432+0200][404946315ms] GC(15603) Pause Cleanup
[2026-07-26T12:38:10.434+0200][404946317ms] GC(15603) Pause Cleanup 10935M->10935M(32768M) 2.379ms
[2026-07-26T12:38:10.434+0200][404946317ms] GC(15603) User=0.03s Sys=0.00s Real=0.00s
[2026-07-26T12:38:10.434+0200][404946317ms] GC(15603) Concurrent Cleanup for Next Mark
[2026-07-26T12:38:10.444+0200][404946327ms] GC(15603) Concurrent Cleanup for Next Mark 9.447ms
[2026-07-26T12:38:10.444+0200][404946327ms] GC(15603) Concurrent Cycle 3922.738ms
[2026-07-26T12:40:07.945+0200][405063828ms] GC(15604) Pause Young (Normal) (G1 Evacuation Pause)
[2026-07-26T12:40:07.945+0200][405063828ms] GC(15604) Using 32 workers of 32 for evacuation
[2026-07-26T12:40:08.032+0200][405063915ms] GC(15604)   Pre Evacuate Collection Set: 0.1ms
[2026-07-26T12:40:08.032+0200][405063915ms] GC(15604)   Evacuate Collection Set: 39.6ms
[2026-07-26T12:40:08.032+0200][405063915ms] GC(15604)   Post Evacuate Collection Set: 46.6ms
[2026-07-26T12:40:08.032+0200][405063915ms] GC(15604)   Other: 0.6ms
[2026-07-26T12:40:08.032+0200][405063915ms] GC(15604) Eden regions: 1019->0(1021)
[2026-07-26T12:40:08.032+0200][405063915ms] GC(15604) Survivor regions: 8->7(129)
[2026-07-26T12:40:08.032+0200][405063915ms] GC(15604) Old regions: 595->595
[2026-07-26T12:40:08.032+0200][405063915ms] GC(15604) Humongous regions: 8->8
[2026-07-26T12:40:08.032+0200][405063915ms] GC(15604) Metaspace: 1025922K(1123328K)->1025922K(1123328K)
[2026-07-26T12:40:08.032+0200][405063915ms] GC(15604) Pause Young (Normal) (G1 Evacuation Pause) 26063M->9745M(32768M) 87.047ms
[2026-07-26T12:40:08.032+0200][405063915ms] GC(15604) User=2.15s Sys=0.04s Real=0.09s
[2026-07-26T12:40:08.032+0200][405063915ms] Concurrent String Deduplication (405063.916s)
[2026-07-26T12:40:08.036+0200][405063919ms] Concurrent String Deduplication 461.8K->183.4K(278.5K) avg 65.4% (405063.916s, 405063.919s) 3.440ms
[2026-07-26T12:42:07.731+0200][405183614ms] GC(15605) Pause Young (Concurrent Start) (G1 Evacuation Pause)
[2026-07-26T12:42:07.731+0200][405183614ms] GC(15605) Using 32 workers of 32 for evacuation
[2026-07-26T12:42:07.855+0200][405183738ms] GC(15605)   Pre Evacuate Collection Set: 8.2ms
[2026-07-26T12:42:07.855+0200][405183738ms] GC(15605)   Evacuate Collection Set: 75.2ms
[2026-07-26T12:42:07.855+0200][405183738ms] GC(15605)   Post Evacuate Collection Set: 40.1ms
[2026-07-26T12:42:07.855+0200][405183738ms] GC(15605)   Other: 0.6ms
[2026-07-26T12:42:07.855+0200][405183738ms] GC(15605) Eden regions: 1021->0(1022)
[2026-07-26T12:42:07.855+0200][405183738ms] GC(15605) Survivor regions: 7->6(129)
[2026-07-26T12:42:07.855+0200][405183738ms] GC(15605) Old regions: 595->595
[2026-07-26T12:42:07.855+0200][405183738ms] GC(15605) Humongous regions: 8->8
[2026-07-26T12:42:07.855+0200][405183738ms] GC(15605) Metaspace: 1025922K(1123328K)->1025922K(1123328K)
[2026-07-26T12:42:07.855+0200][405183738ms] GC(15605) Pause Young (Concurrent Start) (G1 Evacuation Pause) 26081M->9730M(32768M) 124.215ms
[2026-07-26T12:42:07.856+0200][405183739ms] GC(15605) User=2.68s Sys=0.04s Real=0.12s
[2026-07-26T12:42:07.856+0200][405183739ms] GC(15606) Concurrent Cycle
[2026-07-26T12:42:07.856+0200][405183739ms] GC(15606) Concurrent Clear Claimed Marks
[2026-07-26T12:42:07.856+0200][405183739ms] Concurrent String Deduplication (405183.739s)
[2026-07-26T12:42:07.857+0200][405183740ms] Concurrent String Deduplication 92872.0B->33784.0B(59088.0B) avg 65.4% (405183.739s, 405183.741s) 0.901ms
[2026-07-26T12:42:07.865+0200][405183748ms] GC(15606) Concurrent Clear Claimed Marks 9.637ms
[2026-07-26T12:42:07.865+0200][405183748ms] GC(15606) Concurrent Scan Root Regions
[2026-07-26T12:42:07.883+0200][405183766ms] GC(15606) Concurrent Scan Root Regions 17.375ms
[2026-07-26T12:42:07.883+0200][405183766ms] GC(15606) Concurrent Mark (405183.767s)
[2026-07-26T12:42:07.883+0200][405183766ms] GC(15606) Concurrent Mark From Roots
[2026-07-26T12:42:07.883+0200][405183766ms] GC(15606) Using 24 workers of 24 for marking
[2026-07-26T12:42:09.635+0200][405185518ms] GC(15606) Concurrent Mark From Roots 1752.638ms
[2026-07-26T12:42:09.635+0200][405185518ms] GC(15606) Concurrent Preclean
[2026-07-26T12:42:09.657+0200][405185540ms] GC(15606) Concurrent Preclean 21.083ms
[2026-07-26T12:42:09.657+0200][405185540ms] GC(15606) Concurrent Mark (405183.767s, 405185.540s) 1773.854ms
[2026-07-26T12:42:09.657+0200][405185540ms] GC(15606) Pause Remark
[2026-07-26T12:42:09.966+0200][405185849ms] GC(15606) Cleaned string and symbol table, strings: 487760 processed, 444 removed, symbols: 1499782 processed, 0 removed
[2026-07-26T12:42:09.972+0200][405185855ms] GC(15606) MMU target violated: 201.0ms (200.0ms/201.0ms)
[2026-07-26T12:42:09.972+0200][405185855ms] GC(15606) Pause Remark 10578M->10578M(32768M) 314.934ms
[2026-07-26T12:42:09.972+0200][405185855ms] GC(15606) User=7.36s Sys=0.06s Real=0.32s
[2026-07-26T12:42:09.972+0200][405185855ms] GC(15606) Concurrent Rebuild Remembered Sets
[2026-07-26T12:42:12.144+0200][405188027ms] GC(15606) Concurrent Rebuild Remembered Sets 2171.886ms
[2026-07-26T12:42:12.145+0200][405188028ms] GC(15606) Pause Cleanup
[2026-07-26T12:42:12.147+0200][405188030ms] GC(15606) Pause Cleanup 11450M->11450M(32768M) 1.970ms
[2026-07-26T12:42:12.147+0200][405188030ms] GC(15606) User=0.02s Sys=0.00s Real=0.00s
[2026-07-26T12:42:12.147+0200][405188030ms] GC(15606) Concurrent Cleanup for Next Mark
[2026-07-26T12:42:12.154+0200][405188037ms] GC(15606) Concurrent Cleanup for Next Mark 7.627ms
[2026-07-26T12:42:12.155+0200][405188038ms] GC(15606) Concurrent Cycle 4298.978ms
[2026-07-26T12:44:05.359+0200][405301242ms] GC(15607) Pause Young (Prepare Mixed) (G1 Evacuation Pause)
[2026-07-26T12:44:05.359+0200][405301242ms] GC(15607) Using 32 workers of 32 for evacuation
[2026-07-26T12:44:05.434+0200][405301317ms] GC(15607)   Pre Evacuate Collection Set: 0.1ms
[2026-07-26T12:44:05.434+0200][405301317ms] GC(15607)   Evacuate Collection Set: 35.4ms
[2026-07-26T12:44:05.434+0200][405301317ms] GC(15607)   Post Evacuate Collection Set: 38.3ms
[2026-07-26T12:44:05.434+0200][405301317ms] GC(15607)   Other: 0.8ms
[2026-07-26T12:44:05.434+0200][405301317ms] GC(15607) Eden regions: 1022->0(96)
[2026-07-26T12:44:05.434+0200][405301317ms] GC(15607) Survivor regions: 6->6(129)
[2026-07-26T12:44:05.434+0200][405301317ms] GC(15607) Old regions: 595->595
[2026-07-26T12:44:05.434+0200][405301317ms] GC(15607) Humongous regions: 8->8
[2026-07-26T12:44:05.434+0200][405301317ms] GC(15607) Metaspace: 1025917K(1123328K)->1025917K(1123328K)
[2026-07-26T12:44:05.434+0200][405301317ms] GC(15607) Pause Young (Prepare Mixed) (G1 Evacuation Pause) 26082M->9724M(32768M) 74.718ms
[2026-07-26T12:44:05.434+0200][405301317ms] GC(15607) User=1.93s Sys=0.00s Real=0.07s
[2026-07-26T12:44:05.434+0200][405301317ms] Concurrent String Deduplication (405301.318s)
[2026-07-26T12:44:05.435+0200][405301318ms] Concurrent String Deduplication 135.1K->58240.0B(80088.0B) avg 65.4% (405301.318s, 405301.319s) 0.929ms
[2026-07-26T12:44:06.982+0200][405302865ms] GC(15608) Pause Young (Mixed) (G1 Evacuation Pause)
[2026-07-26T12:44:06.982+0200][405302865ms] GC(15608) Using 32 workers of 32 for evacuation
[2026-07-26T12:44:07.076+0200][405302959ms] GC(15608)   Pre Evacuate Collection Set: 0.1ms
[2026-07-26T12:44:07.076+0200][405302959ms] GC(15608)   Evacuate Collection Set: 53.6ms
[2026-07-26T12:44:07.076+0200][405302959ms] GC(15608)   Post Evacuate Collection Set: 39.5ms
[2026-07-26T12:44:07.076+0200][405302959ms] GC(15608)   Other: 1.0ms
[2026-07-26T12:44:07.076+0200][405302959ms] GC(15608) Eden regions: 96->0(1023)
[2026-07-26T12:44:07.076+0200][405302959ms] GC(15608) Survivor regions: 6->6(13)
[2026-07-26T12:44:07.076+0200][405302959ms] GC(15608) Old regions: 595->594
[2026-07-26T12:44:07.076+0200][405302959ms] GC(15608) Humongous regions: 8->8
[2026-07-26T12:44:07.076+0200][405302959ms] GC(15608) Metaspace: 1025917K(1123328K)->1025917K(1123328K)
[2026-07-26T12:44:07.076+0200][405302959ms] GC(15608) Pause Young (Mixed) (G1 Evacuation Pause) 11260M->9712M(32768M) 94.443ms
[2026-07-26T12:44:07.076+0200][405302959ms] GC(15608) User=2.25s Sys=0.01s Real=0.09s
[2026-07-26T12:44:07.076+0200][405302959ms] Concurrent String Deduplication (405302.960s)
[2026-07-26T12:44:07.079+0200][405302962ms] Concurrent String Deduplication 344.0K->141.9K(202.1K) avg 65.4% (405302.960s, 405302.962s) 2.328ms
[2026-07-26T12:46:07.012+0200][405422895ms] GC(15609) Pause Young (Normal) (G1 Evacuation Pause)
[2026-07-26T12:46:07.012+0200][405422895ms] GC(15609) Using 32 workers of 32 for evacuation
[2026-07-26T12:46:07.082+0200][405422965ms] GC(15609)   Pre Evacuate Collection Set: 0.1ms
[2026-07-26T12:46:07.082+0200][405422965ms] GC(15609)   Evacuate Collection Set: 29.9ms
[2026-07-26T12:46:07.082+0200][405422965ms] GC(15609)   Post Evacuate Collection Set: 39.9ms
[2026-07-26T12:46:07.082+0200][405422965ms] GC(15609)   Other: 0.4ms
[2026-07-26T12:46:07.082+0200][405422965ms] GC(15609) Eden regions: 1023->0(1025)
[2026-07-26T12:46:07.082+0200][405422965ms] GC(15609) Survivor regions: 6->3(129)
[2026-07-26T12:46:07.082+0200][405422965ms] GC(15609) Old regions: 594->595
[2026-07-26T12:46:07.082+0200][405422965ms] GC(15609) Humongous regions: 8->8
[2026-07-26T12:46:07.082+0200][405422965ms] GC(15609) Metaspace: 1025917K(1123328K)->1025917K(1123328K)
[2026-07-26T12:46:07.082+0200][405422965ms] GC(15609) Pause Young (Normal) (G1 Evacuation Pause) 26080M->9673M(32768M) 70.500ms
[2026-07-26T12:46:07.083+0200][405422966ms] GC(15609) User=1.18s Sys=0.02s Real=0.07s
[2026-07-26T12:46:07.083+0200][405422966ms] Concurrent String Deduplication (405422.966s)
[2026-07-26T12:46:07.085+0200][405422968ms] Concurrent String Deduplication 213.5K->89768.0B(125.9K) avg 65.4% (405422.966s, 405422.969s) 2.154ms
[2026-07-26T12:48:07.445+0200][405543328ms] GC(15610) Pause Young (Normal) (G1 Evacuation Pause)
[2026-07-26T12:48:07.445+0200][405543328ms] GC(15610) Using 32 workers of 32 for evacuation
[2026-07-26T12:48:07.496+0200][405543379ms] GC(15610)   Pre Evacuate Collection Set: 0.1ms
[2026-07-26T12:48:07.496+0200][405543379ms] GC(15610)   Evacuate Collection Set: 16.0ms
[2026-07-26T12:48:07.496+0200][405543379ms] GC(15610)   Post Evacuate Collection Set: 34.0ms
[2026-07-26T12:48:07.496+0200][405543379ms] GC(15610)   Other: 0.4ms
[2026-07-26T12:48:07.496+0200][405543379ms] GC(15610) Eden regions: 1025->0(1026)
[2026-07-26T12:48:07.496+0200][405543379ms] GC(15610) Survivor regions: 3->3(129)
[2026-07-26T12:48:07.496+0200][405543379ms] GC(15610) Old regions: 595->595
[2026-07-26T12:48:07.496+0200][405543379ms] GC(15610) Humongous regions: 8->8
[2026-07-26T12:48:07.496+0200][405543379ms] GC(15610) Metaspace: 1025917K(1123328K)->1025917K(1123328K)
[2026-07-26T12:48:07.496+0200][405543379ms] GC(15610) Pause Young (Normal) (G1 Evacuation Pause) 26073M->9669M(32768M) 50.682ms
[2026-07-26T12:48:07.496+0200][405543379ms] GC(15610) User=1.08s Sys=0.11s Real=0.05s
[2026-07-26T12:48:07.496+0200][405543379ms] Concurrent String Deduplication (405543.380s)
[2026-07-26T12:48:07.496+0200][405543379ms] Concurrent String Deduplication 168.0B->168.0B(0.0B) avg 65.4% (405543.380s, 405543.380s) 0.033ms
[2026-07-26T12:50:08.975+0200][405664858ms] GC(15611) Pause Young (Concurrent Start) (G1 Evacuation Pause)
[2026-07-26T12:50:08.976+0200][405664859ms] GC(15611) Using 32 workers of 32 for evacuation
[2026-07-26T12:50:09.085+0200][405664968ms] GC(15611)   Pre Evacuate Collection Set: 9.1ms
[2026-07-26T12:50:09.085+0200][405664968ms] GC(15611)   Evacuate Collection Set: 58.5ms
[2026-07-26T12:50:09.085+0200][405664968ms] GC(15611)   Post Evacuate Collection Set: 41.5ms
[2026-07-26T12:50:09.085+0200][405664968ms] GC(15611)   Other: 0.5ms
[2026-07-26T12:50:09.085+0200][405664968ms] GC(15611) Eden regions: 1026->0(1026)
[2026-07-26T12:50:09.085+0200][405664968ms] GC(15611) Survivor regions: 3->3(129)
[2026-07-26T12:50:09.085+0200][405664968ms] GC(15611) Old regions: 595->595
[2026-07-26T12:50:09.085+0200][405664968ms] GC(15611) Humongous regions: 8->8
[2026-07-26T12:50:09.085+0200][405664968ms] GC(15611) Metaspace: 1025917K(1123328K)->1025917K(1123328K)
[2026-07-26T12:50:09.085+0200][405664968ms] GC(15611) Pause Young (Concurrent Start) (G1 Evacuation Pause) 26085M->9668M(32768M) 109.755ms
[2026-07-26T12:50:09.085+0200][405664968ms] GC(15611) User=2.09s Sys=0.03s Real=0.11s
[2026-07-26T12:50:09.085+0200][405664968ms] GC(15612) Concurrent Cycle
[2026-07-26T12:50:09.085+0200][405664968ms] GC(15612) Concurrent Clear Claimed Marks
[2026-07-26T12:50:09.086+0200][405664969ms] Concurrent String Deduplication (405664.969s)
[2026-07-26T12:50:09.090+0200][405664973ms] Concurrent String Deduplication 213.5K->98408.0B(117.4K) avg 65.4% (405664.969s, 405664.974s) 2.690ms
[2026-07-26T12:50:09.095+0200][405664978ms] GC(15612) Concurrent Clear Claimed Marks 9.983ms
[2026-07-26T12:50:09.095+0200][405664978ms] GC(15612) Concurrent Scan Root Regions
[2026-07-26T12:50:09.133+0200][405665016ms] GC(15612) Concurrent Scan Root Regions 37.248ms
[2026-07-26T12:50:09.133+0200][405665016ms] GC(15612) Concurrent Mark (405665.016s)
[2026-07-26T12:50:09.133+0200][405665016ms] GC(15612) Concurrent Mark From Roots
[2026-07-26T12:50:09.133+0200][405665016ms] GC(15612) Using 24 workers of 24 for marking
[2026-07-26T12:50:11.103+0200][405666986ms] GC(15612) Concurrent Mark From Roots 1970.226ms
[2026-07-26T12:50:11.103+0200][405666986ms] GC(15612) Concurrent Preclean
[2026-07-26T12:50:11.150+0200][405667033ms] GC(15612) Concurrent Preclean 47.099ms
[2026-07-26T12:50:11.150+0200][405667033ms] GC(15612) Concurrent Mark (405665.016s, 405667.034s) 2017.493ms
[2026-07-26T12:50:11.151+0200][405667034ms] GC(15612) Pause Remark
[2026-07-26T12:50:11.293+0200][405667176ms] GC(15612) Cleaned string and symbol table, strings: 487716 processed, 45 removed, symbols: 1499782 processed, 0 removed
[2026-07-26T12:50:11.294+0200][405667177ms] GC(15612) Pause Remark 10255M->10255M(32768M) 143.611ms
[2026-07-26T12:50:11.294+0200][405667177ms] GC(15612) User=3.39s Sys=0.08s Real=0.14s
[2026-07-26T12:50:11.294+0200][405667177ms] GC(15612) Concurrent Rebuild Remembered Sets
[2026-07-26T12:50:13.416+0200][405669299ms] GC(15612) Concurrent Rebuild Remembered Sets 2121.360ms
[2026-07-26T12:50:13.416+0200][405669299ms] GC(15612) Pause Cleanup
[2026-07-26T12:50:13.423+0200][405669306ms] GC(15612) Pause Cleanup 11004M->11004M(32768M) 6.329ms
[2026-07-26T12:50:13.423+0200][405669306ms] GC(15612) User=0.02s Sys=0.00s Real=0.01s
[2026-07-26T12:50:13.423+0200][405669306ms] GC(15612) Concurrent Cleanup for Next Mark
[2026-07-26T12:50:13.433+0200][405669316ms] GC(15612) Concurrent Cleanup for Next Mark 9.718ms
[2026-07-26T12:50:13.433+0200][405669316ms] GC(15612) Concurrent Cycle 4347.399ms
[2026-07-26T12:52:08.411+0200][405784294ms] GC(15613) Pause Young (Normal) (G1 Evacuation Pause)
[2026-07-26T12:52:08.411+0200][405784294ms] GC(15613) Using 32 workers of 32 for evacuation
[2026-07-26T12:52:08.464+0200][405784347ms] GC(15613)   Pre Evacuate Collection Set: 0.1ms
[2026-07-26T12:52:08.464+0200][405784347ms] GC(15613)   Evacuate Collection Set: 19.7ms
[2026-07-26T12:52:08.464+0200][405784347ms] GC(15613)   Post Evacuate Collection Set: 32.3ms
[2026-07-26T12:52:08.464+0200][405784347ms] GC(15613)   Other: 0.5ms
[2026-07-26T12:52:08.464+0200][405784347ms] GC(15613) Eden regions: 1026->0(1027)
[2026-07-26T12:52:08.464+0200][405784347ms] GC(15613) Survivor regions: 3->2(129)
[2026-07-26T12:52:08.464+0200][405784347ms] GC(15613) Old regions: 595->595
[2026-07-26T12:52:08.464+0200][405784347ms] GC(15613) Humongous regions: 8->8
[2026-07-26T12:52:08.464+0200][405784347ms] GC(15613) Metaspace: 1025917K(1123328K)->1025917K(1123328K)
[2026-07-26T12:52:08.464+0200][405784347ms] GC(15613) Pause Young (Normal) (G1 Evacuation Pause) 26084M->9663M(32768M) 52.823ms
[2026-07-26T12:52:08.464+0200][405784347ms] GC(15613) User=1.29s Sys=0.09s Real=0.05s
[2026-07-26T12:52:08.464+0200][405784347ms] Concurrent String Deduplication (405784.348s)
[2026-07-26T12:52:08.466+0200][405784349ms] Concurrent String Deduplication 277.3K->112.5K(164.8K) avg 65.4% (405784.348s, 405784.350s) 1.791ms
[2026-07-26T12:54:08.326+0200][405904209ms] GC(15614) Pause Young (Concurrent Start) (G1 Evacuation Pause)
[2026-07-26T12:54:08.326+0200][405904209ms] GC(15614) Using 32 workers of 32 for evacuation
[2026-07-26T12:54:08.434+0200][405904317ms] GC(15614)   Pre Evacuate Collection Set: 8.2ms
[2026-07-26T12:54:08.434+0200][405904317ms] GC(15614)   Evacuate Collection Set: 58.7ms
[2026-07-26T12:54:08.434+0200][405904317ms] GC(15614)   Post Evacuate Collection Set: 40.8ms
[2026-07-26T12:54:08.434+0200][405904317ms] GC(15614)   Other: 0.7ms
[2026-07-26T12:54:08.434+0200][405904317ms] GC(15614) Eden regions: 1027->0(1027)
[2026-07-26T12:54:08.434+0200][405904317ms] GC(15614) Survivor regions: 2->3(129)
[2026-07-26T12:54:08.434+0200][405904317ms] GC(15614) Old regions: 595->595
[2026-07-26T12:54:08.434+0200][405904317ms] GC(15614) Humongous regions: 8->8
[2026-07-26T12:54:08.434+0200][405904317ms] GC(15614) Metaspace: 1025917K(1123328K)->1025917K(1123328K)
[2026-07-26T12:54:08.434+0200][405904317ms] GC(15614) Pause Young (Concurrent Start) (G1 Evacuation Pause) 26095M->9670M(32768M) 108.408ms
[2026-07-26T12:54:08.434+0200][405904317ms] GC(15614) User=2.28s Sys=0.00s Real=0.11s
[2026-07-26T12:54:08.434+0200][405904317ms] GC(15615) Concurrent Cycle
[2026-07-26T12:54:08.434+0200][405904317ms] GC(15615) Concurrent Clear Claimed Marks
[2026-07-26T12:54:08.434+0200][405904317ms] Concurrent String Deduplication (405904.318s)
[2026-07-26T12:54:08.439+0200][405904322ms] Concurrent String Deduplication 421.6K->164.5K(257.0K) avg 65.4% (405904.318s, 405904.323s) 3.744ms
[2026-07-26T12:54:08.445+0200][405904328ms] GC(15615) Concurrent Clear Claimed Marks 10.930ms
[2026-07-26T12:54:08.445+0200][405904328ms] GC(15615) Concurrent Scan Root Regions
[2026-07-26T12:54:08.464+0200][405904347ms] GC(15615) Concurrent Scan Root Regions 19.061ms
[2026-07-26T12:54:08.464+0200][405904347ms] GC(15615) Concurrent Mark (405904.348s)
[2026-07-26T12:54:08.464+0200][405904347ms] GC(15615) Concurrent Mark From Roots
[2026-07-26T12:54:08.464+0200][405904347ms] GC(15615) Using 24 workers of 24 for marking
[2026-07-26T12:54:10.202+0200][405906085ms] GC(15615) Concurrent Mark From Roots 1737.389ms
[2026-07-26T12:54:10.202+0200][405906085ms] GC(15615) Concurrent Preclean
[2026-07-26T12:54:10.225+0200][405906108ms] GC(15615) Concurrent Preclean 22.733ms
[2026-07-26T12:54:10.225+0200][405906108ms] GC(15615) Concurrent Mark (405904.348s, 405906.108s) 1760.309ms
[2026-07-26T12:54:10.225+0200][405906108ms] GC(15615) Pause Remark
[2026-07-26T12:54:10.332+0200][405906215ms] GC(15615) Cleaned string and symbol table, strings: 487685 processed, 2 removed, symbols: 1499782 processed, 0 removed
[2026-07-26T12:54:10.334+0200][405906217ms] GC(15615) Pause Remark 10534M->10534M(32768M) 108.348ms
[2026-07-26T12:54:10.334+0200][405906217ms] GC(15615) User=2.59s Sys=0.14s Real=0.11s
[2026-07-26T12:54:10.334+0200][405906217ms] GC(15615) Concurrent Rebuild Remembered Sets
[2026-07-26T12:54:12.463+0200][405908346ms] GC(15615) Concurrent Rebuild Remembered Sets 2128.915ms
[2026-07-26T12:54:12.463+0200][405908346ms] GC(15615) Pause Cleanup
[2026-07-26T12:54:12.466+0200][405908349ms] GC(15615) Pause Cleanup 11662M->11662M(32768M) 2.352ms
[2026-07-26T12:54:12.466+0200][405908349ms] GC(15615) User=0.03s Sys=0.00s Real=0.00s
[2026-07-26T12:54:12.466+0200][405908349ms] GC(15615) Concurrent Cleanup for Next Mark
[2026-07-26T12:54:12.474+0200][405908357ms] GC(15615) Concurrent Cleanup for Next Mark 7.813ms
[2026-07-26T12:54:12.474+0200][405908357ms] GC(15615) Concurrent Cycle 4039.560ms
[2026-07-26T12:56:08.156+0200][406024039ms] GC(15616) Pause Young (Normal) (G1 Evacuation Pause)
[2026-07-26T12:56:08.156+0200][406024039ms] GC(15616) Using 32 workers of 32 for evacuation
[2026-07-26T12:56:08.213+0200][406024096ms] GC(15616)   Pre Evacuate Collection Set: 0.1ms
[2026-07-26T12:56:08.213+0200][406024096ms] GC(15616)   Evacuate Collection Set: 17.7ms
[2026-07-26T12:56:08.213+0200][406024096ms] GC(15616)   Post Evacuate Collection Set: 39.1ms
[2026-07-26T12:56:08.213+0200][406024096ms] GC(15616)   Other: 0.5ms
[2026-07-26T12:56:08.213+0200][406024096ms] GC(15616) Eden regions: 1027->0(1027)
[2026-07-26T12:56:08.213+0200][406024096ms] GC(15616) Survivor regions: 3->3(129)
[2026-07-26T12:56:08.213+0200][406024096ms] GC(15616) Old regions: 595->595
[2026-07-26T12:56:08.213+0200][406024096ms] GC(15616) Humongous regions: 8->8
[2026-07-26T12:56:08.213+0200][406024096ms] GC(15616) Metaspace: 1025917K(1123328K)->1025917K(1123328K)
[2026-07-26T12:56:08.213+0200][406024096ms] GC(15616) Pause Young (Normal) (G1 Evacuation Pause) 26102M->9676M(32768M) 57.621ms
[2026-07-26T12:56:08.213+0200][406024096ms] GC(15616) User=1.40s Sys=0.00s Real=0.06s
[2026-07-26T12:56:08.214+0200][406024097ms] Concurrent String Deduplication (406024.097s)
[2026-07-26T12:56:08.216+0200][406024099ms] Concurrent String Deduplication 280.6K->115.7K(165.0K) avg 65.4% (406024.097s, 406024.099s) 1.897ms
[2026-07-26T12:58:08.382+0200][406144265ms] GC(15617) Pause Young (Concurrent Start) (G1 Evacuation Pause)
[2026-07-26T12:58:08.382+0200][406144265ms] GC(15617) Using 32 workers of 32 for evacuation
[2026-07-26T12:58:08.493+0200][406144376ms] GC(15617)   Pre Evacuate Collection Set: 9.2ms
[2026-07-26T12:58:08.493+0200][406144376ms] GC(15617)   Evacuate Collection Set: 61.0ms
[2026-07-26T12:58:08.493+0200][406144376ms] GC(15617)   Post Evacuate Collection Set: 40.3ms
[2026-07-26T12:58:08.493+0200][406144376ms] GC(15617)   Other: 0.5ms
[2026-07-26T12:58:08.493+0200][406144376ms] GC(15617) Eden regions: 1027->0(1027)
[2026-07-26T12:58:08.493+0200][406144376ms] GC(15617) Survivor regions: 3->3(129)
[2026-07-26T12:58:08.493+0200][406144376ms] GC(15617) Old regions: 595->595
[2026-07-26T12:58:08.493+0200][406144376ms] GC(15617) Humongous regions: 8->8
[2026-07-26T12:58:08.493+0200][406144376ms] GC(15617) Metaspace: 1025917K(1123328K)->1025917K(1123328K)
[2026-07-26T12:58:08.493+0200][406144376ms] GC(15617) Pause Young (Concurrent Start) (G1 Evacuation Pause) 26108M->9676M(32768M) 111.147ms
[2026-07-26T12:58:08.493+0200][406144376ms] GC(15617) User=2.48s Sys=0.00s Real=0.11s
[2026-07-26T12:58:08.493+0200][406144376ms] GC(15618) Concurrent Cycle
[2026-07-26T12:58:08.493+0200][406144376ms] GC(15618) Concurrent Clear Claimed Marks
[2026-07-26T12:58:08.493+0200][406144376ms] Concurrent String Deduplication (406144.377s)
[2026-07-26T12:58:08.504+0200][406144387ms] GC(15618) Concurrent Clear Claimed Marks 11.136ms
[2026-07-26T12:58:08.504+0200][406144387ms] GC(15618) Concurrent Scan Root Regions
[2026-07-26T12:58:08.506+0200][406144389ms] Concurrent String Deduplication 1107.9K->428.5K(679.4K) avg 65.4% (406144.377s, 406144.390s) 12.755ms
[2026-07-26T12:58:08.534+0200][406144417ms] GC(15618) Concurrent Scan Root Regions 29.916ms
[2026-07-26T12:58:08.534+0200][406144417ms] GC(15618) Concurrent Mark (406144.418s)
[2026-07-26T12:58:08.534+0200][406144417ms] GC(15618) Concurrent Mark From Roots
[2026-07-26T12:58:08.534+0200][406144417ms] GC(15618) Using 24 workers of 24 for marking
[2026-07-26T12:58:10.292+0200][406146175ms] GC(15618) Concurrent Mark From Roots 1758.156ms
[2026-07-26T12:58:10.292+0200][406146175ms] GC(15618) Concurrent Preclean
[2026-07-26T12:58:10.325+0200][406146208ms] GC(15618) Concurrent Preclean 32.909ms
[2026-07-26T12:58:10.325+0200][406146208ms] GC(15618) Concurrent Mark (406144.418s, 406146.209s) 1791.187ms
[2026-07-26T12:58:10.326+0200][406146209ms] GC(15618) Pause Remark
[2026-07-26T12:58:10.644+0200][406146527ms] GC(15618) Cleaned string and symbol table, strings: 487688 processed, 2961 removed, symbols: 1499782 processed, 0 removed
[2026-07-26T12:58:10.645+0200][406146528ms] GC(15618) MMU target violated: 201.0ms (200.0ms/201.0ms)
[2026-07-26T12:58:10.645+0200][406146528ms] GC(15618) Pause Remark 10364M->10364M(32768M) 319.226ms
[2026-07-26T12:58:10.645+0200][406146528ms] GC(15618) User=7.67s Sys=0.11s Real=0.32s
[2026-07-26T12:58:10.645+0200][406146528ms] GC(15618) Concurrent Rebuild Remembered Sets
[2026-07-26T12:58:12.756+0200][406148639ms] GC(15618) Concurrent Rebuild Remembered Sets 2110.785ms
[2026-07-26T12:58:12.756+0200][406148639ms] GC(15618) Pause Cleanup
[2026-07-26T12:58:12.759+0200][406148642ms] GC(15618) Pause Cleanup 11220M->11220M(32768M) 2.747ms
[2026-07-26T12:58:12.759+0200][406148642ms] GC(15618) User=0.03s Sys=0.00s Real=0.01s
[2026-07-26T12:58:12.759+0200][406148642ms] GC(15618) Concurrent Cleanup for Next Mark
[2026-07-26T12:58:12.771+0200][406148654ms] GC(15618) Concurrent Cleanup for Next Mark 11.895ms
[2026-07-26T12:58:12.771+0200][406148654ms] GC(15618) Concurrent Cycle 4278.500ms
[2026-07-26T12:58:12.804+0200][406148687ms] GC(15619) Pause Young (Prepare Mixed) (G1 Evacuation Pause)
[2026-07-26T12:58:12.804+0200][406148687ms] GC(15619) Using 32 workers of 32 for evacuation
[2026-07-26T12:58:12.875+0200][406148758ms] GC(15619)   Pre Evacuate Collection Set: 0.2ms
[2026-07-26T12:58:12.875+0200][406148758ms] GC(15619)   Evacuate Collection Set: 29.1ms
[2026-07-26T12:58:12.875+0200][406148758ms] GC(15619)   Post Evacuate Collection Set: 40.9ms
[2026-07-26T12:58:12.875+0200][406148758ms] GC(15619)   Other: 1.1ms
[2026-07-26T12:58:12.875+0200][406148758ms] GC(15619) Eden regions: 99->0(99)
[2026-07-26T12:58:12.875+0200][406148758ms] GC(15619) Survivor regions: 3->3(13)
[2026-07-26T12:58:12.875+0200][406148758ms] GC(15619) Old regions: 595->595
[2026-07-26T12:58:12.875+0200][406148758ms] GC(15619) Humongous regions: 8->8
[2026-07-26T12:58:12.875+0200][406148758ms] GC(15619) Metaspace: 1025913K(1123328K)->1025913K(1123328K)
[2026-07-26T12:58:12.876+0200][406148759ms] GC(15619) Pause Young (Prepare Mixed) (G1 Evacuation Pause) 11260M->9678M(32768M) 71.525ms
[2026-07-26T12:58:12.876+0200][406148759ms] GC(15619) User=1.27s Sys=0.00s Real=0.07s
[2026-07-26T12:58:12.876+0200][406148759ms] Concurrent String Deduplication (406148.760s)
[2026-07-26T12:58:12.883+0200][406148766ms] Concurrent String Deduplication 904.6K->341.2K(563.5K) avg 65.4% (406148.760s, 406148.766s) 6.807ms
[2026-07-26T12:58:14.472+0200][406150355ms] GC(15620) Pause Young (Mixed) (G1 Evacuation Pause)
[2026-07-26T12:58:14.472+0200][406150355ms] GC(15620) Using 32 workers of 32 for evacuation
[2026-07-26T12:58:14.575+0200][406150458ms] GC(15620)   Pre Evacuate Collection Set: 0.1ms
[2026-07-26T12:58:14.575+0200][406150458ms] GC(15620)   Evacuate Collection Set: 70.5ms
[2026-07-26T12:58:14.575+0200][406150458ms] GC(15620)   Post Evacuate Collection Set: 31.3ms
[2026-07-26T12:58:14.575+0200][406150458ms] GC(15620)   Other: 1.2ms
[2026-07-26T12:58:14.575+0200][406150458ms] GC(15620) Eden regions: 99->0(331)
[2026-07-26T12:58:14.575+0200][406150458ms] GC(15620) Survivor regions: 3->3(13)
[2026-07-26T12:58:14.575+0200][406150458ms] GC(15620) Old regions: 595->594
[2026-07-26T12:58:14.575+0200][406150458ms] GC(15620) Humongous regions: 8->8
[2026-07-26T12:58:14.575+0200][406150458ms] GC(15620) Metaspace: 1025913K(1123328K)->1025913K(1123328K)
[2026-07-26T12:58:14.575+0200][406150458ms] GC(15620) Pause Young (Mixed) (G1 Evacuation Pause) 11262M->9667M(32768M) 103.280ms
[2026-07-26T12:58:14.575+0200][406150458ms] GC(15620) User=2.68s Sys=0.01s Real=0.10s
[2026-07-26T12:58:14.576+0200][406150459ms] Concurrent String Deduplication (406150.460s)
[2026-07-26T12:58:14.584+0200][406150467ms] Concurrent String Deduplication 1315.9K->253.1K(1062.8K) avg 65.4% (406150.460s, 406150.467s) 7.903ms
[2026-07-26T12:59:06.449+0200][406202332ms] GC(15621) Pause Young (Normal) (G1 Evacuation Pause)
[2026-07-26T12:59:06.449+0200][406202332ms] GC(15621) Using 32 workers of 32 for evacuation
[2026-07-26T12:59:06.498+0200][406202381ms] GC(15621)   Pre Evacuate Collection Set: 0.1ms
[2026-07-26T12:59:06.498+0200][406202381ms] GC(15621)   Evacuate Collection Set: 22.5ms
[2026-07-26T12:59:06.498+0200][406202381ms] GC(15621)   Post Evacuate Collection Set: 26.2ms
[2026-07-26T12:59:06.498+0200][406202381ms] GC(15621)   Other: 0.4ms
[2026-07-26T12:59:06.498+0200][406202381ms] GC(15621) Eden regions: 331->0(453)
[2026-07-26T12:59:06.498+0200][406202381ms] GC(15621) Survivor regions: 3->3(42)
[2026-07-26T12:59:06.498+0200][406202381ms] GC(15621) Old regions: 594->594
[2026-07-26T12:59:06.498+0200][406202381ms] GC(15621) Humongous regions: 8->8
[2026-07-26T12:59:06.498+0200][406202381ms] GC(15621) Metaspace: 1025913K(1123328K)->1025913K(1123328K)
[2026-07-26T12:59:06.498+0200][406202381ms] GC(15621) Pause Young (Normal) (G1 Evacuation Pause) 14963M->9671M(32768M) 49.273ms
[2026-07-26T12:59:06.498+0200][406202381ms] GC(15621) User=1.11s Sys=0.00s Real=0.04s
[2026-07-26T12:59:06.498+0200][406202381ms] Concurrent String Deduplication (406202.382s)
[2026-07-26T12:59:06.499+0200][406202382ms] Concurrent String Deduplication 128.1K->3760.0B(124.4K) avg 65.4% (406202.382s, 406202.383s) 0.759ms
[2026-07-26T13:00:06.621+0200][406262504ms] GC(15622) Pause Young (Normal) (G1 Evacuation Pause)
[2026-07-26T13:00:06.621+0200][406262504ms] GC(15622) Using 32 workers of 32 for evacuation
[2026-07-26T13:00:06.682+0200][406262565ms] GC(15622)   Pre Evacuate Collection Set: 0.1ms
[2026-07-26T13:00:06.682+0200][406262565ms] GC(15622)   Evacuate Collection Set: 15.4ms
[2026-07-26T13:00:06.682+0200][406262565ms] GC(15622)   Post Evacuate Collection Set: 45.5ms
[2026-07-26T13:00:06.682+0200][406262565ms] GC(15622)   Other: 0.4ms
[2026-07-26T13:00:06.682+0200][406262565ms] GC(15622) Eden regions: 453->0(523)
[2026-07-26T13:00:06.682+0200][406262565ms] GC(15622) Survivor regions: 3->3(57)
[2026-07-26T13:00:06.682+0200][406262565ms] GC(15622) Old regions: 594->594
[2026-07-26T13:00:06.682+0200][406262565ms] GC(15622) Humongous regions: 8->8
[2026-07-26T13:00:06.682+0200][406262565ms] GC(15622) Metaspace: 1025913K(1123328K)->1025913K(1123328K)
[2026-07-26T13:00:06.682+0200][406262565ms] GC(15622) Pause Young (Normal) (G1 Evacuation Pause) 16919M->9672M(32768M) 61.579ms
[2026-07-26T13:00:06.682+0200][406262565ms] GC(15622) User=1.15s Sys=0.05s Real=0.06s
[2026-07-26T13:00:06.682+0200][406262565ms] Concurrent String Deduplication (406262.566s)
[2026-07-26T13:00:06.683+0200][406262566ms] Concurrent String Deduplication 0.0B->0.0B(0.0B) avg 65.4% (406262.566s, 406262.566s) 0.393ms
[2026-07-26T13:00:47.905+0200][406303788ms] GC(15623) Pause Young (Normal) (G1 Evacuation Pause)
[2026-07-26T13:00:47.905+0200][406303788ms] GC(15623) Using 32 workers of 32 for evacuation
[2026-07-26T13:00:47.963+0200][406303846ms] GC(15623)   Pre Evacuate Collection Set: 0.1ms
[2026-07-26T13:00:47.963+0200][406303846ms] GC(15623)   Evacuate Collection Set: 17.8ms
[2026-07-26T13:00:47.963+0200][406303846ms] GC(15623)   Post Evacuate Collection Set: 39.3ms
[2026-07-26T13:00:47.963+0200][406303846ms] GC(15623)   Other: 0.4ms
[2026-07-26T13:00:47.963+0200][406303846ms] GC(15623) Eden regions: 523->0(589)
[2026-07-26T13:00:47.963+0200][406303846ms] GC(15623) Survivor regions: 3->4(66)
[2026-07-26T13:00:47.963+0200][406303846ms] GC(15623) Old regions: 594->594
[2026-07-26T13:00:47.963+0200][406303846ms] GC(15623) Humongous regions: 8->8
[2026-07-26T13:00:47.963+0200][406303846ms] GC(15623) Metaspace: 1026003K(1123328K)->1026003K(1123328K)
[2026-07-26T13:00:47.963+0200][406303846ms] GC(15623) Pause Young (Normal) (G1 Evacuation Pause) 18040M->9691M(32768M) 57.698ms
[2026-07-26T13:00:47.963+0200][406303846ms] GC(15623) User=1.21s Sys=0.00s Real=0.06s
[2026-07-26T13:00:47.963+0200][406303846ms] Concurrent String Deduplication (406303.847s)
[2026-07-26T13:00:47.967+0200][406303850ms] Concurrent String Deduplication 511.4K->342.7K(168.6K) avg 65.4% (406303.847s, 406303.850s) 2.863ms
[2026-07-26T13:02:05.519+0200][406381402ms] GC(15624) Pause Young (Normal) (G1 Evacuation Pause)
[2026-07-26T13:02:05.519+0200][406381402ms] GC(15624) Using 32 workers of 32 for evacuation
[2026-07-26T13:02:05.566+0200][406381449ms] GC(15624)   Pre Evacuate Collection Set: 0.1ms
[2026-07-26T13:02:05.566+0200][406381449ms] GC(15624)   Evacuate Collection Set: 15.0ms
[2026-07-26T13:02:05.566+0200][406381449ms] GC(15624)   Post Evacuate Collection Set: 31.5ms
[2026-07-26T13:02:05.566+0200][406381449ms] GC(15624)   Other: 0.4ms
[2026-07-26T13:02:05.566+0200][406381449ms] GC(15624) Eden regions: 589->0(665)
[2026-07-26T13:02:05.566+0200][406381449ms] GC(15624) Survivor regions: 4->4(75)
[2026-07-26T13:02:05.566+0200][406381449ms] GC(15624) Old regions: 594->594
[2026-07-26T13:02:05.566+0200][406381449ms] GC(15624) Humongous regions: 8->8
[2026-07-26T13:02:05.567+0200][406381450ms] GC(15624) Metaspace: 1026007K(1123328K)->1026007K(1123328K)
[2026-07-26T13:02:05.567+0200][406381450ms] GC(15624) Pause Young (Normal) (G1 Evacuation Pause) 19115M->9693M(32768M) 47.162ms
[2026-07-26T13:02:05.567+0200][406381450ms] GC(15624) User=0.94s Sys=0.00s Real=0.04s
[2026-07-26T13:02:05.567+0200][406381450ms] Concurrent String Deduplication (406381.451s)
[2026-07-26T13:02:05.568+0200][406381451ms] Concurrent String Deduplication 114.2K->70920.0B(46072.0B) avg 65.4% (406381.451s, 406381.451s) 0.870ms
[2026-07-26T13:03:07.457+0200][406443340ms] GC(15625) Pause Young (Normal) (G1 Evacuation Pause)
[2026-07-26T13:03:07.457+0200][406443340ms] GC(15625) Using 32 workers of 32 for evacuation
[2026-07-26T13:03:07.508+0200][406443391ms] GC(15625)   Pre Evacuate Collection Set: 0.1ms
[2026-07-26T13:03:07.508+0200][406443391ms] GC(15625)   Evacuate Collection Set: 17.0ms
[2026-07-26T13:03:07.508+0200][406443391ms] GC(15625)   Post Evacuate Collection Set: 33.2ms
[2026-07-26T13:03:07.508+0200][406443391ms] GC(15625)   Other: 0.4ms
[2026-07-26T13:03:07.508+0200][406443391ms] GC(15625) Eden regions: 665->0(693)
[2026-07-26T13:03:07.508+0200][406443391ms] GC(15625) Survivor regions: 4->5(84)
[2026-07-26T13:03:07.508+0200][406443391ms] GC(15625) Old regions: 594->595
[2026-07-26T13:03:07.508+0200][406443391ms] GC(15625) Humongous regions: 8->8
[2026-07-26T13:03:07.508+0200][406443391ms] GC(15625) Metaspace: 1026012K(1123328K)->1026012K(1123328K)
[2026-07-26T13:03:07.508+0200][406443391ms] GC(15625) Pause Young (Normal) (G1 Evacuation Pause) 20333M->9696M(32768M) 50.778ms
[2026-07-26T13:03:07.508+0200][406443391ms] GC(15625) User=1.17s Sys=0.00s Real=0.05s
[2026-07-26T13:03:07.508+0200][406443391ms] Concurrent String Deduplication (406443.392s)
[2026-07-26T13:03:07.524+0200][406443407ms] Concurrent String Deduplication 2343.0K->1347.8K(995.3K) avg 65.4% (406443.392s, 406443.408s) 15.853ms
[2026-07-26T13:04:20.332+0200][406516215ms] GC(15626) Pause Young (Normal) (G1 Evacuation Pause)
[2026-07-26T13:04:20.332+0200][406516215ms] GC(15626) Using 32 workers of 32 for evacuation
[2026-07-26T13:04:20.377+0200][406516260ms] GC(15626)   Pre Evacuate Collection Set: 0.1ms
[2026-07-26T13:04:20.377+0200][406516260ms] GC(15626)   Evacuate Collection Set: 13.4ms
[2026-07-26T13:04:20.377+0200][406516260ms] GC(15626)   Post Evacuate Collection Set: 31.5ms
[2026-07-26T13:04:20.377+0200][406516260ms] GC(15626)   Other: 0.4ms
[2026-07-26T13:04:20.377+0200][406516260ms] GC(15626) Eden regions: 693->0(756)
[2026-07-26T13:04:20.377+0200][406516260ms] GC(15626) Survivor regions: 5->5(88)
[2026-07-26T13:04:20.377+0200][406516260ms] GC(15626) Old regions: 595->595
[2026-07-26T13:04:20.377+0200][406516260ms] GC(15626) Humongous regions: 8->8
[2026-07-26T13:04:20.377+0200][406516260ms] GC(15626) Metaspace: 1026014K(1123328K)->1026014K(1123328K)
[2026-07-26T13:04:20.377+0200][406516260ms] GC(15626) Pause Young (Normal) (G1 Evacuation Pause) 20784M->9697M(32768M) 45.521ms
[2026-07-26T13:04:20.377+0200][406516260ms] GC(15626) User=0.98s Sys=0.00s Real=0.04s
[2026-07-26T13:04:20.378+0200][406516261ms] Concurrent String Deduplication (406516.261s)
[2026-07-26T13:04:20.382+0200][406516265ms] Concurrent String Deduplication 1497.6K->1273.6K(224.0K) avg 65.4% (406516.261s, 406516.266s) 4.574ms
[2026-07-26T13:06:07.125+0200][406623008ms] GC(15627) Pause Young (Normal) (G1 Evacuation Pause)
[2026-07-26T13:06:07.125+0200][406623008ms] GC(15627) Using 32 workers of 32 for evacuation
[2026-07-26T13:06:07.185+0200][406623068ms] GC(15627)   Pre Evacuate Collection Set: 0.1ms
[2026-07-26T13:06:07.185+0200][406623068ms] GC(15627)   Evacuate Collection Set: 21.3ms
[2026-07-26T13:06:07.185+0200][406623068ms] GC(15627)   Post Evacuate Collection Set: 38.8ms
[2026-07-26T13:06:07.185+0200][406623068ms] GC(15627)   Other: 0.5ms
[2026-07-26T13:06:07.185+0200][406623068ms] GC(15627) Eden regions: 756->0(758)
[2026-07-26T13:06:07.185+0200][406623068ms] GC(15627) Survivor regions: 5->5(96)
[2026-07-26T13:06:07.185+0200][406623068ms] GC(15627) Old regions: 595->595
[2026-07-26T13:06:07.185+0200][406623068ms] GC(15627) Humongous regions: 8->8
[2026-07-26T13:06:07.185+0200][406623068ms] GC(15627) Metaspace: 1026014K(1123328K)->1026014K(1123328K)
[2026-07-26T13:06:07.185+0200][406623068ms] GC(15627) Pause Young (Normal) (G1 Evacuation Pause) 21793M->9700M(32768M) 60.818ms
[2026-07-26T13:06:07.185+0200][406623068ms] GC(15627) User=1.46s Sys=0.05s Real=0.06s
[2026-07-26T13:06:07.186+0200][406623069ms] Concurrent String Deduplication (406623.069s)
[2026-07-26T13:06:07.192+0200][406623075ms] Concurrent String Deduplication 444.9K->212.7K(232.3K) avg 65.4% (406623.069s, 406623.076s) 6.786ms
[2026-07-26T13:07:37.216+0200][406713099ms] GC(15628) Pause Young (Normal) (G1 Evacuation Pause)
[2026-07-26T13:07:37.216+0200][406713099ms] GC(15628) Using 32 workers of 32 for evacuation
[2026-07-26T13:07:37.264+0200][406713147ms] GC(15628)   Pre Evacuate Collection Set: 0.1ms
[2026-07-26T13:07:37.264+0200][406713147ms] GC(15628)   Evacuate Collection Set: 15.8ms
[2026-07-26T13:07:37.264+0200][406713147ms] GC(15628)   Post Evacuate Collection Set: 31.5ms
[2026-07-26T13:07:37.264+0200][406713147ms] GC(15628)   Other: 0.4ms
[2026-07-26T13:07:37.264+0200][406713147ms] GC(15628) Eden regions: 758->0(853)
[2026-07-26T13:07:37.264+0200][406713147ms] GC(15628) Survivor regions: 5->5(96)
[2026-07-26T13:07:37.264+0200][406713147ms] GC(15628) Old regions: 595->595
[2026-07-26T13:07:37.264+0200][406713147ms] GC(15628) Humongous regions: 8->8
[2026-07-26T13:07:37.264+0200][406713147ms] GC(15628) Metaspace: 1026017K(1123328K)->1026017K(1123328K)
[2026-07-26T13:07:37.264+0200][406713147ms] GC(15628) Pause Young (Normal) (G1 Evacuation Pause) 21828M->9697M(32768M) 47.873ms
[2026-07-26T13:07:37.264+0200][406713147ms] GC(15628) User=1.04s Sys=0.00s Real=0.05s
[2026-07-26T13:07:37.264+0200][406713147ms] Concurrent String Deduplication (406713.148s)
[2026-07-26T13:07:37.266+0200][406713149ms] Concurrent String Deduplication 307.3K->175.1K(132.2K) avg 65.4% (406713.148s, 406713.150s) 1.713ms
[2026-07-26T13:09:08.091+0200][406803974ms] GC(15629) Pause Young (Normal) (G1 Evacuation Pause)
[2026-07-26T13:09:08.091+0200][406803974ms] GC(15629) Using 32 workers of 32 for evacuation
[2026-07-26T13:09:08.148+0200][406804031ms] GC(15629)   Pre Evacuate Collection Set: 0.1ms
[2026-07-26T13:09:08.148+0200][406804031ms] GC(15629)   Evacuate Collection Set: 20.8ms
[2026-07-26T13:09:08.148+0200][406804031ms] GC(15629)   Post Evacuate Collection Set: 35.6ms
[2026-07-26T13:09:08.148+0200][406804031ms] GC(15629)   Other: 0.4ms
[2026-07-26T13:09:08.148+0200][406804031ms] GC(15629) Eden regions: 853->0(919)
[2026-07-26T13:09:08.148+0200][406804031ms] GC(15629) Survivor regions: 5->4(108)
[2026-07-26T13:09:08.148+0200][406804031ms] GC(15629) Old regions: 595->595
[2026-07-26T13:09:08.148+0200][406804031ms] GC(15629) Humongous regions: 8->8
[2026-07-26T13:09:08.148+0200][406804031ms] GC(15629) Metaspace: 1026017K(1123328K)->1026017K(1123328K)
[2026-07-26T13:09:08.148+0200][406804031ms] GC(15629) Pause Young (Normal) (G1 Evacuation Pause) 23345M->9691M(32768M) 57.143ms
[2026-07-26T13:09:08.148+0200][406804031ms] GC(15629) User=1.40s Sys=0.00s Real=0.06s
[2026-07-26T13:09:08.152+0200][406804035ms] Concurrent String Deduplication (406804.036s)
[2026-07-26T13:09:08.155+0200][406804038ms] Concurrent String Deduplication 643.5K->451.7K(191.9K) avg 65.4% (406804.036s, 406804.039s) 2.990ms
[2026-07-26T13:11:07.584+0200][406923467ms] GC(15630) Pause Young (Normal) (G1 Evacuation Pause)
[2026-07-26T13:11:07.584+0200][406923467ms] GC(15630) Using 32 workers of 32 for evacuation
[2026-07-26T13:11:07.628+0200][406923511ms] GC(15630)   Pre Evacuate Collection Set: 0.1ms
[2026-07-26T13:11:07.628+0200][406923511ms] GC(15630)   Evacuate Collection Set: 12.8ms
[2026-07-26T13:11:07.628+0200][406923511ms] GC(15630)   Post Evacuate Collection Set: 31.2ms
[2026-07-26T13:11:07.628+0200][406923511ms] GC(15630)   Other: 0.4ms
[2026-07-26T13:11:07.628+0200][406923511ms] GC(15630) Eden regions: 919->0(936)
[2026-07-26T13:11:07.628+0200][406923511ms] GC(15630) Survivor regions: 4->4(116)
[2026-07-26T13:11:07.628+0200][406923511ms] GC(15630) Old regions: 595->595
[2026-07-26T13:11:07.628+0200][406923511ms] GC(15630) Humongous regions: 8->8
[2026-07-26T13:11:07.628+0200][406923511ms] GC(15630) Metaspace: 1026022K(1123328K)->1026022K(1123328K)
[2026-07-26T13:11:07.628+0200][406923511ms] GC(15630) Pause Young (Normal) (G1 Evacuation Pause) 24395M->9688M(32768M) 44.683ms
[2026-07-26T13:11:07.628+0200][406923511ms] GC(15630) User=0.89s Sys=0.00s Real=0.05s
[2026-07-26T13:11:07.629+0200][406923512ms] Concurrent String Deduplication (406923.512s)
[2026-07-26T13:11:07.630+0200][406923513ms] Concurrent String Deduplication 217.3K->159.1K(59560.0B) avg 65.4% (406923.512s, 406923.513s) 1.053ms
[2026-07-26T13:13:06.637+0200][407042520ms] GC(15631) Pause Young (Normal) (G1 Evacuation Pause)
[2026-07-26T13:13:06.637+0200][407042520ms] GC(15631) Using 32 workers of 32 for evacuation
[2026-07-26T13:13:06.693+0200][407042576ms] GC(15631)   Pre Evacuate Collection Set: 0.1ms
[2026-07-26T13:13:06.693+0200][407042576ms] GC(15631)   Evacuate Collection Set: 19.4ms
[2026-07-26T13:13:06.693+0200][407042576ms] GC(15631)   Post Evacuate Collection Set: 36.0ms
[2026-07-26T13:13:06.693+0200][407042576ms] GC(15631)   Other: 0.4ms
[2026-07-26T13:13:06.693+0200][407042576ms] GC(15631) Eden regions: 936->0(951)
[2026-07-26T13:13:06.693+0200][407042576ms] GC(15631) Survivor regions: 4->4(118)
[2026-07-26T13:13:06.693+0200][407042576ms] GC(15631) Old regions: 595->595
[2026-07-26T13:13:06.693+0200][407042576ms] GC(15631) Humongous regions: 8->8
[2026-07-26T13:13:06.693+0200][407042576ms] GC(15631) Metaspace: 1026022K(1123328K)->1026022K(1123328K)
[2026-07-26T13:13:06.693+0200][407042576ms] GC(15631) Pause Young (Normal) (G1 Evacuation Pause) 24664M->9688M(32768M) 56.042ms
[2026-07-26T13:13:06.693+0200][407042576ms] GC(15631) User=0.89s Sys=0.02s Real=0.06s
[2026-07-26T13:13:06.693+0200][407042576ms] Concurrent String Deduplication (407042.577s)
[2026-07-26T13:13:06.695+0200][407042578ms] Concurrent String Deduplication 196.2K->83448.0B(114.7K) avg 65.4% (407042.577s, 407042.579s) 1.651ms
[2026-07-26T13:14:38.434+0200][407134317ms] GC(15632) Pause Young (Concurrent Start) (G1 Evacuation Pause)
[2026-07-26T13:14:38.434+0200][407134317ms] GC(15632) Using 32 workers of 32 for evacuation
[2026-07-26T13:14:38.528+0200][407134411ms] GC(15632)   Pre Evacuate Collection Set: 8.0ms
[2026-07-26T13:14:38.528+0200][407134411ms] GC(15632)   Evacuate Collection Set: 51.0ms
[2026-07-26T13:14:38.528+0200][407134411ms] GC(15632)   Post Evacuate Collection Set: 34.0ms
[2026-07-26T13:14:38.528+0200][407134411ms] GC(15632)   Other: 0.5ms
[2026-07-26T13:14:38.528+0200][407134411ms] GC(15632) Eden regions: 951->0(965)
[2026-07-26T13:14:38.528+0200][407134411ms] GC(15632) Survivor regions: 4->3(120)
[2026-07-26T13:14:38.528+0200][407134411ms] GC(15632) Old regions: 595->595
[2026-07-26T13:14:38.528+0200][407134411ms] GC(15632) Humongous regions: 8->8
[2026-07-26T13:14:38.528+0200][407134411ms] GC(15632) Metaspace: 1026028K(1123328K)->1026028K(1123328K)
[2026-07-26T13:14:38.528+0200][407134411ms] GC(15632) Pause Young (Concurrent Start) (G1 Evacuation Pause) 24904M->9682M(32768M) 93.667ms
[2026-07-26T13:14:38.528+0200][407134411ms] GC(15632) User=2.05s Sys=0.01s Real=0.09s
[2026-07-26T13:14:38.528+0200][407134411ms] GC(15633) Concurrent Cycle
[2026-07-26T13:14:38.528+0200][407134411ms] GC(15633) Concurrent Clear Claimed Marks
[2026-07-26T13:14:38.529+0200][407134412ms] Concurrent String Deduplication (407134.413s)
[2026-07-26T13:14:38.530+0200][407134413ms] Concurrent String Deduplication 104.1K->65464.0B(41088.0B) avg 65.4% (407134.413s, 407134.413s) 0.730ms
[2026-07-26T13:14:38.538+0200][407134421ms] GC(15633) Concurrent Clear Claimed Marks 9.667ms
[2026-07-26T13:14:38.538+0200][407134421ms] GC(15633) Concurrent Scan Root Regions
[2026-07-26T13:14:38.554+0200][407134437ms] GC(15633) Concurrent Scan Root Regions 16.674ms
[2026-07-26T13:14:38.554+0200][407134437ms] GC(15633) Concurrent Mark (407134.438s)
[2026-07-26T13:14:38.554+0200][407134438ms] GC(15633) Concurrent Mark From Roots
[2026-07-26T13:14:38.555+0200][407134438ms] GC(15633) Using 24 workers of 24 for marking
[2026-07-26T13:14:40.065+0200][407135948ms] GC(15633) Concurrent Mark From Roots 1510.270ms
[2026-07-26T13:14:40.065+0200][407135948ms] GC(15633) Concurrent Preclean
[2026-07-26T13:14:40.083+0200][407135966ms] GC(15633) Concurrent Preclean 17.711ms
[2026-07-26T13:14:40.083+0200][407135966ms] GC(15633) Concurrent Mark (407134.438s, 407135.966s) 1528.110ms
[2026-07-26T13:14:40.083+0200][407135966ms] GC(15633) Pause Remark
[2026-07-26T13:14:40.193+0200][407136076ms] GC(15633) Cleaned string and symbol table, strings: 487750 processed, 1389 removed, symbols: 1499828 processed, 0 removed
[2026-07-26T13:14:40.194+0200][407136077ms] GC(15633) Pause Remark 10098M->10098M(32768M) 110.768ms
[2026-07-26T13:14:40.194+0200][407136077ms] GC(15633) User=2.95s Sys=0.00s Real=0.11s
[2026-07-26T13:14:40.194+0200][407136077ms] GC(15633) Concurrent Rebuild Remembered Sets
[2026-07-26T13:14:42.075+0200][407137958ms] GC(15633) Concurrent Rebuild Remembered Sets 1881.436ms
[2026-07-26T13:14:42.076+0200][407137959ms] GC(15633) Pause Cleanup
[2026-07-26T13:14:42.078+0200][407137961ms] GC(15633) Pause Cleanup 10266M->10266M(32768M) 1.653ms
[2026-07-26T13:14:42.078+0200][407137961ms] GC(15633) User=0.02s Sys=0.00s Real=0.00s
[2026-07-26T13:14:42.078+0200][407137961ms] GC(15633) Concurrent Cleanup for Next Mark
[2026-07-26T13:14:42.085+0200][407137968ms] GC(15633) Concurrent Cleanup for Next Mark 7.239ms
[2026-07-26T13:14:42.085+0200][407137968ms] GC(15633) Concurrent Cycle 3556.971ms
[2026-07-26T13:16:09.501+0200][407225384ms] GC(15634) Pause Young (Prepare Mixed) (G1 Evacuation Pause)
[2026-07-26T13:16:09.502+0200][407225385ms] GC(15634) Using 32 workers of 32 for evacuation
[2026-07-26T13:16:09.557+0200][407225440ms] GC(15634)   Pre Evacuate Collection Set: 0.1ms
[2026-07-26T13:16:09.557+0200][407225440ms] GC(15634)   Evacuate Collection Set: 23.9ms
[2026-07-26T13:16:09.557+0200][407225440ms] GC(15634)   Post Evacuate Collection Set: 31.1ms
[2026-07-26T13:16:09.557+0200][407225440ms] GC(15634)   Other: 0.8ms
[2026-07-26T13:16:09.557+0200][407225440ms] GC(15634) Eden regions: 965->0(99)
[2026-07-26T13:16:09.558+0200][407225441ms] GC(15634) Survivor regions: 3->3(121)
[2026-07-26T13:16:09.558+0200][407225441ms] GC(15634) Old regions: 595->595
[2026-07-26T13:16:09.558+0200][407225441ms] GC(15634) Humongous regions: 8->8
[2026-07-26T13:16:09.558+0200][407225441ms] GC(15634) Metaspace: 1026033K(1123328K)->1026033K(1123328K)
[2026-07-26T13:16:09.558+0200][407225441ms] GC(15634) Pause Young (Prepare Mixed) (G1 Evacuation Pause) 25122M->9680M(32768M) 56.060ms
[2026-07-26T13:16:09.558+0200][407225441ms] GC(15634) User=1.22s Sys=0.00s Real=0.05s
[2026-07-26T13:16:09.558+0200][407225441ms] Concurrent String Deduplication (407225.442s)
[2026-07-26T13:16:09.559+0200][407225442ms] Concurrent String Deduplication 228.6K->98936.0B(132.0K) avg 65.4% (407225.442s, 407225.443s) 1.528ms
[2026-07-26T13:16:36.360+0200][407252243ms] GC(15635) Pause Young (Mixed) (G1 Evacuation Pause)
[2026-07-26T13:16:36.360+0200][407252243ms] GC(15635) Using 32 workers of 32 for evacuation
[2026-07-26T13:16:36.439+0200][407252322ms] GC(15635)   Pre Evacuate Collection Set: 0.1ms
[2026-07-26T13:16:36.439+0200][407252322ms] GC(15635)   Evacuate Collection Set: 46.2ms
[2026-07-26T13:16:36.439+0200][407252322ms] GC(15635)   Post Evacuate Collection Set: 31.0ms
[2026-07-26T13:16:36.439+0200][407252322ms] GC(15635)   Other: 1.1ms
[2026-07-26T13:16:36.439+0200][407252322ms] GC(15635) Eden regions: 99->0(974)
[2026-07-26T13:16:36.439+0200][407252322ms] GC(15635) Survivor regions: 3->3(13)
[2026-07-26T13:16:36.439+0200][407252322ms] GC(15635) Old regions: 595->594
[2026-07-26T13:16:36.439+0200][407252322ms] GC(15635) Humongous regions: 8->8
[2026-07-26T13:16:36.439+0200][407252322ms] GC(15635) Metaspace: 1026073K(1123328K)->1026073K(1123328K)
[2026-07-26T13:16:36.439+0200][407252322ms] GC(15635) Pause Young (Mixed) (G1 Evacuation Pause) 11264M->9668M(32768M) 78.599ms
[2026-07-26T13:16:36.439+0200][407252322ms] GC(15635) User=1.96s Sys=0.00s Real=0.08s
[2026-07-26T13:16:36.439+0200][407252322ms] Concurrent String Deduplication (407252.323s)
[2026-07-26T13:16:36.442+0200][407252325ms] Concurrent String Deduplication 267.1K->101.2K(165.9K) avg 65.4% (407252.323s, 407252.326s) 2.985ms
[2026-07-26T13:18:09.073+0200][407344956ms] GC(15636) Pause Young (Normal) (G1 Evacuation Pause)
[2026-07-26T13:18:09.073+0200][407344956ms] GC(15636) Using 32 workers of 32 for evacuation
[2026-07-26T13:18:09.126+0200][407345009ms] GC(15636)   Pre Evacuate Collection Set: 0.1ms
[2026-07-26T13:18:09.126+0200][407345009ms] GC(15636)   Evacuate Collection Set: 19.0ms
[2026-07-26T13:18:09.126+0200][407345009ms] GC(15636)   Post Evacuate Collection Set: 33.9ms
[2026-07-26T13:18:09.126+0200][407345009ms] GC(15636)   Other: 0.4ms
[2026-07-26T13:18:09.126+0200][407345009ms] GC(15636) Eden regions: 974->0(981)
[2026-07-26T13:18:09.126+0200][407345009ms] GC(15636) Survivor regions: 3->3(123)
[2026-07-26T13:18:09.126+0200][407345009ms] GC(15636) Old regions: 594->594
[2026-07-26T13:18:09.126+0200][407345009ms] GC(15636) Humongous regions: 8->8
[2026-07-26T13:18:09.126+0200][407345009ms] GC(15636) Metaspace: 1026077K(1123328K)->1026077K(1123328K)
[2026-07-26T13:18:09.126+0200][407345009ms] GC(15636) Pause Young (Normal) (G1 Evacuation Pause) 25252M->9670M(32768M) 53.691ms
[2026-07-26T13:18:09.126+0200][407345009ms] GC(15636) User=1.27s Sys=0.00s Real=0.05s
[2026-07-26T13:18:09.127+0200][407345010ms] Concurrent String Deduplication (407345.010s)
[2026-07-26T13:18:09.134+0200][407345017ms] Concurrent String Deduplication 1651.2K->1373.9K(277.4K) avg 65.4% (407345.010s, 407345.018s) 7.336ms
[2026-07-26T13:20:08.590+0200][407464473ms] GC(15637) Pause Young (Normal) (G1 Evacuation Pause)
[2026-07-26T13:20:08.590+0200][407464473ms] GC(15637) Using 32 workers of 32 for evacuation
[2026-07-26T13:20:08.653+0200][407464536ms] GC(15637)   Pre Evacuate Collection Set: 0.1ms
[2026-07-26T13:20:08.653+0200][407464536ms] GC(15637)   Evacuate Collection Set: 15.6ms
[2026-07-26T13:20:08.653+0200][407464536ms] GC(15637)   Post Evacuate Collection Set: 46.5ms
[2026-07-26T13:20:08.653+0200][407464536ms] GC(15637)   Other: 0.6ms
[2026-07-26T13:20:08.653+0200][407464536ms] GC(15637) Eden regions: 981->0(985)
[2026-07-26T13:20:08.653+0200][407464536ms] GC(15637) Survivor regions: 3->4(123)
[2026-07-26T13:20:08.653+0200][407464536ms] GC(15637) Old regions: 594->594
[2026-07-26T13:20:08.653+0200][407464536ms] GC(15637) Humongous regions: 8->8
[2026-07-26T13:20:08.653+0200][407464536ms] GC(15637) Metaspace: 1026085K(1123328K)->1026085K(1123328K)
[2026-07-26T13:20:08.653+0200][407464536ms] GC(15637) Pause Young (Normal) (G1 Evacuation Pause) 25366M->9678M(32768M) 62.879ms
[2026-07-26T13:20:08.653+0200][407464536ms] GC(15637) User=1.25s Sys=0.02s Real=0.06s
[2026-07-26T13:20:08.653+0200][407464536ms] Concurrent String Deduplication (407464.537s)
[2026-07-26T13:20:08.655+0200][407464538ms] Concurrent String Deduplication 114.6K->61768.0B(55568.0B) avg 65.4% (407464.537s, 407464.539s) 1.003ms
[2026-07-26T13:22:07.091+0200][407582974ms] GC(15638) Pause Young (Concurrent Start) (G1 Evacuation Pause)
[2026-07-26T13:22:07.091+0200][407582974ms] GC(15638) Using 32 workers of 32 for evacuation
[2026-07-26T13:22:07.213+0200][407583096ms] GC(15638)   Pre Evacuate Collection Set: 9.3ms
[2026-07-26T13:22:07.213+0200][407583096ms] GC(15638)   Evacuate Collection Set: 71.9ms
[2026-07-26T13:22:07.213+0200][407583096ms] GC(15638)   Post Evacuate Collection Set: 40.0ms
[2026-07-26T13:22:07.213+0200][407583096ms] GC(15638)   Other: 0.6ms
[2026-07-26T13:22:07.213+0200][407583096ms] GC(15638) Eden regions: 985->0(991)
[2026-07-26T13:22:07.213+0200][407583096ms] GC(15638) Survivor regions: 4->4(124)
[2026-07-26T13:22:07.213+0200][407583096ms] GC(15638) Old regions: 594->594
[2026-07-26T13:22:07.213+0200][407583096ms] GC(15638) Humongous regions: 8->8
[2026-07-26T13:22:07.213+0200][407583096ms] GC(15638) Metaspace: 1026087K(1123328K)->1026087K(1123328K)
[2026-07-26T13:22:07.213+0200][407583096ms] GC(15638) Pause Young (Concurrent Start) (G1 Evacuation Pause) 25438M->9682M(32768M) 121.919ms
[2026-07-26T13:22:07.213+0200][407583096ms] GC(15638) User=2.39s Sys=0.02s Real=0.12s
[2026-07-26T13:22:07.213+0200][407583096ms] GC(15639) Concurrent Cycle
[2026-07-26T13:22:07.213+0200][407583096ms] GC(15639) Concurrent Clear Claimed Marks
[2026-07-26T13:22:07.213+0200][407583096ms] Concurrent String Deduplication (407583.097s)
[2026-07-26T13:22:07.225+0200][407583108ms] Concurrent String Deduplication 997.2K->608.5K(388.6K) avg 65.4% (407583.097s, 407583.109s) 10.758ms
[2026-07-26T13:22:07.227+0200][407583110ms] GC(15639) Concurrent Clear Claimed Marks 13.664ms
[2026-07-26T13:22:07.227+0200][407583110ms] GC(15639) Concurrent Scan Root Regions
[2026-07-26T13:22:07.247+0200][407583130ms] GC(15639) Concurrent Scan Root Regions 20.263ms
[2026-07-26T13:22:07.247+0200][407583130ms] GC(15639) Concurrent Mark (407583.131s)
[2026-07-26T13:22:07.247+0200][407583130ms] GC(15639) Concurrent Mark From Roots
[2026-07-26T13:22:07.247+0200][407583130ms] GC(15639) Using 24 workers of 24 for marking
[2026-07-26T13:22:09.057+0200][407584940ms] GC(15639) Concurrent Mark From Roots 1809.367ms
[2026-07-26T13:22:09.057+0200][407584940ms] GC(15639) Concurrent Preclean
[2026-07-26T13:22:09.080+0200][407584963ms] GC(15639) Concurrent Preclean 22.836ms
[2026-07-26T13:22:09.080+0200][407584963ms] GC(15639) Concurrent Mark (407583.131s, 407584.963s) 1832.352ms
[2026-07-26T13:22:09.082+0200][407584965ms] GC(15639) Pause Remark
[2026-07-26T13:22:09.192+0200][407585075ms] GC(15639) Cleaned string and symbol table, strings: 487837 processed, 2206 removed, symbols: 1499858 processed, 0 removed
[2026-07-26T13:22:09.193+0200][407585076ms] GC(15639) Pause Remark 10482M->10482M(32768M) 111.004ms
[2026-07-26T13:22:09.193+0200][407585076ms] GC(15639) User=2.92s Sys=0.00s Real=0.11s
[2026-07-26T13:22:09.193+0200][407585076ms] GC(15639) Concurrent Rebuild Remembered Sets
[2026-07-26T13:22:11.482+0200][407587365ms] GC(15639) Concurrent Rebuild Remembered Sets 2289.111ms
[2026-07-26T13:22:11.483+0200][407587366ms] GC(15639) Pause Cleanup
[2026-07-26T13:22:11.486+0200][407587369ms] GC(15639) Pause Cleanup 11450M->11450M(32768M) 3.016ms
[2026-07-26T13:22:11.486+0200][407587369ms] GC(15639) User=0.03s Sys=0.00s Real=0.00s
[2026-07-26T13:22:11.486+0200][407587369ms] GC(15639) Concurrent Cleanup for Next Mark
[2026-07-26T13:22:11.495+0200][407587378ms] GC(15639) Concurrent Cleanup for Next Mark 8.650ms
[2026-07-26T13:22:11.495+0200][407587378ms] GC(15639) Concurrent Cycle 4281.938ms
[2026-07-26T13:24:05.658+0200][407701541ms] GC(15640) Pause Young (Prepare Mixed) (G1 Evacuation Pause)
[2026-07-26T13:24:05.658+0200][407701541ms] GC(15640) Using 32 workers of 32 for evacuation
[2026-07-26T13:24:05.724+0200][407701607ms] GC(15640)   Pre Evacuate Collection Set: 0.1ms
[2026-07-26T13:24:05.724+0200][407701607ms] GC(15640)   Evacuate Collection Set: 28.9ms
[2026-07-26T13:24:05.724+0200][407701607ms] GC(15640)   Post Evacuate Collection Set: 36.3ms
[2026-07-26T13:24:05.724+0200][407701607ms] GC(15640)   Other: 0.8ms
[2026-07-26T13:24:05.724+0200][407701607ms] GC(15640) Eden regions: 991->0(98)
[2026-07-26T13:24:05.724+0200][407701607ms] GC(15640) Survivor regions: 4->4(125)
[2026-07-26T13:24:05.724+0200][407701607ms] GC(15640) Old regions: 594->594
[2026-07-26T13:24:05.724+0200][407701607ms] GC(15640) Humongous regions: 8->8
[2026-07-26T13:24:05.724+0200][407701607ms] GC(15640) Metaspace: 1026097K(1123328K)->1026097K(1123328K)
[2026-07-26T13:24:05.724+0200][407701607ms] GC(15640) Pause Young (Prepare Mixed) (G1 Evacuation Pause) 25538M->9690M(32768M) 66.201ms
[2026-07-26T13:24:05.724+0200][407701607ms] GC(15640) User=1.33s Sys=0.01s Real=0.07s
[2026-07-26T13:24:05.724+0200][407701607ms] Concurrent String Deduplication (407701.608s)
[2026-07-26T13:24:05.731+0200][407701614ms] Concurrent String Deduplication 1127.1K->541.0K(586.1K) avg 65.4% (407701.608s, 407701.615s) 6.932ms
[2026-07-26T13:24:07.026+0200][407702909ms] GC(15641) Pause Young (Mixed) (G1 Evacuation Pause)
[2026-07-26T13:24:07.026+0200][407702909ms] GC(15641) Using 32 workers of 32 for evacuation
[2026-07-26T13:24:07.118+0200][407703001ms] GC(15641)   Pre Evacuate Collection Set: 0.1ms
[2026-07-26T13:24:07.118+0200][407703001ms] GC(15641)   Evacuate Collection Set: 57.3ms
[2026-07-26T13:24:07.118+0200][407703001ms] GC(15641)   Post Evacuate Collection Set: 33.4ms
[2026-07-26T13:24:07.118+0200][407703001ms] GC(15641)   Other: 1.1ms
[2026-07-26T13:24:07.118+0200][407703001ms] GC(15641) Eden regions: 98->0(995)
[2026-07-26T13:24:07.118+0200][407703001ms] GC(15641) Survivor regions: 4->4(13)
[2026-07-26T13:24:07.118+0200][407703001ms] GC(15641) Old regions: 594->594
[2026-07-26T13:24:07.118+0200][407703001ms] GC(15641) Humongous regions: 8->8
[2026-07-26T13:24:07.118+0200][407703001ms] GC(15641) Metaspace: 1026097K(1123328K)->1026097K(1123328K)
[2026-07-26T13:24:07.119+0200][407703002ms] GC(15641) Pause Young (Mixed) (G1 Evacuation Pause) 11258M->9686M(32768M) 92.072ms
[2026-07-26T13:24:07.119+0200][407703002ms] GC(15641) User=2.43s Sys=0.00s Real=0.10s
[2026-07-26T13:24:07.122+0200][407703005ms] Concurrent String Deduplication (407703.006s)
[2026-07-26T13:24:07.128+0200][407703011ms] Concurrent String Deduplication 823.7K->375.4K(448.2K) avg 65.4% (407703.006s, 407703.012s) 5.496ms
[2026-07-26T13:26:06.735+0200][407822618ms] GC(15642) Pause Young (Normal) (G1 Evacuation Pause)
[2026-07-26T13:26:06.735+0200][407822618ms] GC(15642) Using 32 workers of 32 for evacuation
[2026-07-26T13:26:06.802+0200][407822685ms] GC(15642)   Pre Evacuate Collection Set: 0.1ms
[2026-07-26T13:26:06.802+0200][407822685ms] GC(15642)   Evacuate Collection Set: 26.4ms
[2026-07-26T13:26:06.802+0200][407822685ms] GC(15642)   Post Evacuate Collection Set: 39.9ms
[2026-07-26T13:26:06.802+0200][407822685ms] GC(15642)   Other: 0.5ms
[2026-07-26T13:26:06.802+0200][407822685ms] GC(15642) Eden regions: 995->0(999)
[2026-07-26T13:26:06.802+0200][407822685ms] GC(15642) Survivor regions: 4->4(125)
[2026-07-26T13:26:06.802+0200][407822685ms] GC(15642) Old regions: 594->594
[2026-07-26T13:26:06.802+0200][407822685ms] GC(15642) Humongous regions: 8->8
[2026-07-26T13:26:06.802+0200][407822685ms] GC(15642) Metaspace: 1026097K(1123328K)->1026097K(1123328K)
[2026-07-26T13:26:06.802+0200][407822685ms] GC(15642) Pause Young (Normal) (G1 Evacuation Pause) 25606M->9685M(32768M) 67.144ms
[2026-07-26T13:26:06.802+0200][407822685ms] GC(15642) User=1.42s Sys=0.00s Real=0.07s
[2026-07-26T13:26:06.803+0200][407822686ms] Concurrent String Deduplication (407822.686s)
[2026-07-26T13:26:06.835+0200][407822718ms] Concurrent String Deduplication 2541.6K->304.6K(2237.0K) avg 65.4% (407822.686s, 407822.719s) 28.809ms
[2026-07-26T13:28:05.198+0200][407941081ms] GC(15643) Pause Young (Normal) (G1 Evacuation Pause)
[2026-07-26T13:28:05.198+0200][407941081ms] GC(15643) Using 32 workers of 32 for evacuation
[2026-07-26T13:28:05.257+0200][407941140ms] GC(15643)   Pre Evacuate Collection Set: 0.1ms
[2026-07-26T13:28:05.257+0200][407941140ms] GC(15643)   Evacuate Collection Set: 25.1ms
[2026-07-26T13:28:05.257+0200][407941140ms] GC(15643)   Post Evacuate Collection Set: 33.9ms
[2026-07-26T13:28:05.257+0200][407941140ms] GC(15643)   Other: 0.4ms
[2026-07-26T13:28:05.257+0200][407941140ms] GC(15643) Eden regions: 999->0(1001)
[2026-07-26T13:28:05.257+0200][407941140ms] GC(15643) Survivor regions: 4->5(126)
[2026-07-26T13:28:05.257+0200][407941140ms] GC(15643) Old regions: 594->594
[2026-07-26T13:28:05.257+0200][407941140ms] GC(15643) Humongous regions: 8->8
[2026-07-26T13:28:05.257+0200][407941140ms] GC(15643) Metaspace: 1026097K(1123328K)->1026097K(1123328K)
[2026-07-26T13:28:05.257+0200][407941140ms] GC(15643) Pause Young (Normal) (G1 Evacuation Pause) 25669M->9696M(32768M) 59.672ms
[2026-07-26T13:28:05.257+0200][407941140ms] GC(15643) User=1.15s Sys=0.00s Real=0.06s
[2026-07-26T13:28:05.258+0200][407941141ms] Concurrent String Deduplication (407941.141s)
[2026-07-26T13:28:05.258+0200][407941141ms] Concurrent String Deduplication 176.0B->176.0B(0.0B) avg 65.4% (407941.141s, 407941.141s) 0.035ms
[2026-07-26T13:29:08.519+0200][408004402ms] GC(15644) Pause Young (Concurrent Start) (G1 Evacuation Pause)
[2026-07-26T13:29:08.519+0200][408004402ms] GC(15644) Using 32 workers of 32 for evacuation
[2026-07-26T13:29:08.607+0200][408004490ms] GC(15644)   Pre Evacuate Collection Set: 8.0ms
[2026-07-26T13:29:08.607+0200][408004490ms] GC(15644)   Evacuate Collection Set: 49.3ms
[2026-07-26T13:29:08.607+0200][408004490ms] GC(15644)   Post Evacuate Collection Set: 29.8ms
[2026-07-26T13:29:08.607+0200][408004490ms] GC(15644)   Other: 0.5ms
[2026-07-26T13:29:08.607+0200][408004490ms] GC(15644) Eden regions: 1001->0(1004)
[2026-07-26T13:29:08.607+0200][408004490ms] GC(15644) Survivor regions: 5->5(126)
[2026-07-26T13:29:08.607+0200][408004490ms] GC(15644) Old regions: 594->594
[2026-07-26T13:29:08.607+0200][408004490ms] GC(15644) Humongous regions: 8->8
[2026-07-26T13:29:08.607+0200][408004490ms] GC(15644) Metaspace: 1026097K(1123328K)->1026097K(1123328K)
[2026-07-26T13:29:08.607+0200][408004490ms] GC(15644) Pause Young (Concurrent Start) (G1 Evacuation Pause) 25712M->9696M(32768M) 87.692ms
[2026-07-26T13:29:08.607+0200][408004490ms] GC(15644) User=1.75s Sys=0.08s Real=0.08s
[2026-07-26T13:29:08.607+0200][408004490ms] GC(15645) Concurrent Cycle
[2026-07-26T13:29:08.607+0200][408004490ms] GC(15645) Concurrent Clear Claimed Marks
[2026-07-26T13:29:08.607+0200][408004490ms] Concurrent String Deduplication (408004.491s)
[2026-07-26T13:29:08.609+0200][408004492ms] Concurrent String Deduplication 135.6K->67936.0B(70904.0B) avg 65.4% (408004.491s, 408004.492s) 1.301ms
[2026-07-26T13:29:08.615+0200][408004498ms] GC(15645) Concurrent Clear Claimed Marks 7.591ms
[2026-07-26T13:29:08.615+0200][408004498ms] GC(15645) Concurrent Scan Root Regions
[2026-07-26T13:29:08.630+0200][408004513ms] GC(15645) Concurrent Scan Root Regions 15.652ms
[2026-07-26T13:29:08.631+0200][408004514ms] GC(15645) Concurrent Mark (408004.514s)
[2026-07-26T13:29:08.631+0200][408004514ms] GC(15645) Concurrent Mark From Roots
[2026-07-26T13:29:08.631+0200][408004514ms] GC(15645) Using 24 workers of 24 for marking
[2026-07-26T13:29:10.292+0200][408006175ms] GC(15645) Concurrent Mark From Roots 1661.591ms
[2026-07-26T13:29:10.292+0200][408006175ms] GC(15645) Concurrent Preclean
[2026-07-26T13:29:10.309+0200][408006192ms] GC(15645) Concurrent Preclean 16.674ms
[2026-07-26T13:29:10.309+0200][408006192ms] GC(15645) Concurrent Mark (408004.514s, 408006.193s) 1678.382ms
[2026-07-26T13:29:10.309+0200][408006192ms] GC(15645) Pause Remark
[2026-07-26T13:29:10.398+0200][408006281ms] GC(15645) Cleaned string and symbol table, strings: 487844 processed, 720 removed, symbols: 1499864 processed, 0 removed
[2026-07-26T13:29:10.400+0200][408006283ms] GC(15645) Pause Remark 10333M->10333M(32768M) 90.938ms
[2026-07-26T13:29:10.400+0200][408006283ms] GC(15645) User=1.94s Sys=0.07s Real=0.09s
[2026-07-26T13:29:10.401+0200][408006284ms] GC(15645) Concurrent Rebuild Remembered Sets
[2026-07-26T13:29:12.289+0200][408008172ms] GC(15645) Concurrent Rebuild Remembered Sets 1888.908ms
[2026-07-26T13:29:12.290+0200][408008173ms] GC(15645) Pause Cleanup
[2026-07-26T13:29:12.292+0200][408008175ms] GC(15645) Pause Cleanup 10936M->10936M(32768M) 1.674ms
[2026-07-26T13:29:12.292+0200][408008175ms] GC(15645) User=0.02s Sys=0.00s Real=0.00s
[2026-07-26T13:29:12.292+0200][408008175ms] GC(15645) Concurrent Cleanup for Next Mark
[2026-07-26T13:29:12.303+0200][408008186ms] GC(15645) Concurrent Cleanup for Next Mark 11.395ms
[2026-07-26T13:29:12.303+0200][408008186ms] GC(15645) Concurrent Cycle 3696.134ms
[2026-07-26T13:31:07.652+0200][408123535ms] GC(15646) Pause Young (Prepare Mixed) (G1 Evacuation Pause)
[2026-07-26T13:31:07.652+0200][408123535ms] GC(15646) Using 32 workers of 32 for evacuation
[2026-07-26T13:31:07.724+0200][408123607ms] GC(15646)   Pre Evacuate Collection Set: 0.1ms
[2026-07-26T13:31:07.724+0200][408123607ms] GC(15646)   Evacuate Collection Set: 33.3ms
[2026-07-26T13:31:07.724+0200][408123607ms] GC(15646)   Post Evacuate Collection Set: 37.5ms
[2026-07-26T13:31:07.724+0200][408123607ms] GC(15646)   Other: 0.9ms
[2026-07-26T13:31:07.724+0200][408123607ms] GC(15646) Eden regions: 1004->0(96)
[2026-07-26T13:31:07.724+0200][408123607ms] GC(15646) Survivor regions: 5->6(127)
[2026-07-26T13:31:07.724+0200][408123607ms] GC(15646) Old regions: 594->594
[2026-07-26T13:31:07.724+0200][408123607ms] GC(15646) Humongous regions: 8->8
[2026-07-26T13:31:07.724+0200][408123607ms] GC(15646) Metaspace: 1026097K(1123328K)->1026097K(1123328K)
[2026-07-26T13:31:07.724+0200][408123607ms] GC(15646) Pause Young (Prepare Mixed) (G1 Evacuation Pause) 25760M->9704M(32768M) 72.045ms
[2026-07-26T13:31:07.724+0200][408123607ms] GC(15646) User=1.47s Sys=0.00s Real=0.07s
[2026-07-26T13:31:07.724+0200][408123607ms] Concurrent String Deduplication (408123.608s)
[2026-07-26T13:31:07.738+0200][408123621ms] Concurrent String Deduplication 2679.3K->1976.5K(702.8K) avg 65.4% (408123.608s, 408123.621s) 13.043ms
[2026-07-26T13:31:08.716+0200][408124599ms] GC(15647) Pause Young (Mixed) (G1 Evacuation Pause)
[2026-07-26T13:31:08.716+0200][408124599ms] GC(15647) Using 32 workers of 32 for evacuation
[2026-07-26T13:31:08.804+0200][408124687ms] GC(15647)   Pre Evacuate Collection Set: 0.1ms
[2026-07-26T13:31:08.804+0200][408124687ms] GC(15647)   Evacuate Collection Set: 57.9ms
[2026-07-26T13:31:08.804+0200][408124687ms] GC(15647)   Post Evacuate Collection Set: 29.5ms
[2026-07-26T13:31:08.804+0200][408124687ms] GC(15647)   Other: 1.0ms
[2026-07-26T13:31:08.804+0200][408124687ms] GC(15647) Eden regions: 96->0(1007)
[2026-07-26T13:31:08.804+0200][408124687ms] GC(15647) Survivor regions: 6->5(13)
[2026-07-26T13:31:08.804+0200][408124687ms] GC(15647) Old regions: 594->594
[2026-07-26T13:31:08.804+0200][408124687ms] GC(15647) Humongous regions: 8->8
[2026-07-26T13:31:08.804+0200][408124687ms] GC(15647) Metaspace: 1026097K(1123328K)->1026097K(1123328K)
[2026-07-26T13:31:08.804+0200][408124687ms] GC(15647) Pause Young (Mixed) (G1 Evacuation Pause) 11240M->9702M(32768M) 88.680ms
[2026-07-26T13:31:08.804+0200][408124687ms] GC(15647) User=2.36s Sys=0.00s Real=0.09s
[2026-07-26T13:31:08.805+0200][408124688ms] Concurrent String Deduplication (408124.688s)
[2026-07-26T13:31:08.809+0200][408124692ms] Concurrent String Deduplication 603.6K->178.4K(425.2K) avg 65.4% (408124.688s, 408124.693s) 4.631ms
[2026-07-26T13:33:08.402+0200][408244285ms] GC(15648) Pause Young (Normal) (G1 Evacuation Pause)
[2026-07-26T13:33:08.402+0200][408244285ms] GC(15648) Using 32 workers of 32 for evacuation
[2026-07-26T13:33:08.452+0200][408244335ms] GC(15648)   Pre Evacuate Collection Set: 0.1ms
[2026-07-26T13:33:08.452+0200][408244335ms] GC(15648)   Evacuate Collection Set: 20.3ms
[2026-07-26T13:33:08.452+0200][408244335ms] GC(15648)   Post Evacuate Collection Set: 29.7ms
[2026-07-26T13:33:08.452+0200][408244335ms] GC(15648)   Other: 0.4ms
[2026-07-26T13:33:08.452+0200][408244335ms] GC(15648) Eden regions: 1007->0(1009)
[2026-07-26T13:33:08.452+0200][408244335ms] GC(15648) Survivor regions: 5->5(127)
[2026-07-26T13:33:08.452+0200][408244335ms] GC(15648) Old regions: 594->594
[2026-07-26T13:33:08.453+0200][408244336ms] GC(15648) Humongous regions: 8->8
[2026-07-26T13:33:08.453+0200][408244336ms] GC(15648) Metaspace: 1026097K(1123328K)->1026097K(1123328K)
[2026-07-26T13:33:08.453+0200][408244336ms] GC(15648) Pause Young (Normal) (G1 Evacuation Pause) 25814M->9703M(32768M) 50.684ms
[2026-07-26T13:33:08.453+0200][408244336ms] GC(15648) User=1.05s Sys=0.00s Real=0.05s
[2026-07-26T13:33:08.453+0200][408244336ms] Concurrent String Deduplication (408244.337s)
[2026-07-26T13:33:08.461+0200][408244344ms] Concurrent String Deduplication 1825.2K->1352.6K(472.6K) avg 65.4% (408244.337s, 408244.344s) 7.728ms
[2026-07-26T13:35:08.933+0200][408364816ms] GC(15649) Pause Young (Normal) (G1 Evacuation Pause)
[2026-07-26T13:35:08.933+0200][408364816ms] GC(15649) Using 32 workers of 32 for evacuation
[2026-07-26T13:35:08.993+0200][408364876ms] GC(15649)   Pre Evacuate Collection Set: 0.1ms
[2026-07-26T13:35:08.993+0200][408364876ms] GC(15649)   Evacuate Collection Set: 23.5ms
[2026-07-26T13:35:08.993+0200][408364876ms] GC(15649)   Post Evacuate Collection Set: 36.0ms
[2026-07-26T13:35:08.993+0200][408364876ms] GC(15649)   Other: 0.5ms
[2026-07-26T13:35:08.993+0200][408364876ms] GC(15649) Eden regions: 1009->0(1011)
[2026-07-26T13:35:08.993+0200][408364876ms] GC(15649) Survivor regions: 5->5(127)
[2026-07-26T13:35:08.993+0200][408364876ms] GC(15649) Old regions: 594->594
[2026-07-26T13:35:08.993+0200][408364876ms] GC(15649) Humongous regions: 8->8
[2026-07-26T13:35:08.993+0200][408364876ms] GC(15649) Metaspace: 1026100K(1123328K)->1026100K(1123328K)
[2026-07-26T13:35:08.993+0200][408364876ms] GC(15649) Pause Young (Normal) (G1 Evacuation Pause) 25847M->9698M(32768M) 60.283ms
[2026-07-26T13:35:08.993+0200][408364876ms] GC(15649) User=1.27s Sys=0.08s Real=0.06s
[2026-07-26T13:37:07.695+0200][408483578ms] GC(15650) Pause Young (Concurrent Start) (G1 Evacuation Pause)
[2026-07-26T13:37:07.695+0200][408483578ms] GC(15650) Using 32 workers of 32 for evacuation
[2026-07-26T13:37:07.778+0200][408483661ms] GC(15650)   Pre Evacuate Collection Set: 8.2ms
[2026-07-26T13:37:07.778+0200][408483661ms] GC(15650)   Evacuate Collection Set: 41.7ms
[2026-07-26T13:37:07.778+0200][408483661ms] GC(15650)   Post Evacuate Collection Set: 32.2ms
[2026-07-26T13:37:07.778+0200][408483661ms] GC(15650)   Other: 0.5ms
[2026-07-26T13:37:07.778+0200][408483661ms] GC(15650) Eden regions: 1011->0(1013)
[2026-07-26T13:37:07.778+0200][408483661ms] GC(15650) Survivor regions: 5->5(127)
[2026-07-26T13:37:07.778+0200][408483661ms] GC(15650) Old regions: 594->594
[2026-07-26T13:37:07.778+0200][408483661ms] GC(15650) Humongous regions: 8->8
[2026-07-26T13:37:07.778+0200][408483661ms] GC(15650) Metaspace: 1026100K(1123328K)->1026100K(1123328K)
[2026-07-26T13:37:07.778+0200][408483661ms] GC(15650) Pause Young (Concurrent Start) (G1 Evacuation Pause) 25874M->9693M(32768M) 82.744ms
[2026-07-26T13:37:07.778+0200][408483661ms] GC(15650) User=1.74s Sys=0.01s Real=0.08s
[2026-07-26T13:37:07.778+0200][408483661ms] GC(15651) Concurrent Cycle
[2026-07-26T13:37:07.778+0200][408483661ms] GC(15651) Concurrent Clear Claimed Marks
[2026-07-26T13:37:07.778+0200][408483661ms] Concurrent String Deduplication (408483.662s)
[2026-07-26T13:37:07.783+0200][408483666ms] Concurrent String Deduplication 341.9K->142.6K(199.3K) avg 65.4% (408483.662s, 408483.667s) 4.463ms
[2026-07-26T13:37:07.787+0200][408483670ms] GC(15651) Concurrent Clear Claimed Marks 8.737ms
[2026-07-26T13:37:07.787+0200][408483670ms] GC(15651) Concurrent Scan Root Regions
[2026-07-26T13:37:07.806+0200][408483689ms] GC(15651) Concurrent Scan Root Regions 19.540ms
[2026-07-26T13:37:07.806+0200][408483689ms] GC(15651) Concurrent Mark (408483.690s)
[2026-07-26T13:37:07.806+0200][408483689ms] GC(15651) Concurrent Mark From Roots
[2026-07-26T13:37:07.806+0200][408483689ms] GC(15651) Using 24 workers of 24 for marking
[2026-07-26T13:37:09.427+0200][408485310ms] GC(15651) Concurrent Mark From Roots 1620.628ms
[2026-07-26T13:37:09.427+0200][408485310ms] GC(15651) Concurrent Preclean
[2026-07-26T13:37:09.447+0200][408485330ms] GC(15651) Concurrent Preclean 19.957ms
[2026-07-26T13:37:09.447+0200][408485330ms] GC(15651) Concurrent Mark (408483.690s, 408485.331s) 1640.696ms
[2026-07-26T13:37:09.447+0200][408485330ms] GC(15651) Pause Remark
[2026-07-26T13:37:09.545+0200][408485428ms] GC(15651) Cleaned string and symbol table, strings: 487828 processed, 53 removed, symbols: 1499866 processed, 0 removed
[2026-07-26T13:37:09.546+0200][408485429ms] GC(15651) Pause Remark 10605M->10605M(32768M) 98.501ms
[2026-07-26T13:37:09.546+0200][408485429ms] GC(15651) User=2.56s Sys=0.01s Real=0.10s
[2026-07-26T13:37:09.546+0200][408485429ms] GC(15651) Concurrent Rebuild Remembered Sets
[2026-07-26T13:37:11.401+0200][408487284ms] GC(15651) Concurrent Rebuild Remembered Sets 1854.906ms
[2026-07-26T13:37:11.401+0200][408487284ms] GC(15651) Pause Cleanup
[2026-07-26T13:37:11.404+0200][408487287ms] GC(15651) Pause Cleanup 11517M->11517M(32768M) 2.244ms
[2026-07-26T13:37:11.404+0200][408487287ms] GC(15651) User=0.02s Sys=0.00s Real=0.00s
[2026-07-26T13:37:11.404+0200][408487287ms] GC(15651) Concurrent Cleanup for Next Mark
[2026-07-26T13:37:11.414+0200][408487297ms] GC(15651) Concurrent Cleanup for Next Mark 10.111ms
[2026-07-26T13:37:11.414+0200][408487297ms] GC(15651) Concurrent Cycle 3636.146ms
[2026-07-26T13:39:07.181+0200][408603064ms] GC(15652) Pause Young (Normal) (G1 Evacuation Pause)
[2026-07-26T13:39:07.181+0200][408603064ms] GC(15652) Using 32 workers of 32 for evacuation
[2026-07-26T13:39:07.238+0200][408603121ms] GC(15652)   Pre Evacuate Collection Set: 0.1ms
[2026-07-26T13:39:07.238+0200][408603121ms] GC(15652)   Evacuate Collection Set: 24.1ms
[2026-07-26T13:39:07.238+0200][408603121ms] GC(15652)   Post Evacuate Collection Set: 32.7ms
[2026-07-26T13:39:07.238+0200][408603121ms] GC(15652)   Other: 0.5ms
[2026-07-26T13:39:07.238+0200][408603121ms] GC(15652) Eden regions: 1013->0(1015)
[2026-07-26T13:39:07.238+0200][408603121ms] GC(15652) Survivor regions: 5->4(128)
[2026-07-26T13:39:07.238+0200][408603121ms] GC(15652) Old regions: 594->594
[2026-07-26T13:39:07.238+0200][408603121ms] GC(15652) Humongous regions: 8->8
[2026-07-26T13:39:07.238+0200][408603121ms] GC(15652) Metaspace: 1026104K(1123328K)->1026104K(1123328K)
[2026-07-26T13:39:07.238+0200][408603121ms] GC(15652) Pause Young (Normal) (G1 Evacuation Pause) 25901M->9694M(32768M) 57.575ms
[2026-07-26T13:39:07.238+0200][408603121ms] GC(15652) User=1.27s Sys=0.01s Real=0.05s
[2026-07-26T13:39:07.238+0200][408603121ms] Concurrent String Deduplication (408603.122s)
[2026-07-26T13:39:07.240+0200][408603123ms] Concurrent String Deduplication 263.0K->158.6K(104.4K) avg 65.4% (408603.122s, 408603.124s) 1.670ms
[2026-07-26T13:41:06.707+0200][408722590ms] GC(15653) Pause Young (Concurrent Start) (G1 Evacuation Pause)
[2026-07-26T13:41:06.707+0200][408722590ms] GC(15653) Using 32 workers of 32 for evacuation
[2026-07-26T13:41:06.814+0200][408722697ms] GC(15653)   Pre Evacuate Collection Set: 8.6ms
[2026-07-26T13:41:06.814+0200][408722697ms] GC(15653)   Evacuate Collection Set: 59.4ms
[2026-07-26T13:41:06.814+0200][408722697ms] GC(15653)   Post Evacuate Collection Set: 38.4ms
[2026-07-26T13:41:06.814+0200][408722697ms] GC(15653)   Other: 0.5ms
[2026-07-26T13:41:06.814+0200][408722697ms] GC(15653) Eden regions: 1015->0(1015)
[2026-07-26T13:41:06.814+0200][408722697ms] GC(15653) Survivor regions: 4->5(128)
[2026-07-26T13:41:06.814+0200][408722697ms] GC(15653) Old regions: 594->595
[2026-07-26T13:41:06.814+0200][408722697ms] GC(15653) Humongous regions: 8->8
[2026-07-26T13:41:06.814+0200][408722697ms] GC(15653) Metaspace: 1026107K(1123328K)->1026107K(1123328K)
[2026-07-26T13:41:06.814+0200][408722697ms] GC(15653) Pause Young (Concurrent Start) (G1 Evacuation Pause) 25934M->9696M(32768M) 107.092ms
[2026-07-26T13:41:06.814+0200][408722697ms] GC(15653) User=2.19s Sys=0.02s Real=0.11s
[2026-07-26T13:41:06.814+0200][408722697ms] GC(15654) Concurrent Cycle
[2026-07-26T13:41:06.814+0200][408722697ms] GC(15654) Concurrent Clear Claimed Marks
[2026-07-26T13:41:06.814+0200][408722697ms] Concurrent String Deduplication (408722.698s)
[2026-07-26T13:41:06.823+0200][408722706ms] GC(15654) Concurrent Clear Claimed Marks 8.346ms
[2026-07-26T13:41:06.823+0200][408722706ms] GC(15654) Concurrent Scan Root Regions
[2026-07-26T13:41:06.825+0200][408722708ms] Concurrent String Deduplication 1225.6K->776.8K(448.8K) avg 65.4% (408722.698s, 408722.709s) 9.202ms
[2026-07-26T13:41:06.835+0200][408722718ms] GC(15654) Concurrent Scan Root Regions 12.805ms
[2026-07-26T13:41:06.835+0200][408722718ms] GC(15654) Concurrent Mark (408722.719s)
[2026-07-26T13:41:06.835+0200][408722718ms] GC(15654) Concurrent Mark From Roots
[2026-07-26T13:41:06.835+0200][408722718ms] GC(15654) Using 24 workers of 24 for marking
[2026-07-26T13:41:08.452+0200][408724335ms] GC(15654) Concurrent Mark From Roots 1616.751ms
[2026-07-26T13:41:08.452+0200][408724335ms] GC(15654) Concurrent Preclean
[2026-07-26T13:41:08.470+0200][408724353ms] GC(15654) Concurrent Preclean 17.358ms
[2026-07-26T13:41:08.470+0200][408724353ms] GC(15654) Concurrent Mark (408722.719s, 408724.353s) 1634.241ms
[2026-07-26T13:41:08.470+0200][408724353ms] GC(15654) Pause Remark
[2026-07-26T13:41:08.562+0200][408724445ms] GC(15654) Cleaned string and symbol table, strings: 487778 processed, 1298 removed, symbols: 1499870 processed, 0 removed
[2026-07-26T13:41:08.563+0200][408724446ms] GC(15654) Pause Remark 10608M->10608M(32768M) 93.051ms
[2026-07-26T13:41:08.563+0200][408724446ms] GC(15654) User=2.30s Sys=0.02s Real=0.09s
[2026-07-26T13:41:08.563+0200][408724446ms] GC(15654) Concurrent Rebuild Remembered Sets
[2026-07-26T13:41:10.463+0200][408726346ms] GC(15654) Concurrent Rebuild Remembered Sets 1899.244ms
[2026-07-26T13:41:10.463+0200][408726346ms] GC(15654) Pause Cleanup
[2026-07-26T13:41:10.465+0200][408726348ms] GC(15654) Pause Cleanup 11600M->11600M(32768M) 2.186ms
[2026-07-26T13:41:10.465+0200][408726348ms] GC(15654) User=0.03s Sys=0.00s Real=0.00s
[2026-07-26T13:41:10.466+0200][408726349ms] GC(15654) Concurrent Cleanup for Next Mark
[2026-07-26T13:41:10.474+0200][408726357ms] GC(15654) Concurrent Cleanup for Next Mark 8.500ms
[2026-07-26T13:41:10.474+0200][408726357ms] GC(15654) Concurrent Cycle 3659.992ms
[2026-07-26T13:43:04.901+0200][408840784ms] GC(15655) Pause Young (Normal) (G1 Evacuation Pause)
[2026-07-26T13:43:04.901+0200][408840784ms] GC(15655) Using 32 workers of 32 for evacuation
[2026-07-26T13:43:04.964+0200][408840847ms] GC(15655)   Pre Evacuate Collection Set: 0.1ms
[2026-07-26T13:43:04.964+0200][408840847ms] GC(15655)   Evacuate Collection Set: 25.0ms
[2026-07-26T13:43:04.964+0200][408840847ms] GC(15655)   Post Evacuate Collection Set: 37.5ms
[2026-07-26T13:43:04.964+0200][408840847ms] GC(15655)   Other: 0.5ms
[2026-07-26T13:43:04.964+0200][408840847ms] GC(15655) Eden regions: 1015->0(1016)
[2026-07-26T13:43:04.964+0200][408840847ms] GC(15655) Survivor regions: 5->5(128)
[2026-07-26T13:43:04.964+0200][408840847ms] GC(15655) Old regions: 595->595
[2026-07-26T13:43:04.964+0200][408840847ms] GC(15655) Humongous regions: 8->8
[2026-07-26T13:43:04.964+0200][408840847ms] GC(15655) Metaspace: 1026198K(1123328K)->1026198K(1123328K)
[2026-07-26T13:43:04.964+0200][408840847ms] GC(15655) Pause Young (Normal) (G1 Evacuation Pause) 25936M->9705M(32768M) 63.279ms
[2026-07-26T13:43:04.964+0200][408840847ms] GC(15655) User=1.42s Sys=0.00s Real=0.06s
[2026-07-26T13:43:04.964+0200][408840847ms] Concurrent String Deduplication (408840.848s)
[2026-07-26T13:43:04.968+0200][408840851ms] Concurrent String Deduplication 694.9K->446.0K(248.9K) avg 65.4% (408840.848s, 408840.851s) 3.216ms
[2026-07-26T13:44:09.428+0200][408905311ms] GC(15656) Pause Young (Concurrent Start) (G1 Evacuation Pause)
[2026-07-26T13:44:09.428+0200][408905311ms] GC(15656) Using 32 workers of 32 for evacuation
[2026-07-26T13:44:09.517+0200][408905400ms] GC(15656)   Pre Evacuate Collection Set: 8.2ms
[2026-07-26T13:44:09.517+0200][408905400ms] GC(15656)   Evacuate Collection Set: 50.2ms
[2026-07-26T13:44:09.517+0200][408905400ms] GC(15656)   Post Evacuate Collection Set: 29.7ms
[2026-07-26T13:44:09.517+0200][408905400ms] GC(15656)   Other: 0.5ms
[2026-07-26T13:44:09.517+0200][408905400ms] GC(15656) Eden regions: 1016->0(1018)
[2026-07-26T13:44:09.517+0200][408905400ms] GC(15656) Survivor regions: 5->5(128)
[2026-07-26T13:44:09.517+0200][408905400ms] GC(15656) Old regions: 595->595
[2026-07-26T13:44:09.517+0200][408905400ms] GC(15656) Humongous regions: 8->8
[2026-07-26T13:44:09.517+0200][408905400ms] GC(15656) Metaspace: 1026198K(1123328K)->1026198K(1123328K)
[2026-07-26T13:44:09.517+0200][408905400ms] GC(15656) Pause Young (Concurrent Start) (G1 Evacuation Pause) 25961M->9706M(32768M) 88.754ms
[2026-07-26T13:44:09.517+0200][408905400ms] GC(15656) User=1.79s Sys=0.04s Real=0.08s
[2026-07-26T13:44:09.517+0200][408905400ms] GC(15657) Concurrent Cycle
[2026-07-26T13:44:09.517+0200][408905400ms] GC(15657) Concurrent Clear Claimed Marks
[2026-07-26T13:44:09.517+0200][408905400ms] Concurrent String Deduplication (408905.401s)
[2026-07-26T13:44:09.524+0200][408905407ms] Concurrent String Deduplication 690.5K->267.0K(423.5K) avg 65.4% (408905.401s, 408905.408s) 6.369ms
[2026-07-26T13:44:09.528+0200][408905411ms] GC(15657) Concurrent Clear Claimed Marks 11.100ms
[2026-07-26T13:44:09.528+0200][408905411ms] GC(15657) Concurrent Scan Root Regions
[2026-07-26T13:44:09.541+0200][408905424ms] GC(15657) Concurrent Scan Root Regions 12.167ms
[2026-07-26T13:44:09.541+0200][408905424ms] GC(15657) Concurrent Mark (408905.424s)
[2026-07-26T13:44:09.541+0200][408905424ms] GC(15657) Concurrent Mark From Roots
[2026-07-26T13:44:09.541+0200][408905424ms] GC(15657) Using 24 workers of 24 for marking
[2026-07-26T13:44:11.234+0200][408907117ms] GC(15657) Concurrent Mark From Roots 1693.604ms
[2026-07-26T13:44:11.234+0200][408907117ms] GC(15657) Concurrent Preclean
[2026-07-26T13:44:11.253+0200][408907136ms] GC(15657) Concurrent Preclean 18.605ms
[2026-07-26T13:44:11.253+0200][408907136ms] GC(15657) Concurrent Mark (408905.424s, 408907.137s) 1712.316ms
[2026-07-26T13:44:11.253+0200][408907136ms] GC(15657) Pause Remark
[2026-07-26T13:44:11.365+0200][408907248ms] GC(15657) Cleaned string and symbol table, strings: 487866 processed, 144 removed, symbols: 1499919 processed, 1 removed
[2026-07-26T13:44:11.366+0200][408907249ms] GC(15657) Pause Remark 10554M->10554M(32768M) 112.494ms
[2026-07-26T13:44:11.366+0200][408907249ms] GC(15657) User=2.90s Sys=0.00s Real=0.11s
[2026-07-26T13:44:11.366+0200][408907249ms] GC(15657) Concurrent Rebuild Remembered Sets
[2026-07-26T13:44:13.369+0200][408909252ms] GC(15657) Concurrent Rebuild Remembered Sets 2003.167ms
[2026-07-26T13:44:13.370+0200][408909253ms] GC(15657) Pause Cleanup
[2026-07-26T13:44:13.374+0200][408909257ms] GC(15657) Pause Cleanup 10659M->10659M(32768M) 3.701ms
[2026-07-26T13:44:13.374+0200][408909257ms] GC(15657) User=0.03s Sys=0.00s Real=0.00s
[2026-07-26T13:44:13.374+0200][408909257ms] GC(15657) Concurrent Cleanup for Next Mark
[2026-07-26T13:44:13.384+0200][408909267ms] GC(15657) Concurrent Cleanup for Next Mark 10.419ms
[2026-07-26T13:44:13.384+0200][408909267ms] GC(15657) Concurrent Cycle 3866.891ms
[2026-07-26T13:46:09.503+0200][409025386ms] GC(15658) Pause Young (Normal) (G1 Evacuation Pause)
[2026-07-26T13:46:09.503+0200][409025386ms] GC(15658) Using 32 workers of 32 for evacuation
[2026-07-26T13:46:09.558+0200][409025441ms] GC(15658)   Pre Evacuate Collection Set: 0.1ms
[2026-07-26T13:46:09.558+0200][409025441ms] GC(15658)   Evacuate Collection Set: 22.6ms
[2026-07-26T13:46:09.558+0200][409025441ms] GC(15658)   Post Evacuate Collection Set: 31.7ms
[2026-07-26T13:46:09.558+0200][409025441ms] GC(15658)   Other: 0.5ms
[2026-07-26T13:46:09.558+0200][409025441ms] GC(15658) Eden regions: 1018->0(1019)
[2026-07-26T13:46:09.558+0200][409025441ms] GC(15658) Survivor regions: 5->5(128)
[2026-07-26T13:46:09.558+0200][409025441ms] GC(15658) Old regions: 595->595
[2026-07-26T13:46:09.558+0200][409025441ms] GC(15658) Humongous regions: 8->8
[2026-07-26T13:46:09.558+0200][409025441ms] GC(15658) Metaspace: 1026201K(1123328K)->1026201K(1123328K)
[2026-07-26T13:46:09.558+0200][409025441ms] GC(15658) Pause Young (Normal) (G1 Evacuation Pause) 25994M->9701M(32768M) 55.070ms
[2026-07-26T13:46:09.558+0200][409025441ms] GC(15658) User=1.11s Sys=0.09s Real=0.06s
[2026-07-26T13:46:09.562+0200][409025445ms] Concurrent String Deduplication (409025.446s)
[2026-07-26T13:46:09.586+0200][409025469ms] Concurrent String Deduplication 4451.4K->3373.6K(1077.8K) avg 65.4% (409025.446s, 409025.470s) 23.593ms
[2026-07-26T13:48:08.806+0200][409144689ms] GC(15659) Pause Young (Concurrent Start) (G1 Evacuation Pause)
[2026-07-26T13:48:08.806+0200][409144689ms] GC(15659) Using 32 workers of 32 for evacuation
[2026-07-26T13:48:08.913+0200][409144796ms] GC(15659)   Pre Evacuate Collection Set: 8.1ms
[2026-07-26T13:48:08.913+0200][409144796ms] GC(15659)   Evacuate Collection Set: 59.2ms
[2026-07-26T13:48:08.913+0200][409144796ms] GC(15659)   Post Evacuate Collection Set: 39.1ms
[2026-07-26T13:48:08.913+0200][409144796ms] GC(15659)   Other: 0.5ms
[2026-07-26T13:48:08.913+0200][409144796ms] GC(15659) Eden regions: 1019->0(1020)
[2026-07-26T13:48:08.913+0200][409144796ms] GC(15659) Survivor regions: 5->5(128)
[2026-07-26T13:48:08.913+0200][409144796ms] GC(15659) Old regions: 595->595
[2026-07-26T13:48:08.913+0200][409144796ms] GC(15659) Humongous regions: 8->8
[2026-07-26T13:48:08.913+0200][409144796ms] GC(15659) Metaspace: 1026201K(1123328K)->1026201K(1123328K)
[2026-07-26T13:48:08.913+0200][409144796ms] GC(15659) Pause Young (Concurrent Start) (G1 Evacuation Pause) 26005M->9704M(32768M) 107.111ms
[2026-07-26T13:48:08.914+0200][409144797ms] GC(15659) User=2.31s Sys=0.00s Real=0.11s
[2026-07-26T13:48:08.914+0200][409144797ms] GC(15660) Concurrent Cycle
[2026-07-26T13:48:08.914+0200][409144797ms] GC(15660) Concurrent Clear Claimed Marks
[2026-07-26T13:48:08.914+0200][409144797ms] Concurrent String Deduplication (409144.798s)
[2026-07-26T13:48:08.919+0200][409144802ms] Concurrent String Deduplication 831.5K->525.2K(306.2K) avg 65.4% (409144.798s, 409144.803s) 5.608ms
[2026-07-26T13:48:08.922+0200][409144805ms] GC(15660) Concurrent Clear Claimed Marks 8.251ms
[2026-07-26T13:48:08.922+0200][409144805ms] GC(15660) Concurrent Scan Root Regions
[2026-07-26T13:48:08.940+0200][409144823ms] GC(15660) Concurrent Scan Root Regions 17.722ms
[2026-07-26T13:48:08.940+0200][409144823ms] GC(15660) Concurrent Mark (409144.823s)
[2026-07-26T13:48:08.940+0200][409144823ms] GC(15660) Concurrent Mark From Roots
[2026-07-26T13:48:08.940+0200][409144823ms] GC(15660) Using 24 workers of 24 for marking
[2026-07-26T13:48:10.652+0200][409146535ms] GC(15660) Concurrent Mark From Roots 1712.338ms
[2026-07-26T13:48:10.652+0200][409146535ms] GC(15660) Concurrent Preclean
[2026-07-26T13:48:10.675+0200][409146558ms] GC(15660) Concurrent Preclean 23.169ms
[2026-07-26T13:48:10.675+0200][409146558ms] GC(15660) Concurrent Mark (409144.823s, 409146.559s) 1735.635ms
[2026-07-26T13:48:10.676+0200][409146559ms] GC(15660) Pause Remark
[2026-07-26T13:48:10.796+0200][409146679ms] GC(15660) Cleaned string and symbol table, strings: 487807 processed, 50 removed, symbols: 1499918 processed, 0 removed
[2026-07-26T13:48:10.797+0200][409146680ms] GC(15660) Pause Remark 10560M->10560M(32768M) 121.382ms
[2026-07-26T13:48:10.797+0200][409146680ms] GC(15660) User=3.09s Sys=0.03s Real=0.12s
[2026-07-26T13:48:10.797+0200][409146680ms] GC(15660) Concurrent Rebuild Remembered Sets
[2026-07-26T13:48:12.958+0200][409148841ms] GC(15660) Concurrent Rebuild Remembered Sets 2160.606ms
[2026-07-26T13:48:12.959+0200][409148842ms] GC(15660) Pause Cleanup
[2026-07-26T13:48:12.961+0200][409148844ms] GC(15660) Pause Cleanup 11154M->11154M(32768M) 2.081ms
[2026-07-26T13:48:12.961+0200][409148844ms] GC(15660) User=0.03s Sys=0.00s Real=0.00s
[2026-07-26T13:48:12.961+0200][409148844ms] GC(15660) Concurrent Cleanup for Next Mark
[2026-07-26T13:48:12.972+0200][409148855ms] GC(15660) Concurrent Cleanup for Next Mark 11.353ms
[2026-07-26T13:48:12.972+0200][409148855ms] GC(15660) Concurrent Cycle 4058.571ms
[2026-07-26T13:50:10.715+0200][409266598ms] GC(15661) Pause Young (Prepare Mixed) (G1 Evacuation Pause)
[2026-07-26T13:50:10.715+0200][409266598ms] GC(15661) Using 32 workers of 32 for evacuation
[2026-07-26T13:50:10.807+0200][409266690ms] GC(15661)   Pre Evacuate Collection Set: 0.2ms
[2026-07-26T13:50:10.807+0200][409266690ms] GC(15661)   Evacuate Collection Set: 37.7ms
[2026-07-26T13:50:10.807+0200][409266690ms] GC(15661)   Post Evacuate Collection Set: 53.0ms
[2026-07-26T13:50:10.807+0200][409266690ms] GC(15661)   Other: 1.2ms
[2026-07-26T13:50:10.807+0200][409266690ms] GC(15661) Eden regions: 1020->0(97)
[2026-07-26T13:50:10.807+0200][409266690ms] GC(15661) Survivor regions: 5->5(129)
[2026-07-26T13:50:10.807+0200][409266690ms] GC(15661) Old regions: 595->595
[2026-07-26T13:50:10.807+0200][409266690ms] GC(15661) Humongous regions: 8->8
[2026-07-26T13:50:10.807+0200][409266690ms] GC(15661) Metaspace: 1026201K(1123328K)->1026201K(1123328K)
[2026-07-26T13:50:10.807+0200][409266690ms] GC(15661) Pause Young (Prepare Mixed) (G1 Evacuation Pause) 26024M->9705M(32768M) 92.255ms
[2026-07-26T13:50:10.807+0200][409266690ms] GC(15661) User=2.02s Sys=0.01s Real=0.09s
[2026-07-26T13:50:10.807+0200][409266690ms] Concurrent String Deduplication (409266.691s)
[2026-07-26T13:50:10.814+0200][409266697ms] Concurrent String Deduplication 215.7K->102.2K(113.5K) avg 65.4% (409266.691s, 409266.698s) 6.605ms
[2026-07-26T13:50:26.582+0200][409282465ms] GC(15662) Pause Young (Mixed) (G1 Evacuation Pause)
[2026-07-26T13:50:26.582+0200][409282465ms] GC(15662) Using 32 workers of 32 for evacuation
[2026-07-26T13:50:26.668+0200][409282551ms] GC(15662)   Pre Evacuate Collection Set: 0.1ms
[2026-07-26T13:50:26.668+0200][409282551ms] GC(15662)   Evacuate Collection Set: 51.9ms
[2026-07-26T13:50:26.668+0200][409282551ms] GC(15662)   Post Evacuate Collection Set: 33.2ms
[2026-07-26T13:50:26.668+0200][409282551ms] GC(15662)   Other: 1.0ms
[2026-07-26T13:50:26.668+0200][409282551ms] GC(15662) Eden regions: 97->0(1021)
[2026-07-26T13:50:26.668+0200][409282551ms] GC(15662) Survivor regions: 5->5(13)
[2026-07-26T13:50:26.668+0200][409282551ms] GC(15662) Old regions: 595->594
[2026-07-26T13:50:26.668+0200][409282551ms] GC(15662) Humongous regions: 8->8
[2026-07-26T13:50:26.668+0200][409282551ms] GC(15662) Metaspace: 1026201K(1123328K)->1026201K(1123328K)
[2026-07-26T13:50:26.668+0200][409282551ms] GC(15662) Pause Young (Mixed) (G1 Evacuation Pause) 11257M->9701M(32768M) 86.433ms
[2026-07-26T13:50:26.668+0200][409282551ms] GC(15662) User=2.22s Sys=0.01s Real=0.09s
[2026-07-26T13:50:26.669+0200][409282552ms] Concurrent String Deduplication (409282.552s)
[2026-07-26T13:50:26.675+0200][409282558ms] Concurrent String Deduplication 885.4K->333.8K(551.6K) avg 65.4% (409282.552s, 409282.559s) 5.839ms
[2026-07-26T13:52:36.213+0200][409412096ms] GC(15663) Pause Young (Normal) (G1 Evacuation Pause)
[2026-07-26T13:52:36.213+0200][409412096ms] GC(15663) Using 32 workers of 32 for evacuation
[2026-07-26T13:52:36.260+0200][409412143ms] GC(15663)   Pre Evacuate Collection Set: 0.1ms
[2026-07-26T13:52:36.260+0200][409412143ms] GC(15663)   Evacuate Collection Set: 14.3ms
[2026-07-26T13:52:36.260+0200][409412143ms] GC(15663)   Post Evacuate Collection Set: 32.4ms
[2026-07-26T13:52:36.260+0200][409412143ms] GC(15663)   Other: 0.4ms
[2026-07-26T13:52:36.260+0200][409412143ms] GC(15663) Eden regions: 1021->0(1022)
[2026-07-26T13:52:36.260+0200][409412143ms] GC(15663) Survivor regions: 5->5(129)
[2026-07-26T13:52:36.260+0200][409412143ms] GC(15663) Old regions: 594->594
[2026-07-26T13:52:36.260+0200][409412143ms] GC(15663) Humongous regions: 8->8
[2026-07-26T13:52:36.260+0200][409412143ms] GC(15663) Metaspace: 1026203K(1123328K)->1026203K(1123328K)
[2026-07-26T13:52:36.260+0200][409412143ms] GC(15663) Pause Young (Normal) (G1 Evacuation Pause) 26037M->9695M(32768M) 47.328ms
[2026-07-26T13:52:36.260+0200][409412143ms] GC(15663) User=0.94s Sys=0.05s Real=0.05s
[2026-07-26T13:52:36.260+0200][409412143ms] Concurrent String Deduplication (409412.144s)
[2026-07-26T13:52:36.263+0200][409412146ms] Concurrent String Deduplication 382.5K->171.0K(211.5K) avg 65.4% (409412.144s, 409412.146s) 2.513ms
[2026-07-26T13:54:37.574+0200][409533457ms] GC(15664) Pause Young (Normal) (G1 Evacuation Pause)
[2026-07-26T13:54:37.574+0200][409533457ms] GC(15664) Using 32 workers of 32 for evacuation
[2026-07-26T13:54:37.620+0200][409533503ms] GC(15664)   Pre Evacuate Collection Set: 0.1ms
[2026-07-26T13:54:37.620+0200][409533503ms] GC(15664)   Evacuate Collection Set: 11.2ms
[2026-07-26T13:54:37.620+0200][409533503ms] GC(15664)   Post Evacuate Collection Set: 34.0ms
[2026-07-26T13:54:37.620+0200][409533503ms] GC(15664)   Other: 0.4ms
[2026-07-26T13:54:37.620+0200][409533503ms] GC(15664) Eden regions: 1022->0(1024)
[2026-07-26T13:54:37.620+0200][409533503ms] GC(15664) Survivor regions: 5->4(129)
[2026-07-26T13:54:37.620+0200][409533503ms] GC(15664) Old regions: 594->594
[2026-07-26T13:54:37.620+0200][409533503ms] GC(15664) Humongous regions: 8->8
[2026-07-26T13:54:37.620+0200][409533503ms] GC(15664) Metaspace: 1026203K(1123328K)->1026203K(1123328K)
[2026-07-26T13:54:37.620+0200][409533503ms] GC(15664) Pause Young (Normal) (G1 Evacuation Pause) 26047M->9691M(32768M) 45.831ms
[2026-07-26T13:54:37.620+0200][409533503ms] GC(15664) User=0.91s Sys=0.08s Real=0.05s
[2026-07-26T13:54:37.620+0200][409533503ms] Concurrent String Deduplication (409533.504s)
[2026-07-26T13:54:37.622+0200][409533505ms] Concurrent String Deduplication 281.4K->102.3K(179.1K) avg 65.4% (409533.504s, 409533.506s) 1.814ms
[2026-07-26T13:56:36.337+0200][409652220ms] GC(15665) Pause Young (Concurrent Start) (G1 Evacuation Pause)
[2026-07-26T13:56:36.337+0200][409652220ms] GC(15665) Using 32 workers of 32 for evacuation
[2026-07-26T13:56:36.438+0200][409652321ms] GC(15665)   Pre Evacuate Collection Set: 8.3ms
[2026-07-26T13:56:36.438+0200][409652321ms] GC(15665)   Evacuate Collection Set: 60.7ms
[2026-07-26T13:56:36.438+0200][409652321ms] GC(15665)   Post Evacuate Collection Set: 32.1ms
[2026-07-26T13:56:36.438+0200][409652321ms] GC(15665)   Other: 0.5ms
[2026-07-26T13:56:36.438+0200][409652321ms] GC(15665) Eden regions: 1024->0(1024)
[2026-07-26T13:56:36.438+0200][409652321ms] GC(15665) Survivor regions: 4->4(129)
[2026-07-26T13:56:36.438+0200][409652321ms] GC(15665) Old regions: 594->595
[2026-07-26T13:56:36.438+0200][409652321ms] GC(15665) Humongous regions: 8->8
[2026-07-26T13:56:36.438+0200][409652321ms] GC(15665) Metaspace: 1026203K(1123328K)->1026203K(1123328K)
[2026-07-26T13:56:36.438+0200][409652321ms] GC(15665) Pause Young (Concurrent Start) (G1 Evacuation Pause) 26075M->9689M(32768M) 101.805ms
[2026-07-26T13:56:36.439+0200][409652322ms] GC(15665) User=2.18s Sys=0.00s Real=0.11s
[2026-07-26T13:56:36.441+0200][409652324ms] GC(15666) Concurrent Cycle
[2026-07-26T13:56:36.441+0200][409652324ms] GC(15666) Concurrent Clear Claimed Marks
[2026-07-26T13:56:36.442+0200][409652325ms] Concurrent String Deduplication (409652.325s)
[2026-07-26T13:56:36.446+0200][409652329ms] Concurrent String Deduplication 431.8K->208.9K(222.9K) avg 65.4% (409652.325s, 409652.330s) 3.657ms
[2026-07-26T13:56:36.450+0200][409652333ms] GC(15666) Concurrent Clear Claimed Marks 8.502ms
[2026-07-26T13:56:36.450+0200][409652333ms] GC(15666) Concurrent Scan Root Regions
[2026-07-26T13:56:36.471+0200][409652354ms] GC(15666) Concurrent Scan Root Regions 20.880ms
[2026-07-26T13:56:36.471+0200][409652354ms] GC(15666) Concurrent Mark (409652.355s)
[2026-07-26T13:56:36.471+0200][409652354ms] GC(15666) Concurrent Mark From Roots
[2026-07-26T13:56:36.471+0200][409652354ms] GC(15666) Using 24 workers of 24 for marking
[2026-07-26T13:56:38.052+0200][409653935ms] GC(15666) Concurrent Mark From Roots 1581.081ms
[2026-07-26T13:56:38.052+0200][409653935ms] GC(15666) Concurrent Preclean
[2026-07-26T13:56:38.071+0200][409653954ms] GC(15666) Concurrent Preclean 18.474ms
[2026-07-26T13:56:38.071+0200][409653954ms] GC(15666) Concurrent Mark (409652.355s, 409653.954s) 1599.677ms
[2026-07-26T13:56:38.071+0200][409653954ms] GC(15666) Pause Remark
[2026-07-26T13:56:38.183+0200][409654066ms] GC(15666) Cleaned string and symbol table, strings: 487782 processed, 2209 removed, symbols: 1499918 processed, 0 removed
[2026-07-26T13:56:38.184+0200][409654067ms] GC(15666) Pause Remark 10071M->10071M(32768M) 113.135ms
[2026-07-26T13:56:38.184+0200][409654067ms] GC(15666) User=2.91s Sys=0.01s Real=0.11s
[2026-07-26T13:56:38.184+0200][409654067ms] GC(15666) Concurrent Rebuild Remembered Sets
[2026-07-26T13:56:40.026+0200][409655909ms] GC(15666) Concurrent Rebuild Remembered Sets 1841.976ms
[2026-07-26T13:56:40.027+0200][409655910ms] GC(15666) Pause Cleanup
[2026-07-26T13:56:40.029+0200][409655912ms] GC(15666) Pause Cleanup 10601M->10601M(32768M) 1.918ms
[2026-07-26T13:56:40.029+0200][409655912ms] GC(15666) User=0.03s Sys=0.00s Real=0.01s
[2026-07-26T13:56:40.029+0200][409655912ms] GC(15666) Concurrent Cleanup for Next Mark
[2026-07-26T13:56:40.037+0200][409655920ms] GC(15666) Concurrent Cleanup for Next Mark 7.749ms
[2026-07-26T13:56:40.037+0200][409655920ms] GC(15666) Concurrent Cycle 3595.141ms
[2026-07-26T13:58:09.030+0200][409744913ms] GC(15667) Pause Young (Prepare Mixed) (G1 Evacuation Pause)
[2026-07-26T13:58:09.030+0200][409744913ms] GC(15667) Using 32 workers of 32 for evacuation
[2026-07-26T13:58:09.102+0200][409744985ms] GC(15667)   Pre Evacuate Collection Set: 0.1ms
[2026-07-26T13:58:09.102+0200][409744985ms] GC(15667)   Evacuate Collection Set: 31.7ms
[2026-07-26T13:58:09.102+0200][409744985ms] GC(15667)   Post Evacuate Collection Set: 39.9ms
[2026-07-26T13:58:09.102+0200][409744985ms] GC(15667)   Other: 0.8ms
[2026-07-26T13:58:09.102+0200][409744985ms] GC(15667) Eden regions: 1024->0(98)
[2026-07-26T13:58:09.102+0200][409744985ms] GC(15667) Survivor regions: 4->4(129)
[2026-07-26T13:58:09.102+0200][409744985ms] GC(15667) Old regions: 595->595
[2026-07-26T13:58:09.102+0200][409744985ms] GC(15667) Humongous regions: 8->8
[2026-07-26T13:58:09.102+0200][409744985ms] GC(15667) Metaspace: 1026203K(1123328K)->1026203K(1123328K)
[2026-07-26T13:58:09.102+0200][409744985ms] GC(15667) Pause Young (Prepare Mixed) (G1 Evacuation Pause) 26073M->9699M(32768M) 72.617ms
[2026-07-26T13:58:09.102+0200][409744985ms] GC(15667) User=1.84s Sys=0.01s Real=0.07s
[2026-07-26T13:58:09.103+0200][409744986ms] Concurrent String Deduplication (409744.986s)
[2026-07-26T13:58:09.103+0200][409744986ms] Concurrent String Deduplication 68360.0B->34832.0B(33528.0B) avg 65.4% (409744.986s, 409744.987s) 0.638ms
[2026-07-26T13:58:10.446+0200][409746329ms] GC(15668) Pause Young (Mixed) (G1 Evacuation Pause)
[2026-07-26T13:58:10.446+0200][409746329ms] GC(15668) Using 32 workers of 32 for evacuation
[2026-07-26T13:58:10.532+0200][409746415ms] GC(15668)   Pre Evacuate Collection Set: 0.1ms
[2026-07-26T13:58:10.532+0200][409746415ms] GC(15668)   Evacuate Collection Set: 46.9ms
[2026-07-26T13:58:10.532+0200][409746415ms] GC(15668)   Post Evacuate Collection Set: 37.9ms
[2026-07-26T13:58:10.532+0200][409746415ms] GC(15668)   Other: 1.1ms
[2026-07-26T13:58:10.532+0200][409746415ms] GC(15668) Eden regions: 98->0(1024)
[2026-07-26T13:58:10.532+0200][409746415ms] GC(15668) Survivor regions: 4->4(13)
[2026-07-26T13:58:10.532+0200][409746415ms] GC(15668) Old regions: 595->594
[2026-07-26T13:58:10.532+0200][409746415ms] GC(15668) Humongous regions: 8->8
[2026-07-26T13:58:10.533+0200][409746416ms] GC(15668) Metaspace: 1026203K(1123328K)->1026203K(1123328K)
[2026-07-26T13:58:10.533+0200][409746416ms] GC(15668) Pause Young (Mixed) (G1 Evacuation Pause) 11267M->9694M(32768M) 86.148ms
[2026-07-26T13:58:10.533+0200][409746416ms] GC(15668) User=2.19s Sys=0.00s Real=0.09s
[2026-07-26T13:58:10.533+0200][409746416ms] Concurrent String Deduplication (409746.417s)
[2026-07-26T13:58:10.545+0200][409746428ms] Concurrent String Deduplication 1645.4K->835.5K(809.9K) avg 65.4% (409746.417s, 409746.429s) 12.288ms
[2026-07-26T14:00:09.467+0200][409865350ms] GC(15669) Pause Young (Normal) (G1 Evacuation Pause)
[2026-07-26T14:00:09.467+0200][409865350ms] GC(15669) Using 32 workers of 32 for evacuation
[2026-07-26T14:00:09.544+0200][409865427ms] GC(15669)   Pre Evacuate Collection Set: 0.2ms
[2026-07-26T14:00:09.544+0200][409865427ms] GC(15669)   Evacuate Collection Set: 18.4ms
[2026-07-26T14:00:09.544+0200][409865427ms] GC(15669)   Post Evacuate Collection Set: 57.2ms
[2026-07-26T14:00:09.544+0200][409865427ms] GC(15669)   Other: 0.7ms
[2026-07-26T14:00:09.544+0200][409865427ms] GC(15669) Eden regions: 1024->0(1023)
[2026-07-26T14:00:09.544+0200][409865427ms] GC(15669) Survivor regions: 4->5(129)
[2026-07-26T14:00:09.544+0200][409865427ms] GC(15669) Old regions: 594->595
[2026-07-26T14:00:09.544+0200][409865427ms] GC(15669) Humongous regions: 11->8
[2026-07-26T14:00:09.544+0200][409865427ms] GC(15669) Metaspace: 1026203K(1123328K)->1026203K(1123328K)
[2026-07-26T14:00:09.544+0200][409865427ms] GC(15669) Pause Young (Normal) (G1 Evacuation Pause) 26126M->9698M(32768M) 76.594ms
[2026-07-26T14:00:09.544+0200][409865427ms] GC(15669) User=1.49s Sys=0.00s Real=0.08s
[2026-07-26T14:00:09.544+0200][409865427ms] Concurrent String Deduplication (409865.428s)
[2026-07-26T14:00:09.573+0200][409865456ms] Concurrent String Deduplication 2149.4K->1193.2K(956.2K) avg 65.4% (409865.428s, 409865.456s) 27.627ms
[2026-07-26T14:02:07.363+0200][409983246ms] GC(15670) Pause Young (Normal) (G1 Evacuation Pause)
[2026-07-26T14:02:07.363+0200][409983246ms] GC(15670) Using 32 workers of 32 for evacuation
[2026-07-26T14:02:07.426+0200][409983309ms] GC(15670)   Pre Evacuate Collection Set: 0.1ms
[2026-07-26T14:02:07.426+0200][409983309ms] GC(15670)   Evacuate Collection Set: 22.8ms
[2026-07-26T14:02:07.426+0200][409983309ms] GC(15670)   Post Evacuate Collection Set: 39.4ms
[2026-07-26T14:02:07.426+0200][409983309ms] GC(15670)   Other: 0.6ms
[2026-07-26T14:02:07.426+0200][409983309ms] GC(15670) Eden regions: 1023->0(1023)
[2026-07-26T14:02:07.426+0200][409983309ms] GC(15670) Survivor regions: 5->5(129)
[2026-07-26T14:02:07.426+0200][409983309ms] GC(15670) Old regions: 595->595
[2026-07-26T14:02:07.426+0200][409983309ms] GC(15670) Humongous regions: 8->8
[2026-07-26T14:02:07.426+0200][409983309ms] GC(15670) Metaspace: 1026213K(1123328K)->1026213K(1123328K)
[2026-07-26T14:02:07.426+0200][409983309ms] GC(15670) Pause Young (Normal) (G1 Evacuation Pause) 26066M->9704M(32768M) 63.082ms
[2026-07-26T14:02:07.426+0200][409983309ms] GC(15670) User=1.20s Sys=0.03s Real=0.06s
[2026-07-26T14:04:07.044+0200][410102927ms] GC(15671) Pause Young (Concurrent Start) (G1 Evacuation Pause)
[2026-07-26T14:04:07.044+0200][410102927ms] GC(15671) Using 32 workers of 32 for evacuation
[2026-07-26T14:04:07.167+0200][410103050ms] GC(15671)   Pre Evacuate Collection Set: 8.7ms
[2026-07-26T14:04:07.167+0200][410103050ms] GC(15671)   Evacuate Collection Set: 69.8ms
[2026-07-26T14:04:07.167+0200][410103050ms] GC(15671)   Post Evacuate Collection Set: 44.0ms
[2026-07-26T14:04:07.167+0200][410103050ms] GC(15671)   Other: 0.6ms
[2026-07-26T14:04:07.167+0200][410103050ms] GC(15671) Eden regions: 1023->0(1024)
[2026-07-26T14:04:07.167+0200][410103050ms] GC(15671) Survivor regions: 5->5(129)
[2026-07-26T14:04:07.167+0200][410103050ms] GC(15671) Old regions: 595->595
[2026-07-26T14:04:07.167+0200][410103050ms] GC(15671) Humongous regions: 8->8
[2026-07-26T14:04:07.167+0200][410103050ms] GC(15671) Metaspace: 1026218K(1123328K)->1026218K(1123328K)
[2026-07-26T14:04:07.167+0200][410103050ms] GC(15671) Pause Young (Concurrent Start) (G1 Evacuation Pause) 26072M->9710M(32768M) 123.337ms
[2026-07-26T14:04:07.167+0200][410103050ms] GC(15671) User=2.55s Sys=0.00s Real=0.12s
[2026-07-26T14:04:07.172+0200][410103055ms] GC(15672) Concurrent Cycle
[2026-07-26T14:04:07.172+0200][410103055ms] GC(15672) Concurrent Clear Claimed Marks
[2026-07-26T14:04:07.172+0200][410103055ms] Concurrent String Deduplication (410103.056s)
[2026-07-26T14:04:07.180+0200][410103063ms] Concurrent String Deduplication 875.7K->334.0K(541.8K) avg 65.4% (410103.056s, 410103.064s) 8.501ms
[2026-07-26T14:04:07.185+0200][410103068ms] GC(15672) Concurrent Clear Claimed Marks 12.982ms
[2026-07-26T14:04:07.185+0200][410103068ms] GC(15672) Concurrent Scan Root Regions
[2026-07-26T14:04:07.203+0200][410103086ms] GC(15672) Concurrent Scan Root Regions 18.422ms
[2026-07-26T14:04:07.203+0200][410103086ms] GC(15672) Concurrent Mark (410103.087s)
[2026-07-26T14:04:07.203+0200][410103086ms] GC(15672) Concurrent Mark From Roots
[2026-07-26T14:04:07.203+0200][410103086ms] GC(15672) Using 24 workers of 24 for marking
[2026-07-26T14:04:08.974+0200][410104857ms] GC(15672) Concurrent Mark From Roots 1770.676ms
[2026-07-26T14:04:08.974+0200][410104857ms] GC(15672) Concurrent Preclean
[2026-07-26T14:04:08.994+0200][410104877ms] GC(15672) Concurrent Preclean 20.631ms
[2026-07-26T14:04:08.994+0200][410104877ms] GC(15672) Concurrent Mark (410103.087s, 410104.878s) 1791.427ms
[2026-07-26T14:04:08.995+0200][410104878ms] GC(15672) Pause Remark
[2026-07-26T14:04:09.112+0200][410104995ms] GC(15672) Cleaned string and symbol table, strings: 487798 processed, 432 removed, symbols: 1499930 processed, 0 removed
[2026-07-26T14:04:09.113+0200][410104996ms] GC(15672) Pause Remark 10526M->10526M(32768M) 118.372ms
[2026-07-26T14:04:09.113+0200][410104996ms] GC(15672) User=3.04s Sys=0.13s Real=0.12s
[2026-07-26T14:04:09.114+0200][410104997ms] GC(15672) Concurrent Rebuild Remembered Sets
[2026-07-26T14:04:11.097+0200][410106980ms] GC(15672) Concurrent Rebuild Remembered Sets 1983.647ms
[2026-07-26T14:04:11.102+0200][410106985ms] GC(15672) Pause Cleanup
[2026-07-26T14:04:11.105+0200][410106988ms] GC(15672) Pause Cleanup 11558M->11558M(32768M) 2.572ms
[2026-07-26T14:04:11.105+0200][410106988ms] GC(15672) User=0.03s Sys=0.00s Real=0.00s
[2026-07-26T14:04:11.105+0200][410106988ms] GC(15672) Concurrent Cleanup for Next Mark
[2026-07-26T14:04:11.114+0200][410106997ms] GC(15672) Concurrent Cleanup for Next Mark 9.001ms
[2026-07-26T14:04:11.114+0200][410106997ms] GC(15672) Concurrent Cycle 3942.445ms
[2026-07-26T14:06:06.740+0200][410222623ms] GC(15673) Pause Young (Normal) (G1 Evacuation Pause)
[2026-07-26T14:06:06.740+0200][410222623ms] GC(15673) Using 32 workers of 32 for evacuation
[2026-07-26T14:06:06.807+0200][410222690ms] GC(15673)   Pre Evacuate Collection Set: 0.1ms
[2026-07-26T14:06:06.807+0200][410222690ms] GC(15673)   Evacuate Collection Set: 31.0ms
[2026-07-26T14:06:06.807+0200][410222690ms] GC(15673)   Post Evacuate Collection Set: 34.8ms
[2026-07-26T14:06:06.807+0200][410222690ms] GC(15673)   Other: 0.5ms
[2026-07-26T14:06:06.807+0200][410222690ms] GC(15673) Eden regions: 1024->0(1023)
[2026-07-26T14:06:06.807+0200][410222690ms] GC(15673) Survivor regions: 5->6(129)
[2026-07-26T14:06:06.807+0200][410222690ms] GC(15673) Old regions: 595->595
[2026-07-26T14:06:06.807+0200][410222690ms] GC(15673) Humongous regions: 8->8
[2026-07-26T14:06:06.807+0200][410222690ms] GC(15673) Metaspace: 1026218K(1123328K)->1026218K(1123328K)
[2026-07-26T14:06:06.807+0200][410222690ms] GC(15673) Pause Young (Normal) (G1 Evacuation Pause) 26094M->9723M(32768M) 66.568ms
[2026-07-26T14:06:06.807+0200][410222690ms] GC(15673) User=1.69s Sys=0.00s Real=0.06s
[2026-07-26T14:06:06.807+0200][410222690ms] Concurrent String Deduplication (410222.691s)
[2026-07-26T14:06:06.827+0200][410222710ms] Concurrent String Deduplication 1790.4K->1080.2K(710.1K) avg 65.4% (410222.691s, 410222.711s) 18.587ms
[2026-07-26T14:06:54.162+0200][410270045ms] GC(15674) Pause Young (Concurrent Start) (G1 Humongous Allocation)
[2026-07-26T14:06:54.162+0200][410270045ms] GC(15674) Using 32 workers of 32 for evacuation
[2026-07-26T14:06:54.257+0200][410270140ms] GC(15674)   Pre Evacuate Collection Set: 8.1ms
[2026-07-26T14:06:54.257+0200][410270140ms] GC(15674)   Evacuate Collection Set: 53.1ms
[2026-07-26T14:06:54.257+0200][410270140ms] GC(15674)   Post Evacuate Collection Set: 33.2ms
[2026-07-26T14:06:54.257+0200][410270140ms] GC(15674)   Other: 0.4ms
[2026-07-26T14:06:54.257+0200][410270140ms] GC(15674) Eden regions: 370->0(637)
[2026-07-26T14:06:54.257+0200][410270140ms] GC(15674) Survivor regions: 6->8(129)
[2026-07-26T14:06:54.257+0200][410270140ms] GC(15674) Old regions: 595->595
[2026-07-26T14:06:54.257+0200][410270140ms] GC(15674) Humongous regions: 8->8
[2026-07-26T14:06:54.257+0200][410270140ms] GC(15674) Metaspace: 1026218K(1123328K)->1026218K(1123328K)
[2026-07-26T14:06:54.257+0200][410270140ms] GC(15674) Pause Young (Concurrent Start) (G1 Humongous Allocation) 15634M->9749M(32768M) 95.000ms
[2026-07-26T14:06:54.257+0200][410270140ms] GC(15674) User=1.84s Sys=0.08s Real=0.09s
[2026-07-26T14:06:54.257+0200][410270140ms] Concurrent String Deduplication (410270.141s)
[2026-07-26T14:06:54.258+0200][410270141ms] GC(15675) Concurrent Cycle
[2026-07-26T14:06:54.258+0200][410270141ms] GC(15675) Concurrent Clear Claimed Marks
[2026-07-26T14:06:54.266+0200][410270149ms] GC(15675) Concurrent Clear Claimed Marks 7.718ms
[2026-07-26T14:06:54.266+0200][410270149ms] GC(15675) Concurrent Scan Root Regions
[2026-07-26T14:06:54.273+0200][410270156ms] Concurrent String Deduplication 1364.0K->859.0K(505.0K) avg 65.4% (410270.141s, 410270.157s) 11.405ms
[2026-07-26T14:06:54.278+0200][410270161ms] GC(15675) Concurrent Scan Root Regions 12.205ms
[2026-07-26T14:06:54.278+0200][410270161ms] GC(15675) Concurrent Mark (410270.162s)
[2026-07-26T14:06:54.278+0200][410270161ms] GC(15675) Concurrent Mark From Roots
[2026-07-26T14:06:54.278+0200][410270161ms] GC(15675) Using 24 workers of 24 for marking
[2026-07-26T14:06:55.884+0200][410271767ms] GC(15675) Concurrent Mark From Roots 1606.327ms
[2026-07-26T14:06:55.884+0200][410271767ms] GC(15675) Concurrent Preclean
[2026-07-26T14:06:55.901+0200][410271784ms] GC(15675) Concurrent Preclean 16.725ms
[2026-07-26T14:06:55.901+0200][410271784ms] GC(15675) Concurrent Mark (410270.162s, 410271.785s) 1623.170ms
[2026-07-26T14:06:55.902+0200][410271785ms] GC(15675) Pause Remark
[2026-07-26T14:06:55.994+0200][410271877ms] GC(15675) Cleaned string and symbol table, strings: 487418 processed, 273 removed, symbols: 1499930 processed, 0 removed
[2026-07-26T14:06:55.995+0200][410271878ms] GC(15675) Pause Remark 10094M->10094M(32768M) 93.147ms
[2026-07-26T14:06:55.995+0200][410271878ms] GC(15675) User=2.38s Sys=0.00s Real=0.09s
[2026-07-26T14:06:55.995+0200][410271878ms] GC(15675) Concurrent Rebuild Remembered Sets
[2026-07-26T14:06:57.891+0200][410273774ms] GC(15675) Concurrent Rebuild Remembered Sets 1896.397ms
[2026-07-26T14:06:57.892+0200][410273775ms] GC(15675) Pause Cleanup
[2026-07-26T14:06:57.894+0200][410273777ms] GC(15675) Pause Cleanup 10170M->10170M(32768M) 2.314ms
[2026-07-26T14:06:57.894+0200][410273777ms] GC(15675) User=0.02s Sys=0.00s Real=0.00s
[2026-07-26T14:06:57.894+0200][410273777ms] GC(15675) Concurrent Cleanup for Next Mark
[2026-07-26T14:06:57.904+0200][410273787ms] GC(15675) Concurrent Cleanup for Next Mark 9.852ms
[2026-07-26T14:06:57.904+0200][410273787ms] GC(15675) Concurrent Cycle 3646.205ms
[2026-07-26T14:08:05.672+0200][410341555ms] GC(15676) Pause Young (Normal) (G1 Evacuation Pause)
[2026-07-26T14:08:05.672+0200][410341555ms] GC(15676) Using 32 workers of 32 for evacuation
[2026-07-26T14:08:05.738+0200][410341621ms] GC(15676)   Pre Evacuate Collection Set: 0.1ms
[2026-07-26T14:08:05.738+0200][410341621ms] GC(15676)   Evacuate Collection Set: 31.9ms
[2026-07-26T14:08:05.738+0200][410341621ms] GC(15676)   Post Evacuate Collection Set: 33.5ms
[2026-07-26T14:08:05.738+0200][410341621ms] GC(15676)   Other: 0.5ms
[2026-07-26T14:08:05.738+0200][410341621ms] GC(15676) Eden regions: 632->0(752)
[2026-07-26T14:08:05.738+0200][410341621ms] GC(15676) Survivor regions: 8->6(80)
[2026-07-26T14:08:05.738+0200][410341621ms] GC(15676) Old regions: 595->595
[2026-07-26T14:08:05.738+0200][410341621ms] GC(15676) Humongous regions: 25->8
[2026-07-26T14:08:05.738+0200][410341621ms] GC(15676) Metaspace: 1026278K(1123328K)->1026278K(1123328K)
[2026-07-26T14:08:05.738+0200][410341621ms] GC(15676) Pause Young (Normal) (G1 Evacuation Pause) 20133M->9724M(32768M) 66.097ms
[2026-07-26T14:08:05.738+0200][410341621ms] GC(15676) User=1.52s Sys=0.08s Real=0.06s
[2026-07-26T14:08:05.738+0200][410341621ms] Concurrent String Deduplication (410341.622s)
[2026-07-26T14:08:05.764+0200][410341647ms] Concurrent String Deduplication 2784.6K->291.5K(2493.1K) avg 65.4% (410341.622s, 410341.648s) 25.828ms
[2026-07-26T14:09:07.648+0200][410403531ms] GC(15677) Pause Young (Normal) (G1 Evacuation Pause)
[2026-07-26T14:09:07.648+0200][410403531ms] GC(15677) Using 32 workers of 32 for evacuation
[2026-07-26T14:09:07.704+0200][410403587ms] GC(15677)   Pre Evacuate Collection Set: 0.1ms
[2026-07-26T14:09:07.704+0200][410403587ms] GC(15677)   Evacuate Collection Set: 16.4ms
[2026-07-26T14:09:07.704+0200][410403587ms] GC(15677)   Post Evacuate Collection Set: 38.4ms
[2026-07-26T14:09:07.704+0200][410403587ms] GC(15677)   Other: 0.5ms
[2026-07-26T14:09:07.704+0200][410403587ms] GC(15677) Eden regions: 752->0(823)
[2026-07-26T14:09:07.704+0200][410403587ms] GC(15677) Survivor regions: 6->6(95)
[2026-07-26T14:09:07.704+0200][410403587ms] GC(15677) Old regions: 595->595
[2026-07-26T14:09:07.704+0200][410403587ms] GC(15677) Humongous regions: 8->8
[2026-07-26T14:09:07.704+0200][410403587ms] GC(15677) Metaspace: 1026283K(1123328K)->1026283K(1123328K)
[2026-07-26T14:09:07.704+0200][410403587ms] GC(15677) Pause Young (Normal) (G1 Evacuation Pause) 21756M->9730M(32768M) 55.521ms
[2026-07-26T14:09:07.704+0200][410403587ms] GC(15677) User=1.22s Sys=0.01s Real=0.06s
[2026-07-26T14:09:07.704+0200][410403587ms] Concurrent String Deduplication (410403.588s)
[2026-07-26T14:09:07.704+0200][410403587ms] Concurrent String Deduplication 35840.0B->17056.0B(18784.0B) avg 65.4% (410403.588s, 410403.588s) 0.284ms
[2026-07-26T14:11:05.192+0200][410521075ms] GC(15678) Pause Young (Normal) (G1 Evacuation Pause)
[2026-07-26T14:11:05.192+0200][410521075ms] GC(15678) Using 32 workers of 32 for evacuation
[2026-07-26T14:11:05.247+0200][410521130ms] GC(15678)   Pre Evacuate Collection Set: 0.1ms
[2026-07-26T14:11:05.247+0200][410521130ms] GC(15678)   Evacuate Collection Set: 20.9ms
[2026-07-26T14:11:05.247+0200][410521130ms] GC(15678)   Post Evacuate Collection Set: 33.9ms
[2026-07-26T14:11:05.247+0200][410521130ms] GC(15678)   Other: 0.4ms
[2026-07-26T14:11:05.247+0200][410521130ms] GC(15678) Eden regions: 823->0(828)
[2026-07-26T14:11:05.247+0200][410521130ms] GC(15678) Survivor regions: 6->6(104)
[2026-07-26T14:11:05.247+0200][410521130ms] GC(15678) Old regions: 595->595
[2026-07-26T14:11:05.247+0200][410521130ms] GC(15678) Humongous regions: 8->8
[2026-07-26T14:11:05.247+0200][410521130ms] GC(15678) Metaspace: 1026286K(1123328K)->1026286K(1123328K)
[2026-07-26T14:11:05.247+0200][410521130ms] GC(15678) Pause Young (Normal) (G1 Evacuation Pause) 22898M->9724M(32768M) 55.423ms
[2026-07-26T14:11:05.247+0200][410521130ms] GC(15678) User=1.44s Sys=0.00s Real=0.05s
[2026-07-26T14:11:05.248+0200][410521131ms] Concurrent String Deduplication (410521.131s)
[2026-07-26T14:11:05.253+0200][410521136ms] Concurrent String Deduplication 665.5K->278.7K(386.7K) avg 65.4% (410521.131s, 410521.137s) 5.333ms
[2026-07-26T14:12:09.337+0200][410585220ms] GC(15679) Pause Young (Normal) (G1 Evacuation Pause)
[2026-07-26T14:12:09.337+0200][410585220ms] GC(15679) Using 32 workers of 32 for evacuation
[2026-07-26T14:12:09.393+0200][410585276ms] GC(15679)   Pre Evacuate Collection Set: 0.1ms
[2026-07-26T14:12:09.393+0200][410585276ms] GC(15679)   Evacuate Collection Set: 19.2ms
[2026-07-26T14:12:09.393+0200][410585276ms] GC(15679)   Post Evacuate Collection Set: 35.8ms
[2026-07-26T14:12:09.393+0200][410585276ms] GC(15679)   Other: 0.4ms
[2026-07-26T14:12:09.393+0200][410585276ms] GC(15679) Eden regions: 828->0(908)
[2026-07-26T14:12:09.393+0200][410585276ms] GC(15679) Survivor regions: 6->6(105)
[2026-07-26T14:12:09.393+0200][410585276ms] GC(15679) Old regions: 595->595
[2026-07-26T14:12:09.393+0200][410585276ms] GC(15679) Humongous regions: 8->8
[2026-07-26T14:12:09.393+0200][410585276ms] GC(15679) Metaspace: 1026291K(1123328K)->1026291K(1123328K)
[2026-07-26T14:12:09.393+0200][410585276ms] GC(15679) Pause Young (Normal) (G1 Evacuation Pause) 22972M->9722M(32768M) 55.697ms
[2026-07-26T14:12:09.393+0200][410585276ms] GC(15679) User=1.08s Sys=0.00s Real=0.06s
[2026-07-26T14:12:09.393+0200][410585276ms] Concurrent String Deduplication (410585.277s)
[2026-07-26T14:12:09.402+0200][410585285ms] Concurrent String Deduplication 890.5K->343.9K(546.5K) avg 65.4% (410585.277s, 410585.286s) 9.206ms
[2026-07-26T14:14:05.280+0200][410701163ms] GC(15680) Pause Young (Normal) (G1 Evacuation Pause)
[2026-07-26T14:14:05.280+0200][410701163ms] GC(15680) Using 32 workers of 32 for evacuation
[2026-07-26T14:14:05.335+0200][410701218ms] GC(15680)   Pre Evacuate Collection Set: 0.1ms
[2026-07-26T14:14:05.335+0200][410701218ms] GC(15680)   Evacuate Collection Set: 16.2ms
[2026-07-26T14:14:05.335+0200][410701218ms] GC(15680)   Post Evacuate Collection Set: 38.6ms
[2026-07-26T14:14:05.335+0200][410701218ms] GC(15680)   Other: 0.4ms
[2026-07-26T14:14:05.335+0200][410701218ms] GC(15680) Eden regions: 908->0(945)
[2026-07-26T14:14:05.335+0200][410701218ms] GC(15680) Survivor regions: 6->5(115)
[2026-07-26T14:14:05.335+0200][410701218ms] GC(15680) Old regions: 595->595
[2026-07-26T14:14:05.335+0200][410701218ms] GC(15680) Humongous regions: 8->8
[2026-07-26T14:14:05.335+0200][410701218ms] GC(15680) Metaspace: 1026314K(1123328K)->1026314K(1123328K)
[2026-07-26T14:14:05.335+0200][410701218ms] GC(15680) Pause Young (Normal) (G1 Evacuation Pause) 24250M->9717M(32768M) 55.449ms
[2026-07-26T14:14:05.335+0200][410701218ms] GC(15680) User=1.24s Sys=0.01s Real=0.05s
[2026-07-26T14:14:05.335+0200][410701218ms] Concurrent String Deduplication (410701.219s)
[2026-07-26T14:14:05.338+0200][410701221ms] Concurrent String Deduplication 338.3K->143.0K(195.2K) avg 65.4% (410701.219s, 410701.222s) 2.770ms
[2026-07-26T14:15:37.500+0200][410793383ms] GC(15681) Pause Young (Normal) (G1 Evacuation Pause)
[2026-07-26T14:15:37.500+0200][410793383ms] GC(15681) Using 32 workers of 32 for evacuation
[2026-07-26T14:15:37.549+0200][410793432ms] GC(15681)   Pre Evacuate Collection Set: 0.1ms
[2026-07-26T14:15:37.549+0200][410793432ms] GC(15681)   Evacuate Collection Set: 14.9ms
[2026-07-26T14:15:37.549+0200][410793432ms] GC(15681)   Post Evacuate Collection Set: 33.2ms
[2026-07-26T14:15:37.549+0200][410793432ms] GC(15681)   Other: 0.4ms
[2026-07-26T14:15:37.549+0200][410793432ms] GC(15681) Eden regions: 945->0(958)
[2026-07-26T14:15:37.549+0200][410793432ms] GC(15681) Survivor regions: 5->5(119)
[2026-07-26T14:15:37.549+0200][410793432ms] GC(15681) Old regions: 595->595
[2026-07-26T14:15:37.549+0200][410793432ms] GC(15681) Humongous regions: 8->8
[2026-07-26T14:15:37.549+0200][410793432ms] GC(15681) Metaspace: 1026321K(1123328K)->1026321K(1123328K)
[2026-07-26T14:15:37.549+0200][410793432ms] GC(15681) Pause Young (Normal) (G1 Evacuation Pause) 24837M->9709M(32768M) 48.727ms
[2026-07-26T14:15:37.549+0200][410793432ms] GC(15681) User=1.12s Sys=0.00s Real=0.05s
[2026-07-26T14:15:37.549+0200][410793432ms] Concurrent String Deduplication (410793.433s)
[2026-07-26T14:15:37.552+0200][410793435ms] Concurrent String Deduplication 565.2K->345.9K(219.4K) avg 65.4% (410793.433s, 410793.436s) 3.086ms
[2026-07-26T14:17:09.277+0200][410885160ms] GC(15682) Pause Young (Concurrent Start) (G1 Evacuation Pause)
[2026-07-26T14:17:09.277+0200][410885160ms] GC(15682) Using 32 workers of 32 for evacuation
[2026-07-26T14:17:09.377+0200][410885260ms] GC(15682)   Pre Evacuate Collection Set: 8.1ms
[2026-07-26T14:17:09.377+0200][410885260ms] GC(15682)   Evacuate Collection Set: 57.4ms
[2026-07-26T14:17:09.377+0200][410885260ms] GC(15682)   Post Evacuate Collection Set: 34.1ms
[2026-07-26T14:17:09.377+0200][410885260ms] GC(15682)   Other: 0.5ms
[2026-07-26T14:17:09.377+0200][410885260ms] GC(15682) Eden regions: 958->0(969)
[2026-07-26T14:17:09.377+0200][410885260ms] GC(15682) Survivor regions: 5->5(121)
[2026-07-26T14:17:09.377+0200][410885260ms] GC(15682) Old regions: 595->595
[2026-07-26T14:17:09.377+0200][410885260ms] GC(15682) Humongous regions: 8->8
[2026-07-26T14:17:09.377+0200][410885260ms] GC(15682) Metaspace: 1026321K(1123328K)->1026321K(1123328K)
[2026-07-26T14:17:09.377+0200][410885260ms] GC(15682) Pause Young (Concurrent Start) (G1 Evacuation Pause) 25037M->9707M(32768M) 100.220ms
[2026-07-26T14:17:09.378+0200][410885261ms] GC(15682) User=2.22s Sys=0.08s Real=0.10s
[2026-07-26T14:17:09.378+0200][410885261ms] GC(15683) Concurrent Cycle
[2026-07-26T14:17:09.378+0200][410885261ms] GC(15683) Concurrent Clear Claimed Marks
[2026-07-26T14:17:09.378+0200][410885261ms] Concurrent String Deduplication (410885.261s)
[2026-07-26T14:17:09.381+0200][410885264ms] Concurrent String Deduplication 474.5K->284.4K(190.1K) avg 65.4% (410885.261s, 410885.265s) 3.327ms
[2026-07-26T14:17:09.387+0200][410885270ms] GC(15683) Concurrent Clear Claimed Marks 9.812ms
[2026-07-26T14:17:09.387+0200][410885270ms] GC(15683) Concurrent Scan Root Regions
[2026-07-26T14:17:09.403+0200][410885286ms] GC(15683) Concurrent Scan Root Regions 15.751ms
[2026-07-26T14:17:09.403+0200][410885286ms] GC(15683) Concurrent Mark (410885.287s)
[2026-07-26T14:17:09.403+0200][410885286ms] GC(15683) Concurrent Mark From Roots
[2026-07-26T14:17:09.403+0200][410885286ms] GC(15683) Using 24 workers of 24 for marking
[2026-07-26T14:17:10.942+0200][410886825ms] GC(15683) Concurrent Mark From Roots 1539.132ms
[2026-07-26T14:17:10.942+0200][410886825ms] GC(15683) Concurrent Preclean
[2026-07-26T14:17:10.962+0200][410886845ms] GC(15683) Concurrent Preclean 19.474ms
[2026-07-26T14:17:10.962+0200][410886845ms] GC(15683) Concurrent Mark (410885.287s, 410886.846s) 1558.743ms
[2026-07-26T14:17:10.963+0200][410886846ms] GC(15683) Pause Remark
[2026-07-26T14:17:11.075+0200][410886958ms] GC(15683) Cleaned string and symbol table, strings: 487870 processed, 1470 removed, symbols: 1499984 processed, 0 removed
[2026-07-26T14:17:11.076+0200][410886959ms] GC(15683) Pause Remark 9975M->9975M(32768M) 113.545ms
[2026-07-26T14:17:11.076+0200][410886959ms] GC(15683) User=2.97s Sys=0.00s Real=0.11s
[2026-07-26T14:17:11.076+0200][410886959ms] GC(15683) Concurrent Rebuild Remembered Sets
[2026-07-26T14:17:12.932+0200][410888815ms] GC(15683) Concurrent Rebuild Remembered Sets 1855.847ms
[2026-07-26T14:17:12.933+0200][410888816ms] GC(15683) Pause Cleanup
[2026-07-26T14:17:12.935+0200][410888818ms] GC(15683) Pause Cleanup 9975M->9975M(32768M) 2.345ms
[2026-07-26T14:17:12.935+0200][410888818ms] GC(15683) User=0.02s Sys=0.00s Real=0.00s
[2026-07-26T14:17:12.935+0200][410888818ms] GC(15683) Concurrent Cleanup for Next Mark
[2026-07-26T14:17:12.945+0200][410888828ms] GC(15683) Concurrent Cleanup for Next Mark 10.285ms
[2026-07-26T14:17:12.945+0200][410888828ms] GC(15683) Concurrent Cycle 3567.801ms
[2026-07-26T14:19:08.390+0200][411004273ms] GC(15684) Pause Young (Normal) (G1 Evacuation Pause)
[2026-07-26T14:19:08.390+0200][411004273ms] GC(15684) Using 32 workers of 32 for evacuation
[2026-07-26T14:19:08.454+0200][411004337ms] GC(15684)   Pre Evacuate Collection Set: 0.1ms
[2026-07-26T14:19:08.454+0200][411004337ms] GC(15684)   Evacuate Collection Set: 22.3ms
[2026-07-26T14:19:08.454+0200][411004337ms] GC(15684)   Post Evacuate Collection Set: 40.9ms
[2026-07-26T14:19:08.454+0200][411004337ms] GC(15684)   Other: 0.5ms
[2026-07-26T14:19:08.454+0200][411004337ms] GC(15684) Eden regions: 945->0(979)
[2026-07-26T14:19:08.454+0200][411004337ms] GC(15684) Survivor regions: 5->4(119)
[2026-07-26T14:19:08.454+0200][411004337ms] GC(15684) Old regions: 595->595
[2026-07-26T14:19:08.454+0200][411004337ms] GC(15684) Humongous regions: 8->8
[2026-07-26T14:19:08.454+0200][411004337ms] GC(15684) Metaspace: 1026321K(1123328K)->1026321K(1123328K)
[2026-07-26T14:19:08.454+0200][411004337ms] GC(15684) Pause Young (Normal) (G1 Evacuation Pause) 24827M->9699M(32768M) 63.964ms
[2026-07-26T14:19:08.454+0200][411004337ms] GC(15684) User=1.46s Sys=0.01s Real=0.06s
[2026-07-26T14:19:08.454+0200][411004337ms] Concurrent String Deduplication (411004.338s)
[2026-07-26T14:19:08.457+0200][411004340ms] Concurrent String Deduplication 471.1K->215.7K(255.3K) avg 65.4% (411004.338s, 411004.341s) 2.669ms
[2026-07-26T14:21:07.831+0200][411123714ms] GC(15685) Pause Young (Concurrent Start) (G1 Evacuation Pause)
[2026-07-26T14:21:07.831+0200][411123714ms] GC(15685) Using 32 workers of 32 for evacuation
[2026-07-26T14:21:07.918+0200][411123801ms] GC(15685)   Pre Evacuate Collection Set: 8.1ms
[2026-07-26T14:21:07.918+0200][411123801ms] GC(15685)   Evacuate Collection Set: 47.4ms
[2026-07-26T14:21:07.918+0200][411123801ms] GC(15685)   Post Evacuate Collection Set: 30.9ms
[2026-07-26T14:21:07.918+0200][411123801ms] GC(15685)   Other: 0.5ms
[2026-07-26T14:21:07.918+0200][411123801ms] GC(15685) Eden regions: 979->0(986)
[2026-07-26T14:21:07.918+0200][411123801ms] GC(15685) Survivor regions: 4->4(123)
[2026-07-26T14:21:07.918+0200][411123801ms] GC(15685) Old regions: 595->595
[2026-07-26T14:21:07.918+0200][411123801ms] GC(15685) Humongous regions: 8->8
[2026-07-26T14:21:07.919+0200][411123802ms] GC(15685) Metaspace: 1026338K(1123328K)->1026338K(1123328K)
[2026-07-26T14:21:07.919+0200][411123802ms] GC(15685) Pause Young (Concurrent Start) (G1 Evacuation Pause) 25363M->9699M(32768M) 87.105ms
[2026-07-26T14:21:07.919+0200][411123802ms] GC(15685) User=1.71s Sys=0.01s Real=0.09s
[2026-07-26T14:21:07.919+0200][411123802ms] Concurrent String Deduplication (411123.803s)
[2026-07-26T14:21:07.922+0200][411123805ms] GC(15686) Concurrent Cycle
[2026-07-26T14:21:07.922+0200][411123805ms] GC(15686) Concurrent Clear Claimed Marks
[2026-07-26T14:21:07.923+0200][411123806ms] Concurrent String Deduplication 289.5K->217.6K(73648.0B) avg 65.4% (411123.803s, 411123.807s) 4.571ms
[2026-07-26T14:21:07.930+0200][411123813ms] GC(15686) Concurrent Clear Claimed Marks 7.651ms
[2026-07-26T14:21:07.930+0200][411123813ms] GC(15686) Concurrent Scan Root Regions
[2026-07-26T14:21:07.946+0200][411123829ms] GC(15686) Concurrent Scan Root Regions 15.907ms
[2026-07-26T14:21:07.946+0200][411123829ms] GC(15686) Concurrent Mark (411123.830s)
[2026-07-26T14:21:07.946+0200][411123829ms] GC(15686) Concurrent Mark From Roots
[2026-07-26T14:21:07.946+0200][411123829ms] GC(15686) Using 24 workers of 24 for marking
[2026-07-26T14:21:09.444+0200][411125327ms] GC(15686) Concurrent Mark From Roots 1498.244ms
[2026-07-26T14:21:09.444+0200][411125327ms] GC(15686) Concurrent Preclean
[2026-07-26T14:21:09.460+0200][411125343ms] GC(15686) Concurrent Preclean 16.168ms
[2026-07-26T14:21:09.460+0200][411125343ms] GC(15686) Concurrent Mark (411123.830s, 411125.344s) 1514.536ms
[2026-07-26T14:21:09.461+0200][411125344ms] GC(15686) Pause Remark
[2026-07-26T14:21:09.565+0200][411125448ms] GC(15686) Cleaned string and symbol table, strings: 487812 processed, 2 removed, symbols: 1499998 processed, 0 removed
[2026-07-26T14:21:09.566+0200][411125449ms] GC(15686) Pause Remark 10291M->10291M(32768M) 105.232ms
[2026-07-26T14:21:09.566+0200][411125449ms] GC(15686) User=2.71s Sys=0.09s Real=0.10s
[2026-07-26T14:21:09.566+0200][411125449ms] GC(15686) Concurrent Rebuild Remembered Sets
[2026-07-26T14:21:11.392+0200][411127275ms] GC(15686) Concurrent Rebuild Remembered Sets 1825.306ms
[2026-07-26T14:21:11.393+0200][411127276ms] GC(15686) Pause Cleanup
[2026-07-26T14:21:11.395+0200][411127278ms] GC(15686) Pause Cleanup 11011M->11011M(32768M) 2.110ms
[2026-07-26T14:21:11.395+0200][411127278ms] GC(15686) User=0.02s Sys=0.00s Real=0.00s
[2026-07-26T14:21:11.395+0200][411127278ms] GC(15686) Concurrent Cleanup for Next Mark
[2026-07-26T14:21:11.404+0200][411127287ms] GC(15686) Concurrent Cleanup for Next Mark 9.304ms
[2026-07-26T14:21:11.404+0200][411127287ms] GC(15686) Concurrent Cycle 3482.029ms
[2026-07-26T14:23:07.238+0200][411243121ms] GC(15687) Pause Young (Normal) (G1 Evacuation Pause)
[2026-07-26T14:23:07.238+0200][411243121ms] GC(15687) Using 32 workers of 32 for evacuation
[2026-07-26T14:23:07.288+0200][411243171ms] GC(15687)   Pre Evacuate Collection Set: 0.1ms
[2026-07-26T14:23:07.288+0200][411243171ms] GC(15687)   Evacuate Collection Set: 18.2ms
[2026-07-26T14:23:07.288+0200][411243171ms] GC(15687)   Post Evacuate Collection Set: 31.3ms
[2026-07-26T14:23:07.288+0200][411243171ms] GC(15687)   Other: 0.7ms
[2026-07-26T14:23:07.288+0200][411243171ms] GC(15687) Eden regions: 986->0(992)
[2026-07-26T14:23:07.288+0200][411243171ms] GC(15687) Survivor regions: 4->4(124)
[2026-07-26T14:23:07.288+0200][411243171ms] GC(15687) Old regions: 595->595
[2026-07-26T14:23:07.288+0200][411243171ms] GC(15687) Humongous regions: 8->8
[2026-07-26T14:23:07.288+0200][411243171ms] GC(15687) Metaspace: 1026344K(1123328K)->1026344K(1123328K)
[2026-07-26T14:23:07.288+0200][411243171ms] GC(15687) Pause Young (Normal) (G1 Evacuation Pause) 25475M->9702M(32768M) 50.368ms
[2026-07-26T14:23:07.289+0200][411243172ms] GC(15687) User=1.22s Sys=0.00s Real=0.06s
[2026-07-26T14:23:07.289+0200][411243172ms] Concurrent String Deduplication (411243.172s)
[2026-07-26T14:23:07.293+0200][411243176ms] Concurrent String Deduplication 281.0K->115.4K(165.7K) avg 65.4% (411243.172s, 411243.177s) 2.794ms
[2026-07-26T14:25:07.686+0200][411363569ms] GC(15688) Pause Young (Concurrent Start) (G1 Evacuation Pause)
[2026-07-26T14:25:07.686+0200][411363569ms] GC(15688) Using 32 workers of 32 for evacuation
[2026-07-26T14:25:07.804+0200][411363687ms] GC(15688)   Pre Evacuate Collection Set: 10.5ms
[2026-07-26T14:25:07.804+0200][411363687ms] GC(15688)   Evacuate Collection Set: 68.1ms
[2026-07-26T14:25:07.804+0200][411363688ms] GC(15688)   Post Evacuate Collection Set: 39.7ms
[2026-07-26T14:25:07.805+0200][411363688ms] GC(15688)   Other: 0.6ms
[2026-07-26T14:25:07.805+0200][411363688ms] GC(15688) Eden regions: 992->0(998)
[2026-07-26T14:25:07.805+0200][411363688ms] GC(15688) Survivor regions: 4->4(125)
[2026-07-26T14:25:07.805+0200][411363688ms] GC(15688) Old regions: 595->595
[2026-07-26T14:25:07.805+0200][411363688ms] GC(15688) Humongous regions: 8->8
[2026-07-26T14:25:07.805+0200][411363688ms] GC(15688) Metaspace: 1026344K(1123328K)->1026344K(1123328K)
[2026-07-26T14:25:07.805+0200][411363688ms] GC(15688) Pause Young (Concurrent Start) (G1 Evacuation Pause) 25574M->9700M(32768M) 119.065ms
[2026-07-26T14:25:07.805+0200][411363688ms] GC(15688) User=2.15s Sys=0.09s Real=0.12s
[2026-07-26T14:25:07.805+0200][411363688ms] GC(15689) Concurrent Cycle
[2026-07-26T14:25:07.805+0200][411363688ms] GC(15689) Concurrent Clear Claimed Marks
[2026-07-26T14:25:07.805+0200][411363688ms] Concurrent String Deduplication (411363.689s)
[2026-07-26T14:25:07.813+0200][411363696ms] Concurrent String Deduplication 788.1K->455.0K(333.1K) avg 65.4% (411363.689s, 411363.697s) 7.734ms
[2026-07-26T14:25:07.817+0200][411363700ms] GC(15689) Concurrent Clear Claimed Marks 12.452ms
[2026-07-26T14:25:07.817+0200][411363700ms] GC(15689) Concurrent Scan Root Regions
[2026-07-26T14:25:07.836+0200][411363719ms] GC(15689) Concurrent Scan Root Regions 18.649ms
[2026-07-26T14:25:07.836+0200][411363719ms] GC(15689) Concurrent Mark (411363.720s)
[2026-07-26T14:25:07.836+0200][411363719ms] GC(15689) Concurrent Mark From Roots
[2026-07-26T14:25:07.836+0200][411363719ms] GC(15689) Using 24 workers of 24 for marking
[2026-07-26T14:25:09.576+0200][411365459ms] GC(15689) Concurrent Mark From Roots 1739.629ms
[2026-07-26T14:25:09.576+0200][411365459ms] GC(15689) Concurrent Preclean
[2026-07-26T14:25:09.597+0200][411365480ms] GC(15689) Concurrent Preclean 21.321ms
[2026-07-26T14:25:09.597+0200][411365480ms] GC(15689) Concurrent Mark (411363.720s, 411365.481s) 1761.076ms
[2026-07-26T14:25:09.597+0200][411365480ms] GC(15689) Pause Remark
[2026-07-26T14:25:09.707+0200][411365590ms] GC(15689) Cleaned string and symbol table, strings: 487834 processed, 1903 removed, symbols: 1500002 processed, 0 removed
[2026-07-26T14:25:09.713+0200][411365596ms] GC(15689) Pause Remark 10484M->10484M(32768M) 115.316ms
[2026-07-26T14:25:09.713+0200][411365596ms] GC(15689) User=2.85s Sys=0.00s Real=0.12s
[2026-07-26T14:25:09.713+0200][411365596ms] GC(15689) Concurrent Rebuild Remembered Sets
[2026-07-26T14:25:11.766+0200][411367649ms] GC(15689) Concurrent Rebuild Remembered Sets 2052.844ms
[2026-07-26T14:25:11.766+0200][411367649ms] GC(15689) Pause Cleanup
[2026-07-26T14:25:11.769+0200][411367652ms] GC(15689) Pause Cleanup 11492M->11492M(32768M) 2.600ms
[2026-07-26T14:25:11.769+0200][411367652ms] GC(15689) User=0.03s Sys=0.00s Real=0.01s
[2026-07-26T14:25:11.769+0200][411367652ms] GC(15689) Concurrent Cleanup for Next Mark
[2026-07-26T14:25:11.776+0200][411367659ms] GC(15689) Concurrent Cleanup for Next Mark 7.161ms
[2026-07-26T14:25:11.776+0200][411367659ms] GC(15689) Concurrent Cycle 3971.607ms
[2026-07-26T14:27:06.441+0200][411482324ms] GC(15690) Pause Young (Normal) (G1 Evacuation Pause)
[2026-07-26T14:27:06.441+0200][411482324ms] GC(15690) Using 32 workers of 32 for evacuation
[2026-07-26T14:27:06.498+0200][411482381ms] GC(15690)   Pre Evacuate Collection Set: 0.1ms
[2026-07-26T14:27:06.498+0200][411482381ms] GC(15690)   Evacuate Collection Set: 22.3ms
[2026-07-26T14:27:06.498+0200][411482381ms] GC(15690)   Post Evacuate Collection Set: 34.1ms
[2026-07-26T14:27:06.498+0200][411482381ms] GC(15690)   Other: 0.6ms
[2026-07-26T14:27:06.498+0200][411482381ms] GC(15690) Eden regions: 998->0(1002)
[2026-07-26T14:27:06.498+0200][411482381ms] GC(15690) Survivor regions: 4->4(126)
[2026-07-26T14:27:06.498+0200][411482381ms] GC(15690) Old regions: 595->595
[2026-07-26T14:27:06.498+0200][411482381ms] GC(15690) Humongous regions: 8->8
[2026-07-26T14:27:06.498+0200][411482381ms] GC(15690) Metaspace: 1026351K(1123328K)->1026351K(1123328K)
[2026-07-26T14:27:06.498+0200][411482381ms] GC(15690) Pause Young (Normal) (G1 Evacuation Pause) 25668M->9703M(32768M) 57.269ms
[2026-07-26T14:27:06.498+0200][411482381ms] GC(15690) User=1.36s Sys=0.02s Real=0.05s
[2026-07-26T14:27:06.498+0200][411482381ms] Concurrent String Deduplication (411482.382s)
[2026-07-26T14:27:06.522+0200][411482405ms] Concurrent String Deduplication 2386.3K->100936.0B(2287.7K) avg 65.4% (411482.382s, 411482.406s) 23.754ms
