[2026-07-26T00:06:31.405+0200][213142.569s][info][gc,start      ] GC(5284) Pause Young (Normal) (G1 Evacuation Pause)
[2026-07-26T00:06:31.405+0200][213142.569s][info][gc,task       ] GC(5284) Using 13 workers of 13 for evacuation
[2026-07-26T00:06:31.417+0200][213142.580s][info][gc,phases     ] GC(5284)   Pre Evacuate Collection Set: 0.2ms
[2026-07-26T00:06:31.417+0200][213142.580s][info][gc,phases     ] GC(5284)   Evacuate Collection Set: 7.8ms
[2026-07-26T00:06:31.417+0200][213142.580s][info][gc,phases     ] GC(5284)   Post Evacuate Collection Set: 2.9ms
[2026-07-26T00:06:31.417+0200][213142.580s][info][gc,phases     ] GC(5284)   Other: 0.6ms
[2026-07-26T00:06:31.417+0200][213142.580s][info][gc,heap       ] GC(5284) Eden regions: 731->0(761)
[2026-07-26T00:06:31.417+0200][213142.580s][info][gc,heap       ] GC(5284) Survivor regions: 8->10(93)
[2026-07-26T00:06:31.417+0200][213142.580s][info][gc,heap       ] GC(5284) Old regions: 1606->1606
[2026-07-26T00:06:31.417+0200][213142.580s][info][gc,heap       ] GC(5284) Humongous regions: 84->16
[2026-07-26T00:06:31.417+0200][213142.580s][info][gc,metaspace  ] GC(5284) Metaspace: 739898K(890240K)->739898K(890240K) NonClass: 654236K(792064K)->654236K(792064K) Class: 85662K(98176K)->85662K(98176K)
[2026-07-26T00:06:31.417+0200][213142.580s][info][gc            ] GC(5284) Pause Young (Normal) (G1 Evacuation Pause) 2428M->1631M(2681M) 11.732ms
[2026-07-26T00:06:31.417+0200][213142.580s][info][gc,cpu        ] GC(5284) User=0.10s Sys=0.01s Real=0.01s
[2026-07-26T00:06:32.772+0200][213143.936s][info][gc,start      ] GC(5285) Pause Young (Normal) (G1 Evacuation Pause)
[2026-07-26T00:06:32.772+0200][213143.936s][info][gc,task       ] GC(5285) Using 13 workers of 13 for evacuation
[2026-07-26T00:06:32.788+0200][213143.951s][info][gc,phases     ] GC(5285)   Pre Evacuate Collection Set: 0.2ms
[2026-07-26T00:06:32.788+0200][213143.951s][info][gc,phases     ] GC(5285)   Evacuate Collection Set: 10.5ms
[2026-07-26T00:06:32.788+0200][213143.951s][info][gc,phases     ] GC(5285)   Post Evacuate Collection Set: 4.7ms
[2026-07-26T00:06:32.788+0200][213143.951s][info][gc,phases     ] GC(5285)   Other: 0.4ms
[2026-07-26T00:06:32.788+0200][213143.951s][info][gc,heap       ] GC(5285) Eden regions: 761->0(759)
[2026-07-26T00:06:32.788+0200][213143.951s][info][gc,heap       ] GC(5285) Survivor regions: 10->13(97)
[2026-07-26T00:06:32.788+0200][213143.951s][info][gc,heap       ] GC(5285) Old regions: 1606->1606
[2026-07-26T00:06:32.788+0200][213143.951s][info][gc,heap       ] GC(5285) Humongous regions: 16->16
[2026-07-26T00:06:32.788+0200][213143.951s][info][gc,metaspace  ] GC(5285) Metaspace: 739898K(890240K)->739898K(890240K) NonClass: 654236K(792064K)->654236K(792064K) Class: 85662K(98176K)->85662K(98176K)
[2026-07-26T00:06:32.788+0200][213143.952s][info][gc            ] GC(5285) Pause Young (Normal) (G1 Evacuation Pause) 2392M->1634M(2681M) 15.946ms
[2026-07-26T00:06:32.788+0200][213143.952s][info][gc,cpu        ] GC(5285) User=0.11s Sys=0.00s Real=0.02s
[2026-07-26T00:07:08.205+0200][213179.368s][info][gc,start      ] GC(5286) Pause Young (Normal) (G1 Evacuation Pause)
[2026-07-26T00:07:08.205+0200][213179.368s][info][gc,task       ] GC(5286) Using 13 workers of 13 for evacuation
[2026-07-26T00:07:08.220+0200][213179.384s][info][gc,phases     ] GC(5286)   Pre Evacuate Collection Set: 0.1ms
[2026-07-26T00:07:08.220+0200][213179.384s][info][gc,phases     ] GC(5286)   Evacuate Collection Set: 10.7ms
[2026-07-26T00:07:08.220+0200][213179.384s][info][gc,phases     ] GC(5286)   Post Evacuate Collection Set: 3.8ms
[2026-07-26T00:07:08.220+0200][213179.384s][info][gc,phases     ] GC(5286)   Other: 0.5ms
[2026-07-26T00:07:08.220+0200][213179.384s][info][gc,heap       ] GC(5286) Eden regions: 759->0(756)
[2026-07-26T00:07:08.220+0200][213179.384s][info][gc,heap       ] GC(5286) Survivor regions: 13->15(97)
[2026-07-26T00:07:08.220+0200][213179.384s][info][gc,heap       ] GC(5286) Old regions: 1606->1606
[2026-07-26T00:07:08.220+0200][213179.384s][info][gc,heap       ] GC(5286) Humongous regions: 16->16
[2026-07-26T00:07:08.220+0200][213179.384s][info][gc,metaspace  ] GC(5286) Metaspace: 739922K(890240K)->739922K(890240K) NonClass: 654258K(792064K)->654258K(792064K) Class: 85663K(98176K)->85663K(98176K)
[2026-07-26T00:07:08.220+0200][213179.384s][info][gc            ] GC(5286) Pause Young (Normal) (G1 Evacuation Pause) 2393M->1636M(2681M) 15.353ms
[2026-07-26T00:07:08.220+0200][213179.384s][info][gc,cpu        ] GC(5286) User=0.14s Sys=0.00s Real=0.01s
[2026-07-26T00:07:28.805+0200][213199.968s][info][gc,start      ] GC(5287) Pause Young (Normal) (G1 Evacuation Pause)
[2026-07-26T00:07:28.805+0200][213199.968s][info][gc,task       ] GC(5287) Using 13 workers of 13 for evacuation
[2026-07-26T00:07:28.818+0200][213199.981s][info][gc,phases     ] GC(5287)   Pre Evacuate Collection Set: 0.2ms
[2026-07-26T00:07:28.818+0200][213199.982s][info][gc,phases     ] GC(5287)   Evacuate Collection Set: 9.4ms
[2026-07-26T00:07:28.818+0200][213199.982s][info][gc,phases     ] GC(5287)   Post Evacuate Collection Set: 3.0ms
[2026-07-26T00:07:28.818+0200][213199.982s][info][gc,phases     ] GC(5287)   Other: 0.5ms
[2026-07-26T00:07:28.818+0200][213199.982s][info][gc,heap       ] GC(5287) Eden regions: 756->0(756)
[2026-07-26T00:07:28.818+0200][213199.982s][info][gc,heap       ] GC(5287) Survivor regions: 15->15(97)
[2026-07-26T00:07:28.818+0200][213199.982s][info][gc,heap       ] GC(5287) Old regions: 1606->1606
[2026-07-26T00:07:28.818+0200][213199.982s][info][gc,heap       ] GC(5287) Humongous regions: 16->16
[2026-07-26T00:07:28.818+0200][213199.982s][info][gc,metaspace  ] GC(5287) Metaspace: 739923K(890240K)->739923K(890240K) NonClass: 654260K(792064K)->654260K(792064K) Class: 85663K(98176K)->85663K(98176K)
[2026-07-26T00:07:28.818+0200][213199.982s][info][gc            ] GC(5287) Pause Young (Normal) (G1 Evacuation Pause) 2392M->1636M(2681M) 13.282ms
[2026-07-26T00:07:28.818+0200][213199.982s][info][gc,cpu        ] GC(5287) User=0.02s Sys=0.12s Real=0.01s
[2026-07-26T00:13:16.194+0200][213547.357s][info][gc,start      ] GC(5288) Pause Young (Normal) (G1 Evacuation Pause)
[2026-07-26T00:13:16.194+0200][213547.357s][info][gc,task       ] GC(5288) Using 13 workers of 13 for evacuation
[2026-07-26T00:13:16.205+0200][213547.368s][info][gc,phases     ] GC(5288)   Pre Evacuate Collection Set: 0.1ms
[2026-07-26T00:13:16.205+0200][213547.368s][info][gc,phases     ] GC(5288)   Evacuate Collection Set: 7.5ms
[2026-07-26T00:13:16.205+0200][213547.368s][info][gc,phases     ] GC(5288)   Post Evacuate Collection Set: 2.9ms
[2026-07-26T00:13:16.205+0200][213547.368s][info][gc,phases     ] GC(5288)   Other: 0.5ms
[2026-07-26T00:13:16.205+0200][213547.368s][info][gc,heap       ] GC(5288) Eden regions: 756->0(761)
[2026-07-26T00:13:16.205+0200][213547.368s][info][gc,heap       ] GC(5288) Survivor regions: 15->12(97)
[2026-07-26T00:13:16.205+0200][213547.368s][info][gc,heap       ] GC(5288) Old regions: 1606->1606
[2026-07-26T00:13:16.205+0200][213547.368s][info][gc,heap       ] GC(5288) Humongous regions: 16->16
[2026-07-26T00:13:16.205+0200][213547.368s][info][gc,metaspace  ] GC(5288) Metaspace: 739923K(890240K)->739923K(890240K) NonClass: 654260K(792064K)->654260K(792064K) Class: 85663K(98176K)->85663K(98176K)
[2026-07-26T00:13:16.205+0200][213547.368s][info][gc            ] GC(5288) Pause Young (Normal) (G1 Evacuation Pause) 2392M->1632M(2681M) 11.308ms
[2026-07-26T00:13:16.205+0200][213547.368s][info][gc,cpu        ] GC(5288) User=0.10s Sys=0.00s Real=0.02s
[2026-07-26T00:19:43.231+0200][213934.395s][info][gc,start      ] GC(5289) Pause Young (Normal) (G1 Evacuation Pause)
[2026-07-26T00:19:43.231+0200][213934.395s][info][gc,task       ] GC(5289) Using 13 workers of 13 for evacuation
[2026-07-26T00:19:43.244+0200][213934.407s][info][gc,phases     ] GC(5289)   Pre Evacuate Collection Set: 0.1ms
[2026-07-26T00:19:43.244+0200][213934.407s][info][gc,phases     ] GC(5289)   Evacuate Collection Set: 8.6ms
[2026-07-26T00:19:43.244+0200][213934.407s][info][gc,phases     ] GC(5289)   Post Evacuate Collection Set: 3.5ms
[2026-07-26T00:19:43.244+0200][213934.407s][info][gc,phases     ] GC(5289)   Other: 0.5ms
[2026-07-26T00:19:43.244+0200][213934.407s][info][gc,heap       ] GC(5289) Eden regions: 761->0(762)
[2026-07-26T00:19:43.244+0200][213934.407s][info][gc,heap       ] GC(5289) Survivor regions: 12->13(97)
[2026-07-26T00:19:43.244+0200][213934.407s][info][gc,heap       ] GC(5289) Old regions: 1606->1606
[2026-07-26T00:19:43.244+0200][213934.408s][info][gc,heap       ] GC(5289) Humongous regions: 16->16
[2026-07-26T00:19:43.244+0200][213934.408s][info][gc,metaspace  ] GC(5289) Metaspace: 739923K(890240K)->739923K(890240K) NonClass: 654260K(792064K)->654260K(792064K) Class: 85663K(98176K)->85663K(98176K)
[2026-07-26T00:19:43.244+0200][213934.408s][info][gc            ] GC(5289) Pause Young (Normal) (G1 Evacuation Pause) 2393M->1634M(2681M) 12.829ms
[2026-07-26T00:19:43.244+0200][213934.408s][info][gc,cpu        ] GC(5289) User=0.10s Sys=0.01s Real=0.01s
[2026-07-26T00:25:07.943+0200][214259.107s][info][gc,start      ] GC(5290) Pause Young (Normal) (G1 Evacuation Pause)
[2026-07-26T00:25:07.943+0200][214259.107s][info][gc,task       ] GC(5290) Using 13 workers of 13 for evacuation
[2026-07-26T00:25:07.959+0200][214259.123s][info][gc,phases     ] GC(5290)   Pre Evacuate Collection Set: 0.3ms
[2026-07-26T00:25:07.959+0200][214259.123s][info][gc,phases     ] GC(5290)   Evacuate Collection Set: 11.3ms
[2026-07-26T00:25:07.959+0200][214259.123s][info][gc,phases     ] GC(5290)   Post Evacuate Collection Set: 3.7ms
[2026-07-26T00:25:07.959+0200][214259.123s][info][gc,phases     ] GC(5290)   Other: 1.0ms
[2026-07-26T00:25:07.959+0200][214259.123s][info][gc,heap       ] GC(5290) Eden regions: 762->0(760)
[2026-07-26T00:25:07.959+0200][214259.123s][info][gc,heap       ] GC(5290) Survivor regions: 13->15(97)
[2026-07-26T00:25:07.959+0200][214259.123s][info][gc,heap       ] GC(5290) Old regions: 1606->1606
[2026-07-26T00:25:07.959+0200][214259.123s][info][gc,heap       ] GC(5290) Humongous regions: 29->16
[2026-07-26T00:25:07.959+0200][214259.123s][info][gc,metaspace  ] GC(5290) Metaspace: 739923K(890240K)->739923K(890240K) NonClass: 654260K(792064K)->654260K(792064K) Class: 85663K(98176K)->85663K(98176K)
[2026-07-26T00:25:07.960+0200][214259.123s][info][gc            ] GC(5290) Pause Young (Normal) (G1 Evacuation Pause) 2409M->1636M(2681M) 16.420ms
[2026-07-26T00:25:07.960+0200][214259.123s][info][gc,cpu        ] GC(5290) User=0.15s Sys=0.00s Real=0.02s
[2026-07-26T00:33:56.985+0200][214788.149s][info][gc,start      ] GC(5291) Pause Young (Normal) (G1 Evacuation Pause)
[2026-07-26T00:33:56.985+0200][214788.149s][info][gc,task       ] GC(5291) Using 13 workers of 13 for evacuation
[2026-07-26T00:33:56.999+0200][214788.163s][info][gc,phases     ] GC(5291)   Pre Evacuate Collection Set: 0.2ms
[2026-07-26T00:33:56.999+0200][214788.163s][info][gc,phases     ] GC(5291)   Evacuate Collection Set: 9.6ms
[2026-07-26T00:33:56.999+0200][214788.163s][info][gc,phases     ] GC(5291)   Post Evacuate Collection Set: 3.4ms
[2026-07-26T00:33:56.999+0200][214788.163s][info][gc,phases     ] GC(5291)   Other: 0.7ms
[2026-07-26T00:33:56.999+0200][214788.163s][info][gc,heap       ] GC(5291) Eden regions: 760->0(764)
[2026-07-26T00:33:56.999+0200][214788.163s][info][gc,heap       ] GC(5291) Survivor regions: 15->13(97)
[2026-07-26T00:33:56.999+0200][214788.163s][info][gc,heap       ] GC(5291) Old regions: 1606->1606
[2026-07-26T00:33:56.999+0200][214788.163s][info][gc,heap       ] GC(5291) Humongous regions: 16->16
[2026-07-26T00:33:56.999+0200][214788.163s][info][gc,metaspace  ] GC(5291) Metaspace: 739923K(890240K)->739923K(890240K) NonClass: 654260K(792064K)->654260K(792064K) Class: 85663K(98176K)->85663K(98176K)
[2026-07-26T00:33:56.999+0200][214788.163s][info][gc            ] GC(5291) Pause Young (Normal) (G1 Evacuation Pause) 2396M->1634M(2681M) 14.018ms
[2026-07-26T00:33:56.999+0200][214788.163s][info][gc,cpu        ] GC(5291) User=0.12s Sys=0.00s Real=0.01s
[2026-07-26T00:39:15.382+0200][215106.546s][info][gc,start      ] GC(5292) Pause Young (Normal) (G1 Evacuation Pause)
[2026-07-26T00:39:15.382+0200][215106.546s][info][gc,task       ] GC(5292) Using 13 workers of 13 for evacuation
[2026-07-26T00:39:15.396+0200][215106.559s][info][gc,phases     ] GC(5292)   Pre Evacuate Collection Set: 0.2ms
[2026-07-26T00:39:15.396+0200][215106.559s][info][gc,phases     ] GC(5292)   Evacuate Collection Set: 8.7ms
[2026-07-26T00:39:15.396+0200][215106.559s][info][gc,phases     ] GC(5292)   Post Evacuate Collection Set: 3.9ms
[2026-07-26T00:39:15.396+0200][215106.559s][info][gc,phases     ] GC(5292)   Other: 0.6ms
[2026-07-26T00:39:15.396+0200][215106.559s][info][gc,heap       ] GC(5292) Eden regions: 764->0(764)
[2026-07-26T00:39:15.396+0200][215106.559s][info][gc,heap       ] GC(5292) Survivor regions: 13->13(98)
[2026-07-26T00:39:15.396+0200][215106.559s][info][gc,heap       ] GC(5292) Old regions: 1606->1606
[2026-07-26T00:39:15.396+0200][215106.559s][info][gc,heap       ] GC(5292) Humongous regions: 16->16
[2026-07-26T00:39:15.396+0200][215106.559s][info][gc,metaspace  ] GC(5292) Metaspace: 739923K(890240K)->739923K(890240K) NonClass: 654260K(792064K)->654260K(792064K) Class: 85663K(98176K)->85663K(98176K)
[2026-07-26T00:39:15.396+0200][215106.559s][info][gc            ] GC(5292) Pause Young (Normal) (G1 Evacuation Pause) 2398M->1634M(2681M) 13.642ms
[2026-07-26T00:39:15.396+0200][215106.559s][info][gc,cpu        ] GC(5292) User=0.11s Sys=0.00s Real=0.02s
[2026-07-26T00:42:15.359+0200][215286.523s][info][gc,start      ] GC(5293) Pause Young (Normal) (G1 Evacuation Pause)
[2026-07-26T00:42:15.359+0200][215286.523s][info][gc,task       ] GC(5293) Using 13 workers of 13 for evacuation
[2026-07-26T00:42:15.372+0200][215286.535s][info][gc,phases     ] GC(5293)   Pre Evacuate Collection Set: 0.2ms
[2026-07-26T00:42:15.372+0200][215286.535s][info][gc,phases     ] GC(5293)   Evacuate Collection Set: 9.1ms
[2026-07-26T00:42:15.372+0200][215286.535s][info][gc,phases     ] GC(5293)   Post Evacuate Collection Set: 3.0ms
[2026-07-26T00:42:15.372+0200][215286.535s][info][gc,phases     ] GC(5293)   Other: 0.5ms
[2026-07-26T00:42:15.372+0200][215286.535s][info][gc,heap       ] GC(5293) Eden regions: 764->0(764)
[2026-07-26T00:42:15.372+0200][215286.535s][info][gc,heap       ] GC(5293) Survivor regions: 13->13(98)
[2026-07-26T00:42:15.372+0200][215286.535s][info][gc,heap       ] GC(5293) Old regions: 1606->1606
[2026-07-26T00:42:15.372+0200][215286.535s][info][gc,heap       ] GC(5293) Humongous regions: 16->16
[2026-07-26T00:42:15.372+0200][215286.535s][info][gc,metaspace  ] GC(5293) Metaspace: 739923K(890240K)->739923K(890240K) NonClass: 654260K(792064K)->654260K(792064K) Class: 85663K(98176K)->85663K(98176K)
[2026-07-26T00:42:15.372+0200][215286.535s][info][gc            ] GC(5293) Pause Young (Normal) (G1 Evacuation Pause) 2398M->1634M(2681M) 12.817ms
[2026-07-26T00:42:15.372+0200][215286.535s][info][gc,cpu        ] GC(5293) User=0.11s Sys=0.00s Real=0.01s
[2026-07-26T00:44:30.148+0200][215421.311s][info][gc,start      ] GC(5294) Pause Young (Normal) (G1 Evacuation Pause)
[2026-07-26T00:44:30.148+0200][215421.311s][info][gc,task       ] GC(5294) Using 13 workers of 13 for evacuation
[2026-07-26T00:44:30.167+0200][215421.330s][info][gc,phases     ] GC(5294)   Pre Evacuate Collection Set: 0.2ms
[2026-07-26T00:44:30.167+0200][215421.330s][info][gc,phases     ] GC(5294)   Evacuate Collection Set: 14.8ms
[2026-07-26T00:44:30.167+0200][215421.330s][info][gc,phases     ] GC(5294)   Post Evacuate Collection Set: 3.6ms
[2026-07-26T00:44:30.167+0200][215421.330s][info][gc,phases     ] GC(5294)   Other: 0.5ms
[2026-07-26T00:44:30.167+0200][215421.330s][info][gc,heap       ] GC(5294) Eden regions: 764->0(756)
[2026-07-26T00:44:30.167+0200][215421.330s][info][gc,heap       ] GC(5294) Survivor regions: 13->17(98)
[2026-07-26T00:44:30.167+0200][215421.330s][info][gc,heap       ] GC(5294) Old regions: 1606->1606
[2026-07-26T00:44:30.167+0200][215421.330s][info][gc,heap       ] GC(5294) Humongous regions: 16->16
[2026-07-26T00:44:30.167+0200][215421.330s][info][gc,metaspace  ] GC(5294) Metaspace: 739923K(890240K)->739923K(890240K) NonClass: 654260K(792064K)->654260K(792064K) Class: 85663K(98176K)->85663K(98176K)
[2026-07-26T00:44:30.167+0200][215421.330s][info][gc            ] GC(5294) Pause Young (Normal) (G1 Evacuation Pause) 2398M->1638M(2681M) 19.210ms
[2026-07-26T00:44:30.167+0200][215421.330s][info][gc,cpu        ] GC(5294) User=0.17s Sys=0.00s Real=0.02s
[2026-07-26T00:48:05.746+0200][215636.910s][info][gc,start      ] GC(5295) Pause Young (Normal) (G1 Evacuation Pause)
[2026-07-26T00:48:05.746+0200][215636.910s][info][gc,task       ] GC(5295) Using 13 workers of 13 for evacuation
[2026-07-26T00:48:05.762+0200][215636.926s][info][gc,phases     ] GC(5295)   Pre Evacuate Collection Set: 0.2ms
[2026-07-26T00:48:05.762+0200][215636.926s][info][gc,phases     ] GC(5295)   Evacuate Collection Set: 11.0ms
[2026-07-26T00:48:05.762+0200][215636.926s][info][gc,phases     ] GC(5295)   Post Evacuate Collection Set: 4.1ms
[2026-07-26T00:48:05.762+0200][215636.926s][info][gc,phases     ] GC(5295)   Other: 0.7ms
[2026-07-26T00:48:05.762+0200][215636.926s][info][gc,heap       ] GC(5295) Eden regions: 756->0(762)
[2026-07-26T00:48:05.762+0200][215636.926s][info][gc,heap       ] GC(5295) Survivor regions: 17->14(97)
[2026-07-26T00:48:05.762+0200][215636.926s][info][gc,heap       ] GC(5295) Old regions: 1606->1606
[2026-07-26T00:48:05.763+0200][215636.926s][info][gc,heap       ] GC(5295) Humongous regions: 16->16
[2026-07-26T00:48:05.763+0200][215636.926s][info][gc,metaspace  ] GC(5295) Metaspace: 739923K(890240K)->739923K(890240K) NonClass: 654260K(792064K)->654260K(792064K) Class: 85663K(98176K)->85663K(98176K)
[2026-07-26T00:48:05.763+0200][215636.926s][info][gc            ] GC(5295) Pause Young (Normal) (G1 Evacuation Pause) 2394M->1635M(2681M) 16.224ms
[2026-07-26T00:48:05.763+0200][215636.926s][info][gc,cpu        ] GC(5295) User=0.13s Sys=0.00s Real=0.01s
[2026-07-26T00:58:55.947+0200][216287.110s][info][gc,start      ] GC(5296) Pause Young (Normal) (G1 Evacuation Pause)
[2026-07-26T00:58:55.947+0200][216287.110s][info][gc,task       ] GC(5296) Using 13 workers of 13 for evacuation
[2026-07-26T00:58:55.962+0200][216287.125s][info][gc,phases     ] GC(5296)   Pre Evacuate Collection Set: 0.1ms
[2026-07-26T00:58:55.962+0200][216287.125s][info][gc,phases     ] GC(5296)   Evacuate Collection Set: 9.6ms
[2026-07-26T00:58:55.962+0200][216287.125s][info][gc,phases     ] GC(5296)   Post Evacuate Collection Set: 4.6ms
[2026-07-26T00:58:55.962+0200][216287.125s][info][gc,phases     ] GC(5296)   Other: 0.5ms
[2026-07-26T00:58:55.962+0200][216287.125s][info][gc,heap       ] GC(5296) Eden regions: 762->0(763)
[2026-07-26T00:58:55.962+0200][216287.125s][info][gc,heap       ] GC(5296) Survivor regions: 14->13(97)
[2026-07-26T00:58:55.962+0200][216287.125s][info][gc,heap       ] GC(5296) Old regions: 1606->1607
[2026-07-26T00:58:55.962+0200][216287.125s][info][gc,heap       ] GC(5296) Humongous regions: 16->16
[2026-07-26T00:58:55.962+0200][216287.125s][info][gc,metaspace  ] GC(5296) Metaspace: 739923K(890240K)->739923K(890240K) NonClass: 654260K(792064K)->654260K(792064K) Class: 85663K(98176K)->85663K(98176K)
[2026-07-26T00:58:55.962+0200][216287.125s][info][gc            ] GC(5296) Pause Young (Normal) (G1 Evacuation Pause) 2397M->1635M(2681M) 14.986ms
[2026-07-26T00:58:55.962+0200][216287.125s][info][gc,cpu        ] GC(5296) User=0.12s Sys=0.00s Real=0.01s
[2026-07-26T01:02:23.621+0200][216494.784s][info][gc,start      ] GC(5297) Pause Young (Normal) (G1 Evacuation Pause)
[2026-07-26T01:02:23.621+0200][216494.784s][info][gc,task       ] GC(5297) Using 13 workers of 13 for evacuation
[2026-07-26T01:02:23.643+0200][216494.806s][info][gc,phases     ] GC(5297)   Pre Evacuate Collection Set: 0.2ms
[2026-07-26T01:02:23.643+0200][216494.806s][info][gc,phases     ] GC(5297)   Evacuate Collection Set: 15.1ms
[2026-07-26T01:02:23.643+0200][216494.806s][info][gc,phases     ] GC(5297)   Post Evacuate Collection Set: 6.3ms
[2026-07-26T01:02:23.643+0200][216494.806s][info][gc,phases     ] GC(5297)   Other: 0.7ms
[2026-07-26T01:02:23.643+0200][216494.807s][info][gc,heap       ] GC(5297) Eden regions: 763->0(754)
[2026-07-26T01:02:23.643+0200][216494.807s][info][gc,heap       ] GC(5297) Survivor regions: 13->17(97)
[2026-07-26T01:02:23.643+0200][216494.807s][info][gc,heap       ] GC(5297) Old regions: 1607->1608
[2026-07-26T01:02:23.643+0200][216494.807s][info][gc,heap       ] GC(5297) Humongous regions: 16->16
[2026-07-26T01:02:23.643+0200][216494.807s][info][gc,metaspace  ] GC(5297) Metaspace: 739923K(890240K)->739923K(890240K) NonClass: 654260K(792064K)->654260K(792064K) Class: 85663K(98176K)->85663K(98176K)
[2026-07-26T01:02:23.643+0200][216494.807s][info][gc            ] GC(5297) Pause Young (Normal) (G1 Evacuation Pause) 2398M->1639M(2681M) 22.450ms
[2026-07-26T01:02:23.643+0200][216494.807s][info][gc,cpu        ] GC(5297) User=0.15s Sys=0.00s Real=0.02s
[2026-07-26T01:10:15.367+0200][216966.531s][info][gc,start      ] GC(5298) Pause Young (Normal) (G1 Evacuation Pause)
[2026-07-26T01:10:15.368+0200][216966.531s][info][gc,task       ] GC(5298) Using 13 workers of 13 for evacuation
[2026-07-26T01:10:15.388+0200][216966.551s][info][gc,phases     ] GC(5298)   Pre Evacuate Collection Set: 0.5ms
[2026-07-26T01:10:15.388+0200][216966.551s][info][gc,phases     ] GC(5298)   Evacuate Collection Set: 11.9ms
[2026-07-26T01:10:15.388+0200][216966.551s][info][gc,phases     ] GC(5298)   Post Evacuate Collection Set: 7.1ms
[2026-07-26T01:10:15.388+0200][216966.552s][info][gc,phases     ] GC(5298)   Other: 1.1ms
[2026-07-26T01:10:15.388+0200][216966.552s][info][gc,heap       ] GC(5298) Eden regions: 754->0(765)
[2026-07-26T01:10:15.388+0200][216966.552s][info][gc,heap       ] GC(5298) Survivor regions: 17->11(97)
[2026-07-26T01:10:15.388+0200][216966.552s][info][gc,heap       ] GC(5298) Old regions: 1608->1609
[2026-07-26T01:10:15.388+0200][216966.552s][info][gc,heap       ] GC(5298) Humongous regions: 16->16
[2026-07-26T01:10:15.388+0200][216966.552s][info][gc,metaspace  ] GC(5298) Metaspace: 739923K(890240K)->739923K(890240K) NonClass: 654260K(792064K)->654260K(792064K) Class: 85663K(98176K)->85663K(98176K)
[2026-07-26T01:10:15.388+0200][216966.552s][info][gc            ] GC(5298) Pause Young (Normal) (G1 Evacuation Pause) 2393M->1635M(2681M) 20.853ms
[2026-07-26T01:10:15.388+0200][216966.552s][info][gc,cpu        ] GC(5298) User=0.14s Sys=0.00s Real=0.02s
[2026-07-26T01:13:02.098+0200][217133.261s][info][gc,start      ] GC(5299) Pause Young (Normal) (G1 Evacuation Pause)
[2026-07-26T01:13:02.098+0200][217133.262s][info][gc,task       ] GC(5299) Using 13 workers of 13 for evacuation
[2026-07-26T01:13:02.110+0200][217133.274s][info][gc,phases     ] GC(5299)   Pre Evacuate Collection Set: 0.2ms
[2026-07-26T01:13:02.110+0200][217133.274s][info][gc,phases     ] GC(5299)   Evacuate Collection Set: 7.9ms
[2026-07-26T01:13:02.110+0200][217133.274s][info][gc,phases     ] GC(5299)   Post Evacuate Collection Set: 3.7ms
[2026-07-26T01:13:02.111+0200][217133.274s][info][gc,phases     ] GC(5299)   Other: 0.6ms
[2026-07-26T01:13:02.111+0200][217133.274s][info][gc,heap       ] GC(5299) Eden regions: 765->0(765)
[2026-07-26T01:13:02.111+0200][217133.274s][info][gc,heap       ] GC(5299) Survivor regions: 11->7(97)
[2026-07-26T01:13:02.111+0200][217133.274s][info][gc,heap       ] GC(5299) Old regions: 1609->1613
[2026-07-26T01:13:02.111+0200][217133.274s][info][gc,heap       ] GC(5299) Humongous regions: 16->16
[2026-07-26T01:13:02.111+0200][217133.274s][info][gc,metaspace  ] GC(5299) Metaspace: 739923K(890240K)->739923K(890240K) NonClass: 654260K(792064K)->654260K(792064K) Class: 85663K(98176K)->85663K(98176K)
[2026-07-26T01:13:02.111+0200][217133.274s][info][gc            ] GC(5299) Pause Young (Normal) (G1 Evacuation Pause) 2400M->1635M(2681M) 12.571ms
[2026-07-26T01:13:02.111+0200][217133.274s][info][gc,cpu        ] GC(5299) User=0.10s Sys=0.00s Real=0.01s
[2026-07-26T01:20:29.583+0200][217580.746s][info][gc,start      ] GC(5300) Pause Young (Normal) (G1 Evacuation Pause)
[2026-07-26T01:20:29.583+0200][217580.746s][info][gc,task       ] GC(5300) Using 13 workers of 13 for evacuation
[2026-07-26T01:20:29.600+0200][217580.763s][info][gc,phases     ] GC(5300)   Pre Evacuate Collection Set: 0.3ms
[2026-07-26T01:20:29.600+0200][217580.763s][info][gc,phases     ] GC(5300)   Evacuate Collection Set: 8.8ms
[2026-07-26T01:20:29.600+0200][217580.763s][info][gc,phases     ] GC(5300)   Post Evacuate Collection Set: 6.8ms
[2026-07-26T01:20:29.600+0200][217580.763s][info][gc,phases     ] GC(5300)   Other: 1.0ms
[2026-07-26T01:20:29.600+0200][217580.763s][info][gc,heap       ] GC(5300) Eden regions: 765->0(765)
[2026-07-26T01:20:29.600+0200][217580.763s][info][gc,heap       ] GC(5300) Survivor regions: 7->6(97)
[2026-07-26T01:20:29.600+0200][217580.763s][info][gc,heap       ] GC(5300) Old regions: 1613->1615
[2026-07-26T01:20:29.600+0200][217580.763s][info][gc,heap       ] GC(5300) Humongous regions: 17->16
[2026-07-26T01:20:29.600+0200][217580.763s][info][gc,metaspace  ] GC(5300) Metaspace: 739941K(890240K)->739941K(890240K) NonClass: 654277K(792064K)->654277K(792064K) Class: 85663K(98176K)->85663K(98176K)
[2026-07-26T01:20:29.600+0200][217580.763s][info][gc            ] GC(5300) Pause Young (Normal) (G1 Evacuation Pause) 2401M->1636M(2681M) 17.308ms
[2026-07-26T01:20:29.600+0200][217580.764s][info][gc,cpu        ] GC(5300) User=0.09s Sys=0.00s Real=0.02s
[2026-07-26T01:28:55.971+0200][218087.134s][info][gc,start      ] GC(5301) Pause Young (Normal) (G1 Evacuation Pause)
[2026-07-26T01:28:55.971+0200][218087.134s][info][gc,task       ] GC(5301) Using 13 workers of 13 for evacuation
[2026-07-26T01:28:55.985+0200][218087.148s][info][gc,phases     ] GC(5301)   Pre Evacuate Collection Set: 0.2ms
[2026-07-26T01:28:55.985+0200][218087.148s][info][gc,phases     ] GC(5301)   Evacuate Collection Set: 6.6ms
[2026-07-26T01:28:55.985+0200][218087.148s][info][gc,phases     ] GC(5301)   Post Evacuate Collection Set: 6.8ms
[2026-07-26T01:28:55.985+0200][218087.148s][info][gc,phases     ] GC(5301)   Other: 0.6ms
[2026-07-26T01:28:55.985+0200][218087.148s][info][gc,heap       ] GC(5301) Eden regions: 765->0(765)
[2026-07-26T01:28:55.985+0200][218087.148s][info][gc,heap       ] GC(5301) Survivor regions: 6->6(97)
[2026-07-26T01:28:55.985+0200][218087.148s][info][gc,heap       ] GC(5301) Old regions: 1615->1616
[2026-07-26T01:28:55.985+0200][218087.148s][info][gc,heap       ] GC(5301) Humongous regions: 16->16
[2026-07-26T01:28:55.985+0200][218087.148s][info][gc,metaspace  ] GC(5301) Metaspace: 739941K(890240K)->739941K(890240K) NonClass: 654277K(792064K)->654277K(792064K) Class: 85663K(98176K)->85663K(98176K)
[2026-07-26T01:28:55.985+0200][218087.148s][info][gc            ] GC(5301) Pause Young (Normal) (G1 Evacuation Pause) 2401M->1636M(2681M) 14.394ms
[2026-07-26T01:28:55.985+0200][218087.149s][info][gc,cpu        ] GC(5301) User=0.09s Sys=0.00s Real=0.02s
[2026-07-26T01:42:27.557+0200][218898.721s][info][gc,start      ] GC(5302) Pause Young (Normal) (G1 Evacuation Pause)
[2026-07-26T01:42:27.557+0200][218898.721s][info][gc,task       ] GC(5302) Using 13 workers of 13 for evacuation
[2026-07-26T01:42:27.568+0200][218898.731s][info][gc,phases     ] GC(5302)   Pre Evacuate Collection Set: 0.2ms
[2026-07-26T01:42:27.568+0200][218898.732s][info][gc,phases     ] GC(5302)   Evacuate Collection Set: 5.9ms
[2026-07-26T01:42:27.568+0200][218898.732s][info][gc,phases     ] GC(5302)   Post Evacuate Collection Set: 4.0ms
[2026-07-26T01:42:27.568+0200][218898.732s][info][gc,phases     ] GC(5302)   Other: 0.7ms
[2026-07-26T01:42:27.568+0200][218898.732s][info][gc,heap       ] GC(5302) Eden regions: 765->0(767)
[2026-07-26T01:42:27.568+0200][218898.732s][info][gc,heap       ] GC(5302) Survivor regions: 6->5(97)
[2026-07-26T01:42:27.568+0200][218898.732s][info][gc,heap       ] GC(5302) Old regions: 1616->1616
[2026-07-26T01:42:27.568+0200][218898.732s][info][gc,heap       ] GC(5302) Humongous regions: 16->16
[2026-07-26T01:42:27.568+0200][218898.732s][info][gc,metaspace  ] GC(5302) Metaspace: 739946K(890240K)->739946K(890240K) NonClass: 654282K(792064K)->654282K(792064K) Class: 85664K(98176K)->85664K(98176K)
[2026-07-26T01:42:27.568+0200][218898.732s][info][gc            ] GC(5302) Pause Young (Normal) (G1 Evacuation Pause) 2401M->1636M(2681M) 11.020ms
[2026-07-26T01:42:27.568+0200][218898.732s][info][gc,cpu        ] GC(5302) User=0.05s Sys=0.00s Real=0.01s
[2026-07-26T01:52:15.381+0200][219486.545s][info][gc,start      ] GC(5303) Pause Young (Normal) (G1 Evacuation Pause)
[2026-07-26T01:52:15.381+0200][219486.545s][info][gc,task       ] GC(5303) Using 13 workers of 13 for evacuation
[2026-07-26T01:52:15.391+0200][219486.555s][info][gc,phases     ] GC(5303)   Pre Evacuate Collection Set: 0.2ms
[2026-07-26T01:52:15.391+0200][219486.555s][info][gc,phases     ] GC(5303)   Evacuate Collection Set: 4.9ms
[2026-07-26T01:52:15.391+0200][219486.555s][info][gc,phases     ] GC(5303)   Post Evacuate Collection Set: 4.5ms
[2026-07-26T01:52:15.391+0200][219486.555s][info][gc,phases     ] GC(5303)   Other: 0.7ms
[2026-07-26T01:52:15.391+0200][219486.555s][info][gc,heap       ] GC(5303) Eden regions: 767->0(768)
[2026-07-26T01:52:15.391+0200][219486.555s][info][gc,heap       ] GC(5303) Survivor regions: 5->5(97)
[2026-07-26T01:52:15.392+0200][219486.555s][info][gc,heap       ] GC(5303) Old regions: 1616->1616
[2026-07-26T01:52:15.392+0200][219486.555s][info][gc,heap       ] GC(5303) Humongous regions: 16->16
[2026-07-26T01:52:15.392+0200][219486.555s][info][gc,metaspace  ] GC(5303) Metaspace: 739946K(890240K)->739946K(890240K) NonClass: 654282K(792064K)->654282K(792064K) Class: 85664K(98176K)->85664K(98176K)
[2026-07-26T01:52:15.392+0200][219486.555s][info][gc            ] GC(5303) Pause Young (Normal) (G1 Evacuation Pause) 2403M->1635M(2681M) 10.452ms
[2026-07-26T01:52:15.392+0200][219486.555s][info][gc,cpu        ] GC(5303) User=0.06s Sys=0.00s Real=0.01s
[2026-07-26T02:02:45.344+0200][220116.507s][info][gc,start      ] GC(5304) Pause Young (Normal) (G1 Evacuation Pause)
[2026-07-26T02:02:45.344+0200][220116.507s][info][gc,task       ] GC(5304) Using 13 workers of 13 for evacuation
[2026-07-26T02:02:45.355+0200][220116.518s][info][gc,phases     ] GC(5304)   Pre Evacuate Collection Set: 0.2ms
[2026-07-26T02:02:45.355+0200][220116.518s][info][gc,phases     ] GC(5304)   Evacuate Collection Set: 5.9ms
[2026-07-26T02:02:45.355+0200][220116.518s][info][gc,phases     ] GC(5304)   Post Evacuate Collection Set: 4.8ms
[2026-07-26T02:02:45.355+0200][220116.518s][info][gc,phases     ] GC(5304)   Other: 0.6ms
[2026-07-26T02:02:45.355+0200][220116.519s][info][gc,heap       ] GC(5304) Eden regions: 768->0(770)
[2026-07-26T02:02:45.355+0200][220116.519s][info][gc,heap       ] GC(5304) Survivor regions: 5->4(97)
[2026-07-26T02:02:45.355+0200][220116.519s][info][gc,heap       ] GC(5304) Old regions: 1616->1616
[2026-07-26T02:02:45.355+0200][220116.519s][info][gc,heap       ] GC(5304) Humongous regions: 16->16
[2026-07-26T02:02:45.355+0200][220116.519s][info][gc,metaspace  ] GC(5304) Metaspace: 739946K(890240K)->739946K(890240K) NonClass: 654282K(792064K)->654282K(792064K) Class: 85664K(98176K)->85664K(98176K)
[2026-07-26T02:02:45.355+0200][220116.519s][info][gc            ] GC(5304) Pause Young (Normal) (G1 Evacuation Pause) 2403M->1635M(2681M) 11.617ms
[2026-07-26T02:02:45.355+0200][220116.519s][info][gc,cpu        ] GC(5304) User=0.08s Sys=0.00s Real=0.02s
[2026-07-26T02:06:30.236+0200][220341.399s][info][gc,start      ] GC(5305) Pause Young (Normal) (G1 Evacuation Pause)
[2026-07-26T02:06:30.236+0200][220341.399s][info][gc,task       ] GC(5305) Using 13 workers of 13 for evacuation
[2026-07-26T02:06:30.255+0200][220341.419s][info][gc,phases     ] GC(5305)   Pre Evacuate Collection Set: 0.2ms
[2026-07-26T02:06:30.256+0200][220341.419s][info][gc,phases     ] GC(5305)   Evacuate Collection Set: 8.4ms
[2026-07-26T02:06:30.256+0200][220341.419s][info][gc,phases     ] GC(5305)   Post Evacuate Collection Set: 10.5ms
[2026-07-26T02:06:30.256+0200][220341.419s][info][gc,phases     ] GC(5305)   Other: 0.5ms
[2026-07-26T02:06:30.256+0200][220341.419s][info][gc,heap       ] GC(5305) Eden regions: 770->0(764)
[2026-07-26T02:06:30.256+0200][220341.419s][info][gc,heap       ] GC(5305) Survivor regions: 4->6(97)
[2026-07-26T02:06:30.256+0200][220341.419s][info][gc,heap       ] GC(5305) Old regions: 1616->1617
[2026-07-26T02:06:30.256+0200][220341.419s][info][gc,heap       ] GC(5305) Humongous regions: 16->16
[2026-07-26T02:06:30.256+0200][220341.419s][info][gc,metaspace  ] GC(5305) Metaspace: 739958K(890240K)->739958K(890240K) NonClass: 654292K(792064K)->654292K(792064K) Class: 85665K(98176K)->85665K(98176K)
[2026-07-26T02:06:30.256+0200][220341.419s][info][gc            ] GC(5305) Pause Young (Normal) (G1 Evacuation Pause) 2405M->1638M(2681M) 19.808ms
[2026-07-26T02:06:30.256+0200][220341.419s][info][gc,cpu        ] GC(5305) User=0.13s Sys=0.01s Real=0.02s
[2026-07-26T02:13:55.503+0200][220786.666s][info][gc,start      ] GC(5306) Pause Young (Normal) (G1 Evacuation Pause)
[2026-07-26T02:13:55.503+0200][220786.666s][info][gc,task       ] GC(5306) Using 13 workers of 13 for evacuation
[2026-07-26T02:13:55.511+0200][220786.675s][info][gc,phases     ] GC(5306)   Pre Evacuate Collection Set: 0.2ms
[2026-07-26T02:13:55.511+0200][220786.675s][info][gc,phases     ] GC(5306)   Evacuate Collection Set: 4.0ms
[2026-07-26T02:13:55.511+0200][220786.675s][info][gc,phases     ] GC(5306)   Post Evacuate Collection Set: 3.6ms
[2026-07-26T02:13:55.511+0200][220786.675s][info][gc,phases     ] GC(5306)   Other: 0.6ms
[2026-07-26T02:13:55.511+0200][220786.675s][info][gc,heap       ] GC(5306) Eden regions: 764->0(767)
[2026-07-26T02:13:55.511+0200][220786.675s][info][gc,heap       ] GC(5306) Survivor regions: 6->3(97)
[2026-07-26T02:13:55.511+0200][220786.675s][info][gc,heap       ] GC(5306) Old regions: 1617->1617
[2026-07-26T02:13:55.511+0200][220786.675s][info][gc,heap       ] GC(5306) Humongous regions: 16->16
[2026-07-26T02:13:55.511+0200][220786.675s][info][gc,metaspace  ] GC(5306) Metaspace: 739958K(890240K)->739958K(890240K) NonClass: 654292K(792064K)->654292K(792064K) Class: 85665K(98176K)->85665K(98176K)
[2026-07-26T02:13:55.511+0200][220786.675s][info][gc            ] GC(5306) Pause Young (Normal) (G1 Evacuation Pause) 2402M->1635M(2681M) 8.609ms
[2026-07-26T02:13:55.512+0200][220786.675s][info][gc,cpu        ] GC(5306) User=0.05s Sys=0.00s Real=0.01s
[2026-07-26T02:22:59.309+0200][221330.472s][info][gc,start      ] GC(5307) Pause Young (Normal) (G1 Evacuation Pause)
[2026-07-26T02:22:59.309+0200][221330.472s][info][gc,task       ] GC(5307) Using 13 workers of 13 for evacuation
[2026-07-26T02:22:59.316+0200][221330.479s][info][gc,phases     ] GC(5307)   Pre Evacuate Collection Set: 0.1ms
[2026-07-26T02:22:59.316+0200][221330.479s][info][gc,phases     ] GC(5307)   Evacuate Collection Set: 3.3ms
[2026-07-26T02:22:59.316+0200][221330.479s][info][gc,phases     ] GC(5307)   Post Evacuate Collection Set: 3.2ms
[2026-07-26T02:22:59.316+0200][221330.479s][info][gc,phases     ] GC(5307)   Other: 0.5ms
[2026-07-26T02:22:59.316+0200][221330.479s][info][gc,heap       ] GC(5307) Eden regions: 767->0(768)
[2026-07-26T02:22:59.316+0200][221330.480s][info][gc,heap       ] GC(5307) Survivor regions: 3->3(97)
[2026-07-26T02:22:59.316+0200][221330.480s][info][gc,heap       ] GC(5307) Old regions: 1617->1617
[2026-07-26T02:22:59.316+0200][221330.480s][info][gc,heap       ] GC(5307) Humongous regions: 16->16
[2026-07-26T02:22:59.316+0200][221330.480s][info][gc,metaspace  ] GC(5307) Metaspace: 739958K(890240K)->739958K(890240K) NonClass: 654292K(792064K)->654292K(792064K) Class: 85665K(98176K)->85665K(98176K)
[2026-07-26T02:22:59.316+0200][221330.480s][info][gc            ] GC(5307) Pause Young (Normal) (G1 Evacuation Pause) 2402M->1635M(2681M) 7.285ms
[2026-07-26T02:22:59.316+0200][221330.480s][info][gc,cpu        ] GC(5307) User=0.05s Sys=0.00s Real=0.01s
[2026-07-26T02:33:15.348+0200][221946.512s][info][gc,start      ] GC(5308) Pause Young (Normal) (G1 Evacuation Pause)
[2026-07-26T02:33:15.348+0200][221946.512s][info][gc,task       ] GC(5308) Using 13 workers of 13 for evacuation
[2026-07-26T02:33:15.356+0200][221946.520s][info][gc,phases     ] GC(5308)   Pre Evacuate Collection Set: 0.2ms
[2026-07-26T02:33:15.356+0200][221946.520s][info][gc,phases     ] GC(5308)   Evacuate Collection Set: 4.0ms
[2026-07-26T02:33:15.356+0200][221946.520s][info][gc,phases     ] GC(5308)   Post Evacuate Collection Set: 3.1ms
[2026-07-26T02:33:15.356+0200][221946.520s][info][gc,phases     ] GC(5308)   Other: 0.6ms
[2026-07-26T02:33:15.356+0200][221946.520s][info][gc,heap       ] GC(5308) Eden regions: 768->0(769)
[2026-07-26T02:33:15.356+0200][221946.520s][info][gc,heap       ] GC(5308) Survivor regions: 3->3(97)
[2026-07-26T02:33:15.356+0200][221946.520s][info][gc,heap       ] GC(5308) Old regions: 1617->1617
[2026-07-26T02:33:15.356+0200][221946.520s][info][gc,heap       ] GC(5308) Humongous regions: 16->16
[2026-07-26T02:33:15.356+0200][221946.520s][info][gc,metaspace  ] GC(5308) Metaspace: 739960K(890240K)->739960K(890240K) NonClass: 654295K(792064K)->654295K(792064K) Class: 85665K(98176K)->85665K(98176K)
[2026-07-26T02:33:15.356+0200][221946.520s][info][gc            ] GC(5308) Pause Young (Normal) (G1 Evacuation Pause) 2403M->1635M(2681M) 8.094ms
[2026-07-26T02:33:15.357+0200][221946.520s][info][gc,cpu        ] GC(5308) User=0.03s Sys=0.00s Real=0.01s
[2026-07-26T02:43:55.902+0200][222587.066s][info][gc,start      ] GC(5309) Pause Young (Normal) (G1 Evacuation Pause)
[2026-07-26T02:43:55.902+0200][222587.066s][info][gc,task       ] GC(5309) Using 13 workers of 13 for evacuation
[2026-07-26T02:43:55.912+0200][222587.076s][info][gc,phases     ] GC(5309)   Pre Evacuate Collection Set: 0.2ms
[2026-07-26T02:43:55.912+0200][222587.076s][info][gc,phases     ] GC(5309)   Evacuate Collection Set: 4.4ms
[2026-07-26T02:43:55.912+0200][222587.076s][info][gc,phases     ] GC(5309)   Post Evacuate Collection Set: 4.9ms
[2026-07-26T02:43:55.912+0200][222587.076s][info][gc,phases     ] GC(5309)   Other: 0.5ms
[2026-07-26T02:43:55.912+0200][222587.076s][info][gc,heap       ] GC(5309) Eden regions: 769->0(769)
[2026-07-26T02:43:55.912+0200][222587.076s][info][gc,heap       ] GC(5309) Survivor regions: 3->4(97)
[2026-07-26T02:43:55.912+0200][222587.076s][info][gc,heap       ] GC(5309) Old regions: 1617->1617
[2026-07-26T02:43:55.912+0200][222587.076s][info][gc,heap       ] GC(5309) Humongous regions: 16->16
[2026-07-26T02:43:55.912+0200][222587.076s][info][gc,metaspace  ] GC(5309) Metaspace: 739961K(890240K)->739961K(890240K) NonClass: 654295K(792064K)->654295K(792064K) Class: 85665K(98176K)->85665K(98176K)
[2026-07-26T02:43:55.912+0200][222587.076s][info][gc            ] GC(5309) Pause Young (Normal) (G1 Evacuation Pause) 2404M->1635M(2681M) 10.113ms
[2026-07-26T02:43:55.913+0200][222587.076s][info][gc,cpu        ] GC(5309) User=0.05s Sys=0.00s Real=0.01s
[2026-07-26T02:56:21.287+0200][223332.450s][info][gc,start      ] GC(5310) Pause Young (Normal) (G1 Evacuation Pause)
[2026-07-26T02:56:21.287+0200][223332.450s][info][gc,task       ] GC(5310) Using 13 workers of 13 for evacuation
[2026-07-26T02:56:21.302+0200][223332.465s][info][gc,phases     ] GC(5310)   Pre Evacuate Collection Set: 0.1ms
[2026-07-26T02:56:21.302+0200][223332.465s][info][gc,phases     ] GC(5310)   Evacuate Collection Set: 9.4ms
[2026-07-26T02:56:21.302+0200][223332.465s][info][gc,phases     ] GC(5310)   Post Evacuate Collection Set: 4.8ms
[2026-07-26T02:56:21.302+0200][223332.465s][info][gc,phases     ] GC(5310)   Other: 0.6ms
[2026-07-26T02:56:21.302+0200][223332.465s][info][gc,heap       ] GC(5310) Eden regions: 769->0(757)
[2026-07-26T02:56:21.302+0200][223332.465s][info][gc,heap       ] GC(5310) Survivor regions: 4->10(97)
[2026-07-26T02:56:21.302+0200][223332.465s][info][gc,heap       ] GC(5310) Old regions: 1617->1617
[2026-07-26T02:56:21.302+0200][223332.465s][info][gc,heap       ] GC(5310) Humongous regions: 16->16
[2026-07-26T02:56:21.302+0200][223332.465s][info][gc,metaspace  ] GC(5310) Metaspace: 739964K(890240K)->739964K(890240K) NonClass: 654297K(792064K)->654297K(792064K) Class: 85666K(98176K)->85666K(98176K)
[2026-07-26T02:56:21.302+0200][223332.465s][info][gc            ] GC(5310) Pause Young (Normal) (G1 Evacuation Pause) 2404M->1642M(2681M) 15.219ms
[2026-07-26T02:56:21.302+0200][223332.465s][info][gc,cpu        ] GC(5310) User=0.11s Sys=0.00s Real=0.01s
[2026-07-26T02:56:22.153+0200][223333.317s][info][gc,start      ] GC(5311) Pause Young (Normal) (G1 Evacuation Pause)
[2026-07-26T02:56:22.154+0200][223333.317s][info][gc,task       ] GC(5311) Using 13 workers of 13 for evacuation
[2026-07-26T02:56:22.165+0200][223333.328s][info][gc,phases     ] GC(5311)   Pre Evacuate Collection Set: 0.1ms
[2026-07-26T02:56:22.165+0200][223333.328s][info][gc,phases     ] GC(5311)   Evacuate Collection Set: 7.0ms
[2026-07-26T02:56:22.165+0200][223333.328s][info][gc,phases     ] GC(5311)   Post Evacuate Collection Set: 3.8ms
[2026-07-26T02:56:22.165+0200][223333.328s][info][gc,phases     ] GC(5311)   Other: 0.4ms
[2026-07-26T02:56:22.165+0200][223333.328s][info][gc,heap       ] GC(5311) Eden regions: 757->0(756)
[2026-07-26T02:56:22.165+0200][223333.328s][info][gc,heap       ] GC(5311) Survivor regions: 10->9(96)
[2026-07-26T02:56:22.165+0200][223333.328s][info][gc,heap       ] GC(5311) Old regions: 1617->1617
[2026-07-26T02:56:22.165+0200][223333.328s][info][gc,heap       ] GC(5311) Humongous regions: 16->16
[2026-07-26T02:56:22.165+0200][223333.328s][info][gc,metaspace  ] GC(5311) Metaspace: 739964K(890240K)->739964K(890240K) NonClass: 654297K(792064K)->654297K(792064K) Class: 85666K(98176K)->85666K(98176K)
[2026-07-26T02:56:22.165+0200][223333.328s][info][gc            ] GC(5311) Pause Young (Normal) (G1 Evacuation Pause) 2399M->1641M(2681M) 11.561ms
[2026-07-26T02:56:22.165+0200][223333.328s][info][gc,cpu        ] GC(5311) User=0.08s Sys=0.00s Real=0.02s
[2026-07-26T02:56:23.117+0200][223334.281s][info][gc,start      ] GC(5312) Pause Young (Normal) (G1 Evacuation Pause)
[2026-07-26T02:56:23.117+0200][223334.281s][info][gc,task       ] GC(5312) Using 13 workers of 13 for evacuation
[2026-07-26T02:56:23.128+0200][223334.291s][info][gc,phases     ] GC(5312)   Pre Evacuate Collection Set: 0.1ms
[2026-07-26T02:56:23.128+0200][223334.291s][info][gc,phases     ] GC(5312)   Evacuate Collection Set: 7.0ms
[2026-07-26T02:56:23.128+0200][223334.292s][info][gc,phases     ] GC(5312)   Post Evacuate Collection Set: 3.1ms
[2026-07-26T02:56:23.128+0200][223334.292s][info][gc,phases     ] GC(5312)   Other: 0.4ms
[2026-07-26T02:56:23.128+0200][223334.292s][info][gc,heap       ] GC(5312) Eden regions: 756->0(756)
[2026-07-26T02:56:23.128+0200][223334.292s][info][gc,heap       ] GC(5312) Survivor regions: 9->9(96)
[2026-07-26T02:56:23.128+0200][223334.292s][info][gc,heap       ] GC(5312) Old regions: 1617->1617
[2026-07-26T02:56:23.128+0200][223334.292s][info][gc,heap       ] GC(5312) Humongous regions: 16->16
[2026-07-26T02:56:23.128+0200][223334.292s][info][gc,metaspace  ] GC(5312) Metaspace: 739965K(890240K)->739965K(890240K) NonClass: 654299K(792064K)->654299K(792064K) Class: 85666K(98176K)->85666K(98176K)
[2026-07-26T02:56:23.128+0200][223334.292s][info][gc            ] GC(5312) Pause Young (Normal) (G1 Evacuation Pause) 2397M->1640M(2681M) 10.832ms
[2026-07-26T02:56:23.128+0200][223334.292s][info][gc,cpu        ] GC(5312) User=0.06s Sys=0.02s Real=0.01s
[2026-07-26T02:57:02.869+0200][223374.032s][info][gc,start      ] GC(5313) Pause Young (Normal) (G1 Evacuation Pause)
[2026-07-26T02:57:02.869+0200][223374.033s][info][gc,task       ] GC(5313) Using 13 workers of 13 for evacuation
[2026-07-26T02:57:02.880+0200][223374.043s][info][gc,phases     ] GC(5313)   Pre Evacuate Collection Set: 0.2ms
[2026-07-26T02:57:02.880+0200][223374.043s][info][gc,phases     ] GC(5313)   Evacuate Collection Set: 6.9ms
[2026-07-26T02:57:02.880+0200][223374.043s][info][gc,phases     ] GC(5313)   Post Evacuate Collection Set: 3.4ms
[2026-07-26T02:57:02.880+0200][223374.044s][info][gc,phases     ] GC(5313)   Other: 0.5ms
[2026-07-26T02:57:02.880+0200][223374.044s][info][gc,heap       ] GC(5313) Eden regions: 756->0(753)
[2026-07-26T02:57:02.880+0200][223374.044s][info][gc,heap       ] GC(5313) Survivor regions: 9->9(96)
[2026-07-26T02:57:02.880+0200][223374.044s][info][gc,heap       ] GC(5313) Old regions: 1617->1617
[2026-07-26T02:57:02.880+0200][223374.044s][info][gc,heap       ] GC(5313) Humongous regions: 16->16
[2026-07-26T02:57:02.880+0200][223374.044s][info][gc,metaspace  ] GC(5313) Metaspace: 739965K(890240K)->739965K(890240K) NonClass: 654299K(792064K)->654299K(792064K) Class: 85666K(98176K)->85666K(98176K)
[2026-07-26T02:57:02.880+0200][223374.044s][info][gc            ] GC(5313) Pause Young (Normal) (G1 Evacuation Pause) 2396M->1641M(2681M) 11.142ms
[2026-07-26T02:57:02.880+0200][223374.044s][info][gc,cpu        ] GC(5313) User=0.09s Sys=0.00s Real=0.01s
[2026-07-26T02:57:03.803+0200][223374.967s][info][gc,start      ] GC(5314) Pause Young (Normal) (G1 Evacuation Pause)
[2026-07-26T02:57:03.803+0200][223374.967s][info][gc,task       ] GC(5314) Using 13 workers of 13 for evacuation
[2026-07-26T02:57:03.813+0200][223374.977s][info][gc,phases     ] GC(5314)   Pre Evacuate Collection Set: 0.1ms
[2026-07-26T02:57:03.813+0200][223374.977s][info][gc,phases     ] GC(5314)   Evacuate Collection Set: 6.3ms
[2026-07-26T02:57:03.813+0200][223374.977s][info][gc,phases     ] GC(5314)   Post Evacuate Collection Set: 3.2ms
[2026-07-26T02:57:03.813+0200][223374.977s][info][gc,phases     ] GC(5314)   Other: 0.4ms
[2026-07-26T02:57:03.813+0200][223374.977s][info][gc,heap       ] GC(5314) Eden regions: 753->0(752)
[2026-07-26T02:57:03.813+0200][223374.977s][info][gc,heap       ] GC(5314) Survivor regions: 9->8(96)
[2026-07-26T02:57:03.813+0200][223374.977s][info][gc,heap       ] GC(5314) Old regions: 1617->1619
[2026-07-26T02:57:03.814+0200][223374.977s][info][gc,heap       ] GC(5314) Humongous regions: 16->16
[2026-07-26T02:57:03.814+0200][223374.977s][info][gc,metaspace  ] GC(5314) Metaspace: 739965K(890240K)->739965K(890240K) NonClass: 654299K(792064K)->654299K(792064K) Class: 85666K(98176K)->85666K(98176K)
[2026-07-26T02:57:03.814+0200][223374.977s][info][gc            ] GC(5314) Pause Young (Normal) (G1 Evacuation Pause) 2394M->1641M(2681M) 10.301ms
[2026-07-26T02:57:03.814+0200][223374.977s][info][gc,cpu        ] GC(5314) User=0.08s Sys=0.00s Real=0.01s
[2026-07-26T02:58:25.679+0200][223456.842s][info][gc,start      ] GC(5315) Pause Young (Normal) (G1 Evacuation Pause)
[2026-07-26T02:58:25.679+0200][223456.842s][info][gc,task       ] GC(5315) Using 13 workers of 13 for evacuation
[2026-07-26T02:58:25.691+0200][223456.854s][info][gc,phases     ] GC(5315)   Pre Evacuate Collection Set: 0.2ms
[2026-07-26T02:58:25.691+0200][223456.854s][info][gc,phases     ] GC(5315)   Evacuate Collection Set: 6.2ms
[2026-07-26T02:58:25.691+0200][223456.854s][info][gc,phases     ] GC(5315)   Post Evacuate Collection Set: 4.9ms
[2026-07-26T02:58:25.691+0200][223456.854s][info][gc,phases     ] GC(5315)   Other: 0.7ms
[2026-07-26T02:58:25.691+0200][223456.854s][info][gc,heap       ] GC(5315) Eden regions: 752->0(755)
[2026-07-26T02:58:25.691+0200][223456.854s][info][gc,heap       ] GC(5315) Survivor regions: 8->5(95)
[2026-07-26T02:58:25.691+0200][223456.854s][info][gc,heap       ] GC(5315) Old regions: 1619->1619
[2026-07-26T02:58:25.691+0200][223456.854s][info][gc,heap       ] GC(5315) Humongous regions: 16->16
[2026-07-26T02:58:25.691+0200][223456.854s][info][gc,metaspace  ] GC(5315) Metaspace: 739965K(890240K)->739965K(890240K) NonClass: 654299K(792064K)->654299K(792064K) Class: 85666K(98176K)->85666K(98176K)
[2026-07-26T02:58:25.691+0200][223456.854s][info][gc            ] GC(5315) Pause Young (Normal) (G1 Evacuation Pause) 2393M->1639M(2681M) 12.289ms
[2026-07-26T02:58:25.691+0200][223456.854s][info][gc,cpu        ] GC(5315) User=0.07s Sys=0.00s Real=0.01s
[2026-07-26T02:59:20.364+0200][223511.528s][info][gc,start      ] GC(5316) Pause Young (Normal) (G1 Evacuation Pause)
[2026-07-26T02:59:20.364+0200][223511.528s][info][gc,task       ] GC(5316) Using 13 workers of 13 for evacuation
[2026-07-26T02:59:20.376+0200][223511.540s][info][gc,phases     ] GC(5316)   Pre Evacuate Collection Set: 0.1ms
[2026-07-26T02:59:20.376+0200][223511.540s][info][gc,phases     ] GC(5316)   Evacuate Collection Set: 6.9ms
[2026-07-26T02:59:20.376+0200][223511.540s][info][gc,phases     ] GC(5316)   Post Evacuate Collection Set: 4.6ms
[2026-07-26T02:59:20.376+0200][223511.540s][info][gc,phases     ] GC(5316)   Other: 0.5ms
[2026-07-26T02:59:20.376+0200][223511.540s][info][gc,heap       ] GC(5316) Eden regions: 755->0(753)
[2026-07-26T02:59:20.376+0200][223511.540s][info][gc,heap       ] GC(5316) Survivor regions: 5->6(95)
[2026-07-26T02:59:20.376+0200][223511.540s][info][gc,heap       ] GC(5316) Old regions: 1619->1619
[2026-07-26T02:59:20.376+0200][223511.540s][info][gc,heap       ] GC(5316) Humongous regions: 16->16
[2026-07-26T02:59:20.376+0200][223511.540s][info][gc,metaspace  ] GC(5316) Metaspace: 739968K(890240K)->739968K(890240K) NonClass: 654301K(792064K)->654301K(792064K) Class: 85667K(98176K)->85667K(98176K)
[2026-07-26T02:59:20.376+0200][223511.540s][info][gc            ] GC(5316) Pause Young (Normal) (G1 Evacuation Pause) 2394M->1640M(2681M) 12.238ms
[2026-07-26T02:59:20.376+0200][223511.540s][info][gc,cpu        ] GC(5316) User=0.07s Sys=0.01s Real=0.02s
[2026-07-26T03:01:09.926+0200][223621.090s][info][gc,start      ] GC(5317) Pause Young (Normal) (G1 Evacuation Pause)
[2026-07-26T03:01:09.926+0200][223621.090s][info][gc,task       ] GC(5317) Using 13 workers of 13 for evacuation
[2026-07-26T03:01:09.937+0200][223621.101s][info][gc,phases     ] GC(5317)   Pre Evacuate Collection Set: 0.2ms
[2026-07-26T03:01:09.937+0200][223621.101s][info][gc,phases     ] GC(5317)   Evacuate Collection Set: 6.9ms
[2026-07-26T03:01:09.937+0200][223621.101s][info][gc,phases     ] GC(5317)   Post Evacuate Collection Set: 3.4ms
[2026-07-26T03:01:09.938+0200][223621.101s][info][gc,phases     ] GC(5317)   Other: 0.6ms
[2026-07-26T03:01:09.938+0200][223621.101s][info][gc,heap       ] GC(5317) Eden regions: 753->0(755)
[2026-07-26T03:01:09.938+0200][223621.101s][info][gc,heap       ] GC(5317) Survivor regions: 6->5(95)
[2026-07-26T03:01:09.938+0200][223621.101s][info][gc,heap       ] GC(5317) Old regions: 1619->1619
[2026-07-26T03:01:09.938+0200][223621.101s][info][gc,heap       ] GC(5317) Humongous regions: 16->16
[2026-07-26T03:01:09.938+0200][223621.101s][info][gc,metaspace  ] GC(5317) Metaspace: 739970K(890240K)->739970K(890240K) NonClass: 654302K(792064K)->654302K(792064K) Class: 85667K(98176K)->85667K(98176K)
[2026-07-26T03:01:09.938+0200][223621.101s][info][gc            ] GC(5317) Pause Young (Normal) (G1 Evacuation Pause) 2393M->1638M(2681M) 11.304ms
[2026-07-26T03:01:09.938+0200][223621.101s][info][gc,cpu        ] GC(5317) User=0.06s Sys=0.00s Real=0.01s
[2026-07-26T03:13:55.535+0200][224386.698s][info][gc,start      ] GC(5318) Pause Young (Normal) (G1 Evacuation Pause)
[2026-07-26T03:13:55.535+0200][224386.699s][info][gc,task       ] GC(5318) Using 13 workers of 13 for evacuation
[2026-07-26T03:13:55.543+0200][224386.706s][info][gc,phases     ] GC(5318)   Pre Evacuate Collection Set: 0.2ms
[2026-07-26T03:13:55.543+0200][224386.706s][info][gc,phases     ] GC(5318)   Evacuate Collection Set: 3.4ms
[2026-07-26T03:13:55.543+0200][224386.706s][info][gc,phases     ] GC(5318)   Post Evacuate Collection Set: 3.8ms
[2026-07-26T03:13:55.543+0200][224386.706s][info][gc,phases     ] GC(5318)   Other: 0.5ms
[2026-07-26T03:13:55.543+0200][224386.706s][info][gc,heap       ] GC(5318) Eden regions: 755->0(760)
[2026-07-26T03:13:55.543+0200][224386.706s][info][gc,heap       ] GC(5318) Survivor regions: 5->2(95)
[2026-07-26T03:13:55.543+0200][224386.706s][info][gc,heap       ] GC(5318) Old regions: 1619->1619
[2026-07-26T03:13:55.543+0200][224386.706s][info][gc,heap       ] GC(5318) Humongous regions: 16->16
[2026-07-26T03:13:55.543+0200][224386.706s][info][gc,metaspace  ] GC(5318) Metaspace: 739970K(890240K)->739970K(890240K) NonClass: 654302K(792064K)->654302K(792064K) Class: 85667K(98176K)->85667K(98176K)
[2026-07-26T03:13:55.543+0200][224386.707s][info][gc            ] GC(5318) Pause Young (Normal) (G1 Evacuation Pause) 2393M->1636M(2681M) 8.050ms
[2026-07-26T03:13:55.543+0200][224386.707s][info][gc,cpu        ] GC(5318) User=0.04s Sys=0.00s Real=0.00s
[2026-07-26T03:21:50.246+0200][224861.409s][info][gc,start      ] GC(5319) Pause Young (Normal) (G1 Evacuation Pause)
[2026-07-26T03:21:50.246+0200][224861.409s][info][gc,task       ] GC(5319) Using 13 workers of 13 for evacuation
[2026-07-26T03:21:50.261+0200][224861.424s][info][gc,phases     ] GC(5319)   Pre Evacuate Collection Set: 0.1ms
[2026-07-26T03:21:50.261+0200][224861.424s][info][gc,phases     ] GC(5319)   Evacuate Collection Set: 7.9ms
[2026-07-26T03:21:50.261+0200][224861.424s][info][gc,phases     ] GC(5319)   Post Evacuate Collection Set: 6.4ms
[2026-07-26T03:21:50.261+0200][224861.424s][info][gc,phases     ] GC(5319)   Other: 0.6ms
[2026-07-26T03:21:50.261+0200][224861.424s][info][gc,heap       ] GC(5319) Eden regions: 760->0(752)
[2026-07-26T03:21:50.261+0200][224861.424s][info][gc,heap       ] GC(5319) Survivor regions: 2->8(96)
[2026-07-26T03:21:50.261+0200][224861.424s][info][gc,heap       ] GC(5319) Old regions: 1619->1619
[2026-07-26T03:21:50.261+0200][224861.425s][info][gc,heap       ] GC(5319) Humongous regions: 16->16
[2026-07-26T03:21:50.261+0200][224861.425s][info][gc,metaspace  ] GC(5319) Metaspace: 740078K(890240K)->740078K(890240K) NonClass: 654402K(792064K)->654402K(792064K) Class: 85675K(98176K)->85675K(98176K)
[2026-07-26T03:21:50.261+0200][224861.425s][info][gc            ] GC(5319) Pause Young (Normal) (G1 Evacuation Pause) 2396M->1642M(2681M) 15.234ms
[2026-07-26T03:21:50.261+0200][224861.425s][info][gc,cpu        ] GC(5319) User=0.09s Sys=0.00s Real=0.01s
[2026-07-26T03:22:02.794+0200][224873.957s][info][gc,start      ] GC(5320) Pause Young (Normal) (G1 Evacuation Pause)
[2026-07-26T03:22:02.794+0200][224873.957s][info][gc,task       ] GC(5320) Using 13 workers of 13 for evacuation
[2026-07-26T03:22:02.809+0200][224873.973s][info][gc,phases     ] GC(5320)   Pre Evacuate Collection Set: 0.2ms
[2026-07-26T03:22:02.809+0200][224873.973s][info][gc,phases     ] GC(5320)   Evacuate Collection Set: 7.0ms
[2026-07-26T03:22:02.809+0200][224873.973s][info][gc,phases     ] GC(5320)   Post Evacuate Collection Set: 8.0ms
[2026-07-26T03:22:02.809+0200][224873.973s][info][gc,phases     ] GC(5320)   Other: 0.5ms
[2026-07-26T03:22:02.809+0200][224873.973s][info][gc,heap       ] GC(5320) Eden regions: 752->0(741)
[2026-07-26T03:22:02.809+0200][224873.973s][info][gc,heap       ] GC(5320) Survivor regions: 8->13(95)
[2026-07-26T03:22:02.809+0200][224873.973s][info][gc,heap       ] GC(5320) Old regions: 1619->1619
[2026-07-26T03:22:02.809+0200][224873.973s][info][gc,heap       ] GC(5320) Humongous regions: 16->16
[2026-07-26T03:22:02.810+0200][224873.973s][info][gc,metaspace  ] GC(5320) Metaspace: 740102K(890240K)->740102K(890240K) NonClass: 654427K(792064K)->654427K(792064K) Class: 85675K(98176K)->85675K(98176K)
[2026-07-26T03:22:02.810+0200][224873.973s][info][gc            ] GC(5320) Pause Young (Normal) (G1 Evacuation Pause) 2394M->1647M(2681M) 15.908ms
[2026-07-26T03:22:02.810+0200][224873.973s][info][gc,cpu        ] GC(5320) User=0.11s Sys=0.00s Real=0.02s
[2026-07-26T03:29:15.847+0200][225307.011s][info][gc,start      ] GC(5321) Pause Young (Normal) (G1 Evacuation Pause)
[2026-07-26T03:29:15.847+0200][225307.011s][info][gc,task       ] GC(5321) Using 13 workers of 13 for evacuation
[2026-07-26T03:29:15.862+0200][225307.025s][info][gc,phases     ] GC(5321)   Pre Evacuate Collection Set: 0.2ms
[2026-07-26T03:29:15.862+0200][225307.025s][info][gc,phases     ] GC(5321)   Evacuate Collection Set: 7.7ms
[2026-07-26T03:29:15.862+0200][225307.025s][info][gc,phases     ] GC(5321)   Post Evacuate Collection Set: 5.7ms
[2026-07-26T03:29:15.862+0200][225307.025s][info][gc,phases     ] GC(5321)   Other: 0.6ms
[2026-07-26T03:29:15.862+0200][225307.025s][info][gc,heap       ] GC(5321) Eden regions: 741->0(751)
[2026-07-26T03:29:15.862+0200][225307.025s][info][gc,heap       ] GC(5321) Survivor regions: 13->7(95)
[2026-07-26T03:29:15.862+0200][225307.025s][info][gc,heap       ] GC(5321) Old regions: 1619->1619
[2026-07-26T03:29:15.862+0200][225307.025s][info][gc,heap       ] GC(5321) Humongous regions: 16->16
[2026-07-26T03:29:15.862+0200][225307.025s][info][gc,metaspace  ] GC(5321) Metaspace: 740107K(890240K)->740107K(890240K) NonClass: 654431K(792064K)->654431K(792064K) Class: 85675K(98176K)->85675K(98176K)
[2026-07-26T03:29:15.862+0200][225307.025s][info][gc            ] GC(5321) Pause Young (Normal) (G1 Evacuation Pause) 2388M->1641M(2681M) 14.484ms
[2026-07-26T03:29:15.862+0200][225307.025s][info][gc,cpu        ] GC(5321) User=0.09s Sys=0.00s Real=0.01s
[2026-07-26T03:43:55.589+0200][226186.752s][info][gc,start      ] GC(5322) Pause Young (Normal) (G1 Evacuation Pause)
[2026-07-26T03:43:55.589+0200][226186.752s][info][gc,task       ] GC(5322) Using 13 workers of 13 for evacuation
[2026-07-26T03:43:55.608+0200][226186.772s][info][gc,phases     ] GC(5322)   Pre Evacuate Collection Set: 0.1ms
[2026-07-26T03:43:55.609+0200][226186.772s][info][gc,phases     ] GC(5322)   Evacuate Collection Set: 11.3ms
[2026-07-26T03:43:55.609+0200][226186.772s][info][gc,phases     ] GC(5322)   Post Evacuate Collection Set: 7.8ms
[2026-07-26T03:43:55.609+0200][226186.772s][info][gc,phases     ] GC(5322)   Other: 0.5ms
[2026-07-26T03:43:55.609+0200][226186.772s][info][gc,heap       ] GC(5322) Eden regions: 751->0(756)
[2026-07-26T03:43:55.609+0200][226186.772s][info][gc,heap       ] GC(5322) Survivor regions: 7->6(95)
[2026-07-26T03:43:55.609+0200][226186.772s][info][gc,heap       ] GC(5322) Old regions: 1619->1619
[2026-07-26T03:43:55.609+0200][226186.772s][info][gc,heap       ] GC(5322) Humongous regions: 16->16
[2026-07-26T03:43:55.609+0200][226186.772s][info][gc,metaspace  ] GC(5322) Metaspace: 740107K(890240K)->740107K(890240K) NonClass: 654431K(792064K)->654431K(792064K) Class: 85675K(98176K)->85675K(98176K)
[2026-07-26T03:43:55.609+0200][226186.772s][info][gc            ] GC(5322) Pause Young (Normal) (G1 Evacuation Pause) 2392M->1640M(2681M) 19.866ms
[2026-07-26T03:43:55.609+0200][226186.772s][info][gc,cpu        ] GC(5322) User=0.14s Sys=0.01s Real=0.02s
[2026-07-26T03:45:13.189+0200][226264.353s][info][gc,start      ] GC(5323) Pause Young (Normal) (G1 Evacuation Pause)
[2026-07-26T03:45:13.189+0200][226264.353s][info][gc,task       ] GC(5323) Using 13 workers of 13 for evacuation
[2026-07-26T03:45:13.220+0200][226264.384s][info][gc,phases     ] GC(5323)   Pre Evacuate Collection Set: 0.2ms
[2026-07-26T03:45:13.220+0200][226264.384s][info][gc,phases     ] GC(5323)   Evacuate Collection Set: 25.6ms
[2026-07-26T03:45:13.220+0200][226264.384s][info][gc,phases     ] GC(5323)   Post Evacuate Collection Set: 4.7ms
[2026-07-26T03:45:13.220+0200][226264.384s][info][gc,phases     ] GC(5323)   Other: 0.7ms
[2026-07-26T03:45:13.220+0200][226264.384s][info][gc,heap       ] GC(5323) Eden regions: 756->0(710)
[2026-07-26T03:45:13.220+0200][226264.384s][info][gc,heap       ] GC(5323) Survivor regions: 6->30(96)
[2026-07-26T03:45:13.220+0200][226264.384s][info][gc,heap       ] GC(5323) Old regions: 1619->1619
[2026-07-26T03:45:13.220+0200][226264.384s][info][gc,heap       ] GC(5323) Humongous regions: 16->16
[2026-07-26T03:45:13.220+0200][226264.384s][info][gc,metaspace  ] GC(5323) Metaspace: 740108K(890240K)->740108K(890240K) NonClass: 654433K(792064K)->654433K(792064K) Class: 85675K(98176K)->85675K(98176K)
[2026-07-26T03:45:13.220+0200][226264.384s][info][gc            ] GC(5323) Pause Young (Normal) (G1 Evacuation Pause) 2396M->1663M(2681M) 31.268ms
[2026-07-26T03:45:13.220+0200][226264.384s][info][gc,cpu        ] GC(5323) User=0.29s Sys=0.02s Real=0.03s
[2026-07-26T03:45:14.347+0200][226265.510s][info][gc,start      ] GC(5324) Pause Young (Normal) (G1 Evacuation Pause)
[2026-07-26T03:45:14.347+0200][226265.510s][info][gc,task       ] GC(5324) Using 13 workers of 13 for evacuation
[2026-07-26T03:45:14.375+0200][226265.539s][info][gc,phases     ] GC(5324)   Pre Evacuate Collection Set: 0.2ms
[2026-07-26T03:45:14.375+0200][226265.539s][info][gc,phases     ] GC(5324)   Evacuate Collection Set: 23.9ms
[2026-07-26T03:45:14.375+0200][226265.539s][info][gc,phases     ] GC(5324)   Post Evacuate Collection Set: 3.9ms
[2026-07-26T03:45:14.375+0200][226265.539s][info][gc,phases     ] GC(5324)   Other: 0.6ms
[2026-07-26T03:45:14.375+0200][226265.539s][info][gc,heap       ] GC(5324) Eden regions: 710->0(715)
[2026-07-26T03:45:14.375+0200][226265.539s][info][gc,heap       ] GC(5324) Survivor regions: 30->31(93)
[2026-07-26T03:45:14.375+0200][226265.539s][info][gc,heap       ] GC(5324) Old regions: 1619->1619
[2026-07-26T03:45:14.375+0200][226265.539s][info][gc,heap       ] GC(5324) Humongous regions: 16->16
[2026-07-26T03:45:14.375+0200][226265.539s][info][gc,metaspace  ] GC(5324) Metaspace: 740108K(890240K)->740108K(890240K) NonClass: 654433K(792064K)->654433K(792064K) Class: 85675K(98176K)->85675K(98176K)
[2026-07-26T03:45:14.376+0200][226265.539s][info][gc            ] GC(5324) Pause Young (Normal) (G1 Evacuation Pause) 2373M->1665M(2681M) 28.935ms
[2026-07-26T03:45:14.376+0200][226265.539s][info][gc,cpu        ] GC(5324) User=0.31s Sys=0.00s Real=0.03s
[2026-07-26T03:45:15.383+0200][226266.546s][info][gc,start      ] GC(5325) Pause Young (Normal) (G1 Evacuation Pause)
[2026-07-26T03:45:15.383+0200][226266.546s][info][gc,task       ] GC(5325) Using 13 workers of 13 for evacuation
[2026-07-26T03:45:15.410+0200][226266.574s][info][gc,phases     ] GC(5325)   Pre Evacuate Collection Set: 0.1ms
[2026-07-26T03:45:15.410+0200][226266.574s][info][gc,phases     ] GC(5325)   Evacuate Collection Set: 23.3ms
[2026-07-26T03:45:15.410+0200][226266.574s][info][gc,phases     ] GC(5325)   Post Evacuate Collection Set: 3.7ms
[2026-07-26T03:45:15.411+0200][226266.574s][info][gc,phases     ] GC(5325)   Other: 0.5ms
[2026-07-26T03:45:15.411+0200][226266.574s][info][gc,heap       ] GC(5325) Eden regions: 715->0(715)
[2026-07-26T03:45:15.411+0200][226266.574s][info][gc,heap       ] GC(5325) Survivor regions: 31->31(94)
[2026-07-26T03:45:15.411+0200][226266.574s][info][gc,heap       ] GC(5325) Old regions: 1619->1619
[2026-07-26T03:45:15.411+0200][226266.574s][info][gc,heap       ] GC(5325) Humongous regions: 16->16
[2026-07-26T03:45:15.411+0200][226266.574s][info][gc,metaspace  ] GC(5325) Metaspace: 740108K(890240K)->740108K(890240K) NonClass: 654433K(792064K)->654433K(792064K) Class: 85675K(98176K)->85675K(98176K)
[2026-07-26T03:45:15.411+0200][226266.574s][info][gc            ] GC(5325) Pause Young (Normal) (G1 Evacuation Pause) 2380M->1665M(2681M) 27.768ms
[2026-07-26T03:45:15.411+0200][226266.574s][info][gc,cpu        ] GC(5325) User=0.30s Sys=0.00s Real=0.03s
[2026-07-26T03:55:15.405+0200][226866.569s][info][gc,start      ] GC(5326) Pause Young (Normal) (G1 Evacuation Pause)
[2026-07-26T03:55:15.406+0200][226866.569s][info][gc,task       ] GC(5326) Using 13 workers of 13 for evacuation
[2026-07-26T03:55:15.467+0200][226866.630s][info][gc,phases     ] GC(5326)   Pre Evacuate Collection Set: 0.7ms
[2026-07-26T03:55:15.467+0200][226866.630s][info][gc,phases     ] GC(5326)   Evacuate Collection Set: 54.3ms
[2026-07-26T03:55:15.467+0200][226866.630s][info][gc,phases     ] GC(5326)   Post Evacuate Collection Set: 5.0ms
[2026-07-26T03:55:15.467+0200][226866.630s][info][gc,phases     ] GC(5326)   Other: 1.1ms
[2026-07-26T03:55:15.467+0200][226866.630s][info][gc,heap       ] GC(5326) Eden regions: 715->0(663)
[2026-07-26T03:55:15.467+0200][226866.630s][info][gc,heap       ] GC(5326) Survivor regions: 31->57(94)
[2026-07-26T03:55:15.467+0200][226866.630s][info][gc,heap       ] GC(5326) Old regions: 1619->1619
[2026-07-26T03:55:15.467+0200][226866.630s][info][gc,heap       ] GC(5326) Humongous regions: 16->16
[2026-07-26T03:55:15.467+0200][226866.630s][info][gc,metaspace  ] GC(5326) Metaspace: 740140K(890496K)->740140K(890496K) NonClass: 654461K(792320K)->654461K(792320K) Class: 85679K(98176K)->85679K(98176K)
[2026-07-26T03:55:15.467+0200][226866.630s][info][gc            ] GC(5326) Pause Young (Normal) (G1 Evacuation Pause) 2380M->1691M(2681M) 61.302ms
[2026-07-26T03:55:15.467+0200][226866.630s][info][gc,cpu        ] GC(5326) User=0.64s Sys=0.00s Real=0.06s
[2026-07-26T04:03:15.367+0200][227346.530s][info][gc,start      ] GC(5327) Pause Young (Normal) (G1 Evacuation Pause)
[2026-07-26T04:03:15.367+0200][227346.530s][info][gc,task       ] GC(5327) Using 13 workers of 13 for evacuation
[2026-07-26T04:03:15.416+0200][227346.579s][info][gc,phases     ] GC(5327)   Pre Evacuate Collection Set: 0.1ms
[2026-07-26T04:03:15.416+0200][227346.579s][info][gc,phases     ] GC(5327)   Evacuate Collection Set: 44.5ms
[2026-07-26T04:03:15.416+0200][227346.579s][info][gc,phases     ] GC(5327)   Post Evacuate Collection Set: 3.8ms
[2026-07-26T04:03:15.416+0200][227346.579s][info][gc,phases     ] GC(5327)   Other: 0.5ms
[2026-07-26T04:03:15.416+0200][227346.579s][info][gc,heap       ] GC(5327) Eden regions: 663->0(684)
[2026-07-26T04:03:15.416+0200][227346.579s][info][gc,heap       ] GC(5327) Survivor regions: 57->29(90)
[2026-07-26T04:03:15.416+0200][227346.579s][info][gc,heap       ] GC(5327) Old regions: 1619->1648
[2026-07-26T04:03:15.416+0200][227346.579s][info][gc,heap       ] GC(5327) Humongous regions: 16->16
[2026-07-26T04:03:15.416+0200][227346.579s][info][gc,metaspace  ] GC(5327) Metaspace: 740140K(890496K)->740140K(890496K) NonClass: 654461K(792320K)->654461K(792320K) Class: 85679K(98176K)->85679K(98176K)
[2026-07-26T04:03:15.416+0200][227346.579s][info][gc            ] GC(5327) Pause Young (Normal) (G1 Evacuation Pause) 2354M->1692M(2681M) 49.130ms
[2026-07-26T04:03:15.416+0200][227346.580s][info][gc,cpu        ] GC(5327) User=0.58s Sys=0.00s Real=0.05s
[2026-07-26T04:05:12.645+0200][227463.808s][info][gc,start      ] GC(5328) Pause Young (Normal) (G1 Evacuation Pause)
[2026-07-26T04:05:12.645+0200][227463.808s][info][gc,task       ] GC(5328) Using 13 workers of 13 for evacuation
[2026-07-26T04:05:12.689+0200][227463.852s][info][gc,phases     ] GC(5328)   Pre Evacuate Collection Set: 0.3ms
[2026-07-26T04:05:12.689+0200][227463.852s][info][gc,phases     ] GC(5328)   Evacuate Collection Set: 35.9ms
[2026-07-26T04:05:12.689+0200][227463.853s][info][gc,phases     ] GC(5328)   Post Evacuate Collection Set: 7.4ms
[2026-07-26T04:05:12.689+0200][227463.853s][info][gc,phases     ] GC(5328)   Other: 0.7ms
[2026-07-26T04:05:12.689+0200][227463.853s][info][gc,heap       ] GC(5328) Eden regions: 684->0(662)
[2026-07-26T04:05:12.689+0200][227463.853s][info][gc,heap       ] GC(5328) Survivor regions: 29->43(90)
[2026-07-26T04:05:12.689+0200][227463.853s][info][gc,heap       ] GC(5328) Old regions: 1648->1648
[2026-07-26T04:05:12.689+0200][227463.853s][info][gc,heap       ] GC(5328) Humongous regions: 16->16
[2026-07-26T04:05:12.689+0200][227463.853s][info][gc,metaspace  ] GC(5328) Metaspace: 740146K(890496K)->740146K(890496K) NonClass: 654465K(792320K)->654465K(792320K) Class: 85680K(98176K)->85680K(98176K)
[2026-07-26T04:05:12.689+0200][227463.853s][info][gc            ] GC(5328) Pause Young (Normal) (G1 Evacuation Pause) 2376M->1706M(2681M) 44.423ms
[2026-07-26T04:05:12.689+0200][227463.853s][info][gc,cpu        ] GC(5328) User=0.46s Sys=0.00s Real=0.05s
[2026-07-26T04:08:15.376+0200][227646.540s][info][gc,start      ] GC(5329) Pause Young (Normal) (G1 Evacuation Pause)
[2026-07-26T04:08:15.376+0200][227646.540s][info][gc,task       ] GC(5329) Using 13 workers of 13 for evacuation
[2026-07-26T04:08:15.415+0200][227646.579s][info][gc,phases     ] GC(5329)   Pre Evacuate Collection Set: 0.3ms
[2026-07-26T04:08:15.415+0200][227646.579s][info][gc,phases     ] GC(5329)   Evacuate Collection Set: 33.0ms
[2026-07-26T04:08:15.415+0200][227646.579s][info][gc,phases     ] GC(5329)   Post Evacuate Collection Set: 4.7ms
[2026-07-26T04:08:15.415+0200][227646.579s][info][gc,phases     ] GC(5329)   Other: 0.9ms
[2026-07-26T04:08:15.415+0200][227646.579s][info][gc,heap       ] GC(5329) Eden regions: 662->0(668)
[2026-07-26T04:08:15.415+0200][227646.579s][info][gc,heap       ] GC(5329) Survivor regions: 43->40(89)
[2026-07-26T04:08:15.415+0200][227646.579s][info][gc,heap       ] GC(5329) Old regions: 1648->1648
[2026-07-26T04:08:15.415+0200][227646.579s][info][gc,heap       ] GC(5329) Humongous regions: 16->16
[2026-07-26T04:08:15.415+0200][227646.579s][info][gc,metaspace  ] GC(5329) Metaspace: 740146K(890496K)->740146K(890496K) NonClass: 654465K(792320K)->654465K(792320K) Class: 85680K(98176K)->85680K(98176K)
[2026-07-26T04:08:15.415+0200][227646.579s][info][gc            ] GC(5329) Pause Young (Normal) (G1 Evacuation Pause) 2368M->1702M(2681M) 39.010ms
[2026-07-26T04:08:15.415+0200][227646.579s][info][gc,cpu        ] GC(5329) User=0.42s Sys=0.00s Real=0.04s
[2026-07-26T04:16:23.742+0200][228134.905s][info][gc,start      ] GC(5330) Pause Young (Normal) (G1 Evacuation Pause)
[2026-07-26T04:16:23.742+0200][228134.905s][info][gc,task       ] GC(5330) Using 13 workers of 13 for evacuation
[2026-07-26T04:16:23.790+0200][228134.954s][info][gc,phases     ] GC(5330)   Pre Evacuate Collection Set: 0.2ms
[2026-07-26T04:16:23.790+0200][228134.954s][info][gc,phases     ] GC(5330)   Evacuate Collection Set: 42.6ms
[2026-07-26T04:16:23.790+0200][228134.954s][info][gc,phases     ] GC(5330)   Post Evacuate Collection Set: 4.9ms
[2026-07-26T04:16:23.790+0200][228134.954s][info][gc,phases     ] GC(5330)   Other: 0.8ms
[2026-07-26T04:16:23.790+0200][228134.954s][info][gc,heap       ] GC(5330) Eden regions: 668->0(668)
[2026-07-26T04:16:23.790+0200][228134.954s][info][gc,heap       ] GC(5330) Survivor regions: 40->40(89)
[2026-07-26T04:16:23.790+0200][228134.954s][info][gc,heap       ] GC(5330) Old regions: 1648->1648
[2026-07-26T04:16:23.790+0200][228134.954s][info][gc,heap       ] GC(5330) Humongous regions: 16->16
[2026-07-26T04:16:23.790+0200][228134.954s][info][gc,metaspace  ] GC(5330) Metaspace: 740146K(890496K)->740146K(890496K) NonClass: 654465K(792320K)->654465K(792320K) Class: 85680K(98176K)->85680K(98176K)
[2026-07-26T04:16:23.790+0200][228134.954s][info][gc            ] GC(5330) Pause Young (Normal) (G1 Evacuation Pause) 2370M->1702M(2681M) 48.967ms
[2026-07-26T04:16:23.791+0200][228134.954s][info][gc,cpu        ] GC(5330) User=0.49s Sys=0.00s Real=0.05s
[2026-07-26T04:17:06.748+0200][228177.911s][info][gc,start      ] GC(5331) Pause Young (Normal) (G1 Evacuation Pause)
[2026-07-26T04:17:06.748+0200][228177.911s][info][gc,task       ] GC(5331) Using 13 workers of 13 for evacuation
[2026-07-26T04:17:06.789+0200][228177.953s][info][gc,phases     ] GC(5331)   Pre Evacuate Collection Set: 0.1ms
[2026-07-26T04:17:06.789+0200][228177.953s][info][gc,phases     ] GC(5331)   Evacuate Collection Set: 34.6ms
[2026-07-26T04:17:06.789+0200][228177.953s][info][gc,phases     ] GC(5331)   Post Evacuate Collection Set: 6.0ms
[2026-07-26T04:17:06.789+0200][228177.953s][info][gc,phases     ] GC(5331)   Other: 0.5ms
[2026-07-26T04:17:06.789+0200][228177.953s][info][gc,heap       ] GC(5331) Eden regions: 668->0(662)
[2026-07-26T04:17:06.789+0200][228177.953s][info][gc,heap       ] GC(5331) Survivor regions: 40->43(89)
[2026-07-26T04:17:06.789+0200][228177.953s][info][gc,heap       ] GC(5331) Old regions: 1648->1648
[2026-07-26T04:17:06.789+0200][228177.953s][info][gc,heap       ] GC(5331) Humongous regions: 16->16
[2026-07-26T04:17:06.789+0200][228177.953s][info][gc,metaspace  ] GC(5331) Metaspace: 740146K(890496K)->740146K(890496K) NonClass: 654465K(792320K)->654465K(792320K) Class: 85680K(98176K)->85680K(98176K)
[2026-07-26T04:17:06.789+0200][228177.953s][info][gc            ] GC(5331) Pause Young (Normal) (G1 Evacuation Pause) 2370M->1705M(2681M) 41.528ms
[2026-07-26T04:17:06.789+0200][228177.953s][info][gc,cpu        ] GC(5331) User=0.42s Sys=0.01s Real=0.04s
[2026-07-26T04:17:59.966+0200][228231.130s][info][gc,start      ] GC(5332) Pause Young (Normal) (G1 Evacuation Pause)
[2026-07-26T04:17:59.966+0200][228231.130s][info][gc,task       ] GC(5332) Using 13 workers of 13 for evacuation
[2026-07-26T04:18:00.005+0200][228231.169s][info][gc,phases     ] GC(5332)   Pre Evacuate Collection Set: 0.1ms
[2026-07-26T04:18:00.005+0200][228231.169s][info][gc,phases     ] GC(5332)   Evacuate Collection Set: 34.4ms
[2026-07-26T04:18:00.005+0200][228231.169s][info][gc,phases     ] GC(5332)   Post Evacuate Collection Set: 4.2ms
[2026-07-26T04:18:00.006+0200][228231.169s][info][gc,phases     ] GC(5332)   Other: 0.6ms
[2026-07-26T04:18:00.006+0200][228231.169s][info][gc,heap       ] GC(5332) Eden regions: 662->0(664)
[2026-07-26T04:18:00.006+0200][228231.169s][info][gc,heap       ] GC(5332) Survivor regions: 43->42(89)
[2026-07-26T04:18:00.006+0200][228231.169s][info][gc,heap       ] GC(5332) Old regions: 1648->1648
[2026-07-26T04:18:00.006+0200][228231.169s][info][gc,heap       ] GC(5332) Humongous regions: 16->16
[2026-07-26T04:18:00.006+0200][228231.169s][info][gc,metaspace  ] GC(5332) Metaspace: 740146K(890496K)->740146K(890496K) NonClass: 654465K(792320K)->654465K(792320K) Class: 85680K(98176K)->85680K(98176K)
[2026-07-26T04:18:00.006+0200][228231.169s][info][gc            ] GC(5332) Pause Young (Normal) (G1 Evacuation Pause) 2367M->1704M(2681M) 39.418ms
[2026-07-26T04:18:00.006+0200][228231.169s][info][gc,cpu        ] GC(5332) User=0.45s Sys=0.00s Real=0.04s
[2026-07-26T04:18:04.770+0200][228235.933s][info][gc,start      ] GC(5333) Pause Young (Normal) (G1 Evacuation Pause)
[2026-07-26T04:18:04.770+0200][228235.933s][info][gc,task       ] GC(5333) Using 13 workers of 13 for evacuation
[2026-07-26T04:18:04.810+0200][228235.973s][info][gc,phases     ] GC(5333)   Pre Evacuate Collection Set: 0.1ms
[2026-07-26T04:18:04.810+0200][228235.973s][info][gc,phases     ] GC(5333)   Evacuate Collection Set: 34.8ms
[2026-07-26T04:18:04.810+0200][228235.973s][info][gc,phases     ] GC(5333)   Post Evacuate Collection Set: 4.4ms
[2026-07-26T04:18:04.810+0200][228235.973s][info][gc,phases     ] GC(5333)   Other: 0.5ms
[2026-07-26T04:18:04.810+0200][228235.973s][info][gc,heap       ] GC(5333) Eden regions: 664->0(660)
[2026-07-26T04:18:04.810+0200][228235.973s][info][gc,heap       ] GC(5333) Survivor regions: 42->44(89)
[2026-07-26T04:18:04.810+0200][228235.973s][info][gc,heap       ] GC(5333) Old regions: 1648->1648
[2026-07-26T04:18:04.810+0200][228235.973s][info][gc,heap       ] GC(5333) Humongous regions: 16->16
[2026-07-26T04:18:04.810+0200][228235.973s][info][gc,metaspace  ] GC(5333) Metaspace: 740147K(890496K)->740147K(890496K) NonClass: 654466K(792320K)->654466K(792320K) Class: 85680K(98176K)->85680K(98176K)
[2026-07-26T04:18:04.810+0200][228235.973s][info][gc            ] GC(5333) Pause Young (Normal) (G1 Evacuation Pause) 2368M->1706M(2681M) 40.020ms
[2026-07-26T04:18:04.810+0200][228235.973s][info][gc,cpu        ] GC(5333) User=0.45s Sys=0.00s Real=0.04s
[2026-07-26T04:24:15.409+0200][228606.573s][info][gc,start      ] GC(5334) Pause Young (Normal) (G1 Evacuation Pause)
[2026-07-26T04:24:15.409+0200][228606.573s][info][gc,task       ] GC(5334) Using 13 workers of 13 for evacuation
[2026-07-26T04:24:15.450+0200][228606.614s][info][gc,phases     ] GC(5334)   Pre Evacuate Collection Set: 0.3ms
[2026-07-26T04:24:15.451+0200][228606.614s][info][gc,phases     ] GC(5334)   Evacuate Collection Set: 34.4ms
[2026-07-26T04:24:15.451+0200][228606.614s][info][gc,phases     ] GC(5334)   Post Evacuate Collection Set: 5.6ms
[2026-07-26T04:24:15.451+0200][228606.614s][info][gc,phases     ] GC(5334)   Other: 1.0ms
[2026-07-26T04:24:15.451+0200][228606.614s][info][gc,heap       ] GC(5334) Eden regions: 660->0(668)
[2026-07-26T04:24:15.451+0200][228606.614s][info][gc,heap       ] GC(5334) Survivor regions: 44->40(88)
[2026-07-26T04:24:15.451+0200][228606.614s][info][gc,heap       ] GC(5334) Old regions: 1648->1648
[2026-07-26T04:24:15.451+0200][228606.614s][info][gc,heap       ] GC(5334) Humongous regions: 16->16
[2026-07-26T04:24:15.451+0200][228606.614s][info][gc,metaspace  ] GC(5334) Metaspace: 740147K(890496K)->740147K(890496K) NonClass: 654466K(792320K)->654466K(792320K) Class: 85680K(98176K)->85680K(98176K)
[2026-07-26T04:24:15.451+0200][228606.614s][info][gc            ] GC(5334) Pause Young (Normal) (G1 Evacuation Pause) 2366M->1703M(2681M) 41.598ms
[2026-07-26T04:24:15.451+0200][228606.614s][info][gc,cpu        ] GC(5334) User=0.42s Sys=0.00s Real=0.04s
[2026-07-26T04:32:28.748+0200][229099.912s][info][gc,start      ] GC(5335) Pause Young (Normal) (G1 Evacuation Pause)
[2026-07-26T04:32:28.748+0200][229099.912s][info][gc,task       ] GC(5335) Using 13 workers of 13 for evacuation
[2026-07-26T04:32:28.786+0200][229099.949s][info][gc,phases     ] GC(5335)   Pre Evacuate Collection Set: 0.2ms
[2026-07-26T04:32:28.786+0200][229099.949s][info][gc,phases     ] GC(5335)   Evacuate Collection Set: 32.7ms
[2026-07-26T04:32:28.786+0200][229099.949s][info][gc,phases     ] GC(5335)   Post Evacuate Collection Set: 4.0ms
[2026-07-26T04:32:28.786+0200][229099.949s][info][gc,phases     ] GC(5335)   Other: 0.6ms
[2026-07-26T04:32:28.786+0200][229099.949s][info][gc,heap       ] GC(5335) Eden regions: 668->0(668)
[2026-07-26T04:32:28.786+0200][229099.949s][info][gc,heap       ] GC(5335) Survivor regions: 40->40(89)
[2026-07-26T04:32:28.786+0200][229099.949s][info][gc,heap       ] GC(5335) Old regions: 1648->1648
[2026-07-26T04:32:28.786+0200][229099.949s][info][gc,heap       ] GC(5335) Humongous regions: 16->16
[2026-07-26T04:32:28.786+0200][229099.949s][info][gc,metaspace  ] GC(5335) Metaspace: 740147K(890496K)->740147K(890496K) NonClass: 654466K(792320K)->654466K(792320K) Class: 85680K(98176K)->85680K(98176K)
[2026-07-26T04:32:28.786+0200][229099.949s][info][gc            ] GC(5335) Pause Young (Normal) (G1 Evacuation Pause) 2371M->1703M(2681M) 37.554ms
[2026-07-26T04:32:28.786+0200][229099.949s][info][gc,cpu        ] GC(5335) User=0.42s Sys=0.00s Real=0.04s
[2026-07-26T04:37:36.860+0200][229408.024s][info][gc,start      ] GC(5336) Pause Young (Normal) (G1 Evacuation Pause)
[2026-07-26T04:37:36.861+0200][229408.024s][info][gc,task       ] GC(5336) Using 13 workers of 13 for evacuation
[2026-07-26T04:37:36.896+0200][229408.059s][info][gc,phases     ] GC(5336)   Pre Evacuate Collection Set: 0.1ms
[2026-07-26T04:37:36.896+0200][229408.059s][info][gc,phases     ] GC(5336)   Evacuate Collection Set: 29.4ms
[2026-07-26T04:37:36.896+0200][229408.059s][info][gc,phases     ] GC(5336)   Post Evacuate Collection Set: 5.1ms
[2026-07-26T04:37:36.896+0200][229408.059s][info][gc,phases     ] GC(5336)   Other: 0.5ms
[2026-07-26T04:37:36.896+0200][229408.059s][info][gc,heap       ] GC(5336) Eden regions: 668->0(668)
[2026-07-26T04:37:36.896+0200][229408.059s][info][gc,heap       ] GC(5336) Survivor regions: 40->40(89)
[2026-07-26T04:37:36.896+0200][229408.059s][info][gc,heap       ] GC(5336) Old regions: 1648->1648
[2026-07-26T04:37:36.896+0200][229408.059s][info][gc,heap       ] GC(5336) Humongous regions: 16->16
[2026-07-26T04:37:36.896+0200][229408.059s][info][gc,metaspace  ] GC(5336) Metaspace: 740147K(890496K)->740147K(890496K) NonClass: 654466K(792320K)->654466K(792320K) Class: 85680K(98176K)->85680K(98176K)
[2026-07-26T04:37:36.896+0200][229408.059s][info][gc            ] GC(5336) Pause Young (Normal) (G1 Evacuation Pause) 2371M->1703M(2681M) 35.417ms
[2026-07-26T04:37:36.896+0200][229408.059s][info][gc,cpu        ] GC(5336) User=0.38s Sys=0.00s Real=0.04s
[2026-07-26T04:43:55.883+0200][229787.046s][info][gc,start      ] GC(5337) Pause Young (Normal) (G1 Evacuation Pause)
[2026-07-26T04:43:55.883+0200][229787.046s][info][gc,task       ] GC(5337) Using 13 workers of 13 for evacuation
[2026-07-26T04:43:55.917+0200][229787.081s][info][gc,phases     ] GC(5337)   Pre Evacuate Collection Set: 0.2ms
[2026-07-26T04:43:55.917+0200][229787.081s][info][gc,phases     ] GC(5337)   Evacuate Collection Set: 28.7ms
[2026-07-26T04:43:55.917+0200][229787.081s][info][gc,phases     ] GC(5337)   Post Evacuate Collection Set: 5.1ms
[2026-07-26T04:43:55.917+0200][229787.081s][info][gc,phases     ] GC(5337)   Other: 0.5ms
[2026-07-26T04:43:55.917+0200][229787.081s][info][gc,heap       ] GC(5337) Eden regions: 668->0(668)
[2026-07-26T04:43:55.917+0200][229787.081s][info][gc,heap       ] GC(5337) Survivor regions: 40->40(89)
[2026-07-26T04:43:55.917+0200][229787.081s][info][gc,heap       ] GC(5337) Old regions: 1648->1648
[2026-07-26T04:43:55.917+0200][229787.081s][info][gc,heap       ] GC(5337) Humongous regions: 16->16
[2026-07-26T04:43:55.917+0200][229787.081s][info][gc,metaspace  ] GC(5337) Metaspace: 740147K(890496K)->740147K(890496K) NonClass: 654466K(792320K)->654466K(792320K) Class: 85680K(98176K)->85680K(98176K)
[2026-07-26T04:43:55.917+0200][229787.081s][info][gc            ] GC(5337) Pause Young (Normal) (G1 Evacuation Pause) 2371M->1703M(2681M) 34.674ms
[2026-07-26T04:43:55.917+0200][229787.081s][info][gc,cpu        ] GC(5337) User=0.38s Sys=0.00s Real=0.04s
[2026-07-26T04:55:34.519+0200][230485.683s][info][gc,start      ] GC(5338) Pause Young (Normal) (G1 Evacuation Pause)
[2026-07-26T04:55:34.520+0200][230485.683s][info][gc,task       ] GC(5338) Using 13 workers of 13 for evacuation
[2026-07-26T04:55:34.554+0200][230485.717s][info][gc,phases     ] GC(5338)   Pre Evacuate Collection Set: 0.1ms
[2026-07-26T04:55:34.554+0200][230485.717s][info][gc,phases     ] GC(5338)   Evacuate Collection Set: 30.0ms
[2026-07-26T04:55:34.554+0200][230485.717s][info][gc,phases     ] GC(5338)   Post Evacuate Collection Set: 3.5ms
[2026-07-26T04:55:34.554+0200][230485.717s][info][gc,phases     ] GC(5338)   Other: 0.5ms
[2026-07-26T04:55:34.554+0200][230485.717s][info][gc,heap       ] GC(5338) Eden regions: 668->0(666)
[2026-07-26T04:55:34.554+0200][230485.717s][info][gc,heap       ] GC(5338) Survivor regions: 40->41(89)
[2026-07-26T04:55:34.554+0200][230485.717s][info][gc,heap       ] GC(5338) Old regions: 1648->1648
[2026-07-26T04:55:34.554+0200][230485.717s][info][gc,heap       ] GC(5338) Humongous regions: 16->16
[2026-07-26T04:55:34.554+0200][230485.717s][info][gc,metaspace  ] GC(5338) Metaspace: 740147K(890496K)->740147K(890496K) NonClass: 654466K(792320K)->654466K(792320K) Class: 85680K(98176K)->85680K(98176K)
[2026-07-26T04:55:34.554+0200][230485.717s][info][gc            ] GC(5338) Pause Young (Normal) (G1 Evacuation Pause) 2371M->1703M(2681M) 34.340ms
[2026-07-26T04:55:34.554+0200][230485.717s][info][gc,cpu        ] GC(5338) User=0.40s Sys=0.00s Real=0.03s
[2026-07-26T05:03:47.461+0200][230978.625s][info][gc,start      ] GC(5339) Pause Young (Normal) (G1 Evacuation Pause)
[2026-07-26T05:03:47.462+0200][230978.625s][info][gc,task       ] GC(5339) Using 13 workers of 13 for evacuation
[2026-07-26T05:03:47.500+0200][230978.663s][info][gc,phases     ] GC(5339)   Pre Evacuate Collection Set: 0.2ms
[2026-07-26T05:03:47.500+0200][230978.663s][info][gc,phases     ] GC(5339)   Evacuate Collection Set: 33.4ms
[2026-07-26T05:03:47.500+0200][230978.663s][info][gc,phases     ] GC(5339)   Post Evacuate Collection Set: 4.0ms
[2026-07-26T05:03:47.500+0200][230978.663s][info][gc,phases     ] GC(5339)   Other: 0.9ms
[2026-07-26T05:03:47.500+0200][230978.663s][info][gc,heap       ] GC(5339) Eden regions: 666->0(668)
[2026-07-26T05:03:47.500+0200][230978.663s][info][gc,heap       ] GC(5339) Survivor regions: 41->40(89)
[2026-07-26T05:03:47.500+0200][230978.663s][info][gc,heap       ] GC(5339) Old regions: 1648->1648
[2026-07-26T05:03:47.500+0200][230978.663s][info][gc,heap       ] GC(5339) Humongous regions: 16->16
[2026-07-26T05:03:47.500+0200][230978.663s][info][gc,metaspace  ] GC(5339) Metaspace: 740147K(890496K)->740147K(890496K) NonClass: 654466K(792320K)->654466K(792320K) Class: 85680K(98176K)->85680K(98176K)
[2026-07-26T05:03:47.500+0200][230978.663s][info][gc            ] GC(5339) Pause Young (Normal) (G1 Evacuation Pause) 2369M->1703M(2681M) 38.617ms
[2026-07-26T05:03:47.500+0200][230978.664s][info][gc,cpu        ] GC(5339) User=0.41s Sys=0.00s Real=0.04s
[2026-07-26T05:13:55.938+0200][231587.101s][info][gc,start      ] GC(5340) Pause Young (Normal) (G1 Evacuation Pause)
[2026-07-26T05:13:55.938+0200][231587.101s][info][gc,task       ] GC(5340) Using 13 workers of 13 for evacuation
[2026-07-26T05:13:55.972+0200][231587.135s][info][gc,phases     ] GC(5340)   Pre Evacuate Collection Set: 0.2ms
[2026-07-26T05:13:55.972+0200][231587.135s][info][gc,phases     ] GC(5340)   Evacuate Collection Set: 28.2ms
[2026-07-26T05:13:55.972+0200][231587.135s][info][gc,phases     ] GC(5340)   Post Evacuate Collection Set: 4.9ms
[2026-07-26T05:13:55.972+0200][231587.135s][info][gc,phases     ] GC(5340)   Other: 0.5ms
[2026-07-26T05:13:55.972+0200][231587.135s][info][gc,heap       ] GC(5340) Eden regions: 668->0(668)
[2026-07-26T05:13:55.972+0200][231587.135s][info][gc,heap       ] GC(5340) Survivor regions: 40->40(89)
[2026-07-26T05:13:55.972+0200][231587.135s][info][gc,heap       ] GC(5340) Old regions: 1648->1648
[2026-07-26T05:13:55.972+0200][231587.135s][info][gc,heap       ] GC(5340) Humongous regions: 16->16
[2026-07-26T05:13:55.972+0200][231587.135s][info][gc,metaspace  ] GC(5340) Metaspace: 740147K(890496K)->740147K(890496K) NonClass: 654466K(792320K)->654466K(792320K) Class: 85680K(98176K)->85680K(98176K)
[2026-07-26T05:13:55.972+0200][231587.135s][info][gc            ] GC(5340) Pause Young (Normal) (G1 Evacuation Pause) 2371M->1703M(2681M) 33.921ms
[2026-07-26T05:13:55.972+0200][231587.135s][info][gc,cpu        ] GC(5340) User=0.37s Sys=0.00s Real=0.03s
[2026-07-26T05:26:05.677+0200][232316.840s][info][gc,start      ] GC(5341) Pause Young (Normal) (G1 Evacuation Pause)
[2026-07-26T05:26:05.677+0200][232316.840s][info][gc,task       ] GC(5341) Using 13 workers of 13 for evacuation
[2026-07-26T05:26:05.717+0200][232316.880s][info][gc,phases     ] GC(5341)   Pre Evacuate Collection Set: 0.2ms
[2026-07-26T05:26:05.717+0200][232316.880s][info][gc,phases     ] GC(5341)   Evacuate Collection Set: 35.2ms
[2026-07-26T05:26:05.717+0200][232316.880s][info][gc,phases     ] GC(5341)   Post Evacuate Collection Set: 3.6ms
[2026-07-26T05:26:05.717+0200][232316.880s][info][gc,phases     ] GC(5341)   Other: 0.7ms
[2026-07-26T05:26:05.717+0200][232316.880s][info][gc,heap       ] GC(5341) Eden regions: 668->0(691)
[2026-07-26T05:26:05.717+0200][232316.880s][info][gc,heap       ] GC(5341) Survivor regions: 40->16(89)
[2026-07-26T05:26:05.717+0200][232316.880s][info][gc,heap       ] GC(5341) Old regions: 1648->1673
[2026-07-26T05:26:05.717+0200][232316.880s][info][gc,heap       ] GC(5341) Humongous regions: 16->16
[2026-07-26T05:26:05.717+0200][232316.880s][info][gc,metaspace  ] GC(5341) Metaspace: 740147K(890496K)->740147K(890496K) NonClass: 654466K(792320K)->654466K(792320K) Class: 85680K(98176K)->85680K(98176K)
[2026-07-26T05:26:05.717+0200][232316.880s][info][gc            ] GC(5341) Pause Young (Normal) (G1 Evacuation Pause) 2371M->1704M(2681M) 39.923ms
[2026-07-26T05:26:05.717+0200][232316.880s][info][gc,cpu        ] GC(5341) User=0.45s Sys=0.01s Real=0.04s
[2026-07-26T05:34:26.745+0200][232817.909s][info][gc,start      ] GC(5342) Pause Young (Normal) (G1 Evacuation Pause)
[2026-07-26T05:34:26.745+0200][232817.909s][info][gc,task       ] GC(5342) Using 13 workers of 13 for evacuation
[2026-07-26T05:34:26.760+0200][232817.924s][info][gc,phases     ] GC(5342)   Pre Evacuate Collection Set: 0.2ms
[2026-07-26T05:34:26.761+0200][232817.924s][info][gc,phases     ] GC(5342)   Evacuate Collection Set: 10.3ms
[2026-07-26T05:34:26.761+0200][232817.924s][info][gc,phases     ] GC(5342)   Post Evacuate Collection Set: 4.2ms
[2026-07-26T05:34:26.761+0200][232817.924s][info][gc,phases     ] GC(5342)   Other: 0.5ms
[2026-07-26T05:34:26.761+0200][232817.924s][info][gc,heap       ] GC(5342) Eden regions: 691->0(694)
[2026-07-26T05:34:26.761+0200][232817.924s][info][gc,heap       ] GC(5342) Survivor regions: 16->14(89)
[2026-07-26T05:34:26.761+0200][232817.924s][info][gc,heap       ] GC(5342) Old regions: 1673->1674
[2026-07-26T05:34:26.761+0200][232817.924s][info][gc,heap       ] GC(5342) Humongous regions: 16->16
[2026-07-26T05:34:26.761+0200][232817.924s][info][gc,metaspace  ] GC(5342) Metaspace: 740147K(890496K)->740147K(890496K) NonClass: 654466K(792320K)->654466K(792320K) Class: 85680K(98176K)->85680K(98176K)
[2026-07-26T05:34:26.761+0200][232817.924s][info][gc            ] GC(5342) Pause Young (Normal) (G1 Evacuation Pause) 2395M->1703M(2681M) 15.244ms
[2026-07-26T05:34:26.761+0200][232817.924s][info][gc,cpu        ] GC(5342) User=0.14s Sys=0.00s Real=0.01s
[2026-07-26T05:41:02.631+0200][233213.794s][info][gc,start      ] GC(5343) Pause Young (Normal) (G1 Evacuation Pause)
[2026-07-26T05:41:02.631+0200][233213.794s][info][gc,task       ] GC(5343) Using 13 workers of 13 for evacuation
[2026-07-26T05:41:02.646+0200][233213.810s][info][gc,phases     ] GC(5343)   Pre Evacuate Collection Set: 0.2ms
[2026-07-26T05:41:02.646+0200][233213.810s][info][gc,phases     ] GC(5343)   Evacuate Collection Set: 9.7ms
[2026-07-26T05:41:02.646+0200][233213.810s][info][gc,phases     ] GC(5343)   Post Evacuate Collection Set: 4.8ms
[2026-07-26T05:41:02.646+0200][233213.810s][info][gc,phases     ] GC(5343)   Other: 0.5ms
[2026-07-26T05:41:02.646+0200][233213.810s][info][gc,heap       ] GC(5343) Eden regions: 694->0(695)
[2026-07-26T05:41:02.646+0200][233213.810s][info][gc,heap       ] GC(5343) Survivor regions: 14->4(89)
[2026-07-26T05:41:02.646+0200][233213.810s][info][gc,heap       ] GC(5343) Old regions: 1674->1685
[2026-07-26T05:41:02.646+0200][233213.810s][info][gc,heap       ] GC(5343) Humongous regions: 16->16
[2026-07-26T05:41:02.646+0200][233213.810s][info][gc,metaspace  ] GC(5343) Metaspace: 740147K(890496K)->740147K(890496K) NonClass: 654467K(792320K)->654467K(792320K) Class: 85680K(98176K)->85680K(98176K)
[2026-07-26T05:41:02.646+0200][233213.810s][info][gc            ] GC(5343) Pause Young (Normal) (G1 Evacuation Pause) 2397M->1704M(2681M) 15.315ms
[2026-07-26T05:41:02.646+0200][233213.810s][info][gc,cpu        ] GC(5343) User=0.13s Sys=0.00s Real=0.02s
[2026-07-26T05:43:55.871+0200][233387.035s][info][gc,start      ] GC(5344) Pause Young (Normal) (G1 Evacuation Pause)
[2026-07-26T05:43:55.871+0200][233387.035s][info][gc,task       ] GC(5344) Using 13 workers of 13 for evacuation
[2026-07-26T05:43:55.880+0200][233387.044s][info][gc,phases     ] GC(5344)   Pre Evacuate Collection Set: 0.1ms
[2026-07-26T05:43:55.880+0200][233387.044s][info][gc,phases     ] GC(5344)   Evacuate Collection Set: 4.5ms
[2026-07-26T05:43:55.880+0200][233387.044s][info][gc,phases     ] GC(5344)   Post Evacuate Collection Set: 4.1ms
[2026-07-26T05:43:55.880+0200][233387.044s][info][gc,phases     ] GC(5344)   Other: 0.4ms
[2026-07-26T05:43:55.880+0200][233387.044s][info][gc,heap       ] GC(5344) Eden regions: 695->0(697)
[2026-07-26T05:43:55.880+0200][233387.044s][info][gc,heap       ] GC(5344) Survivor regions: 4->3(88)
[2026-07-26T05:43:55.880+0200][233387.044s][info][gc,heap       ] GC(5344) Old regions: 1685->1685
[2026-07-26T05:43:55.880+0200][233387.044s][info][gc,heap       ] GC(5344) Humongous regions: 16->16
[2026-07-26T05:43:55.880+0200][233387.044s][info][gc,metaspace  ] GC(5344) Metaspace: 740147K(890496K)->740147K(890496K) NonClass: 654467K(792320K)->654467K(792320K) Class: 85680K(98176K)->85680K(98176K)
[2026-07-26T05:43:55.880+0200][233387.044s][info][gc            ] GC(5344) Pause Young (Normal) (G1 Evacuation Pause) 2399M->1703M(2681M) 9.261ms
[2026-07-26T05:43:55.880+0200][233387.044s][info][gc,cpu        ] GC(5344) User=0.05s Sys=0.00s Real=0.01s
[2026-07-26T05:56:31.804+0200][234142.967s][info][gc,start      ] GC(5345) Pause Young (Normal) (G1 Evacuation Pause)
[2026-07-26T05:56:31.804+0200][234142.967s][info][gc,task       ] GC(5345) Using 13 workers of 13 for evacuation
[2026-07-26T05:56:31.811+0200][234142.974s][info][gc,phases     ] GC(5345)   Pre Evacuate Collection Set: 0.2ms
[2026-07-26T05:56:31.811+0200][234142.975s][info][gc,phases     ] GC(5345)   Evacuate Collection Set: 3.4ms
[2026-07-26T05:56:31.811+0200][234142.975s][info][gc,phases     ] GC(5345)   Post Evacuate Collection Set: 3.1ms
[2026-07-26T05:56:31.811+0200][234142.975s][info][gc,phases     ] GC(5345)   Other: 0.6ms
[2026-07-26T05:56:31.811+0200][234142.975s][info][gc,heap       ] GC(5345) Eden regions: 697->0(697)
[2026-07-26T05:56:31.811+0200][234142.975s][info][gc,heap       ] GC(5345) Survivor regions: 3->4(88)
[2026-07-26T05:56:31.811+0200][234142.975s][info][gc,heap       ] GC(5345) Old regions: 1685->1685
[2026-07-26T05:56:31.811+0200][234142.975s][info][gc,heap       ] GC(5345) Humongous regions: 16->16
[2026-07-26T05:56:31.811+0200][234142.975s][info][gc,metaspace  ] GC(5345) Metaspace: 740147K(890496K)->740147K(890496K) NonClass: 654467K(792320K)->654467K(792320K) Class: 85680K(98176K)->85680K(98176K)
[2026-07-26T05:56:31.811+0200][234142.975s][info][gc            ] GC(5345) Pause Young (Normal) (G1 Evacuation Pause) 2400M->1703M(2681M) 7.394ms
[2026-07-26T05:56:31.811+0200][234142.975s][info][gc,cpu        ] GC(5345) User=0.04s Sys=0.00s Real=0.01s
[2026-07-26T06:05:15.398+0200][234666.562s][info][gc,start      ] GC(5346) Pause Young (Normal) (G1 Evacuation Pause)
[2026-07-26T06:05:15.399+0200][234666.562s][info][gc,task       ] GC(5346) Using 13 workers of 13 for evacuation
[2026-07-26T06:05:15.408+0200][234666.572s][info][gc,phases     ] GC(5346)   Pre Evacuate Collection Set: 0.2ms
[2026-07-26T06:05:15.409+0200][234666.572s][info][gc,phases     ] GC(5346)   Evacuate Collection Set: 5.2ms
[2026-07-26T06:05:15.409+0200][234666.572s][info][gc,phases     ] GC(5346)   Post Evacuate Collection Set: 3.9ms
[2026-07-26T06:05:15.409+0200][234666.572s][info][gc,phases     ] GC(5346)   Other: 0.7ms
[2026-07-26T06:05:15.409+0200][234666.572s][info][gc,heap       ] GC(5346) Eden regions: 697->0(698)
[2026-07-26T06:05:15.409+0200][234666.572s][info][gc,heap       ] GC(5346) Survivor regions: 4->4(88)
[2026-07-26T06:05:15.409+0200][234666.572s][info][gc,heap       ] GC(5346) Old regions: 1685->1685
[2026-07-26T06:05:15.409+0200][234666.572s][info][gc,heap       ] GC(5346) Humongous regions: 16->16
[2026-07-26T06:05:15.409+0200][234666.572s][info][gc,metaspace  ] GC(5346) Metaspace: 740148K(890496K)->740148K(890496K) NonClass: 654468K(792320K)->654468K(792320K) Class: 85680K(98176K)->85680K(98176K)
[2026-07-26T06:05:15.409+0200][234666.572s][info][gc            ] GC(5346) Pause Young (Normal) (G1 Evacuation Pause) 2400M->1703M(2681M) 10.291ms
[2026-07-26T06:05:15.409+0200][234666.572s][info][gc,cpu        ] GC(5346) User=0.06s Sys=0.00s Real=0.01s
[2026-07-26T06:13:57.685+0200][235188.849s][info][gc,start      ] GC(5347) Pause Young (Normal) (G1 Evacuation Pause)
[2026-07-26T06:13:57.685+0200][235188.849s][info][gc,task       ] GC(5347) Using 13 workers of 13 for evacuation
[2026-07-26T06:13:57.694+0200][235188.858s][info][gc,phases     ] GC(5347)   Pre Evacuate Collection Set: 0.2ms
[2026-07-26T06:13:57.694+0200][235188.858s][info][gc,phases     ] GC(5347)   Evacuate Collection Set: 3.8ms
[2026-07-26T06:13:57.694+0200][235188.858s][info][gc,phases     ] GC(5347)   Post Evacuate Collection Set: 4.6ms
[2026-07-26T06:13:57.694+0200][235188.858s][info][gc,phases     ] GC(5347)   Other: 0.5ms
[2026-07-26T06:13:57.694+0200][235188.858s][info][gc,heap       ] GC(5347) Eden regions: 698->0(700)
[2026-07-26T06:13:57.694+0200][235188.858s][info][gc,heap       ] GC(5347) Survivor regions: 4->3(88)
[2026-07-26T06:13:57.694+0200][235188.858s][info][gc,heap       ] GC(5347) Old regions: 1685->1685
[2026-07-26T06:13:57.694+0200][235188.858s][info][gc,heap       ] GC(5347) Humongous regions: 16->16
[2026-07-26T06:13:57.694+0200][235188.858s][info][gc,metaspace  ] GC(5347) Metaspace: 740148K(890496K)->740148K(890496K) NonClass: 654468K(792320K)->654468K(792320K) Class: 85680K(98176K)->85680K(98176K)
[2026-07-26T06:13:57.694+0200][235188.858s][info][gc            ] GC(5347) Pause Young (Normal) (G1 Evacuation Pause) 2401M->1703M(2681M) 9.218ms
[2026-07-26T06:13:57.694+0200][235188.858s][info][gc,cpu        ] GC(5347) User=0.04s Sys=0.00s Real=0.00s
[2026-07-26T06:28:15.411+0200][236046.574s][info][gc,start      ] GC(5348) Pause Young (Normal) (G1 Evacuation Pause)
[2026-07-26T06:28:15.411+0200][236046.574s][info][gc,task       ] GC(5348) Using 13 workers of 13 for evacuation
[2026-07-26T06:28:15.421+0200][236046.584s][info][gc,phases     ] GC(5348)   Pre Evacuate Collection Set: 0.4ms
[2026-07-26T06:28:15.421+0200][236046.584s][info][gc,phases     ] GC(5348)   Evacuate Collection Set: 4.7ms
[2026-07-26T06:28:15.421+0200][236046.584s][info][gc,phases     ] GC(5348)   Post Evacuate Collection Set: 4.1ms
[2026-07-26T06:28:15.421+0200][236046.584s][info][gc,phases     ] GC(5348)   Other: 0.7ms
[2026-07-26T06:28:15.421+0200][236046.584s][info][gc,heap       ] GC(5348) Eden regions: 700->0(699)
[2026-07-26T06:28:15.421+0200][236046.584s][info][gc,heap       ] GC(5348) Survivor regions: 3->4(88)
[2026-07-26T06:28:15.421+0200][236046.584s][info][gc,heap       ] GC(5348) Old regions: 1685->1685
[2026-07-26T06:28:15.421+0200][236046.584s][info][gc,heap       ] GC(5348) Humongous regions: 16->16
[2026-07-26T06:28:15.421+0200][236046.584s][info][gc,metaspace  ] GC(5348) Metaspace: 740148K(890496K)->740148K(890496K) NonClass: 654468K(792320K)->654468K(792320K) Class: 85680K(98176K)->85680K(98176K)
[2026-07-26T06:28:15.421+0200][236046.584s][info][gc            ] GC(5348) Pause Young (Normal) (G1 Evacuation Pause) 2403M->1703M(2681M) 10.033ms
[2026-07-26T06:28:15.421+0200][236046.585s][info][gc,cpu        ] GC(5348) User=0.06s Sys=0.00s Real=0.01s
[2026-07-26T06:36:15.398+0200][236526.561s][info][gc,start      ] GC(5349) Pause Young (Normal) (G1 Evacuation Pause)
[2026-07-26T06:36:15.398+0200][236526.561s][info][gc,task       ] GC(5349) Using 13 workers of 13 for evacuation
[2026-07-26T06:36:15.428+0200][236526.592s][info][gc,phases     ] GC(5349)   Pre Evacuate Collection Set: 0.3ms
[2026-07-26T06:36:15.428+0200][236526.592s][info][gc,phases     ] GC(5349)   Evacuate Collection Set: 16.2ms
[2026-07-26T06:36:15.428+0200][236526.592s][info][gc,phases     ] GC(5349)   Post Evacuate Collection Set: 13.2ms
[2026-07-26T06:36:15.429+0200][236526.592s][info][gc,phases     ] GC(5349)   Other: 0.9ms
[2026-07-26T06:36:15.429+0200][236526.592s][info][gc,heap       ] GC(5349) Eden regions: 699->0(700)
[2026-07-26T06:36:15.429+0200][236526.592s][info][gc,heap       ] GC(5349) Survivor regions: 4->4(88)
[2026-07-26T06:36:15.429+0200][236526.592s][info][gc,heap       ] GC(5349) Old regions: 1685->1685
[2026-07-26T06:36:15.429+0200][236526.592s][info][gc,heap       ] GC(5349) Humongous regions: 16->16
[2026-07-26T06:36:15.429+0200][236526.592s][info][gc,metaspace  ] GC(5349) Metaspace: 740148K(890496K)->740148K(890496K) NonClass: 654468K(792320K)->654468K(792320K) Class: 85680K(98176K)->85680K(98176K)
[2026-07-26T06:36:15.429+0200][236526.592s][info][gc            ] GC(5349) Pause Young (Normal) (G1 Evacuation Pause) 2402M->1703M(2681M) 30.924ms
[2026-07-26T06:36:15.429+0200][236526.592s][info][gc,cpu        ] GC(5349) User=0.18s Sys=0.01s Real=0.03s
[2026-07-26T06:44:19.954+0200][237011.117s][info][gc,start      ] GC(5350) Pause Young (Normal) (G1 Evacuation Pause)
[2026-07-26T06:44:19.954+0200][237011.118s][info][gc,task       ] GC(5350) Using 13 workers of 13 for evacuation
[2026-07-26T06:44:19.964+0200][237011.128s][info][gc,phases     ] GC(5350)   Pre Evacuate Collection Set: 0.1ms
[2026-07-26T06:44:19.964+0200][237011.128s][info][gc,phases     ] GC(5350)   Evacuate Collection Set: 5.8ms
[2026-07-26T06:44:19.964+0200][237011.128s][info][gc,phases     ] GC(5350)   Post Evacuate Collection Set: 3.7ms
[2026-07-26T06:44:19.964+0200][237011.128s][info][gc,phases     ] GC(5350)   Other: 0.6ms
[2026-07-26T06:44:19.964+0200][237011.128s][info][gc,heap       ] GC(5350) Eden regions: 700->0(701)
[2026-07-26T06:44:19.964+0200][237011.128s][info][gc,heap       ] GC(5350) Survivor regions: 4->3(88)
[2026-07-26T06:44:19.964+0200][237011.128s][info][gc,heap       ] GC(5350) Old regions: 1685->1685
[2026-07-26T06:44:19.964+0200][237011.128s][info][gc,heap       ] GC(5350) Humongous regions: 16->16
[2026-07-26T06:44:19.964+0200][237011.128s][info][gc,metaspace  ] GC(5350) Metaspace: 740148K(890496K)->740148K(890496K) NonClass: 654468K(792320K)->654468K(792320K) Class: 85680K(98176K)->85680K(98176K)
[2026-07-26T06:44:19.964+0200][237011.128s][info][gc            ] GC(5350) Pause Young (Normal) (G1 Evacuation Pause) 2403M->1703M(2681M) 10.422ms
[2026-07-26T06:44:19.964+0200][237011.128s][info][gc,cpu        ] GC(5350) User=0.06s Sys=0.01s Real=0.01s
[2026-07-26T06:52:47.153+0200][237518.317s][info][gc,start      ] GC(5351) Pause Young (Normal) (G1 Evacuation Pause)
[2026-07-26T06:52:47.153+0200][237518.317s][info][gc,task       ] GC(5351) Using 13 workers of 13 for evacuation
[2026-07-26T06:52:47.165+0200][237518.328s][info][gc,phases     ] GC(5351)   Pre Evacuate Collection Set: 0.1ms
[2026-07-26T06:52:47.165+0200][237518.328s][info][gc,phases     ] GC(5351)   Evacuate Collection Set: 6.1ms
[2026-07-26T06:52:47.165+0200][237518.328s][info][gc,phases     ] GC(5351)   Post Evacuate Collection Set: 4.6ms
[2026-07-26T06:52:47.165+0200][237518.328s][info][gc,phases     ] GC(5351)   Other: 0.5ms
[2026-07-26T06:52:47.165+0200][237518.328s][info][gc,heap       ] GC(5351) Eden regions: 701->0(694)
[2026-07-26T06:52:47.165+0200][237518.328s][info][gc,heap       ] GC(5351) Survivor regions: 3->8(88)
[2026-07-26T06:52:47.165+0200][237518.328s][info][gc,heap       ] GC(5351) Old regions: 1685->1685
[2026-07-26T06:52:47.165+0200][237518.328s][info][gc,heap       ] GC(5351) Humongous regions: 16->16
[2026-07-26T06:52:47.165+0200][237518.328s][info][gc,metaspace  ] GC(5351) Metaspace: 740153K(890496K)->740153K(890496K) NonClass: 654471K(792320K)->654471K(792320K) Class: 85681K(98176K)->85681K(98176K)
[2026-07-26T06:52:47.165+0200][237518.328s][info][gc            ] GC(5351) Pause Young (Normal) (G1 Evacuation Pause) 2404M->1707M(2681M) 11.549ms
[2026-07-26T06:52:47.165+0200][237518.328s][info][gc,cpu        ] GC(5351) User=0.09s Sys=0.00s Real=0.01s
[2026-07-26T06:53:30.650+0200][237561.813s][info][gc,start      ] GC(5352) Pause Young (Normal) (G1 Evacuation Pause)
[2026-07-26T06:53:30.650+0200][237561.814s][info][gc,task       ] GC(5352) Using 13 workers of 13 for evacuation
[2026-07-26T06:53:30.660+0200][237561.824s][info][gc,phases     ] GC(5352)   Pre Evacuate Collection Set: 0.2ms
[2026-07-26T06:53:30.661+0200][237561.824s][info][gc,phases     ] GC(5352)   Evacuate Collection Set: 6.2ms
[2026-07-26T06:53:30.661+0200][237561.824s][info][gc,phases     ] GC(5352)   Post Evacuate Collection Set: 3.4ms
[2026-07-26T06:53:30.661+0200][237561.824s][info][gc,phases     ] GC(5352)   Other: 0.6ms
[2026-07-26T06:53:30.661+0200][237561.824s][info][gc,heap       ] GC(5352) Eden regions: 694->0(691)
[2026-07-26T06:53:30.661+0200][237561.824s][info][gc,heap       ] GC(5352) Survivor regions: 8->8(88)
[2026-07-26T06:53:30.661+0200][237561.824s][info][gc,heap       ] GC(5352) Old regions: 1685->1685
[2026-07-26T06:53:30.661+0200][237561.824s][info][gc,heap       ] GC(5352) Humongous regions: 16->16
[2026-07-26T06:53:30.661+0200][237561.824s][info][gc,metaspace  ] GC(5352) Metaspace: 740154K(890496K)->740154K(890496K) NonClass: 654473K(792320K)->654473K(792320K) Class: 85681K(98176K)->85681K(98176K)
[2026-07-26T06:53:30.661+0200][237561.824s][info][gc            ] GC(5352) Pause Young (Normal) (G1 Evacuation Pause) 2401M->1708M(2681M) 10.676ms
[2026-07-26T06:53:30.661+0200][237561.824s][info][gc,cpu        ] GC(5352) User=0.08s Sys=0.00s Real=0.01s
[2026-07-26T06:53:38.896+0200][237570.059s][info][gc,start      ] GC(5353) Pause Young (Normal) (G1 Evacuation Pause)
[2026-07-26T06:53:38.896+0200][237570.059s][info][gc,task       ] GC(5353) Using 13 workers of 13 for evacuation
[2026-07-26T06:53:38.907+0200][237570.071s][info][gc,phases     ] GC(5353)   Pre Evacuate Collection Set: 0.1ms
[2026-07-26T06:53:38.907+0200][237570.071s][info][gc,phases     ] GC(5353)   Evacuate Collection Set: 7.4ms
[2026-07-26T06:53:38.907+0200][237570.071s][info][gc,phases     ] GC(5353)   Post Evacuate Collection Set: 3.5ms
[2026-07-26T06:53:38.907+0200][237570.071s][info][gc,phases     ] GC(5353)   Other: 0.4ms
[2026-07-26T06:53:38.907+0200][237570.071s][info][gc,heap       ] GC(5353) Eden regions: 691->0(693)
[2026-07-26T06:53:38.907+0200][237570.071s][info][gc,heap       ] GC(5353) Survivor regions: 8->6(88)
[2026-07-26T06:53:38.907+0200][237570.071s][info][gc,heap       ] GC(5353) Old regions: 1685->1685
[2026-07-26T06:53:38.907+0200][237570.071s][info][gc,heap       ] GC(5353) Humongous regions: 16->16
[2026-07-26T06:53:38.907+0200][237570.071s][info][gc,metaspace  ] GC(5353) Metaspace: 740154K(890496K)->740154K(890496K) NonClass: 654473K(792320K)->654473K(792320K) Class: 85681K(98176K)->85681K(98176K)
[2026-07-26T06:53:38.907+0200][237570.071s][info][gc            ] GC(5353) Pause Young (Normal) (G1 Evacuation Pause) 2399M->1705M(2681M) 11.629ms
[2026-07-26T06:53:38.907+0200][237570.071s][info][gc,cpu        ] GC(5353) User=0.08s Sys=0.01s Real=0.01s
[2026-07-26T06:58:55.911+0200][237887.075s][info][gc,start      ] GC(5354) Pause Young (Normal) (G1 Evacuation Pause)
[2026-07-26T06:58:55.911+0200][237887.075s][info][gc,task       ] GC(5354) Using 13 workers of 13 for evacuation
[2026-07-26T06:58:55.926+0200][237887.089s][info][gc,phases     ] GC(5354)   Pre Evacuate Collection Set: 0.1ms
[2026-07-26T06:58:55.926+0200][237887.089s][info][gc,phases     ] GC(5354)   Evacuate Collection Set: 7.1ms
[2026-07-26T06:58:55.926+0200][237887.089s][info][gc,phases     ] GC(5354)   Post Evacuate Collection Set: 6.6ms
[2026-07-26T06:58:55.926+0200][237887.089s][info][gc,phases     ] GC(5354)   Other: 0.5ms
[2026-07-26T06:58:55.926+0200][237887.089s][info][gc,heap       ] GC(5354) Eden regions: 693->0(697)
[2026-07-26T06:58:55.926+0200][237887.089s][info][gc,heap       ] GC(5354) Survivor regions: 6->4(88)
[2026-07-26T06:58:55.926+0200][237887.089s][info][gc,heap       ] GC(5354) Old regions: 1685->1685
[2026-07-26T06:58:55.926+0200][237887.089s][info][gc,heap       ] GC(5354) Humongous regions: 16->16
[2026-07-26T06:58:55.926+0200][237887.089s][info][gc,metaspace  ] GC(5354) Metaspace: 740154K(890496K)->740154K(890496K) NonClass: 654473K(792320K)->654473K(792320K) Class: 85681K(98176K)->85681K(98176K)
[2026-07-26T06:58:55.926+0200][237887.089s][info][gc            ] GC(5354) Pause Young (Normal) (G1 Evacuation Pause) 2398M->1704M(2681M) 14.493ms
[2026-07-26T06:58:55.926+0200][237887.089s][info][gc,cpu        ] GC(5354) User=0.09s Sys=0.00s Real=0.02s
[2026-07-26T07:06:54.119+0200][238365.282s][info][gc,start      ] GC(5355) Pause Young (Normal) (G1 Evacuation Pause)
[2026-07-26T07:06:54.119+0200][238365.282s][info][gc,task       ] GC(5355) Using 13 workers of 13 for evacuation
[2026-07-26T07:06:54.134+0200][238365.297s][info][gc,phases     ] GC(5355)   Pre Evacuate Collection Set: 0.3ms
[2026-07-26T07:06:54.134+0200][238365.297s][info][gc,phases     ] GC(5355)   Evacuate Collection Set: 7.1ms
[2026-07-26T07:06:54.134+0200][238365.297s][info][gc,phases     ] GC(5355)   Post Evacuate Collection Set: 6.8ms
[2026-07-26T07:06:54.134+0200][238365.297s][info][gc,phases     ] GC(5355)   Other: 1.0ms
[2026-07-26T07:06:54.134+0200][238365.297s][info][gc,heap       ] GC(5355) Eden regions: 697->0(690)
[2026-07-26T07:06:54.134+0200][238365.297s][info][gc,heap       ] GC(5355) Survivor regions: 4->8(88)
[2026-07-26T07:06:54.134+0200][238365.297s][info][gc,heap       ] GC(5355) Old regions: 1685->1685
[2026-07-26T07:06:54.134+0200][238365.298s][info][gc,heap       ] GC(5355) Humongous regions: 16->16
[2026-07-26T07:06:54.134+0200][238365.298s][info][gc,metaspace  ] GC(5355) Metaspace: 740154K(890496K)->740154K(890496K) NonClass: 654473K(792320K)->654473K(792320K) Class: 85681K(98176K)->85681K(98176K)
[2026-07-26T07:06:54.134+0200][238365.298s][info][gc            ] GC(5355) Pause Young (Normal) (G1 Evacuation Pause) 2401M->1708M(2681M) 15.448ms
[2026-07-26T07:06:54.134+0200][238365.298s][info][gc,cpu        ] GC(5355) User=0.10s Sys=0.00s Real=0.01s
[2026-07-26T07:09:02.746+0200][238493.910s][info][gc,start      ] GC(5356) Pause Young (Normal) (G1 Evacuation Pause)
[2026-07-26T07:09:02.746+0200][238493.910s][info][gc,task       ] GC(5356) Using 13 workers of 13 for evacuation
[2026-07-26T07:09:02.753+0200][238493.917s][info][gc,phases     ] GC(5356)   Pre Evacuate Collection Set: 0.2ms
[2026-07-26T07:09:02.753+0200][238493.917s][info][gc,phases     ] GC(5356)   Evacuate Collection Set: 3.5ms
[2026-07-26T07:09:02.753+0200][238493.917s][info][gc,phases     ] GC(5356)   Post Evacuate Collection Set: 2.8ms
[2026-07-26T07:09:02.753+0200][238493.917s][info][gc,phases     ] GC(5356)   Other: 0.5ms
[2026-07-26T07:09:02.753+0200][238493.917s][info][gc,heap       ] GC(5356) Eden regions: 690->0(696)
[2026-07-26T07:09:02.753+0200][238493.917s][info][gc,heap       ] GC(5356) Survivor regions: 8->3(88)
[2026-07-26T07:09:02.753+0200][238493.917s][info][gc,heap       ] GC(5356) Old regions: 1685->1686
[2026-07-26T07:09:02.753+0200][238493.917s][info][gc,heap       ] GC(5356) Humongous regions: 16->16
[2026-07-26T07:09:02.753+0200][238493.917s][info][gc,metaspace  ] GC(5356) Metaspace: 740154K(890496K)->740154K(890496K) NonClass: 654473K(792320K)->654473K(792320K) Class: 85681K(98176K)->85681K(98176K)
[2026-07-26T07:09:02.753+0200][238493.917s][info][gc            ] GC(5356) Pause Young (Normal) (G1 Evacuation Pause) 2398M->1704M(2681M) 7.175ms
[2026-07-26T07:09:02.754+0200][238493.917s][info][gc,cpu        ] GC(5356) User=0.04s Sys=0.00s Real=0.00s
[2026-07-26T07:09:19.403+0200][238510.566s][info][gc,start      ] GC(5357) Pause Young (Normal) (G1 Evacuation Pause)
[2026-07-26T07:09:19.403+0200][238510.566s][info][gc,task       ] GC(5357) Using 13 workers of 13 for evacuation
[2026-07-26T07:09:19.413+0200][238510.576s][info][gc,phases     ] GC(5357)   Pre Evacuate Collection Set: 0.2ms
[2026-07-26T07:09:19.413+0200][238510.576s][info][gc,phases     ] GC(5357)   Evacuate Collection Set: 5.3ms
[2026-07-26T07:09:19.413+0200][238510.576s][info][gc,phases     ] GC(5357)   Post Evacuate Collection Set: 4.1ms
[2026-07-26T07:09:19.413+0200][238510.576s][info][gc,phases     ] GC(5357)   Other: 0.5ms
[2026-07-26T07:09:19.413+0200][238510.576s][info][gc,heap       ] GC(5357) Eden regions: 696->0(691)
[2026-07-26T07:09:19.413+0200][238510.576s][info][gc,heap       ] GC(5357) Survivor regions: 3->6(88)
[2026-07-26T07:09:19.413+0200][238510.576s][info][gc,heap       ] GC(5357) Old regions: 1686->1686
[2026-07-26T07:09:19.413+0200][238510.576s][info][gc,heap       ] GC(5357) Humongous regions: 16->16
[2026-07-26T07:09:19.413+0200][238510.576s][info][gc,metaspace  ] GC(5357) Metaspace: 740154K(890496K)->740154K(890496K) NonClass: 654473K(792320K)->654473K(792320K) Class: 85681K(98176K)->85681K(98176K)
[2026-07-26T07:09:19.413+0200][238510.576s][info][gc            ] GC(5357) Pause Young (Normal) (G1 Evacuation Pause) 2400M->1707M(2681M) 10.301ms
[2026-07-26T07:09:19.413+0200][238510.576s][info][gc,cpu        ] GC(5357) User=0.07s Sys=0.00s Real=0.01s
[2026-07-26T07:09:25.458+0200][238516.622s][info][gc,start      ] GC(5358) Pause Young (Normal) (G1 Evacuation Pause)
[2026-07-26T07:09:25.458+0200][238516.622s][info][gc,task       ] GC(5358) Using 13 workers of 13 for evacuation
[2026-07-26T07:09:25.468+0200][238516.631s][info][gc,phases     ] GC(5358)   Pre Evacuate Collection Set: 0.2ms
[2026-07-26T07:09:25.468+0200][238516.631s][info][gc,phases     ] GC(5358)   Evacuate Collection Set: 5.9ms
[2026-07-26T07:09:25.468+0200][238516.631s][info][gc,phases     ] GC(5358)   Post Evacuate Collection Set: 2.9ms
[2026-07-26T07:09:25.468+0200][238516.631s][info][gc,phases     ] GC(5358)   Other: 0.5ms
[2026-07-26T07:09:25.468+0200][238516.631s][info][gc,heap       ] GC(5358) Eden regions: 691->0(687)
[2026-07-26T07:09:25.468+0200][238516.631s][info][gc,heap       ] GC(5358) Survivor regions: 6->7(88)
[2026-07-26T07:09:25.468+0200][238516.631s][info][gc,heap       ] GC(5358) Old regions: 1686->1687
[2026-07-26T07:09:25.468+0200][238516.631s][info][gc,heap       ] GC(5358) Humongous regions: 16->16
[2026-07-26T07:09:25.468+0200][238516.631s][info][gc,metaspace  ] GC(5358) Metaspace: 740154K(890496K)->740154K(890496K) NonClass: 654473K(792320K)->654473K(792320K) Class: 85681K(98176K)->85681K(98176K)
[2026-07-26T07:09:25.468+0200][238516.631s][info][gc            ] GC(5358) Pause Young (Normal) (G1 Evacuation Pause) 2398M->1708M(2681M) 9.594ms
[2026-07-26T07:09:25.468+0200][238516.631s][info][gc,cpu        ] GC(5358) User=0.08s Sys=0.01s Real=0.01s
[2026-07-26T07:13:55.806+0200][238786.970s][info][gc,start      ] GC(5359) Pause Young (Normal) (G1 Evacuation Pause)
[2026-07-26T07:13:55.806+0200][238786.970s][info][gc,task       ] GC(5359) Using 13 workers of 13 for evacuation
[2026-07-26T07:13:55.815+0200][238786.978s][info][gc,phases     ] GC(5359)   Pre Evacuate Collection Set: 0.2ms
[2026-07-26T07:13:55.815+0200][238786.978s][info][gc,phases     ] GC(5359)   Evacuate Collection Set: 4.7ms
[2026-07-26T07:13:55.815+0200][238786.978s][info][gc,phases     ] GC(5359)   Post Evacuate Collection Set: 3.0ms
[2026-07-26T07:13:55.815+0200][238786.978s][info][gc,phases     ] GC(5359)   Other: 0.5ms
[2026-07-26T07:13:55.815+0200][238786.978s][info][gc,heap       ] GC(5359) Eden regions: 687->0(694)
[2026-07-26T07:13:55.815+0200][238786.978s][info][gc,heap       ] GC(5359) Survivor regions: 7->2(87)
[2026-07-26T07:13:55.815+0200][238786.978s][info][gc,heap       ] GC(5359) Old regions: 1687->1687
[2026-07-26T07:13:55.815+0200][238786.978s][info][gc,heap       ] GC(5359) Humongous regions: 16->16
[2026-07-26T07:13:55.815+0200][238786.978s][info][gc,metaspace  ] GC(5359) Metaspace: 740154K(890496K)->740154K(890496K) NonClass: 654473K(792320K)->654473K(792320K) Class: 85681K(98176K)->85681K(98176K)
[2026-07-26T07:13:55.815+0200][238786.978s][info][gc            ] GC(5359) Pause Young (Normal) (G1 Evacuation Pause) 2395M->1704M(2681M) 8.485ms
[2026-07-26T07:13:55.815+0200][238786.978s][info][gc,cpu        ] GC(5359) User=0.04s Sys=0.00s Real=0.00s
[2026-07-26T07:23:15.373+0200][239346.536s][info][gc,start      ] GC(5360) Pause Young (Normal) (G1 Evacuation Pause)
[2026-07-26T07:23:15.373+0200][239346.536s][info][gc,task       ] GC(5360) Using 13 workers of 13 for evacuation
[2026-07-26T07:23:15.382+0200][239346.546s][info][gc,phases     ] GC(5360)   Pre Evacuate Collection Set: 0.1ms
[2026-07-26T07:23:15.382+0200][239346.546s][info][gc,phases     ] GC(5360)   Evacuate Collection Set: 3.4ms
[2026-07-26T07:23:15.382+0200][239346.546s][info][gc,phases     ] GC(5360)   Post Evacuate Collection Set: 5.9ms
[2026-07-26T07:23:15.383+0200][239346.546s][info][gc,phases     ] GC(5360)   Other: 0.5ms
[2026-07-26T07:23:15.383+0200][239346.546s][info][gc,heap       ] GC(5360) Eden regions: 694->0(695)
[2026-07-26T07:23:15.383+0200][239346.546s][info][gc,heap       ] GC(5360) Survivor regions: 2->2(87)
[2026-07-26T07:23:15.383+0200][239346.546s][info][gc,heap       ] GC(5360) Old regions: 1687->1687
[2026-07-26T07:23:15.383+0200][239346.546s][info][gc,heap       ] GC(5360) Humongous regions: 16->16
[2026-07-26T07:23:15.383+0200][239346.546s][info][gc,metaspace  ] GC(5360) Metaspace: 740154K(890496K)->740154K(890496K) NonClass: 654473K(792320K)->654473K(792320K) Class: 85681K(98176K)->85681K(98176K)
[2026-07-26T07:23:15.383+0200][239346.546s][info][gc            ] GC(5360) Pause Young (Normal) (G1 Evacuation Pause) 2398M->1704M(2681M) 10.074ms
[2026-07-26T07:23:15.383+0200][239346.546s][info][gc,cpu        ] GC(5360) User=0.07s Sys=0.00s Real=0.01s
[2026-07-26T07:28:55.957+0200][239687.121s][info][gc,start      ] GC(5361) Pause Young (Normal) (G1 Evacuation Pause)
[2026-07-26T07:28:55.957+0200][239687.121s][info][gc,task       ] GC(5361) Using 13 workers of 13 for evacuation
[2026-07-26T07:28:55.965+0200][239687.128s][info][gc,phases     ] GC(5361)   Pre Evacuate Collection Set: 0.2ms
[2026-07-26T07:28:55.965+0200][239687.129s][info][gc,phases     ] GC(5361)   Evacuate Collection Set: 2.9ms
[2026-07-26T07:28:55.965+0200][239687.129s][info][gc,phases     ] GC(5361)   Post Evacuate Collection Set: 4.3ms
[2026-07-26T07:28:55.965+0200][239687.129s][info][gc,phases     ] GC(5361)   Other: 0.6ms
[2026-07-26T07:28:55.965+0200][239687.129s][info][gc,heap       ] GC(5361) Eden regions: 695->0(696)
[2026-07-26T07:28:55.965+0200][239687.129s][info][gc,heap       ] GC(5361) Survivor regions: 2->2(88)
[2026-07-26T07:28:55.965+0200][239687.129s][info][gc,heap       ] GC(5361) Old regions: 1687->1687
[2026-07-26T07:28:55.965+0200][239687.129s][info][gc,heap       ] GC(5361) Humongous regions: 16->16
[2026-07-26T07:28:55.965+0200][239687.129s][info][gc,metaspace  ] GC(5361) Metaspace: 740154K(890496K)->740154K(890496K) NonClass: 654473K(792320K)->654473K(792320K) Class: 85681K(98176K)->85681K(98176K)
[2026-07-26T07:28:55.965+0200][239687.129s][info][gc            ] GC(5361) Pause Young (Normal) (G1 Evacuation Pause) 2399M->1704M(2681M) 8.186ms
[2026-07-26T07:28:55.965+0200][239687.129s][info][gc,cpu        ] GC(5361) User=0.04s Sys=0.00s Real=0.01s
[2026-07-26T07:32:34.048+0200][239905.211s][info][gc,start      ] GC(5362) Pause Young (Normal) (G1 Evacuation Pause)
[2026-07-26T07:32:34.048+0200][239905.212s][info][gc,task       ] GC(5362) Using 13 workers of 13 for evacuation
[2026-07-26T07:32:34.059+0200][239905.222s][info][gc,phases     ] GC(5362)   Pre Evacuate Collection Set: 0.1ms
[2026-07-26T07:32:34.059+0200][239905.222s][info][gc,phases     ] GC(5362)   Evacuate Collection Set: 5.8ms
[2026-07-26T07:32:34.059+0200][239905.223s][info][gc,phases     ] GC(5362)   Post Evacuate Collection Set: 4.6ms
[2026-07-26T07:32:34.059+0200][239905.223s][info][gc,phases     ] GC(5362)   Other: 0.5ms
[2026-07-26T07:32:34.059+0200][239905.223s][info][gc,heap       ] GC(5362) Eden regions: 696->0(691)
[2026-07-26T07:32:34.059+0200][239905.223s][info][gc,heap       ] GC(5362) Survivor regions: 2->6(88)
[2026-07-26T07:32:34.059+0200][239905.223s][info][gc,heap       ] GC(5362) Old regions: 1687->1687
[2026-07-26T07:32:34.059+0200][239905.223s][info][gc,heap       ] GC(5362) Humongous regions: 16->16
[2026-07-26T07:32:34.059+0200][239905.223s][info][gc,metaspace  ] GC(5362) Metaspace: 740157K(890496K)->740157K(890496K) NonClass: 654475K(792320K)->654475K(792320K) Class: 85682K(98176K)->85682K(98176K)
[2026-07-26T07:32:34.059+0200][239905.223s][info][gc            ] GC(5362) Pause Young (Normal) (G1 Evacuation Pause) 2400M->1708M(2681M) 11.166ms
[2026-07-26T07:32:34.059+0200][239905.223s][info][gc,cpu        ] GC(5362) User=0.06s Sys=0.01s Real=0.01s
[2026-07-26T07:36:56.805+0200][240167.969s][info][gc,start      ] GC(5363) Pause Young (Normal) (G1 Evacuation Pause)
[2026-07-26T07:36:56.805+0200][240167.969s][info][gc,task       ] GC(5363) Using 13 workers of 13 for evacuation
[2026-07-26T07:36:56.812+0200][240167.976s][info][gc,phases     ] GC(5363)   Pre Evacuate Collection Set: 0.3ms
[2026-07-26T07:36:56.812+0200][240167.976s][info][gc,phases     ] GC(5363)   Evacuate Collection Set: 3.3ms
[2026-07-26T07:36:56.812+0200][240167.976s][info][gc,phases     ] GC(5363)   Post Evacuate Collection Set: 2.9ms
[2026-07-26T07:36:56.813+0200][240167.976s][info][gc,phases     ] GC(5363)   Other: 0.7ms
[2026-07-26T07:36:56.813+0200][240167.976s][info][gc,heap       ] GC(5363) Eden regions: 691->0(696)
[2026-07-26T07:36:56.813+0200][240167.976s][info][gc,heap       ] GC(5363) Survivor regions: 6->2(88)
[2026-07-26T07:36:56.813+0200][240167.976s][info][gc,heap       ] GC(5363) Old regions: 1687->1687
[2026-07-26T07:36:56.813+0200][240167.976s][info][gc,heap       ] GC(5363) Humongous regions: 16->16
[2026-07-26T07:36:56.813+0200][240167.976s][info][gc,metaspace  ] GC(5363) Metaspace: 740157K(890496K)->740157K(890496K) NonClass: 654475K(792320K)->654475K(792320K) Class: 85682K(98176K)->85682K(98176K)
[2026-07-26T07:36:56.813+0200][240167.976s][info][gc            ] GC(5363) Pause Young (Normal) (G1 Evacuation Pause) 2399M->1704M(2681M) 7.455ms
[2026-07-26T07:36:56.813+0200][240167.976s][info][gc,cpu        ] GC(5363) User=0.05s Sys=0.00s Real=0.00s
[2026-07-26T07:41:53.612+0200][240464.776s][info][gc,start      ] GC(5364) Pause Young (Normal) (G1 Evacuation Pause)
[2026-07-26T07:41:53.612+0200][240464.776s][info][gc,task       ] GC(5364) Using 13 workers of 13 for evacuation
[2026-07-26T07:41:53.621+0200][240464.784s][info][gc,phases     ] GC(5364)   Pre Evacuate Collection Set: 0.2ms
[2026-07-26T07:41:53.621+0200][240464.784s][info][gc,phases     ] GC(5364)   Evacuate Collection Set: 3.3ms
[2026-07-26T07:41:53.621+0200][240464.784s][info][gc,phases     ] GC(5364)   Post Evacuate Collection Set: 4.6ms
[2026-07-26T07:41:53.621+0200][240464.784s][info][gc,phases     ] GC(5364)   Other: 0.5ms
[2026-07-26T07:41:53.621+0200][240464.784s][info][gc,heap       ] GC(5364) Eden regions: 696->0(694)
[2026-07-26T07:41:53.621+0200][240464.784s][info][gc,heap       ] GC(5364) Survivor regions: 2->4(88)
[2026-07-26T07:41:53.621+0200][240464.784s][info][gc,heap       ] GC(5364) Old regions: 1687->1687
[2026-07-26T07:41:53.621+0200][240464.784s][info][gc,heap       ] GC(5364) Humongous regions: 16->16
[2026-07-26T07:41:53.621+0200][240464.784s][info][gc,metaspace  ] GC(5364) Metaspace: 740157K(890496K)->740157K(890496K) NonClass: 654475K(792320K)->654475K(792320K) Class: 85682K(98176K)->85682K(98176K)
[2026-07-26T07:41:53.621+0200][240464.784s][info][gc            ] GC(5364) Pause Young (Normal) (G1 Evacuation Pause) 2400M->1705M(2681M) 8.720ms
[2026-07-26T07:41:53.621+0200][240464.784s][info][gc,cpu        ] GC(5364) User=0.05s Sys=0.00s Real=0.01s
[2026-07-26T07:43:55.926+0200][240587.090s][info][gc,start      ] GC(5365) Pause Young (Normal) (G1 Evacuation Pause)
[2026-07-26T07:43:55.926+0200][240587.090s][info][gc,task       ] GC(5365) Using 13 workers of 13 for evacuation
[2026-07-26T07:43:55.933+0200][240587.097s][info][gc,phases     ] GC(5365)   Pre Evacuate Collection Set: 0.1ms
[2026-07-26T07:43:55.933+0200][240587.097s][info][gc,phases     ] GC(5365)   Evacuate Collection Set: 3.3ms
[2026-07-26T07:43:55.933+0200][240587.097s][info][gc,phases     ] GC(5365)   Post Evacuate Collection Set: 3.3ms
[2026-07-26T07:43:55.933+0200][240587.097s][info][gc,phases     ] GC(5365)   Other: 0.5ms
[2026-07-26T07:43:55.933+0200][240587.097s][info][gc,heap       ] GC(5365) Eden regions: 694->0(696)
[2026-07-26T07:43:55.933+0200][240587.097s][info][gc,heap       ] GC(5365) Survivor regions: 4->3(88)
[2026-07-26T07:43:55.933+0200][240587.097s][info][gc,heap       ] GC(5365) Old regions: 1687->1687
[2026-07-26T07:43:55.933+0200][240587.097s][info][gc,heap       ] GC(5365) Humongous regions: 16->16
[2026-07-26T07:43:55.933+0200][240587.097s][info][gc,metaspace  ] GC(5365) Metaspace: 740157K(890496K)->740157K(890496K) NonClass: 654475K(792320K)->654475K(792320K) Class: 85682K(98176K)->85682K(98176K)
[2026-07-26T07:43:55.934+0200][240587.097s][info][gc            ] GC(5365) Pause Young (Normal) (G1 Evacuation Pause) 2399M->1705M(2681M) 7.307ms
[2026-07-26T07:43:55.934+0200][240587.097s][info][gc,cpu        ] GC(5365) User=0.04s Sys=0.00s Real=0.00s
[2026-07-26T07:47:17.858+0200][240789.021s][info][gc,start      ] GC(5366) Pause Young (Normal) (G1 Evacuation Pause)
[2026-07-26T07:47:17.858+0200][240789.021s][info][gc,task       ] GC(5366) Using 13 workers of 13 for evacuation
[2026-07-26T07:47:17.870+0200][240789.033s][info][gc,phases     ] GC(5366)   Pre Evacuate Collection Set: 0.1ms
[2026-07-26T07:47:17.870+0200][240789.033s][info][gc,phases     ] GC(5366)   Evacuate Collection Set: 6.3ms
[2026-07-26T07:47:17.870+0200][240789.033s][info][gc,phases     ] GC(5366)   Post Evacuate Collection Set: 5.0ms
[2026-07-26T07:47:17.870+0200][240789.033s][info][gc,phases     ] GC(5366)   Other: 0.5ms
[2026-07-26T07:47:17.870+0200][240789.033s][info][gc,heap       ] GC(5366) Eden regions: 696->0(688)
[2026-07-26T07:47:17.870+0200][240789.033s][info][gc,heap       ] GC(5366) Survivor regions: 3->8(88)
[2026-07-26T07:47:17.870+0200][240789.033s][info][gc,heap       ] GC(5366) Old regions: 1687->1687
[2026-07-26T07:47:17.870+0200][240789.033s][info][gc,heap       ] GC(5366) Humongous regions: 16->16
[2026-07-26T07:47:17.870+0200][240789.033s][info][gc,metaspace  ] GC(5366) Metaspace: 740157K(890496K)->740157K(890496K) NonClass: 654475K(792320K)->654475K(792320K) Class: 85682K(98176K)->85682K(98176K)
[2026-07-26T07:47:17.870+0200][240789.033s][info][gc            ] GC(5366) Pause Young (Normal) (G1 Evacuation Pause) 2401M->1710M(2681M) 12.009ms
[2026-07-26T07:47:17.870+0200][240789.033s][info][gc,cpu        ] GC(5366) User=0.09s Sys=0.01s Real=0.01s
[2026-07-26T07:48:14.943+0200][240846.106s][info][gc,start      ] GC(5367) Pause Young (Normal) (G1 Evacuation Pause)
[2026-07-26T07:48:14.943+0200][240846.106s][info][gc,task       ] GC(5367) Using 13 workers of 13 for evacuation
[2026-07-26T07:48:14.953+0200][240846.117s][info][gc,phases     ] GC(5367)   Pre Evacuate Collection Set: 0.2ms
[2026-07-26T07:48:14.953+0200][240846.117s][info][gc,phases     ] GC(5367)   Evacuate Collection Set: 5.1ms
[2026-07-26T07:48:14.953+0200][240846.117s][info][gc,phases     ] GC(5367)   Post Evacuate Collection Set: 4.7ms
[2026-07-26T07:48:14.953+0200][240846.117s][info][gc,phases     ] GC(5367)   Other: 0.6ms
[2026-07-26T07:48:14.953+0200][240846.117s][info][gc,heap       ] GC(5367) Eden regions: 688->0(692)
[2026-07-26T07:48:14.953+0200][240846.117s][info][gc,heap       ] GC(5367) Survivor regions: 8->5(87)
[2026-07-26T07:48:14.953+0200][240846.117s][info][gc,heap       ] GC(5367) Old regions: 1687->1687
[2026-07-26T07:48:14.953+0200][240846.117s][info][gc,heap       ] GC(5367) Humongous regions: 16->16
[2026-07-26T07:48:14.953+0200][240846.117s][info][gc,metaspace  ] GC(5367) Metaspace: 740157K(890496K)->740157K(890496K) NonClass: 654475K(792320K)->654475K(792320K) Class: 85682K(98176K)->85682K(98176K)
[2026-07-26T07:48:14.953+0200][240846.117s][info][gc            ] GC(5367) Pause Young (Normal) (G1 Evacuation Pause) 2398M->1706M(2681M) 10.985ms
[2026-07-26T07:48:14.954+0200][240846.117s][info][gc,cpu        ] GC(5367) User=0.05s Sys=0.00s Real=0.01s
[2026-07-26T07:48:16.269+0200][240847.433s][info][gc,start      ] GC(5368) Pause Young (Normal) (G1 Evacuation Pause)
[2026-07-26T07:48:16.269+0200][240847.433s][info][gc,task       ] GC(5368) Using 13 workers of 13 for evacuation
[2026-07-26T07:48:16.279+0200][240847.442s][info][gc,phases     ] GC(5368)   Pre Evacuate Collection Set: 0.1ms
[2026-07-26T07:48:16.279+0200][240847.442s][info][gc,phases     ] GC(5368)   Evacuate Collection Set: 5.9ms
[2026-07-26T07:48:16.279+0200][240847.442s][info][gc,phases     ] GC(5368)   Post Evacuate Collection Set: 2.9ms
[2026-07-26T07:48:16.279+0200][240847.442s][info][gc,phases     ] GC(5368)   Other: 0.4ms
[2026-07-26T07:48:16.279+0200][240847.442s][info][gc,heap       ] GC(5368) Eden regions: 692->0(688)
[2026-07-26T07:48:16.279+0200][240847.442s][info][gc,heap       ] GC(5368) Survivor regions: 5->8(88)
[2026-07-26T07:48:16.279+0200][240847.442s][info][gc,heap       ] GC(5368) Old regions: 1687->1687
[2026-07-26T07:48:16.279+0200][240847.442s][info][gc,heap       ] GC(5368) Humongous regions: 16->16
[2026-07-26T07:48:16.279+0200][240847.442s][info][gc,metaspace  ] GC(5368) Metaspace: 740157K(890496K)->740157K(890496K) NonClass: 654475K(792320K)->654475K(792320K) Class: 85682K(98176K)->85682K(98176K)
[2026-07-26T07:48:16.279+0200][240847.442s][info][gc            ] GC(5368) Pause Young (Normal) (G1 Evacuation Pause) 2398M->1709M(2681M) 9.573ms
[2026-07-26T07:48:16.279+0200][240847.442s][info][gc,cpu        ] GC(5368) User=0.07s Sys=0.00s Real=0.01s
[2026-07-26T07:48:17.155+0200][240848.318s][info][gc,start      ] GC(5369) Pause Young (Normal) (G1 Evacuation Pause)
[2026-07-26T07:48:17.155+0200][240848.318s][info][gc,task       ] GC(5369) Using 13 workers of 13 for evacuation
[2026-07-26T07:48:17.166+0200][240848.329s][info][gc,phases     ] GC(5369)   Pre Evacuate Collection Set: 0.1ms
[2026-07-26T07:48:17.166+0200][240848.329s][info][gc,phases     ] GC(5369)   Evacuate Collection Set: 7.3ms
[2026-07-26T07:48:17.166+0200][240848.329s][info][gc,phases     ] GC(5369)   Post Evacuate Collection Set: 3.1ms
[2026-07-26T07:48:17.166+0200][240848.329s][info][gc,phases     ] GC(5369)   Other: 0.4ms
[2026-07-26T07:48:17.166+0200][240848.329s][info][gc,heap       ] GC(5369) Eden regions: 688->0(683)
[2026-07-26T07:48:17.166+0200][240848.329s][info][gc,heap       ] GC(5369) Survivor regions: 8->10(87)
[2026-07-26T07:48:17.166+0200][240848.329s][info][gc,heap       ] GC(5369) Old regions: 1687->1687
[2026-07-26T07:48:17.166+0200][240848.329s][info][gc,heap       ] GC(5369) Humongous regions: 16->16
[2026-07-26T07:48:17.166+0200][240848.329s][info][gc,metaspace  ] GC(5369) Metaspace: 740157K(890496K)->740157K(890496K) NonClass: 654475K(792320K)->654475K(792320K) Class: 85682K(98176K)->85682K(98176K)
[2026-07-26T07:48:17.166+0200][240848.329s][info][gc            ] GC(5369) Pause Young (Normal) (G1 Evacuation Pause) 2397M->1712M(2681M) 11.098ms
[2026-07-26T07:48:17.166+0200][240848.329s][info][gc,cpu        ] GC(5369) User=0.08s Sys=0.01s Real=0.02s
[2026-07-26T07:52:15.349+0200][241086.513s][info][gc,start      ] GC(5370) Pause Young (Normal) (G1 Evacuation Pause)
[2026-07-26T07:52:15.349+0200][241086.513s][info][gc,task       ] GC(5370) Using 13 workers of 13 for evacuation
[2026-07-26T07:52:15.358+0200][241086.521s][info][gc,phases     ] GC(5370)   Pre Evacuate Collection Set: 0.1ms
[2026-07-26T07:52:15.358+0200][241086.521s][info][gc,phases     ] GC(5370)   Evacuate Collection Set: 3.7ms
[2026-07-26T07:52:15.358+0200][241086.521s][info][gc,phases     ] GC(5370)   Post Evacuate Collection Set: 4.2ms
[2026-07-26T07:52:15.358+0200][241086.521s][info][gc,phases     ] GC(5370)   Other: 0.5ms
[2026-07-26T07:52:15.358+0200][241086.521s][info][gc,heap       ] GC(5370) Eden regions: 683->0(692)
[2026-07-26T07:52:15.358+0200][241086.521s][info][gc,heap       ] GC(5370) Survivor regions: 10->4(87)
[2026-07-26T07:52:15.358+0200][241086.521s][info][gc,heap       ] GC(5370) Old regions: 1687->1687
[2026-07-26T07:52:15.358+0200][241086.522s][info][gc,heap       ] GC(5370) Humongous regions: 16->16
[2026-07-26T07:52:15.358+0200][241086.522s][info][gc,metaspace  ] GC(5370) Metaspace: 740163K(890496K)->740163K(890496K) NonClass: 654479K(792320K)->654479K(792320K) Class: 85683K(98176K)->85683K(98176K)
[2026-07-26T07:52:15.358+0200][241086.522s][info][gc            ] GC(5370) Pause Young (Normal) (G1 Evacuation Pause) 2395M->1706M(2681M) 8.805ms
[2026-07-26T07:52:15.358+0200][241086.522s][info][gc,cpu        ] GC(5370) User=0.05s Sys=0.00s Real=0.01s
[2026-07-26T07:52:17.258+0200][241088.422s][info][gc,start      ] GC(5371) Pause Young (Normal) (G1 Evacuation Pause)
[2026-07-26T07:52:17.258+0200][241088.422s][info][gc,task       ] GC(5371) Using 13 workers of 13 for evacuation
[2026-07-26T07:52:17.271+0200][241088.435s][info][gc,phases     ] GC(5371)   Pre Evacuate Collection Set: 0.2ms
[2026-07-26T07:52:17.271+0200][241088.435s][info][gc,phases     ] GC(5371)   Evacuate Collection Set: 7.1ms
[2026-07-26T07:52:17.272+0200][241088.435s][info][gc,phases     ] GC(5371)   Post Evacuate Collection Set: 5.2ms
[2026-07-26T07:52:17.272+0200][241088.435s][info][gc,phases     ] GC(5371)   Other: 0.7ms
[2026-07-26T07:52:17.272+0200][241088.435s][info][gc,heap       ] GC(5371) Eden regions: 692->0(689)
[2026-07-26T07:52:17.272+0200][241088.435s][info][gc,heap       ] GC(5371) Survivor regions: 4->6(87)
[2026-07-26T07:52:17.272+0200][241088.435s][info][gc,heap       ] GC(5371) Old regions: 1687->1687
[2026-07-26T07:52:17.272+0200][241088.435s][info][gc,heap       ] GC(5371) Humongous regions: 16->16
[2026-07-26T07:52:17.272+0200][241088.435s][info][gc,metaspace  ] GC(5371) Metaspace: 740163K(890496K)->740163K(890496K) NonClass: 654479K(792320K)->654479K(792320K) Class: 85683K(98176K)->85683K(98176K)
[2026-07-26T07:52:17.272+0200][241088.435s][info][gc            ] GC(5371) Pause Young (Normal) (G1 Evacuation Pause) 2398M->1708M(2681M) 13.402ms
[2026-07-26T07:52:17.272+0200][241088.435s][info][gc,cpu        ] GC(5371) User=0.07s Sys=0.00s Real=0.01s
[2026-07-26T07:54:43.706+0200][241234.870s][info][gc,start      ] GC(5372) Pause Young (Normal) (G1 Evacuation Pause)
[2026-07-26T07:54:43.706+0200][241234.870s][info][gc,task       ] GC(5372) Using 13 workers of 13 for evacuation
[2026-07-26T07:54:43.717+0200][241234.880s][info][gc,phases     ] GC(5372)   Pre Evacuate Collection Set: 0.1ms
[2026-07-26T07:54:43.717+0200][241234.880s][info][gc,phases     ] GC(5372)   Evacuate Collection Set: 4.8ms
[2026-07-26T07:54:43.717+0200][241234.880s][info][gc,phases     ] GC(5372)   Post Evacuate Collection Set: 5.0ms
[2026-07-26T07:54:43.717+0200][241234.880s][info][gc,phases     ] GC(5372)   Other: 0.5ms
[2026-07-26T07:54:43.717+0200][241234.880s][info][gc,heap       ] GC(5372) Eden regions: 689->0(694)
[2026-07-26T07:54:43.717+0200][241234.880s][info][gc,heap       ] GC(5372) Survivor regions: 6->3(87)
[2026-07-26T07:54:43.717+0200][241234.880s][info][gc,heap       ] GC(5372) Old regions: 1687->1687
[2026-07-26T07:54:43.717+0200][241234.880s][info][gc,heap       ] GC(5372) Humongous regions: 16->16
[2026-07-26T07:54:43.717+0200][241234.880s][info][gc,metaspace  ] GC(5372) Metaspace: 740163K(890496K)->740163K(890496K) NonClass: 654479K(792320K)->654479K(792320K) Class: 85683K(98176K)->85683K(98176K)
[2026-07-26T07:54:43.717+0200][241234.880s][info][gc            ] GC(5372) Pause Young (Normal) (G1 Evacuation Pause) 2397M->1705M(2681M) 10.631ms
[2026-07-26T07:54:43.717+0200][241234.880s][info][gc,cpu        ] GC(5372) User=0.06s Sys=0.01s Real=0.01s
[2026-07-26T07:57:12.683+0200][241383.846s][info][gc,start      ] GC(5373) Pause Young (Normal) (G1 Evacuation Pause)
[2026-07-26T07:57:12.683+0200][241383.847s][info][gc,task       ] GC(5373) Using 13 workers of 13 for evacuation
[2026-07-26T07:57:12.693+0200][241383.857s][info][gc,phases     ] GC(5373)   Pre Evacuate Collection Set: 0.2ms
[2026-07-26T07:57:12.693+0200][241383.857s][info][gc,phases     ] GC(5373)   Evacuate Collection Set: 5.1ms
[2026-07-26T07:57:12.694+0200][241383.857s][info][gc,phases     ] GC(5373)   Post Evacuate Collection Set: 4.6ms
[2026-07-26T07:57:12.694+0200][241383.857s][info][gc,phases     ] GC(5373)   Other: 0.6ms
[2026-07-26T07:57:12.694+0200][241383.857s][info][gc,heap       ] GC(5373) Eden regions: 694->0(688)
[2026-07-26T07:57:12.694+0200][241383.857s][info][gc,heap       ] GC(5373) Survivor regions: 3->7(88)
[2026-07-26T07:57:12.694+0200][241383.857s][info][gc,heap       ] GC(5373) Old regions: 1687->1687
[2026-07-26T07:57:12.694+0200][241383.857s][info][gc,heap       ] GC(5373) Humongous regions: 16->16
[2026-07-26T07:57:12.694+0200][241383.857s][info][gc,metaspace  ] GC(5373) Metaspace: 740163K(890496K)->740163K(890496K) NonClass: 654479K(792320K)->654479K(792320K) Class: 85683K(98176K)->85683K(98176K)
[2026-07-26T07:57:12.694+0200][241383.857s][info][gc            ] GC(5373) Pause Young (Normal) (G1 Evacuation Pause) 2399M->1709M(2681M) 10.647ms
[2026-07-26T07:57:12.694+0200][241383.857s][info][gc,cpu        ] GC(5373) User=0.08s Sys=0.00s Real=0.01s
[2026-07-26T07:59:44.047+0200][241535.210s][info][gc,start      ] GC(5374) Pause Young (Normal) (G1 Evacuation Pause)
[2026-07-26T07:59:44.047+0200][241535.210s][info][gc,task       ] GC(5374) Using 13 workers of 13 for evacuation
[2026-07-26T07:59:44.053+0200][241535.217s][info][gc,phases     ] GC(5374)   Pre Evacuate Collection Set: 0.1ms
[2026-07-26T07:59:44.053+0200][241535.217s][info][gc,phases     ] GC(5374)   Evacuate Collection Set: 3.1ms
[2026-07-26T07:59:44.053+0200][241535.217s][info][gc,phases     ] GC(5374)   Post Evacuate Collection Set: 2.9ms
[2026-07-26T07:59:44.053+0200][241535.217s][info][gc,phases     ] GC(5374)   Other: 0.4ms
[2026-07-26T07:59:44.053+0200][241535.217s][info][gc,heap       ] GC(5374) Eden regions: 688->0(695)
[2026-07-26T07:59:44.053+0200][241535.217s][info][gc,heap       ] GC(5374) Survivor regions: 7->3(87)
[2026-07-26T07:59:44.053+0200][241535.217s][info][gc,heap       ] GC(5374) Old regions: 1687->1687
[2026-07-26T07:59:44.053+0200][241535.217s][info][gc,heap       ] GC(5374) Humongous regions: 16->16
[2026-07-26T07:59:44.053+0200][241535.217s][info][gc,metaspace  ] GC(5374) Metaspace: 740166K(890496K)->740166K(890496K) NonClass: 654481K(792320K)->654481K(792320K) Class: 85684K(98176K)->85684K(98176K)
[2026-07-26T07:59:44.053+0200][241535.217s][info][gc            ] GC(5374) Pause Young (Normal) (G1 Evacuation Pause) 2397M->1705M(2681M) 6.644ms
[2026-07-26T07:59:44.053+0200][241535.217s][info][gc,cpu        ] GC(5374) User=0.04s Sys=0.00s Real=0.00s
[2026-07-26T08:04:59.957+0200][241851.121s][info][gc,start      ] GC(5375) Pause Young (Normal) (G1 Evacuation Pause)
[2026-07-26T08:04:59.957+0200][241851.121s][info][gc,task       ] GC(5375) Using 13 workers of 13 for evacuation
[2026-07-26T08:04:59.968+0200][241851.132s][info][gc,phases     ] GC(5375)   Pre Evacuate Collection Set: 0.1ms
[2026-07-26T08:04:59.969+0200][241851.132s][info][gc,phases     ] GC(5375)   Evacuate Collection Set: 5.6ms
[2026-07-26T08:04:59.969+0200][241851.132s][info][gc,phases     ] GC(5375)   Post Evacuate Collection Set: 4.9ms
[2026-07-26T08:04:59.969+0200][241851.132s][info][gc,phases     ] GC(5375)   Other: 0.5ms
[2026-07-26T08:04:59.969+0200][241851.132s][info][gc,heap       ] GC(5375) Eden regions: 695->0(689)
[2026-07-26T08:04:59.969+0200][241851.132s][info][gc,heap       ] GC(5375) Survivor regions: 3->6(88)
[2026-07-26T08:04:59.969+0200][241851.132s][info][gc,heap       ] GC(5375) Old regions: 1687->1687
[2026-07-26T08:04:59.969+0200][241851.132s][info][gc,heap       ] GC(5375) Humongous regions: 16->16
[2026-07-26T08:04:59.969+0200][241851.132s][info][gc,metaspace  ] GC(5375) Metaspace: 740166K(890496K)->740166K(890496K) NonClass: 654481K(792320K)->654481K(792320K) Class: 85684K(98176K)->85684K(98176K)
[2026-07-26T08:04:59.969+0200][241851.132s][info][gc            ] GC(5375) Pause Young (Normal) (G1 Evacuation Pause) 2400M->1708M(2681M) 11.225ms
[2026-07-26T08:04:59.969+0200][241851.132s][info][gc,cpu        ] GC(5375) User=0.07s Sys=0.01s Real=0.01s
[2026-07-26T08:11:01.007+0200][242212.170s][info][gc,start      ] GC(5376) Pause Young (Normal) (G1 Evacuation Pause)
[2026-07-26T08:11:01.007+0200][242212.171s][info][gc,task       ] GC(5376) Using 13 workers of 13 for evacuation
[2026-07-26T08:11:01.019+0200][242212.182s][info][gc,phases     ] GC(5376)   Pre Evacuate Collection Set: 0.2ms
[2026-07-26T08:11:01.019+0200][242212.182s][info][gc,phases     ] GC(5376)   Evacuate Collection Set: 5.7ms
[2026-07-26T08:11:01.019+0200][242212.182s][info][gc,phases     ] GC(5376)   Post Evacuate Collection Set: 5.3ms
[2026-07-26T08:11:01.019+0200][242212.182s][info][gc,phases     ] GC(5376)   Other: 0.5ms
[2026-07-26T08:11:01.019+0200][242212.182s][info][gc,heap       ] GC(5376) Eden regions: 689->0(686)
[2026-07-26T08:11:01.019+0200][242212.182s][info][gc,heap       ] GC(5376) Survivor regions: 6->7(87)
[2026-07-26T08:11:01.019+0200][242212.182s][info][gc,heap       ] GC(5376) Old regions: 1687->1688
[2026-07-26T08:11:01.019+0200][242212.182s][info][gc,heap       ] GC(5376) Humongous regions: 16->16
[2026-07-26T08:11:01.019+0200][242212.182s][info][gc,metaspace  ] GC(5376) Metaspace: 740166K(890496K)->740166K(890496K) NonClass: 654481K(792320K)->654481K(792320K) Class: 85684K(98176K)->85684K(98176K)
[2026-07-26T08:11:01.019+0200][242212.182s][info][gc            ] GC(5376) Pause Young (Normal) (G1 Evacuation Pause) 2397M->1709M(2681M) 11.815ms
[2026-07-26T08:11:01.019+0200][242212.182s][info][gc,cpu        ] GC(5376) User=0.07s Sys=0.00s Real=0.01s
[2026-07-26T08:16:08.225+0200][242519.389s][info][gc,start      ] GC(5377) Pause Young (Normal) (G1 Evacuation Pause)
[2026-07-26T08:16:08.225+0200][242519.389s][info][gc,task       ] GC(5377) Using 13 workers of 13 for evacuation
[2026-07-26T08:16:08.236+0200][242519.400s][info][gc,phases     ] GC(5377)   Pre Evacuate Collection Set: 0.1ms
[2026-07-26T08:16:08.236+0200][242519.400s][info][gc,phases     ] GC(5377)   Evacuate Collection Set: 6.7ms
[2026-07-26T08:16:08.236+0200][242519.400s][info][gc,phases     ] GC(5377)   Post Evacuate Collection Set: 3.4ms
[2026-07-26T08:16:08.236+0200][242519.400s][info][gc,phases     ] GC(5377)   Other: 0.5ms
[2026-07-26T08:16:08.236+0200][242519.400s][info][gc,heap       ] GC(5377) Eden regions: 686->0(686)
[2026-07-26T08:16:08.236+0200][242519.400s][info][gc,heap       ] GC(5377) Survivor regions: 7->7(87)
[2026-07-26T08:16:08.236+0200][242519.400s][info][gc,heap       ] GC(5377) Old regions: 1688->1688
[2026-07-26T08:16:08.236+0200][242519.400s][info][gc,heap       ] GC(5377) Humongous regions: 16->16
[2026-07-26T08:16:08.236+0200][242519.400s][info][gc,metaspace  ] GC(5377) Metaspace: 740166K(890496K)->740166K(890496K) NonClass: 654481K(792320K)->654481K(792320K) Class: 85684K(98176K)->85684K(98176K)
[2026-07-26T08:16:08.236+0200][242519.400s][info][gc            ] GC(5377) Pause Young (Normal) (G1 Evacuation Pause) 2395M->1709M(2681M) 10.954ms
[2026-07-26T08:16:08.236+0200][242519.400s][info][gc,cpu        ] GC(5377) User=0.07s Sys=0.01s Real=0.01s
[2026-07-26T08:22:25.184+0200][242896.347s][info][gc,start      ] GC(5378) Pause Young (Normal) (G1 Evacuation Pause)
[2026-07-26T08:22:25.184+0200][242896.347s][info][gc,task       ] GC(5378) Using 13 workers of 13 for evacuation
[2026-07-26T08:22:25.201+0200][242896.365s][info][gc,phases     ] GC(5378)   Pre Evacuate Collection Set: 0.2ms
[2026-07-26T08:22:25.202+0200][242896.365s][info][gc,phases     ] GC(5378)   Evacuate Collection Set: 9.4ms
[2026-07-26T08:22:25.202+0200][242896.365s][info][gc,phases     ] GC(5378)   Post Evacuate Collection Set: 7.4ms
[2026-07-26T08:22:25.202+0200][242896.365s][info][gc,phases     ] GC(5378)   Other: 0.8ms
[2026-07-26T08:22:25.202+0200][242896.365s][info][gc,heap       ] GC(5378) Eden regions: 686->0(684)
[2026-07-26T08:22:25.202+0200][242896.365s][info][gc,heap       ] GC(5378) Survivor regions: 7->8(87)
[2026-07-26T08:22:25.202+0200][242896.365s][info][gc,heap       ] GC(5378) Old regions: 1688->1688
[2026-07-26T08:22:25.202+0200][242896.365s][info][gc,heap       ] GC(5378) Humongous regions: 16->16
[2026-07-26T08:22:25.202+0200][242896.365s][info][gc,metaspace  ] GC(5378) Metaspace: 740166K(890496K)->740166K(890496K) NonClass: 654481K(792320K)->654481K(792320K) Class: 85684K(98176K)->85684K(98176K)
[2026-07-26T08:22:25.202+0200][242896.365s][info][gc            ] GC(5378) Pause Young (Normal) (G1 Evacuation Pause) 2395M->1710M(2681M) 18.112ms
[2026-07-26T08:22:25.202+0200][242896.365s][info][gc,cpu        ] GC(5378) User=0.10s Sys=0.00s Real=0.02s
[2026-07-26T08:25:31.891+0200][243083.055s][info][gc,start      ] GC(5379) Pause Young (Normal) (G1 Evacuation Pause)
[2026-07-26T08:25:31.891+0200][243083.055s][info][gc,task       ] GC(5379) Using 13 workers of 13 for evacuation
[2026-07-26T08:25:31.900+0200][243083.064s][info][gc,phases     ] GC(5379)   Pre Evacuate Collection Set: 0.1ms
[2026-07-26T08:25:31.900+0200][243083.064s][info][gc,phases     ] GC(5379)   Evacuate Collection Set: 3.7ms
[2026-07-26T08:25:31.900+0200][243083.064s][info][gc,phases     ] GC(5379)   Post Evacuate Collection Set: 4.4ms
[2026-07-26T08:25:31.900+0200][243083.064s][info][gc,phases     ] GC(5379)   Other: 0.5ms
[2026-07-26T08:25:31.900+0200][243083.064s][info][gc,heap       ] GC(5379) Eden regions: 684->0(691)
[2026-07-26T08:25:31.900+0200][243083.064s][info][gc,heap       ] GC(5379) Survivor regions: 8->4(87)
[2026-07-26T08:25:31.900+0200][243083.064s][info][gc,heap       ] GC(5379) Old regions: 1688->1688
[2026-07-26T08:25:31.900+0200][243083.064s][info][gc,heap       ] GC(5379) Humongous regions: 16->16
[2026-07-26T08:25:31.900+0200][243083.064s][info][gc,metaspace  ] GC(5379) Metaspace: 740166K(890496K)->740166K(890496K) NonClass: 654481K(792320K)->654481K(792320K) Class: 85684K(98176K)->85684K(98176K)
[2026-07-26T08:25:31.900+0200][243083.064s][info][gc            ] GC(5379) Pause Young (Normal) (G1 Evacuation Pause) 2394M->1706M(2681M) 8.899ms
[2026-07-26T08:25:31.900+0200][243083.064s][info][gc,cpu        ] GC(5379) User=0.05s Sys=0.00s Real=0.01s
[2026-07-26T08:28:51.902+0200][243283.066s][info][gc,start      ] GC(5380) Pause Young (Normal) (G1 Evacuation Pause)
[2026-07-26T08:28:51.903+0200][243283.066s][info][gc,task       ] GC(5380) Using 13 workers of 13 for evacuation
[2026-07-26T08:28:51.915+0200][243283.078s][info][gc,phases     ] GC(5380)   Pre Evacuate Collection Set: 0.1ms
[2026-07-26T08:28:51.915+0200][243283.079s][info][gc,phases     ] GC(5380)   Evacuate Collection Set: 7.6ms
[2026-07-26T08:28:51.915+0200][243283.079s][info][gc,phases     ] GC(5380)   Post Evacuate Collection Set: 4.3ms
[2026-07-26T08:28:51.915+0200][243283.079s][info][gc,phases     ] GC(5380)   Other: 0.5ms
[2026-07-26T08:28:51.915+0200][243283.079s][info][gc,heap       ] GC(5380) Eden regions: 691->0(685)
[2026-07-26T08:28:51.915+0200][243283.079s][info][gc,heap       ] GC(5380) Survivor regions: 4->8(87)
[2026-07-26T08:28:51.915+0200][243283.079s][info][gc,heap       ] GC(5380) Old regions: 1688->1688
[2026-07-26T08:28:51.915+0200][243283.079s][info][gc,heap       ] GC(5380) Humongous regions: 16->16
[2026-07-26T08:28:51.915+0200][243283.079s][info][gc,metaspace  ] GC(5380) Metaspace: 740166K(890496K)->740166K(890496K) NonClass: 654481K(792320K)->654481K(792320K) Class: 85684K(98176K)->85684K(98176K)
[2026-07-26T08:28:51.915+0200][243283.079s][info][gc            ] GC(5380) Pause Young (Normal) (G1 Evacuation Pause) 2397M->1710M(2681M) 12.789ms
[2026-07-26T08:28:51.915+0200][243283.079s][info][gc,cpu        ] GC(5380) User=0.08s Sys=0.00s Real=0.02s
[2026-07-26T08:28:55.543+0200][243286.706s][info][gc,start      ] GC(5381) Pause Young (Normal) (G1 Evacuation Pause)
[2026-07-26T08:28:55.543+0200][243286.706s][info][gc,task       ] GC(5381) Using 13 workers of 13 for evacuation
[2026-07-26T08:28:55.551+0200][243286.715s][info][gc,phases     ] GC(5381)   Pre Evacuate Collection Set: 0.1ms
[2026-07-26T08:28:55.551+0200][243286.715s][info][gc,phases     ] GC(5381)   Evacuate Collection Set: 3.3ms
[2026-07-26T08:28:55.551+0200][243286.715s][info][gc,phases     ] GC(5381)   Post Evacuate Collection Set: 4.5ms
[2026-07-26T08:28:55.551+0200][243286.715s][info][gc,phases     ] GC(5381)   Other: 0.4ms
[2026-07-26T08:28:55.551+0200][243286.715s][info][gc,heap       ] GC(5381) Eden regions: 685->0(692)
[2026-07-26T08:28:55.551+0200][243286.715s][info][gc,heap       ] GC(5381) Survivor regions: 8->4(87)
[2026-07-26T08:28:55.551+0200][243286.715s][info][gc,heap       ] GC(5381) Old regions: 1688->1688
[2026-07-26T08:28:55.551+0200][243286.715s][info][gc,heap       ] GC(5381) Humongous regions: 16->16
[2026-07-26T08:28:55.551+0200][243286.715s][info][gc,metaspace  ] GC(5381) Metaspace: 740166K(890496K)->740166K(890496K) NonClass: 654481K(792320K)->654481K(792320K) Class: 85684K(98176K)->85684K(98176K)
[2026-07-26T08:28:55.551+0200][243286.715s][info][gc            ] GC(5381) Pause Young (Normal) (G1 Evacuation Pause) 2395M->1706M(2681M) 8.508ms
[2026-07-26T08:28:55.551+0200][243286.715s][info][gc,cpu        ] GC(5381) User=0.04s Sys=0.00s Real=0.01s
[2026-07-26T08:33:24.897+0200][243556.061s][info][gc,start      ] GC(5382) Pause Young (Normal) (G1 Evacuation Pause)
[2026-07-26T08:33:24.898+0200][243556.061s][info][gc,task       ] GC(5382) Using 13 workers of 13 for evacuation
[2026-07-26T08:33:24.906+0200][243556.070s][info][gc,phases     ] GC(5382)   Pre Evacuate Collection Set: 0.2ms
[2026-07-26T08:33:24.906+0200][243556.070s][info][gc,phases     ] GC(5382)   Evacuate Collection Set: 4.7ms
[2026-07-26T08:33:24.906+0200][243556.070s][info][gc,phases     ] GC(5382)   Post Evacuate Collection Set: 3.3ms
[2026-07-26T08:33:24.906+0200][243556.070s][info][gc,phases     ] GC(5382)   Other: 0.5ms
[2026-07-26T08:33:24.906+0200][243556.070s][info][gc,heap       ] GC(5382) Eden regions: 692->0(690)
[2026-07-26T08:33:24.906+0200][243556.070s][info][gc,heap       ] GC(5382) Survivor regions: 4->6(87)
[2026-07-26T08:33:24.906+0200][243556.070s][info][gc,heap       ] GC(5382) Old regions: 1688->1688
[2026-07-26T08:33:24.906+0200][243556.070s][info][gc,heap       ] GC(5382) Humongous regions: 16->16
[2026-07-26T08:33:24.906+0200][243556.070s][info][gc,metaspace  ] GC(5382) Metaspace: 740166K(890496K)->740166K(890496K) NonClass: 654481K(792320K)->654481K(792320K) Class: 85684K(98176K)->85684K(98176K)
[2026-07-26T08:33:24.906+0200][243556.070s][info][gc            ] GC(5382) Pause Young (Normal) (G1 Evacuation Pause) 2398M->1708M(2681M) 8.822ms
[2026-07-26T08:33:24.906+0200][243556.070s][info][gc,cpu        ] GC(5382) User=0.06s Sys=0.00s Real=0.01s
[2026-07-26T08:35:16.893+0200][243668.056s][info][gc,start      ] GC(5383) Pause Young (Normal) (G1 Evacuation Pause)
[2026-07-26T08:35:16.893+0200][243668.056s][info][gc,task       ] GC(5383) Using 13 workers of 13 for evacuation
[2026-07-26T08:35:16.906+0200][243668.069s][info][gc,phases     ] GC(5383)   Pre Evacuate Collection Set: 0.2ms
[2026-07-26T08:35:16.906+0200][243668.069s][info][gc,phases     ] GC(5383)   Evacuate Collection Set: 7.4ms
[2026-07-26T08:35:16.906+0200][243668.069s][info][gc,phases     ] GC(5383)   Post Evacuate Collection Set: 4.9ms
[2026-07-26T08:35:16.906+0200][243668.069s][info][gc,phases     ] GC(5383)   Other: 0.5ms
[2026-07-26T08:35:16.906+0200][243668.069s][info][gc,heap       ] GC(5383) Eden regions: 690->0(687)
[2026-07-26T08:35:16.906+0200][243668.069s][info][gc,heap       ] GC(5383) Survivor regions: 6->7(87)
[2026-07-26T08:35:16.906+0200][243668.069s][info][gc,heap       ] GC(5383) Old regions: 1688->1688
[2026-07-26T08:35:16.906+0200][243668.069s][info][gc,heap       ] GC(5383) Humongous regions: 16->16
[2026-07-26T08:35:16.906+0200][243668.069s][info][gc,metaspace  ] GC(5383) Metaspace: 740166K(890496K)->740166K(890496K) NonClass: 654481K(792320K)->654481K(792320K) Class: 85684K(98176K)->85684K(98176K)
[2026-07-26T08:35:16.906+0200][243668.069s][info][gc            ] GC(5383) Pause Young (Normal) (G1 Evacuation Pause) 2398M->1710M(2681M) 13.222ms
[2026-07-26T08:35:16.906+0200][243668.069s][info][gc,cpu        ] GC(5383) User=0.10s Sys=0.00s Real=0.02s
[2026-07-26T08:35:18.289+0200][243669.452s][info][gc,start      ] GC(5384) Pause Young (Normal) (G1 Evacuation Pause)
[2026-07-26T08:35:18.289+0200][243669.452s][info][gc,task       ] GC(5384) Using 13 workers of 13 for evacuation
[2026-07-26T08:35:18.302+0200][243669.465s][info][gc,phases     ] GC(5384)   Pre Evacuate Collection Set: 0.2ms
[2026-07-26T08:35:18.302+0200][243669.465s][info][gc,phases     ] GC(5384)   Evacuate Collection Set: 6.9ms
[2026-07-26T08:35:18.302+0200][243669.465s][info][gc,phases     ] GC(5384)   Post Evacuate Collection Set: 5.5ms
[2026-07-26T08:35:18.302+0200][243669.465s][info][gc,phases     ] GC(5384)   Other: 0.6ms
[2026-07-26T08:35:18.302+0200][243669.465s][info][gc,heap       ] GC(5384) Eden regions: 687->0(684)
[2026-07-26T08:35:18.302+0200][243669.465s][info][gc,heap       ] GC(5384) Survivor regions: 7->9(87)
[2026-07-26T08:35:18.302+0200][243669.465s][info][gc,heap       ] GC(5384) Old regions: 1688->1688
[2026-07-26T08:35:18.302+0200][243669.465s][info][gc,heap       ] GC(5384) Humongous regions: 16->16
[2026-07-26T08:35:18.302+0200][243669.465s][info][gc,metaspace  ] GC(5384) Metaspace: 740166K(890496K)->740166K(890496K) NonClass: 654481K(792320K)->654481K(792320K) Class: 85684K(98176K)->85684K(98176K)
[2026-07-26T08:35:18.302+0200][243669.465s][info][gc            ] GC(5384) Pause Young (Normal) (G1 Evacuation Pause) 2397M->1711M(2681M) 13.496ms
[2026-07-26T08:35:18.302+0200][243669.465s][info][gc,cpu        ] GC(5384) User=0.10s Sys=0.00s Real=0.01s
[2026-07-26T08:35:21.818+0200][243672.981s][info][gc,start      ] GC(5385) Pause Young (Normal) (G1 Evacuation Pause)
[2026-07-26T08:35:21.818+0200][243672.981s][info][gc,task       ] GC(5385) Using 13 workers of 13 for evacuation
[2026-07-26T08:35:21.830+0200][243672.994s][info][gc,phases     ] GC(5385)   Pre Evacuate Collection Set: 0.2ms
[2026-07-26T08:35:21.830+0200][243672.994s][info][gc,phases     ] GC(5385)   Evacuate Collection Set: 7.8ms
[2026-07-26T08:35:21.830+0200][243672.994s][info][gc,phases     ] GC(5385)   Post Evacuate Collection Set: 3.9ms
[2026-07-26T08:35:21.830+0200][243672.994s][info][gc,phases     ] GC(5385)   Other: 0.6ms
[2026-07-26T08:35:21.830+0200][243672.994s][info][gc,heap       ] GC(5385) Eden regions: 684->0(685)
[2026-07-26T08:35:21.830+0200][243672.994s][info][gc,heap       ] GC(5385) Survivor regions: 9->7(87)
[2026-07-26T08:35:21.830+0200][243672.994s][info][gc,heap       ] GC(5385) Old regions: 1688->1688
[2026-07-26T08:35:21.830+0200][243672.994s][info][gc,heap       ] GC(5385) Humongous regions: 16->16
[2026-07-26T08:35:21.830+0200][243672.994s][info][gc,metaspace  ] GC(5385) Metaspace: 740166K(890496K)->740166K(890496K) NonClass: 654481K(792320K)->654481K(792320K) Class: 85684K(98176K)->85684K(98176K)
[2026-07-26T08:35:21.830+0200][243672.994s][info][gc            ] GC(5385) Pause Young (Normal) (G1 Evacuation Pause) 2395M->1710M(2681M) 12.570ms
[2026-07-26T08:35:21.830+0200][243672.994s][info][gc,cpu        ] GC(5385) User=0.07s Sys=0.00s Real=0.01s
[2026-07-26T08:39:34.722+0200][243925.886s][info][gc,start      ] GC(5386) Pause Young (Normal) (G1 Evacuation Pause)
[2026-07-26T08:39:34.722+0200][243925.886s][info][gc,task       ] GC(5386) Using 13 workers of 13 for evacuation
[2026-07-26T08:39:34.734+0200][243925.897s][info][gc,phases     ] GC(5386)   Pre Evacuate Collection Set: 0.2ms
[2026-07-26T08:39:34.734+0200][243925.897s][info][gc,phases     ] GC(5386)   Evacuate Collection Set: 7.4ms
[2026-07-26T08:39:34.734+0200][243925.897s][info][gc,phases     ] GC(5386)   Post Evacuate Collection Set: 3.1ms
[2026-07-26T08:39:34.734+0200][243925.897s][info][gc,phases     ] GC(5386)   Other: 0.6ms
[2026-07-26T08:39:34.734+0200][243925.897s][info][gc,heap       ] GC(5386) Eden regions: 685->0(683)
[2026-07-26T08:39:34.734+0200][243925.897s][info][gc,heap       ] GC(5386) Survivor regions: 7->8(87)
[2026-07-26T08:39:34.734+0200][243925.897s][info][gc,heap       ] GC(5386) Old regions: 1688->1688
[2026-07-26T08:39:34.734+0200][243925.897s][info][gc,heap       ] GC(5386) Humongous regions: 20->16
[2026-07-26T08:39:34.734+0200][243925.897s][info][gc,metaspace  ] GC(5386) Metaspace: 740166K(890496K)->740166K(890496K) NonClass: 654481K(792320K)->654481K(792320K) Class: 85684K(98176K)->85684K(98176K)
[2026-07-26T08:39:34.734+0200][243925.897s][info][gc            ] GC(5386) Pause Young (Normal) (G1 Evacuation Pause) 2399M->1711M(2681M) 11.471ms
[2026-07-26T08:39:34.734+0200][243925.897s][info][gc,cpu        ] GC(5386) User=0.09s Sys=0.00s Real=0.01s
[2026-07-26T08:43:55.877+0200][244187.040s][info][gc,start      ] GC(5387) Pause Young (Normal) (G1 Evacuation Pause)
[2026-07-26T08:43:55.877+0200][244187.041s][info][gc,task       ] GC(5387) Using 13 workers of 13 for evacuation
[2026-07-26T08:43:55.893+0200][244187.056s][info][gc,phases     ] GC(5387)   Pre Evacuate Collection Set: 0.2ms
[2026-07-26T08:43:55.893+0200][244187.056s][info][gc,phases     ] GC(5387)   Evacuate Collection Set: 6.2ms
[2026-07-26T08:43:55.893+0200][244187.056s][info][gc,phases     ] GC(5387)   Post Evacuate Collection Set: 8.9ms
[2026-07-26T08:43:55.893+0200][244187.056s][info][gc,phases     ] GC(5387)   Other: 0.5ms
[2026-07-26T08:43:55.893+0200][244187.056s][info][gc,heap       ] GC(5387) Eden regions: 683->0(687)
[2026-07-26T08:43:55.893+0200][244187.056s][info][gc,heap       ] GC(5387) Survivor regions: 8->6(87)
[2026-07-26T08:43:55.893+0200][244187.056s][info][gc,heap       ] GC(5387) Old regions: 1688->1688
[2026-07-26T08:43:55.893+0200][244187.056s][info][gc,heap       ] GC(5387) Humongous regions: 16->16
[2026-07-26T08:43:55.893+0200][244187.056s][info][gc,metaspace  ] GC(5387) Metaspace: 740166K(890496K)->740166K(890496K) NonClass: 654481K(792320K)->654481K(792320K) Class: 85684K(98176K)->85684K(98176K)
[2026-07-26T08:43:55.893+0200][244187.056s][info][gc            ] GC(5387) Pause Young (Normal) (G1 Evacuation Pause) 2394M->1709M(2681M) 15.982ms
[2026-07-26T08:43:55.893+0200][244187.057s][info][gc,cpu        ] GC(5387) User=0.10s Sys=0.01s Real=0.01s
[2026-07-26T08:49:47.205+0200][244538.369s][info][gc,start      ] GC(5388) Pause Young (Normal) (G1 Evacuation Pause)
[2026-07-26T08:49:47.206+0200][244538.369s][info][gc,task       ] GC(5388) Using 13 workers of 13 for evacuation
[2026-07-26T08:49:47.215+0200][244538.378s][info][gc,phases     ] GC(5388)   Pre Evacuate Collection Set: 0.2ms
[2026-07-26T08:49:47.215+0200][244538.378s][info][gc,phases     ] GC(5388)   Evacuate Collection Set: 5.4ms
[2026-07-26T08:49:47.215+0200][244538.378s][info][gc,phases     ] GC(5388)   Post Evacuate Collection Set: 3.2ms
[2026-07-26T08:49:47.215+0200][244538.378s][info][gc,phases     ] GC(5388)   Other: 0.6ms
[2026-07-26T08:49:47.215+0200][244538.378s][info][gc,heap       ] GC(5388) Eden regions: 687->0(688)
[2026-07-26T08:49:47.215+0200][244538.378s][info][gc,heap       ] GC(5388) Survivor regions: 6->7(87)
[2026-07-26T08:49:47.215+0200][244538.378s][info][gc,heap       ] GC(5388) Old regions: 1688->1688
[2026-07-26T08:49:47.215+0200][244538.378s][info][gc,heap       ] GC(5388) Humongous regions: 20->16
[2026-07-26T08:49:47.215+0200][244538.378s][info][gc,metaspace  ] GC(5388) Metaspace: 740166K(890496K)->740166K(890496K) NonClass: 654481K(792320K)->654481K(792320K) Class: 85684K(98176K)->85684K(98176K)
[2026-07-26T08:49:47.215+0200][244538.378s][info][gc            ] GC(5388) Pause Young (Normal) (G1 Evacuation Pause) 2400M->1710M(2681M) 9.504ms
[2026-07-26T08:49:47.215+0200][244538.378s][info][gc,cpu        ] GC(5388) User=0.07s Sys=0.00s Real=0.01s
[2026-07-26T08:53:22.420+0200][244753.584s][info][gc,start      ] GC(5389) Pause Young (Normal) (G1 Evacuation Pause)
[2026-07-26T08:53:22.420+0200][244753.584s][info][gc,task       ] GC(5389) Using 13 workers of 13 for evacuation
[2026-07-26T08:53:22.431+0200][244753.595s][info][gc,phases     ] GC(5389)   Pre Evacuate Collection Set: 0.1ms
[2026-07-26T08:53:22.431+0200][244753.595s][info][gc,phases     ] GC(5389)   Evacuate Collection Set: 7.3ms
[2026-07-26T08:53:22.431+0200][244753.595s][info][gc,phases     ] GC(5389)   Post Evacuate Collection Set: 3.4ms
[2026-07-26T08:53:22.431+0200][244753.595s][info][gc,phases     ] GC(5389)   Other: 0.5ms
[2026-07-26T08:53:22.431+0200][244753.595s][info][gc,heap       ] GC(5389) Eden regions: 688->0(687)
[2026-07-26T08:53:22.431+0200][244753.595s][info][gc,heap       ] GC(5389) Survivor regions: 7->8(87)
[2026-07-26T08:53:22.432+0200][244753.595s][info][gc,heap       ] GC(5389) Old regions: 1688->1688
[2026-07-26T08:53:22.432+0200][244753.595s][info][gc,heap       ] GC(5389) Humongous regions: 16->16
[2026-07-26T08:53:22.432+0200][244753.595s][info][gc,metaspace  ] GC(5389) Metaspace: 740175K(890496K)->740175K(890496K) NonClass: 654490K(792320K)->654490K(792320K) Class: 85684K(98176K)->85684K(98176K)
[2026-07-26T08:53:22.432+0200][244753.595s][info][gc            ] GC(5389) Pause Young (Normal) (G1 Evacuation Pause) 2398M->1711M(2681M) 11.464ms
[2026-07-26T08:53:22.432+0200][244753.595s][info][gc,cpu        ] GC(5389) User=0.08s Sys=0.00s Real=0.01s
[2026-07-26T08:57:20.331+0200][244991.495s][info][gc,start      ] GC(5390) Pause Young (Normal) (G1 Evacuation Pause)
[2026-07-26T08:57:20.331+0200][244991.495s][info][gc,task       ] GC(5390) Using 13 workers of 13 for evacuation
[2026-07-26T08:57:20.346+0200][244991.509s][info][gc,phases     ] GC(5390)   Pre Evacuate Collection Set: 0.1ms
[2026-07-26T08:57:20.346+0200][244991.509s][info][gc,phases     ] GC(5390)   Evacuate Collection Set: 9.1ms
[2026-07-26T08:57:20.346+0200][244991.509s][info][gc,phases     ] GC(5390)   Post Evacuate Collection Set: 4.6ms
[2026-07-26T08:57:20.346+0200][244991.509s][info][gc,phases     ] GC(5390)   Other: 0.5ms
[2026-07-26T08:57:20.346+0200][244991.509s][info][gc,heap       ] GC(5390) Eden regions: 687->0(682)
[2026-07-26T08:57:20.346+0200][244991.509s][info][gc,heap       ] GC(5390) Survivor regions: 8->9(87)
[2026-07-26T08:57:20.346+0200][244991.509s][info][gc,heap       ] GC(5390) Old regions: 1688->1689
[2026-07-26T08:57:20.346+0200][244991.509s][info][gc,heap       ] GC(5390) Humongous regions: 16->16
[2026-07-26T08:57:20.346+0200][244991.509s][info][gc,metaspace  ] GC(5390) Metaspace: 740176K(890496K)->740176K(890496K) NonClass: 654491K(792320K)->654491K(792320K) Class: 85684K(98176K)->85684K(98176K)
[2026-07-26T08:57:20.346+0200][244991.509s][info][gc            ] GC(5390) Pause Young (Normal) (G1 Evacuation Pause) 2398M->1713M(2681M) 14.491ms
[2026-07-26T08:57:20.346+0200][244991.509s][info][gc,cpu        ] GC(5390) User=0.10s Sys=0.00s Real=0.02s
[2026-07-26T08:58:15.406+0200][245046.569s][info][gc,start      ] GC(5391) Pause Young (Normal) (G1 Evacuation Pause)
[2026-07-26T08:58:15.406+0200][245046.569s][info][gc,task       ] GC(5391) Using 13 workers of 13 for evacuation
[2026-07-26T08:58:15.415+0200][245046.578s][info][gc,phases     ] GC(5391)   Pre Evacuate Collection Set: 0.1ms
[2026-07-26T08:58:15.415+0200][245046.578s][info][gc,phases     ] GC(5391)   Evacuate Collection Set: 5.1ms
[2026-07-26T08:58:15.415+0200][245046.578s][info][gc,phases     ] GC(5391)   Post Evacuate Collection Set: 3.0ms
[2026-07-26T08:58:15.415+0200][245046.578s][info][gc,phases     ] GC(5391)   Other: 0.4ms
[2026-07-26T08:58:15.415+0200][245046.578s][info][gc,heap       ] GC(5391) Eden regions: 682->0(688)
[2026-07-26T08:58:15.415+0200][245046.578s][info][gc,heap       ] GC(5391) Survivor regions: 9->5(87)
[2026-07-26T08:58:15.415+0200][245046.578s][info][gc,heap       ] GC(5391) Old regions: 1689->1690
[2026-07-26T08:58:15.415+0200][245046.578s][info][gc,heap       ] GC(5391) Humongous regions: 16->16
[2026-07-26T08:58:15.415+0200][245046.578s][info][gc,metaspace  ] GC(5391) Metaspace: 740176K(890496K)->740176K(890496K) NonClass: 654491K(792320K)->654491K(792320K) Class: 85684K(98176K)->85684K(98176K)
[2026-07-26T08:58:15.415+0200][245046.578s][info][gc            ] GC(5391) Pause Young (Normal) (G1 Evacuation Pause) 2395M->1709M(2681M) 8.824ms
[2026-07-26T08:58:15.415+0200][245046.578s][info][gc,cpu        ] GC(5391) User=0.05s Sys=0.01s Real=0.00s
[2026-07-26T08:58:37.550+0200][245068.713s][info][gc,start      ] GC(5392) Pause Young (Normal) (G1 Evacuation Pause)
[2026-07-26T08:58:37.550+0200][245068.713s][info][gc,task       ] GC(5392) Using 13 workers of 13 for evacuation
[2026-07-26T08:58:37.560+0200][245068.724s][info][gc,phases     ] GC(5392)   Pre Evacuate Collection Set: 0.2ms
[2026-07-26T08:58:37.561+0200][245068.724s][info][gc,phases     ] GC(5392)   Evacuate Collection Set: 7.1ms
[2026-07-26T08:58:37.561+0200][245068.724s][info][gc,phases     ] GC(5392)   Post Evacuate Collection Set: 3.2ms
[2026-07-26T08:58:37.561+0200][245068.724s][info][gc,phases     ] GC(5392)   Other: 0.5ms
[2026-07-26T08:58:37.561+0200][245068.724s][info][gc,heap       ] GC(5392) Eden regions: 688->0(682)
[2026-07-26T08:58:37.561+0200][245068.724s][info][gc,heap       ] GC(5392) Survivor regions: 5->9(87)
[2026-07-26T08:58:37.561+0200][245068.724s][info][gc,heap       ] GC(5392) Old regions: 1690->1690
[2026-07-26T08:58:37.561+0200][245068.724s][info][gc,heap       ] GC(5392) Humongous regions: 16->16
[2026-07-26T08:58:37.561+0200][245068.724s][info][gc,metaspace  ] GC(5392) Metaspace: 740179K(890496K)->740179K(890496K) NonClass: 654493K(792320K)->654493K(792320K) Class: 85685K(98176K)->85685K(98176K)
[2026-07-26T08:58:37.561+0200][245068.724s][info][gc            ] GC(5392) Pause Young (Normal) (G1 Evacuation Pause) 2397M->1713M(2681M) 11.167ms
[2026-07-26T08:58:37.561+0200][245068.724s][info][gc,cpu        ] GC(5392) User=0.10s Sys=0.00s Real=0.01s
[2026-07-26T08:58:53.777+0200][245084.941s][info][gc,start      ] GC(5393) Pause Young (Normal) (G1 Evacuation Pause)
[2026-07-26T08:58:53.777+0200][245084.941s][info][gc,task       ] GC(5393) Using 13 workers of 13 for evacuation
[2026-07-26T08:58:53.790+0200][245084.953s][info][gc,phases     ] GC(5393)   Pre Evacuate Collection Set: 0.1ms
[2026-07-26T08:58:53.790+0200][245084.953s][info][gc,phases     ] GC(5393)   Evacuate Collection Set: 8.7ms
[2026-07-26T08:58:53.790+0200][245084.953s][info][gc,phases     ] GC(5393)   Post Evacuate Collection Set: 3.2ms
[2026-07-26T08:58:53.790+0200][245084.953s][info][gc,phases     ] GC(5393)   Other: 0.5ms
[2026-07-26T08:58:53.790+0200][245084.953s][info][gc,heap       ] GC(5393) Eden regions: 682->0(677)
[2026-07-26T08:58:53.790+0200][245084.953s][info][gc,heap       ] GC(5393) Survivor regions: 9->11(87)
[2026-07-26T08:58:53.790+0200][245084.953s][info][gc,heap       ] GC(5393) Old regions: 1690->1690
[2026-07-26T08:58:53.790+0200][245084.953s][info][gc,heap       ] GC(5393) Humongous regions: 16->16
[2026-07-26T08:58:53.790+0200][245084.953s][info][gc,metaspace  ] GC(5393) Metaspace: 740180K(890496K)->740180K(890496K) NonClass: 654494K(792320K)->654494K(792320K) Class: 85685K(98176K)->85685K(98176K)
[2026-07-26T08:58:53.790+0200][245084.953s][info][gc            ] GC(5393) Pause Young (Normal) (G1 Evacuation Pause) 2395M->1715M(2681M) 12.746ms
[2026-07-26T08:58:53.790+0200][245084.953s][info][gc,cpu        ] GC(5393) User=0.11s Sys=0.00s Real=0.01s
[2026-07-26T08:58:54.720+0200][245085.883s][info][gc,start      ] GC(5394) Pause Young (Normal) (G1 Evacuation Pause)
[2026-07-26T08:58:54.720+0200][245085.884s][info][gc,task       ] GC(5394) Using 13 workers of 13 for evacuation
[2026-07-26T08:58:54.731+0200][245085.895s][info][gc,phases     ] GC(5394)   Pre Evacuate Collection Set: 0.2ms
[2026-07-26T08:58:54.731+0200][245085.895s][info][gc,phases     ] GC(5394)   Evacuate Collection Set: 7.6ms
[2026-07-26T08:58:54.731+0200][245085.895s][info][gc,phases     ] GC(5394)   Post Evacuate Collection Set: 3.1ms
[2026-07-26T08:58:54.731+0200][245085.895s][info][gc,phases     ] GC(5394)   Other: 0.4ms
[2026-07-26T08:58:54.731+0200][245085.895s][info][gc,heap       ] GC(5394) Eden regions: 677->0(676)
[2026-07-26T08:58:54.731+0200][245085.895s][info][gc,heap       ] GC(5394) Survivor regions: 11->11(86)
[2026-07-26T08:58:54.731+0200][245085.895s][info][gc,heap       ] GC(5394) Old regions: 1690->1690
[2026-07-26T08:58:54.731+0200][245085.895s][info][gc,heap       ] GC(5394) Humongous regions: 16->16
[2026-07-26T08:58:54.731+0200][245085.895s][info][gc,metaspace  ] GC(5394) Metaspace: 740180K(890496K)->740180K(890496K) NonClass: 654494K(792320K)->654494K(792320K) Class: 85685K(98176K)->85685K(98176K)
[2026-07-26T08:58:54.731+0200][245085.895s][info][gc            ] GC(5394) Pause Young (Normal) (G1 Evacuation Pause) 2392M->1716M(2681M) 11.444ms
[2026-07-26T08:58:54.732+0200][245085.895s][info][gc,cpu        ] GC(5394) User=0.10s Sys=0.00s Real=0.01s
[2026-07-26T08:58:55.442+0200][245086.605s][info][gc,start      ] GC(5395) Pause Young (Normal) (G1 Evacuation Pause)
[2026-07-26T08:58:55.442+0200][245086.605s][info][gc,task       ] GC(5395) Using 13 workers of 13 for evacuation
[2026-07-26T08:58:55.452+0200][245086.615s][info][gc,phases     ] GC(5395)   Pre Evacuate Collection Set: 0.1ms
[2026-07-26T08:58:55.452+0200][245086.615s][info][gc,phases     ] GC(5395)   Evacuate Collection Set: 6.8ms
[2026-07-26T08:58:55.452+0200][245086.615s][info][gc,phases     ] GC(5395)   Post Evacuate Collection Set: 3.0ms
[2026-07-26T08:58:55.452+0200][245086.616s][info][gc,phases     ] GC(5395)   Other: 0.4ms
[2026-07-26T08:58:55.452+0200][245086.616s][info][gc,heap       ] GC(5395) Eden regions: 676->0(679)
[2026-07-26T08:58:55.452+0200][245086.616s][info][gc,heap       ] GC(5395) Survivor regions: 11->10(86)
[2026-07-26T08:58:55.452+0200][245086.616s][info][gc,heap       ] GC(5395) Old regions: 1690->1690
[2026-07-26T08:58:55.452+0200][245086.616s][info][gc,heap       ] GC(5395) Humongous regions: 16->16
[2026-07-26T08:58:55.452+0200][245086.616s][info][gc,metaspace  ] GC(5395) Metaspace: 740180K(890496K)->740180K(890496K) NonClass: 654494K(792320K)->654494K(792320K) Class: 85685K(98176K)->85685K(98176K)
[2026-07-26T08:58:55.452+0200][245086.616s][info][gc            ] GC(5395) Pause Young (Normal) (G1 Evacuation Pause) 2392M->1714M(2681M) 10.512ms
[2026-07-26T08:58:55.452+0200][245086.616s][info][gc,cpu        ] GC(5395) User=0.08s Sys=0.00s Real=0.01s
[2026-07-26T08:59:40.454+0200][245131.617s][info][gc,start      ] GC(5396) Pause Young (Normal) (G1 Evacuation Pause)
[2026-07-26T08:59:40.454+0200][245131.618s][info][gc,task       ] GC(5396) Using 13 workers of 13 for evacuation
[2026-07-26T08:59:40.469+0200][245131.633s][info][gc,phases     ] GC(5396)   Pre Evacuate Collection Set: 0.1ms
[2026-07-26T08:59:40.469+0200][245131.633s][info][gc,phases     ] GC(5396)   Evacuate Collection Set: 7.4ms
[2026-07-26T08:59:40.469+0200][245131.633s][info][gc,phases     ] GC(5396)   Post Evacuate Collection Set: 7.2ms
[2026-07-26T08:59:40.469+0200][245131.633s][info][gc,phases     ] GC(5396)   Other: 0.5ms
[2026-07-26T08:59:40.469+0200][245131.633s][info][gc,heap       ] GC(5396) Eden regions: 679->0(682)
[2026-07-26T08:59:40.469+0200][245131.633s][info][gc,heap       ] GC(5396) Survivor regions: 10->7(87)
[2026-07-26T08:59:40.469+0200][245131.633s][info][gc,heap       ] GC(5396) Old regions: 1690->1690
[2026-07-26T08:59:40.469+0200][245131.633s][info][gc,heap       ] GC(5396) Humongous regions: 16->16
[2026-07-26T08:59:40.469+0200][245131.633s][info][gc,metaspace  ] GC(5396) Metaspace: 740180K(890496K)->740180K(890496K) NonClass: 654494K(792320K)->654494K(792320K) Class: 85685K(98176K)->85685K(98176K)
[2026-07-26T08:59:40.469+0200][245131.633s][info][gc            ] GC(5396) Pause Young (Normal) (G1 Evacuation Pause) 2393M->1712M(2681M) 15.327ms
[2026-07-26T08:59:40.469+0200][245131.633s][info][gc,cpu        ] GC(5396) User=0.11s Sys=0.00s Real=0.02s
[2026-07-26T08:59:58.909+0200][245150.072s][info][gc,start      ] GC(5397) Pause Young (Normal) (G1 Evacuation Pause)
[2026-07-26T08:59:58.909+0200][245150.072s][info][gc,task       ] GC(5397) Using 13 workers of 13 for evacuation
[2026-07-26T08:59:58.918+0200][245150.082s][info][gc,phases     ] GC(5397)   Pre Evacuate Collection Set: 0.1ms
[2026-07-26T08:59:58.918+0200][245150.082s][info][gc,phases     ] GC(5397)   Evacuate Collection Set: 6.0ms
[2026-07-26T08:59:58.918+0200][245150.082s][info][gc,phases     ] GC(5397)   Post Evacuate Collection Set: 3.1ms
[2026-07-26T08:59:58.918+0200][245150.082s][info][gc,phases     ] GC(5397)   Other: 0.4ms
[2026-07-26T08:59:58.918+0200][245150.082s][info][gc,heap       ] GC(5397) Eden regions: 682->0(683)
[2026-07-26T08:59:58.918+0200][245150.082s][info][gc,heap       ] GC(5397) Survivor regions: 7->7(87)
[2026-07-26T08:59:58.918+0200][245150.082s][info][gc,heap       ] GC(5397) Old regions: 1690->1690
[2026-07-26T08:59:58.918+0200][245150.082s][info][gc,heap       ] GC(5397) Humongous regions: 16->16
[2026-07-26T08:59:58.918+0200][245150.082s][info][gc,metaspace  ] GC(5397) Metaspace: 740180K(890496K)->740180K(890496K) NonClass: 654494K(792320K)->654494K(792320K) Class: 85685K(98176K)->85685K(98176K)
[2026-07-26T08:59:58.918+0200][245150.082s][info][gc            ] GC(5397) Pause Young (Normal) (G1 Evacuation Pause) 2394M->1712M(2681M) 9.802ms
[2026-07-26T08:59:58.918+0200][245150.082s][info][gc,cpu        ] GC(5397) User=0.08s Sys=0.00s Real=0.01s
[2026-07-26T08:59:59.785+0200][245150.949s][info][gc,start      ] GC(5398) Pause Young (Normal) (G1 Evacuation Pause)
[2026-07-26T08:59:59.785+0200][245150.949s][info][gc,task       ] GC(5398) Using 13 workers of 13 for evacuation
[2026-07-26T08:59:59.795+0200][245150.958s][info][gc,phases     ] GC(5398)   Pre Evacuate Collection Set: 0.1ms
[2026-07-26T08:59:59.795+0200][245150.958s][info][gc,phases     ] GC(5398)   Evacuate Collection Set: 6.4ms
[2026-07-26T08:59:59.795+0200][245150.958s][info][gc,phases     ] GC(5398)   Post Evacuate Collection Set: 2.7ms
[2026-07-26T08:59:59.795+0200][245150.958s][info][gc,phases     ] GC(5398)   Other: 0.4ms
[2026-07-26T08:59:59.795+0200][245150.958s][info][gc,heap       ] GC(5398) Eden regions: 683->0(681)
[2026-07-26T08:59:59.795+0200][245150.958s][info][gc,heap       ] GC(5398) Survivor regions: 7->9(87)
[2026-07-26T08:59:59.795+0200][245150.958s][info][gc,heap       ] GC(5398) Old regions: 1690->1690
[2026-07-26T08:59:59.795+0200][245150.958s][info][gc,heap       ] GC(5398) Humongous regions: 16->16
[2026-07-26T08:59:59.795+0200][245150.958s][info][gc,metaspace  ] GC(5398) Metaspace: 740180K(890496K)->740180K(890496K) NonClass: 654494K(792320K)->654494K(792320K) Class: 85685K(98176K)->85685K(98176K)
[2026-07-26T08:59:59.795+0200][245150.958s][info][gc            ] GC(5398) Pause Young (Normal) (G1 Evacuation Pause) 2395M->1714M(2681M) 9.810ms
[2026-07-26T08:59:59.795+0200][245150.959s][info][gc,cpu        ] GC(5398) User=0.08s Sys=0.01s Real=0.01s
[2026-07-26T09:00:02.899+0200][245154.062s][info][gc,start      ] GC(5399) Pause Young (Normal) (G1 Evacuation Pause)
[2026-07-26T09:00:02.899+0200][245154.062s][info][gc,task       ] GC(5399) Using 13 workers of 13 for evacuation
[2026-07-26T09:00:02.910+0200][245154.074s][info][gc,phases     ] GC(5399)   Pre Evacuate Collection Set: 0.1ms
[2026-07-26T09:00:02.910+0200][245154.074s][info][gc,phases     ] GC(5399)   Evacuate Collection Set: 8.0ms
[2026-07-26T09:00:02.910+0200][245154.074s][info][gc,phases     ] GC(5399)   Post Evacuate Collection Set: 3.0ms
[2026-07-26T09:00:02.910+0200][245154.074s][info][gc,phases     ] GC(5399)   Other: 0.4ms
[2026-07-26T09:00:02.910+0200][245154.074s][info][gc,heap       ] GC(5399) Eden regions: 681->0(681)
[2026-07-26T09:00:02.910+0200][245154.074s][info][gc,heap       ] GC(5399) Survivor regions: 9->8(87)
[2026-07-26T09:00:02.910+0200][245154.074s][info][gc,heap       ] GC(5399) Old regions: 1690->1690
[2026-07-26T09:00:02.910+0200][245154.074s][info][gc,heap       ] GC(5399) Humongous regions: 16->16
[2026-07-26T09:00:02.910+0200][245154.074s][info][gc,metaspace  ] GC(5399) Metaspace: 740180K(890496K)->740180K(890496K) NonClass: 654494K(792320K)->654494K(792320K) Class: 85685K(98176K)->85685K(98176K)
[2026-07-26T09:00:02.910+0200][245154.074s][info][gc            ] GC(5399) Pause Young (Normal) (G1 Evacuation Pause) 2395M->1712M(2681M) 11.773ms
[2026-07-26T09:00:02.911+0200][245154.074s][info][gc,cpu        ] GC(5399) User=0.09s Sys=0.00s Real=0.01s
[2026-07-26T09:00:04.966+0200][245156.129s][info][gc,start      ] GC(5400) Pause Young (Normal) (G1 Evacuation Pause)
[2026-07-26T09:00:04.966+0200][245156.130s][info][gc,task       ] GC(5400) Using 13 workers of 13 for evacuation
[2026-07-26T09:00:04.980+0200][245156.144s][info][gc,phases     ] GC(5400)   Pre Evacuate Collection Set: 0.2ms
[2026-07-26T09:00:04.981+0200][245156.144s][info][gc,phases     ] GC(5400)   Evacuate Collection Set: 8.0ms
[2026-07-26T09:00:04.981+0200][245156.144s][info][gc,phases     ] GC(5400)   Post Evacuate Collection Set: 5.5ms
[2026-07-26T09:00:04.981+0200][245156.144s][info][gc,phases     ] GC(5400)   Other: 0.7ms
[2026-07-26T09:00:04.981+0200][245156.144s][info][gc,heap       ] GC(5400) Eden regions: 681->0(679)
[2026-07-26T09:00:04.981+0200][245156.144s][info][gc,heap       ] GC(5400) Survivor regions: 8->9(87)
[2026-07-26T09:00:04.981+0200][245156.144s][info][gc,heap       ] GC(5400) Old regions: 1690->1690
[2026-07-26T09:00:04.981+0200][245156.144s][info][gc,heap       ] GC(5400) Humongous regions: 16->16
[2026-07-26T09:00:04.981+0200][245156.144s][info][gc,metaspace  ] GC(5400) Metaspace: 740180K(890496K)->740180K(890496K) NonClass: 654494K(792320K)->654494K(792320K) Class: 85685K(98176K)->85685K(98176K)
[2026-07-26T09:00:04.981+0200][245156.144s][info][gc            ] GC(5400) Pause Young (Normal) (G1 Evacuation Pause) 2393M->1713M(2681M) 14.729ms
[2026-07-26T09:00:04.981+0200][245156.144s][info][gc,cpu        ] GC(5400) User=0.10s Sys=0.01s Real=0.01s
[2026-07-26T09:00:16.949+0200][245168.113s][info][gc,start      ] GC(5401) Pause Young (Normal) (G1 Evacuation Pause)
[2026-07-26T09:00:16.949+0200][245168.113s][info][gc,task       ] GC(5401) Using 13 workers of 13 for evacuation
[2026-07-26T09:00:16.965+0200][245168.128s][info][gc,phases     ] GC(5401)   Pre Evacuate Collection Set: 0.2ms
[2026-07-26T09:00:16.965+0200][245168.128s][info][gc,phases     ] GC(5401)   Evacuate Collection Set: 7.9ms
[2026-07-26T09:00:16.965+0200][245168.128s][info][gc,phases     ] GC(5401)   Post Evacuate Collection Set: 6.8ms
[2026-07-26T09:00:16.965+0200][245168.128s][info][gc,phases     ] GC(5401)   Other: 0.7ms
[2026-07-26T09:00:16.965+0200][245168.128s][info][gc,heap       ] GC(5401) Eden regions: 679->0(678)
[2026-07-26T09:00:16.965+0200][245168.128s][info][gc,heap       ] GC(5401) Survivor regions: 9->7(86)
[2026-07-26T09:00:16.965+0200][245168.128s][info][gc,heap       ] GC(5401) Old regions: 1690->1692
[2026-07-26T09:00:16.965+0200][245168.128s][info][gc,heap       ] GC(5401) Humongous regions: 16->16
[2026-07-26T09:00:16.965+0200][245168.129s][info][gc,metaspace  ] GC(5401) Metaspace: 740180K(890496K)->740180K(890496K) NonClass: 654494K(792320K)->654494K(792320K) Class: 85685K(98176K)->85685K(98176K)
[2026-07-26T09:00:16.965+0200][245168.129s][info][gc            ] GC(5401) Pause Young (Normal) (G1 Evacuation Pause) 2392M->1713M(2681M) 15.892ms
[2026-07-26T09:00:16.965+0200][245168.129s][info][gc,cpu        ] GC(5401) User=0.11s Sys=0.01s Real=0.02s
[2026-07-26T09:00:18.063+0200][245169.226s][info][gc,start      ] GC(5402) Pause Young (Normal) (G1 Evacuation Pause)
[2026-07-26T09:00:18.063+0200][245169.226s][info][gc,task       ] GC(5402) Using 13 workers of 13 for evacuation
[2026-07-26T09:00:18.086+0200][245169.249s][info][gc,phases     ] GC(5402)   Pre Evacuate Collection Set: 0.2ms
[2026-07-26T09:00:18.086+0200][245169.249s][info][gc,phases     ] GC(5402)   Evacuate Collection Set: 11.9ms
[2026-07-26T09:00:18.086+0200][245169.249s][info][gc,phases     ] GC(5402)   Post Evacuate Collection Set: 10.3ms
[2026-07-26T09:00:18.086+0200][245169.249s][info][gc,phases     ] GC(5402)   Other: 0.6ms
[2026-07-26T09:00:18.086+0200][245169.249s][info][gc,heap       ] GC(5402) Eden regions: 678->0(671)
[2026-07-26T09:00:18.086+0200][245169.249s][info][gc,heap       ] GC(5402) Survivor regions: 7->11(86)
[2026-07-26T09:00:18.086+0200][245169.249s][info][gc,heap       ] GC(5402) Old regions: 1692->1692
[2026-07-26T09:00:18.086+0200][245169.249s][info][gc,heap       ] GC(5402) Humongous regions: 16->16
[2026-07-26T09:00:18.086+0200][245169.249s][info][gc,metaspace  ] GC(5402) Metaspace: 740180K(890496K)->740180K(890496K) NonClass: 654494K(792320K)->654494K(792320K) Class: 85685K(98176K)->85685K(98176K)
[2026-07-26T09:00:18.086+0200][245169.249s][info][gc            ] GC(5402) Pause Young (Normal) (G1 Evacuation Pause) 2391M->1718M(2681M) 23.103ms
[2026-07-26T09:00:18.086+0200][245169.249s][info][gc,cpu        ] GC(5402) User=0.17s Sys=0.01s Real=0.03s
[2026-07-26T09:00:18.938+0200][245170.101s][info][gc,start      ] GC(5403) Pause Young (Normal) (G1 Evacuation Pause)
[2026-07-26T09:00:18.938+0200][245170.101s][info][gc,task       ] GC(5403) Using 13 workers of 13 for evacuation
[2026-07-26T09:00:18.949+0200][245170.112s][info][gc,phases     ] GC(5403)   Pre Evacuate Collection Set: 0.3ms
[2026-07-26T09:00:18.949+0200][245170.112s][info][gc,phases     ] GC(5403)   Evacuate Collection Set: 5.9ms
[2026-07-26T09:00:18.949+0200][245170.113s][info][gc,phases     ] GC(5403)   Post Evacuate Collection Set: 4.4ms
[2026-07-26T09:00:18.949+0200][245170.113s][info][gc,phases     ] GC(5403)   Other: 0.8ms
[2026-07-26T09:00:18.949+0200][245170.113s][info][gc,heap       ] GC(5403) Eden regions: 671->0(677)
[2026-07-26T09:00:18.949+0200][245170.113s][info][gc,heap       ] GC(5403) Survivor regions: 11->6(86)
[2026-07-26T09:00:18.949+0200][245170.113s][info][gc,heap       ] GC(5403) Old regions: 1692->1692
[2026-07-26T09:00:18.949+0200][245170.113s][info][gc,heap       ] GC(5403) Humongous regions: 16->16
[2026-07-26T09:00:18.949+0200][245170.113s][info][gc,metaspace  ] GC(5403) Metaspace: 740180K(890496K)->740180K(890496K) NonClass: 654494K(792320K)->654494K(792320K) Class: 85685K(98176K)->85685K(98176K)
[2026-07-26T09:00:18.949+0200][245170.113s][info][gc            ] GC(5403) Pause Young (Normal) (G1 Evacuation Pause) 2389M->1713M(2681M) 11.516ms
[2026-07-26T09:00:18.949+0200][245170.113s][info][gc,cpu        ] GC(5403) User=0.08s Sys=0.00s Real=0.01s
[2026-07-26T09:00:35.769+0200][245186.933s][info][gc,start      ] GC(5404) Pause Young (Normal) (G1 Evacuation Pause)
[2026-07-26T09:00:35.769+0200][245186.933s][info][gc,task       ] GC(5404) Using 13 workers of 13 for evacuation
[2026-07-26T09:00:35.776+0200][245186.939s][info][gc,phases     ] GC(5404)   Pre Evacuate Collection Set: 0.1ms
[2026-07-26T09:00:35.776+0200][245186.939s][info][gc,phases     ] GC(5404)   Evacuate Collection Set: 2.8ms
[2026-07-26T09:00:35.776+0200][245186.939s][info][gc,phases     ] GC(5404)   Post Evacuate Collection Set: 2.9ms
[2026-07-26T09:00:35.776+0200][245186.939s][info][gc,phases     ] GC(5404)   Other: 0.6ms
[2026-07-26T09:00:35.776+0200][245186.939s][info][gc,heap       ] GC(5404) Eden regions: 677->0(684)
[2026-07-26T09:00:35.776+0200][245186.939s][info][gc,heap       ] GC(5404) Survivor regions: 6->2(86)
[2026-07-26T09:00:35.776+0200][245186.939s][info][gc,heap       ] GC(5404) Old regions: 1692->1692
[2026-07-26T09:00:35.776+0200][245186.939s][info][gc,heap       ] GC(5404) Humongous regions: 16->16
[2026-07-26T09:00:35.776+0200][245186.939s][info][gc,metaspace  ] GC(5404) Metaspace: 740180K(890496K)->740180K(890496K) NonClass: 654494K(792320K)->654494K(792320K) Class: 85685K(98176K)->85685K(98176K)
[2026-07-26T09:00:35.776+0200][245186.939s][info][gc            ] GC(5404) Pause Young (Normal) (G1 Evacuation Pause) 2390M->1709M(2681M) 6.617ms
[2026-07-26T09:00:35.776+0200][245186.940s][info][gc,cpu        ] GC(5404) User=0.04s Sys=0.00s Real=0.01s
[2026-07-26T09:00:36.913+0200][245188.076s][info][gc,start      ] GC(5405) Pause Young (Normal) (G1 Evacuation Pause)
[2026-07-26T09:00:36.913+0200][245188.076s][info][gc,task       ] GC(5405) Using 13 workers of 13 for evacuation
[2026-07-26T09:00:36.924+0200][245188.088s][info][gc,phases     ] GC(5405)   Pre Evacuate Collection Set: 0.2ms
[2026-07-26T09:00:36.924+0200][245188.088s][info][gc,phases     ] GC(5405)   Evacuate Collection Set: 5.7ms
[2026-07-26T09:00:36.924+0200][245188.088s][info][gc,phases     ] GC(5405)   Post Evacuate Collection Set: 5.0ms
[2026-07-26T09:00:36.924+0200][245188.088s][info][gc,phases     ] GC(5405)   Other: 0.5ms
[2026-07-26T09:00:36.924+0200][245188.088s][info][gc,heap       ] GC(5405) Eden regions: 684->0(680)
[2026-07-26T09:00:36.924+0200][245188.088s][info][gc,heap       ] GC(5405) Survivor regions: 2->5(86)
[2026-07-26T09:00:36.925+0200][245188.088s][info][gc,heap       ] GC(5405) Old regions: 1692->1693
[2026-07-26T09:00:36.925+0200][245188.088s][info][gc,heap       ] GC(5405) Humongous regions: 16->16
[2026-07-26T09:00:36.925+0200][245188.088s][info][gc,metaspace  ] GC(5405) Metaspace: 740180K(890496K)->740180K(890496K) NonClass: 654494K(792320K)->654494K(792320K) Class: 85685K(98176K)->85685K(98176K)
[2026-07-26T09:00:36.925+0200][245188.088s][info][gc            ] GC(5405) Pause Young (Normal) (G1 Evacuation Pause) 2393M->1712M(2681M) 11.693ms
[2026-07-26T09:00:36.925+0200][245188.088s][info][gc,cpu        ] GC(5405) User=0.08s Sys=0.00s Real=0.01s
[2026-07-26T09:00:38.286+0200][245189.449s][info][gc,start      ] GC(5406) Pause Young (Normal) (G1 Evacuation Pause)
[2026-07-26T09:00:38.286+0200][245189.449s][info][gc,task       ] GC(5406) Using 13 workers of 13 for evacuation
[2026-07-26T09:00:38.296+0200][245189.459s][info][gc,phases     ] GC(5406)   Pre Evacuate Collection Set: 0.2ms
[2026-07-26T09:00:38.296+0200][245189.459s][info][gc,phases     ] GC(5406)   Evacuate Collection Set: 6.1ms
[2026-07-26T09:00:38.296+0200][245189.459s][info][gc,phases     ] GC(5406)   Post Evacuate Collection Set: 3.0ms
[2026-07-26T09:00:38.296+0200][245189.459s][info][gc,phases     ] GC(5406)   Other: 0.5ms
[2026-07-26T09:00:38.296+0200][245189.459s][info][gc,heap       ] GC(5406) Eden regions: 680->0(675)
[2026-07-26T09:00:38.296+0200][245189.459s][info][gc,heap       ] GC(5406) Survivor regions: 5->8(86)
[2026-07-26T09:00:38.296+0200][245189.459s][info][gc,heap       ] GC(5406) Old regions: 1693->1693
[2026-07-26T09:00:38.296+0200][245189.459s][info][gc,heap       ] GC(5406) Humongous regions: 16->16
[2026-07-26T09:00:38.296+0200][245189.459s][info][gc,metaspace  ] GC(5406) Metaspace: 740180K(890496K)->740180K(890496K) NonClass: 654494K(792320K)->654494K(792320K) Class: 85685K(98176K)->85685K(98176K)
[2026-07-26T09:00:38.296+0200][245189.459s][info][gc            ] GC(5406) Pause Young (Normal) (G1 Evacuation Pause) 2392M->1715M(2681M) 9.901ms
[2026-07-26T09:00:38.296+0200][245189.459s][info][gc,cpu        ] GC(5406) User=0.08s Sys=0.01s Real=0.01s
[2026-07-26T09:00:39.208+0200][245190.371s][info][gc,start      ] GC(5407) Pause Young (Normal) (G1 Evacuation Pause)
[2026-07-26T09:00:39.208+0200][245190.371s][info][gc,task       ] GC(5407) Using 13 workers of 13 for evacuation
[2026-07-26T09:00:39.217+0200][245190.380s][info][gc,phases     ] GC(5407)   Pre Evacuate Collection Set: 0.1ms
[2026-07-26T09:00:39.217+0200][245190.380s][info][gc,phases     ] GC(5407)   Evacuate Collection Set: 5.6ms
[2026-07-26T09:00:39.217+0200][245190.380s][info][gc,phases     ] GC(5407)   Post Evacuate Collection Set: 2.6ms
[2026-07-26T09:00:39.217+0200][245190.380s][info][gc,phases     ] GC(5407)   Other: 0.4ms
[2026-07-26T09:00:39.217+0200][245190.380s][info][gc,heap       ] GC(5407) Eden regions: 675->0(677)
[2026-07-26T09:00:39.217+0200][245190.380s][info][gc,heap       ] GC(5407) Survivor regions: 8->7(86)
[2026-07-26T09:00:39.217+0200][245190.380s][info][gc,heap       ] GC(5407) Old regions: 1693->1693
[2026-07-26T09:00:39.217+0200][245190.380s][info][gc,heap       ] GC(5407) Humongous regions: 16->16
[2026-07-26T09:00:39.217+0200][245190.380s][info][gc,metaspace  ] GC(5407) Metaspace: 740180K(890496K)->740180K(890496K) NonClass: 654494K(792320K)->654494K(792320K) Class: 85685K(98176K)->85685K(98176K)
[2026-07-26T09:00:39.217+0200][245190.380s][info][gc            ] GC(5407) Pause Young (Normal) (G1 Evacuation Pause) 2390M->1714M(2681M) 8.970ms
[2026-07-26T09:00:39.217+0200][245190.380s][info][gc,cpu        ] GC(5407) User=0.05s Sys=0.00s Real=0.01s
[2026-07-26T09:01:05.676+0200][245216.839s][info][gc,start      ] GC(5408) Pause Young (Normal) (G1 Evacuation Pause)
[2026-07-26T09:01:05.676+0200][245216.839s][info][gc,task       ] GC(5408) Using 13 workers of 13 for evacuation
[2026-07-26T09:01:05.684+0200][245216.847s][info][gc,phases     ] GC(5408)   Pre Evacuate Collection Set: 0.1ms
[2026-07-26T09:01:05.684+0200][245216.847s][info][gc,phases     ] GC(5408)   Evacuate Collection Set: 4.6ms
[2026-07-26T09:01:05.684+0200][245216.847s][info][gc,phases     ] GC(5408)   Post Evacuate Collection Set: 2.8ms
[2026-07-26T09:01:05.684+0200][245216.847s][info][gc,phases     ] GC(5408)   Other: 0.4ms
[2026-07-26T09:01:05.684+0200][245216.847s][info][gc,heap       ] GC(5408) Eden regions: 677->0(679)
[2026-07-26T09:01:05.684+0200][245216.847s][info][gc,heap       ] GC(5408) Survivor regions: 7->5(86)
[2026-07-26T09:01:05.684+0200][245216.847s][info][gc,heap       ] GC(5408) Old regions: 1693->1693
[2026-07-26T09:01:05.684+0200][245216.847s][info][gc,heap       ] GC(5408) Humongous regions: 16->16
[2026-07-26T09:01:05.684+0200][245216.847s][info][gc,metaspace  ] GC(5408) Metaspace: 740180K(890496K)->740180K(890496K) NonClass: 654494K(792320K)->654494K(792320K) Class: 85685K(98176K)->85685K(98176K)
[2026-07-26T09:01:05.684+0200][245216.847s][info][gc            ] GC(5408) Pause Young (Normal) (G1 Evacuation Pause) 2391M->1712M(2681M) 8.115ms
[2026-07-26T09:01:05.684+0200][245216.847s][info][gc,cpu        ] GC(5408) User=0.06s Sys=0.00s Real=0.00s
[2026-07-26T09:01:06.618+0200][245217.782s][info][gc,start      ] GC(5409) Pause Young (Normal) (G1 Evacuation Pause)
[2026-07-26T09:01:06.618+0200][245217.782s][info][gc,task       ] GC(5409) Using 13 workers of 13 for evacuation
[2026-07-26T09:01:06.628+0200][245217.791s][info][gc,phases     ] GC(5409)   Pre Evacuate Collection Set: 0.1ms
[2026-07-26T09:01:06.628+0200][245217.791s][info][gc,phases     ] GC(5409)   Evacuate Collection Set: 5.6ms
[2026-07-26T09:01:06.628+0200][245217.791s][info][gc,phases     ] GC(5409)   Post Evacuate Collection Set: 3.3ms
[2026-07-26T09:01:06.628+0200][245217.791s][info][gc,phases     ] GC(5409)   Other: 0.4ms
[2026-07-26T09:01:06.628+0200][245217.791s][info][gc,heap       ] GC(5409) Eden regions: 679->0(677)
[2026-07-26T09:01:06.628+0200][245217.791s][info][gc,heap       ] GC(5409) Survivor regions: 5->7(86)
[2026-07-26T09:01:06.628+0200][245217.791s][info][gc,heap       ] GC(5409) Old regions: 1693->1693
[2026-07-26T09:01:06.628+0200][245217.791s][info][gc,heap       ] GC(5409) Humongous regions: 16->16
[2026-07-26T09:01:06.628+0200][245217.791s][info][gc,metaspace  ] GC(5409) Metaspace: 740180K(890496K)->740180K(890496K) NonClass: 654494K(792320K)->654494K(792320K) Class: 85685K(98176K)->85685K(98176K)
[2026-07-26T09:01:06.628+0200][245217.791s][info][gc            ] GC(5409) Pause Young (Normal) (G1 Evacuation Pause) 2391M->1715M(2681M) 9.609ms
[2026-07-26T09:01:06.628+0200][245217.792s][info][gc,cpu        ] GC(5409) User=0.07s Sys=0.01s Real=0.01s
[2026-07-26T09:01:07.357+0200][245218.520s][info][gc,start      ] GC(5410) Pause Young (Normal) (G1 Evacuation Pause)
[2026-07-26T09:01:07.357+0200][245218.520s][info][gc,task       ] GC(5410) Using 13 workers of 13 for evacuation
[2026-07-26T09:01:07.366+0200][245218.530s][info][gc,phases     ] GC(5410)   Pre Evacuate Collection Set: 0.1ms
[2026-07-26T09:01:07.366+0200][245218.530s][info][gc,phases     ] GC(5410)   Evacuate Collection Set: 6.3ms
[2026-07-26T09:01:07.366+0200][245218.530s][info][gc,phases     ] GC(5410)   Post Evacuate Collection Set: 2.8ms
[2026-07-26T09:01:07.366+0200][245218.530s][info][gc,phases     ] GC(5410)   Other: 0.4ms
[2026-07-26T09:01:07.366+0200][245218.530s][info][gc,heap       ] GC(5410) Eden regions: 677->0(676)
[2026-07-26T09:01:07.366+0200][245218.530s][info][gc,heap       ] GC(5410) Survivor regions: 7->9(86)
[2026-07-26T09:01:07.366+0200][245218.530s][info][gc,heap       ] GC(5410) Old regions: 1693->1693
[2026-07-26T09:01:07.366+0200][245218.530s][info][gc,heap       ] GC(5410) Humongous regions: 16->16
[2026-07-26T09:01:07.366+0200][245218.530s][info][gc,metaspace  ] GC(5410) Metaspace: 740180K(890496K)->740180K(890496K) NonClass: 654494K(792320K)->654494K(792320K) Class: 85685K(98176K)->85685K(98176K)
[2026-07-26T09:01:07.366+0200][245218.530s][info][gc            ] GC(5410) Pause Young (Normal) (G1 Evacuation Pause) 2392M->1716M(2681M) 9.837ms
[2026-07-26T09:01:07.367+0200][245218.530s][info][gc,cpu        ] GC(5410) User=0.08s Sys=0.00s Real=0.01s
[2026-07-26T09:01:28.435+0200][245239.598s][info][gc,start      ] GC(5411) Pause Young (Normal) (G1 Evacuation Pause)
[2026-07-26T09:01:28.435+0200][245239.599s][info][gc,task       ] GC(5411) Using 13 workers of 13 for evacuation
[2026-07-26T09:01:28.443+0200][245239.607s][info][gc,phases     ] GC(5411)   Pre Evacuate Collection Set: 0.1ms
[2026-07-26T09:01:28.443+0200][245239.607s][info][gc,phases     ] GC(5411)   Evacuate Collection Set: 5.0ms
[2026-07-26T09:01:28.443+0200][245239.607s][info][gc,phases     ] GC(5411)   Post Evacuate Collection Set: 2.8ms
[2026-07-26T09:01:28.444+0200][245239.607s][info][gc,phases     ] GC(5411)   Other: 0.4ms
[2026-07-26T09:01:28.444+0200][245239.607s][info][gc,heap       ] GC(5411) Eden regions: 676->0(678)
[2026-07-26T09:01:28.444+0200][245239.607s][info][gc,heap       ] GC(5411) Survivor regions: 9->6(86)
[2026-07-26T09:01:28.444+0200][245239.607s][info][gc,heap       ] GC(5411) Old regions: 1693->1693
[2026-07-26T09:01:28.444+0200][245239.607s][info][gc,heap       ] GC(5411) Humongous regions: 16->16
[2026-07-26T09:01:28.444+0200][245239.607s][info][gc,metaspace  ] GC(5411) Metaspace: 740180K(890496K)->740180K(890496K) NonClass: 654494K(792320K)->654494K(792320K) Class: 85685K(98176K)->85685K(98176K)
[2026-07-26T09:01:28.444+0200][245239.607s][info][gc            ] GC(5411) Pause Young (Normal) (G1 Evacuation Pause) 2392M->1714M(2681M) 8.563ms
[2026-07-26T09:01:28.444+0200][245239.607s][info][gc,cpu        ] GC(5411) User=0.05s Sys=0.01s Real=0.00s
[2026-07-26T09:01:50.290+0200][245261.454s][info][gc,start      ] GC(5412) Pause Young (Normal) (G1 Evacuation Pause)
[2026-07-26T09:01:50.290+0200][245261.454s][info][gc,task       ] GC(5412) Using 13 workers of 13 for evacuation
[2026-07-26T09:01:50.298+0200][245261.461s][info][gc,phases     ] GC(5412)   Pre Evacuate Collection Set: 0.1ms
[2026-07-26T09:01:50.298+0200][245261.461s][info][gc,phases     ] GC(5412)   Evacuate Collection Set: 3.9ms
[2026-07-26T09:01:50.298+0200][245261.461s][info][gc,phases     ] GC(5412)   Post Evacuate Collection Set: 2.7ms
[2026-07-26T09:01:50.298+0200][245261.461s][info][gc,phases     ] GC(5412)   Other: 0.4ms
[2026-07-26T09:01:50.298+0200][245261.461s][info][gc,heap       ] GC(5412) Eden regions: 678->0(680)
[2026-07-26T09:01:50.298+0200][245261.461s][info][gc,heap       ] GC(5412) Survivor regions: 6->4(86)
[2026-07-26T09:01:50.298+0200][245261.461s][info][gc,heap       ] GC(5412) Old regions: 1693->1693
[2026-07-26T09:01:50.298+0200][245261.461s][info][gc,heap       ] GC(5412) Humongous regions: 16->16
[2026-07-26T09:01:50.298+0200][245261.461s][info][gc,metaspace  ] GC(5412) Metaspace: 740180K(890496K)->740180K(890496K) NonClass: 654494K(792320K)->654494K(792320K) Class: 85685K(98176K)->85685K(98176K)
[2026-07-26T09:01:50.298+0200][245261.461s][info][gc            ] GC(5412) Pause Young (Normal) (G1 Evacuation Pause) 2392M->1711M(2681M) 7.357ms
[2026-07-26T09:01:50.298+0200][245261.461s][info][gc,cpu        ] GC(5412) User=0.05s Sys=0.00s Real=0.01s
[2026-07-26T09:01:51.737+0200][245262.900s][info][gc,start      ] GC(5413) Pause Young (Normal) (G1 Evacuation Pause)
[2026-07-26T09:01:51.737+0200][245262.900s][info][gc,task       ] GC(5413) Using 13 workers of 13 for evacuation
[2026-07-26T09:01:51.746+0200][245262.909s][info][gc,phases     ] GC(5413)   Pre Evacuate Collection Set: 0.1ms
[2026-07-26T09:01:51.746+0200][245262.909s][info][gc,phases     ] GC(5413)   Evacuate Collection Set: 5.7ms
[2026-07-26T09:01:51.746+0200][245262.909s][info][gc,phases     ] GC(5413)   Post Evacuate Collection Set: 2.9ms
[2026-07-26T09:01:51.746+0200][245262.909s][info][gc,phases     ] GC(5413)   Other: 0.4ms
[2026-07-26T09:01:51.746+0200][245262.909s][info][gc,heap       ] GC(5413) Eden regions: 680->0(678)
[2026-07-26T09:01:51.746+0200][245262.909s][info][gc,heap       ] GC(5413) Survivor regions: 4->6(86)
[2026-07-26T09:01:51.746+0200][245262.909s][info][gc,heap       ] GC(5413) Old regions: 1693->1693
[2026-07-26T09:01:51.746+0200][245262.909s][info][gc,heap       ] GC(5413) Humongous regions: 16->16
[2026-07-26T09:01:51.746+0200][245262.909s][info][gc,metaspace  ] GC(5413) Metaspace: 740180K(890496K)->740180K(890496K) NonClass: 654494K(792320K)->654494K(792320K) Class: 85685K(98176K)->85685K(98176K)
[2026-07-26T09:01:51.746+0200][245262.909s][info][gc            ] GC(5413) Pause Young (Normal) (G1 Evacuation Pause) 2391M->1713M(2681M) 9.277ms
[2026-07-26T09:01:51.746+0200][245262.909s][info][gc,cpu        ] GC(5413) User=0.08s Sys=0.01s Real=0.01s
[2026-07-26T09:02:26.062+0200][245297.225s][info][gc,start      ] GC(5414) Pause Young (Normal) (G1 Evacuation Pause)
[2026-07-26T09:02:26.062+0200][245297.225s][info][gc,task       ] GC(5414) Using 13 workers of 13 for evacuation
[2026-07-26T09:02:26.073+0200][245297.237s][info][gc,phases     ] GC(5414)   Pre Evacuate Collection Set: 0.2ms
[2026-07-26T09:02:26.073+0200][245297.237s][info][gc,phases     ] GC(5414)   Evacuate Collection Set: 7.9ms
[2026-07-26T09:02:26.073+0200][245297.237s][info][gc,phases     ] GC(5414)   Post Evacuate Collection Set: 2.9ms
[2026-07-26T09:02:26.073+0200][245297.237s][info][gc,phases     ] GC(5414)   Other: 0.5ms
[2026-07-26T09:02:26.073+0200][245297.237s][info][gc,heap       ] GC(5414) Eden regions: 678->0(678)
[2026-07-26T09:02:26.073+0200][245297.237s][info][gc,heap       ] GC(5414) Survivor regions: 6->6(86)
[2026-07-26T09:02:26.073+0200][245297.237s][info][gc,heap       ] GC(5414) Old regions: 1693->1693
[2026-07-26T09:02:26.073+0200][245297.237s][info][gc,heap       ] GC(5414) Humongous regions: 16->16
[2026-07-26T09:02:26.073+0200][245297.237s][info][gc,metaspace  ] GC(5414) Metaspace: 740180K(890496K)->740180K(890496K) NonClass: 654494K(792320K)->654494K(792320K) Class: 85685K(98176K)->85685K(98176K)
[2026-07-26T09:02:26.073+0200][245297.237s][info][gc            ] GC(5414) Pause Young (Normal) (G1 Evacuation Pause) 2391M->1713M(2681M) 11.572ms
[2026-07-26T09:02:26.074+0200][245297.237s][info][gc,cpu        ] GC(5414) User=0.08s Sys=0.00s Real=0.01s
[2026-07-26T09:02:26.962+0200][245298.125s][info][gc,start      ] GC(5415) Pause Young (Normal) (G1 Evacuation Pause)
[2026-07-26T09:02:26.962+0200][245298.125s][info][gc,task       ] GC(5415) Using 13 workers of 13 for evacuation
[2026-07-26T09:02:26.971+0200][245298.134s][info][gc,phases     ] GC(5415)   Pre Evacuate Collection Set: 0.1ms
[2026-07-26T09:02:26.971+0200][245298.135s][info][gc,phases     ] GC(5415)   Evacuate Collection Set: 6.2ms
[2026-07-26T09:02:26.971+0200][245298.135s][info][gc,phases     ] GC(5415)   Post Evacuate Collection Set: 2.7ms
[2026-07-26T09:02:26.971+0200][245298.135s][info][gc,phases     ] GC(5415)   Other: 0.4ms
[2026-07-26T09:02:26.971+0200][245298.135s][info][gc,heap       ] GC(5415) Eden regions: 678->0(678)
[2026-07-26T09:02:26.971+0200][245298.135s][info][gc,heap       ] GC(5415) Survivor regions: 6->6(86)
[2026-07-26T09:02:26.971+0200][245298.135s][info][gc,heap       ] GC(5415) Old regions: 1693->1693
[2026-07-26T09:02:26.971+0200][245298.135s][info][gc,heap       ] GC(5415) Humongous regions: 16->16
[2026-07-26T09:02:26.971+0200][245298.135s][info][gc,metaspace  ] GC(5415) Metaspace: 740180K(890496K)->740180K(890496K) NonClass: 654494K(792320K)->654494K(792320K) Class: 85685K(98176K)->85685K(98176K)
[2026-07-26T09:02:26.971+0200][245298.135s][info][gc            ] GC(5415) Pause Young (Normal) (G1 Evacuation Pause) 2391M->1714M(2681M) 9.605ms
[2026-07-26T09:02:26.971+0200][245298.135s][info][gc,cpu        ] GC(5415) User=0.07s Sys=0.00s Real=0.01s
[2026-07-26T09:04:33.384+0200][245424.547s][info][gc,start      ] GC(5416) Pause Young (Normal) (G1 Evacuation Pause)
[2026-07-26T09:04:33.384+0200][245424.547s][info][gc,task       ] GC(5416) Using 13 workers of 13 for evacuation
[2026-07-26T09:04:33.397+0200][245424.560s][info][gc,phases     ] GC(5416)   Pre Evacuate Collection Set: 0.2ms
[2026-07-26T09:04:33.397+0200][245424.560s][info][gc,phases     ] GC(5416)   Evacuate Collection Set: 7.6ms
[2026-07-26T09:04:33.397+0200][245424.560s][info][gc,phases     ] GC(5416)   Post Evacuate Collection Set: 4.6ms
[2026-07-26T09:04:33.397+0200][245424.560s][info][gc,phases     ] GC(5416)   Other: 0.8ms
[2026-07-26T09:04:33.397+0200][245424.560s][info][gc,heap       ] GC(5416) Eden regions: 678->0(674)
[2026-07-26T09:04:33.397+0200][245424.560s][info][gc,heap       ] GC(5416) Survivor regions: 6->8(86)
[2026-07-26T09:04:33.397+0200][245424.560s][info][gc,heap       ] GC(5416) Old regions: 1693->1693
[2026-07-26T09:04:33.397+0200][245424.560s][info][gc,heap       ] GC(5416) Humongous regions: 16->16
[2026-07-26T09:04:33.397+0200][245424.560s][info][gc,metaspace  ] GC(5416) Metaspace: 740180K(890496K)->740180K(890496K) NonClass: 654494K(792320K)->654494K(792320K) Class: 85685K(98176K)->85685K(98176K)
[2026-07-26T09:04:33.397+0200][245424.560s][info][gc            ] GC(5416) Pause Young (Normal) (G1 Evacuation Pause) 2392M->1716M(2681M) 13.373ms
[2026-07-26T09:04:33.397+0200][245424.560s][info][gc,cpu        ] GC(5416) User=0.10s Sys=0.00s Real=0.02s
[2026-07-26T09:04:34.376+0200][245425.539s][info][gc,start      ] GC(5417) Pause Young (Normal) (G1 Evacuation Pause)
[2026-07-26T09:04:34.376+0200][245425.539s][info][gc,task       ] GC(5417) Using 13 workers of 13 for evacuation
[2026-07-26T09:04:34.384+0200][245425.548s][info][gc,phases     ] GC(5417)   Pre Evacuate Collection Set: 0.1ms
[2026-07-26T09:04:34.384+0200][245425.548s][info][gc,phases     ] GC(5417)   Evacuate Collection Set: 5.1ms
[2026-07-26T09:04:34.384+0200][245425.548s][info][gc,phases     ] GC(5417)   Post Evacuate Collection Set: 3.1ms
[2026-07-26T09:04:34.384+0200][245425.548s][info][gc,phases     ] GC(5417)   Other: 0.4ms
[2026-07-26T09:04:34.384+0200][245425.548s][info][gc,heap       ] GC(5417) Eden regions: 674->0(676)
[2026-07-26T09:04:34.384+0200][245425.548s][info][gc,heap       ] GC(5417) Survivor regions: 8->6(86)
[2026-07-26T09:04:34.384+0200][245425.548s][info][gc,heap       ] GC(5417) Old regions: 1693->1693
[2026-07-26T09:04:34.384+0200][245425.548s][info][gc,heap       ] GC(5417) Humongous regions: 16->16
[2026-07-26T09:04:34.384+0200][245425.548s][info][gc,metaspace  ] GC(5417) Metaspace: 740180K(890496K)->740180K(890496K) NonClass: 654494K(792320K)->654494K(792320K) Class: 85685K(98176K)->85685K(98176K)
[2026-07-26T09:04:34.385+0200][245425.548s][info][gc            ] GC(5417) Pause Young (Normal) (G1 Evacuation Pause) 2390M->1714M(2681M) 8.861ms
[2026-07-26T09:04:34.385+0200][245425.548s][info][gc,cpu        ] GC(5417) User=0.06s Sys=0.00s Real=0.00s
[2026-07-26T09:04:44.377+0200][245435.540s][info][gc,start      ] GC(5418) Pause Young (Normal) (G1 Evacuation Pause)
[2026-07-26T09:04:44.377+0200][245435.540s][info][gc,task       ] GC(5418) Using 13 workers of 13 for evacuation
[2026-07-26T09:04:44.386+0200][245435.550s][info][gc,phases     ] GC(5418)   Pre Evacuate Collection Set: 0.1ms
[2026-07-26T09:04:44.386+0200][245435.550s][info][gc,phases     ] GC(5418)   Evacuate Collection Set: 5.9ms
[2026-07-26T09:04:44.386+0200][245435.550s][info][gc,phases     ] GC(5418)   Post Evacuate Collection Set: 3.3ms
[2026-07-26T09:04:44.386+0200][245435.550s][info][gc,phases     ] GC(5418)   Other: 0.4ms
[2026-07-26T09:04:44.386+0200][245435.550s][info][gc,heap       ] GC(5418) Eden regions: 676->0(675)
[2026-07-26T09:04:44.386+0200][245435.550s][info][gc,heap       ] GC(5418) Survivor regions: 6->7(86)
[2026-07-26T09:04:44.386+0200][245435.550s][info][gc,heap       ] GC(5418) Old regions: 1693->1693
[2026-07-26T09:04:44.386+0200][245435.550s][info][gc,heap       ] GC(5418) Humongous regions: 16->16
[2026-07-26T09:04:44.386+0200][245435.550s][info][gc,metaspace  ] GC(5418) Metaspace: 740180K(890496K)->740180K(890496K) NonClass: 654494K(792320K)->654494K(792320K) Class: 85685K(98176K)->85685K(98176K)
[2026-07-26T09:04:44.387+0200][245435.550s][info][gc            ] GC(5418) Pause Young (Normal) (G1 Evacuation Pause) 2390M->1714M(2681M) 9.858ms
[2026-07-26T09:04:44.387+0200][245435.550s][info][gc,cpu        ] GC(5418) User=0.07s Sys=0.01s Real=0.01s
[2026-07-26T09:04:45.344+0200][245436.507s][info][gc,start      ] GC(5419) Pause Young (Normal) (G1 Evacuation Pause)
[2026-07-26T09:04:45.344+0200][245436.507s][info][gc,task       ] GC(5419) Using 13 workers of 13 for evacuation
[2026-07-26T09:04:45.354+0200][245436.517s][info][gc,phases     ] GC(5419)   Pre Evacuate Collection Set: 0.1ms
[2026-07-26T09:04:45.354+0200][245436.518s][info][gc,phases     ] GC(5419)   Evacuate Collection Set: 6.5ms
[2026-07-26T09:04:45.354+0200][245436.518s][info][gc,phases     ] GC(5419)   Post Evacuate Collection Set: 3.1ms
[2026-07-26T09:04:45.354+0200][245436.518s][info][gc,phases     ] GC(5419)   Other: 0.4ms
[2026-07-26T09:04:45.354+0200][245436.518s][info][gc,heap       ] GC(5419) Eden regions: 675->0(675)
[2026-07-26T09:04:45.354+0200][245436.518s][info][gc,heap       ] GC(5419) Survivor regions: 7->7(86)
[2026-07-26T09:04:45.354+0200][245436.518s][info][gc,heap       ] GC(5419) Old regions: 1693->1693
[2026-07-26T09:04:45.354+0200][245436.518s][info][gc,heap       ] GC(5419) Humongous regions: 16->16
[2026-07-26T09:04:45.354+0200][245436.518s][info][gc,metaspace  ] GC(5419) Metaspace: 740180K(890496K)->740180K(890496K) NonClass: 654494K(792320K)->654494K(792320K) Class: 85685K(98176K)->85685K(98176K)
[2026-07-26T09:04:45.354+0200][245436.518s][info][gc            ] GC(5419) Pause Young (Normal) (G1 Evacuation Pause) 2389M->1715M(2681M) 10.330ms
[2026-07-26T09:04:45.354+0200][245436.518s][info][gc,cpu        ] GC(5419) User=0.08s Sys=0.01s Real=0.01s
[2026-07-26T09:04:46.078+0200][245437.241s][info][gc,start      ] GC(5420) Pause Young (Normal) (G1 Evacuation Pause)
[2026-07-26T09:04:46.078+0200][245437.241s][info][gc,task       ] GC(5420) Using 13 workers of 13 for evacuation
[2026-07-26T09:04:46.088+0200][245437.251s][info][gc,phases     ] GC(5420)   Pre Evacuate Collection Set: 0.2ms
[2026-07-26T09:04:46.088+0200][245437.251s][info][gc,phases     ] GC(5420)   Evacuate Collection Set: 6.5ms
[2026-07-26T09:04:46.088+0200][245437.251s][info][gc,phases     ] GC(5420)   Post Evacuate Collection Set: 2.8ms
[2026-07-26T09:04:46.088+0200][245437.251s][info][gc,phases     ] GC(5420)   Other: 0.4ms
[2026-07-26T09:04:46.088+0200][245437.251s][info][gc,heap       ] GC(5420) Eden regions: 675->0(675)
[2026-07-26T09:04:46.088+0200][245437.251s][info][gc,heap       ] GC(5420) Survivor regions: 7->9(86)
[2026-07-26T09:04:46.088+0200][245437.251s][info][gc,heap       ] GC(5420) Old regions: 1693->1693
[2026-07-26T09:04:46.088+0200][245437.251s][info][gc,heap       ] GC(5420) Humongous regions: 16->16
[2026-07-26T09:04:46.088+0200][245437.251s][info][gc,metaspace  ] GC(5420) Metaspace: 740180K(890496K)->740180K(890496K) NonClass: 654494K(792320K)->654494K(792320K) Class: 85685K(98176K)->85685K(98176K)
[2026-07-26T09:04:46.088+0200][245437.251s][info][gc            ] GC(5420) Pause Young (Normal) (G1 Evacuation Pause) 2390M->1716M(2681M) 10.090ms
[2026-07-26T09:04:46.088+0200][245437.251s][info][gc,cpu        ] GC(5420) User=0.08s Sys=0.00s Real=0.01s
[2026-07-26T09:04:51.043+0200][245442.207s][info][gc,start      ] GC(5421) Pause Young (Normal) (G1 Evacuation Pause)
[2026-07-26T09:04:51.044+0200][245442.207s][info][gc,task       ] GC(5421) Using 13 workers of 13 for evacuation
[2026-07-26T09:04:51.053+0200][245442.217s][info][gc,phases     ] GC(5421)   Pre Evacuate Collection Set: 0.1ms
[2026-07-26T09:04:51.053+0200][245442.217s][info][gc,phases     ] GC(5421)   Evacuate Collection Set: 6.5ms
[2026-07-26T09:04:51.053+0200][245442.217s][info][gc,phases     ] GC(5421)   Post Evacuate Collection Set: 2.9ms
[2026-07-26T09:04:51.053+0200][245442.217s][info][gc,phases     ] GC(5421)   Other: 0.4ms
[2026-07-26T09:04:51.053+0200][245442.217s][info][gc,heap       ] GC(5421) Eden regions: 675->0(673)
[2026-07-26T09:04:51.053+0200][245442.217s][info][gc,heap       ] GC(5421) Survivor regions: 9->8(86)
[2026-07-26T09:04:51.053+0200][245442.217s][info][gc,heap       ] GC(5421) Old regions: 1693->1693
[2026-07-26T09:04:51.053+0200][245442.217s][info][gc,heap       ] GC(5421) Humongous regions: 16->16
[2026-07-26T09:04:51.054+0200][245442.217s][info][gc,metaspace  ] GC(5421) Metaspace: 740180K(890496K)->740180K(890496K) NonClass: 654494K(792320K)->654494K(792320K) Class: 85685K(98176K)->85685K(98176K)
[2026-07-26T09:04:51.054+0200][245442.217s][info][gc            ] GC(5421) Pause Young (Normal) (G1 Evacuation Pause) 2391M->1716M(2681M) 10.083ms
[2026-07-26T09:04:51.054+0200][245442.217s][info][gc,cpu        ] GC(5421) User=0.08s Sys=0.00s Real=0.01s
[2026-07-26T09:04:51.973+0200][245443.136s][info][gc,start      ] GC(5422) Pause Young (Normal) (G1 Evacuation Pause)
[2026-07-26T09:04:51.973+0200][245443.136s][info][gc,task       ] GC(5422) Using 13 workers of 13 for evacuation
[2026-07-26T09:04:51.983+0200][245443.146s][info][gc,phases     ] GC(5422)   Pre Evacuate Collection Set: 0.1ms
[2026-07-26T09:04:51.983+0200][245443.146s][info][gc,phases     ] GC(5422)   Evacuate Collection Set: 6.9ms
[2026-07-26T09:04:51.983+0200][245443.146s][info][gc,phases     ] GC(5422)   Post Evacuate Collection Set: 2.8ms
[2026-07-26T09:04:51.983+0200][245443.146s][info][gc,phases     ] GC(5422)   Other: 0.4ms
[2026-07-26T09:04:51.983+0200][245443.146s][info][gc,heap       ] GC(5422) Eden regions: 673->0(675)
[2026-07-26T09:04:51.983+0200][245443.146s][info][gc,heap       ] GC(5422) Survivor regions: 8->7(86)
[2026-07-26T09:04:51.983+0200][245443.146s][info][gc,heap       ] GC(5422) Old regions: 1693->1693
[2026-07-26T09:04:51.983+0200][245443.146s][info][gc,heap       ] GC(5422) Humongous regions: 16->16
[2026-07-26T09:04:51.983+0200][245443.146s][info][gc,metaspace  ] GC(5422) Metaspace: 740180K(890496K)->740180K(890496K) NonClass: 654494K(792320K)->654494K(792320K) Class: 85685K(98176K)->85685K(98176K)
[2026-07-26T09:04:51.983+0200][245443.146s][info][gc            ] GC(5422) Pause Young (Normal) (G1 Evacuation Pause) 2389M->1714M(2681M) 10.411ms
[2026-07-26T09:04:51.983+0200][245443.146s][info][gc,cpu        ] GC(5422) User=0.08s Sys=0.00s Real=0.01s
[2026-07-26T09:05:32.234+0200][245483.398s][info][gc,start      ] GC(5423) Pause Young (Normal) (G1 Evacuation Pause)
[2026-07-26T09:05:32.235+0200][245483.398s][info][gc,task       ] GC(5423) Using 13 workers of 13 for evacuation
[2026-07-26T09:05:32.244+0200][245483.407s][info][gc,phases     ] GC(5423)   Pre Evacuate Collection Set: 0.1ms
[2026-07-26T09:05:32.244+0200][245483.407s][info][gc,phases     ] GC(5423)   Evacuate Collection Set: 5.8ms
[2026-07-26T09:05:32.244+0200][245483.407s][info][gc,phases     ] GC(5423)   Post Evacuate Collection Set: 2.8ms
[2026-07-26T09:05:32.244+0200][245483.407s][info][gc,phases     ] GC(5423)   Other: 0.4ms
[2026-07-26T09:05:32.244+0200][245483.407s][info][gc,heap       ] GC(5423) Eden regions: 675->0(674)
[2026-07-26T09:05:32.244+0200][245483.407s][info][gc,heap       ] GC(5423) Survivor regions: 7->7(86)
[2026-07-26T09:05:32.244+0200][245483.407s][info][gc,heap       ] GC(5423) Old regions: 1693->1693
[2026-07-26T09:05:32.244+0200][245483.407s][info][gc,heap       ] GC(5423) Humongous regions: 16->16
[2026-07-26T09:05:32.244+0200][245483.407s][info][gc,metaspace  ] GC(5423) Metaspace: 740180K(890496K)->740180K(890496K) NonClass: 654494K(792320K)->654494K(792320K) Class: 85685K(98176K)->85685K(98176K)
[2026-07-26T09:05:32.244+0200][245483.407s][info][gc            ] GC(5423) Pause Young (Normal) (G1 Evacuation Pause) 2389M->1715M(2681M) 9.371ms
[2026-07-26T09:05:32.244+0200][245483.407s][info][gc,cpu        ] GC(5423) User=0.08s Sys=0.00s Real=0.01s
[2026-07-26T09:05:33.095+0200][245484.258s][info][gc,start      ] GC(5424) Pause Young (Normal) (G1 Evacuation Pause)
[2026-07-26T09:05:33.095+0200][245484.258s][info][gc,task       ] GC(5424) Using 13 workers of 13 for evacuation
[2026-07-26T09:05:33.104+0200][245484.268s][info][gc,phases     ] GC(5424)   Pre Evacuate Collection Set: 0.1ms
[2026-07-26T09:05:33.104+0200][245484.268s][info][gc,phases     ] GC(5424)   Evacuate Collection Set: 6.6ms
[2026-07-26T09:05:33.104+0200][245484.268s][info][gc,phases     ] GC(5424)   Post Evacuate Collection Set: 2.7ms
[2026-07-26T09:05:33.104+0200][245484.268s][info][gc,phases     ] GC(5424)   Other: 0.4ms
[2026-07-26T09:05:33.104+0200][245484.268s][info][gc,heap       ] GC(5424) Eden regions: 674->0(674)
[2026-07-26T09:05:33.104+0200][245484.268s][info][gc,heap       ] GC(5424) Survivor regions: 7->8(86)
[2026-07-26T09:05:33.104+0200][245484.268s][info][gc,heap       ] GC(5424) Old regions: 1693->1693
[2026-07-26T09:05:33.104+0200][245484.268s][info][gc,heap       ] GC(5424) Humongous regions: 16->16
[2026-07-26T09:05:33.104+0200][245484.268s][info][gc,metaspace  ] GC(5424) Metaspace: 740180K(890496K)->740180K(890496K) NonClass: 654494K(792320K)->654494K(792320K) Class: 85685K(98176K)->85685K(98176K)
[2026-07-26T09:05:33.104+0200][245484.268s][info][gc            ] GC(5424) Pause Young (Normal) (G1 Evacuation Pause) 2389M->1716M(2681M) 9.964ms
[2026-07-26T09:05:33.105+0200][245484.268s][info][gc,cpu        ] GC(5424) User=0.08s Sys=0.00s Real=0.01s
[2026-07-26T09:05:40.927+0200][245492.090s][info][gc,start      ] GC(5425) Pause Young (Normal) (G1 Evacuation Pause)
[2026-07-26T09:05:40.927+0200][245492.090s][info][gc,task       ] GC(5425) Using 13 workers of 13 for evacuation
[2026-07-26T09:05:40.939+0200][245492.102s][info][gc,phases     ] GC(5425)   Pre Evacuate Collection Set: 0.2ms
[2026-07-26T09:05:40.939+0200][245492.102s][info][gc,phases     ] GC(5425)   Evacuate Collection Set: 8.5ms
[2026-07-26T09:05:40.939+0200][245492.102s][info][gc,phases     ] GC(5425)   Post Evacuate Collection Set: 3.2ms
[2026-07-26T09:05:40.939+0200][245492.103s][info][gc,phases     ] GC(5425)   Other: 0.4ms
[2026-07-26T09:05:40.939+0200][245492.103s][info][gc,heap       ] GC(5425) Eden regions: 674->0(664)
[2026-07-26T09:05:40.939+0200][245492.103s][info][gc,heap       ] GC(5425) Survivor regions: 8->14(86)
[2026-07-26T09:05:40.939+0200][245492.103s][info][gc,heap       ] GC(5425) Old regions: 1693->1693
[2026-07-26T09:05:40.939+0200][245492.103s][info][gc,heap       ] GC(5425) Humongous regions: 16->16
[2026-07-26T09:05:40.939+0200][245492.103s][info][gc,metaspace  ] GC(5425) Metaspace: 740182K(890496K)->740182K(890496K) NonClass: 654496K(792320K)->654496K(792320K) Class: 85685K(98176K)->85685K(98176K)
[2026-07-26T09:05:40.939+0200][245492.103s][info][gc            ] GC(5425) Pause Young (Normal) (G1 Evacuation Pause) 2390M->1722M(2681M) 12.422ms
[2026-07-26T09:05:40.939+0200][245492.103s][info][gc,cpu        ] GC(5425) User=0.12s Sys=0.00s Real=0.01s
[2026-07-26T09:05:41.898+0200][245493.061s][info][gc,start      ] GC(5426) Pause Young (Normal) (G1 Evacuation Pause)
[2026-07-26T09:05:41.898+0200][245493.061s][info][gc,task       ] GC(5426) Using 13 workers of 13 for evacuation
[2026-07-26T09:05:41.910+0200][245493.074s][info][gc,phases     ] GC(5426)   Pre Evacuate Collection Set: 0.1ms
[2026-07-26T09:05:41.910+0200][245493.074s][info][gc,phases     ] GC(5426)   Evacuate Collection Set: 8.7ms
[2026-07-26T09:05:41.910+0200][245493.074s][info][gc,phases     ] GC(5426)   Post Evacuate Collection Set: 2.9ms
[2026-07-26T09:05:41.910+0200][245493.074s][info][gc,phases     ] GC(5426)   Other: 0.4ms
[2026-07-26T09:05:41.910+0200][245493.074s][info][gc,heap       ] GC(5426) Eden regions: 664->0(666)
[2026-07-26T09:05:41.910+0200][245493.074s][info][gc,heap       ] GC(5426) Survivor regions: 14->13(85)
[2026-07-26T09:05:41.910+0200][245493.074s][info][gc,heap       ] GC(5426) Old regions: 1693->1693
[2026-07-26T09:05:41.910+0200][245493.074s][info][gc,heap       ] GC(5426) Humongous regions: 16->16
[2026-07-26T09:05:41.910+0200][245493.074s][info][gc,metaspace  ] GC(5426) Metaspace: 740182K(890496K)->740182K(890496K) NonClass: 654496K(792320K)->654496K(792320K) Class: 85685K(98176K)->85685K(98176K)
[2026-07-26T09:05:41.910+0200][245493.074s][info][gc            ] GC(5426) Pause Young (Normal) (G1 Evacuation Pause) 2386M->1720M(2681M) 12.302ms
[2026-07-26T09:05:41.910+0200][245493.074s][info][gc,cpu        ] GC(5426) User=0.11s Sys=0.00s Real=0.01s
[2026-07-26T09:05:42.641+0200][245493.805s][info][gc,start      ] GC(5427) Pause Young (Normal) (G1 Evacuation Pause)
[2026-07-26T09:05:42.641+0200][245493.805s][info][gc,task       ] GC(5427) Using 13 workers of 13 for evacuation
[2026-07-26T09:05:42.653+0200][245493.817s][info][gc,phases     ] GC(5427)   Pre Evacuate Collection Set: 0.1ms
[2026-07-26T09:05:42.653+0200][245493.817s][info][gc,phases     ] GC(5427)   Evacuate Collection Set: 8.5ms
[2026-07-26T09:05:42.653+0200][245493.817s][info][gc,phases     ] GC(5427)   Post Evacuate Collection Set: 2.7ms
[2026-07-26T09:05:42.653+0200][245493.817s][info][gc,phases     ] GC(5427)   Other: 0.4ms
[2026-07-26T09:05:42.653+0200][245493.817s][info][gc,heap       ] GC(5427) Eden regions: 666->0(668)
[2026-07-26T09:05:42.653+0200][245493.817s][info][gc,heap       ] GC(5427) Survivor regions: 13->14(85)
[2026-07-26T09:05:42.653+0200][245493.817s][info][gc,heap       ] GC(5427) Old regions: 1693->1693
[2026-07-26T09:05:42.653+0200][245493.817s][info][gc,heap       ] GC(5427) Humongous regions: 16->16
[2026-07-26T09:05:42.653+0200][245493.817s][info][gc,metaspace  ] GC(5427) Metaspace: 740182K(890496K)->740182K(890496K) NonClass: 654496K(792320K)->654496K(792320K) Class: 85685K(98176K)->85685K(98176K)
[2026-07-26T09:05:42.653+0200][245493.817s][info][gc            ] GC(5427) Pause Young (Normal) (G1 Evacuation Pause) 2386M->1722M(2681M) 11.938ms
[2026-07-26T09:05:42.653+0200][245493.817s][info][gc,cpu        ] GC(5427) User=0.11s Sys=0.00s Real=0.01s
[2026-07-26T09:05:46.329+0200][245497.493s][info][gc,start      ] GC(5428) Pause Young (Normal) (G1 Evacuation Pause)
[2026-07-26T09:05:46.329+0200][245497.493s][info][gc,task       ] GC(5428) Using 13 workers of 13 for evacuation
[2026-07-26T09:05:46.343+0200][245497.506s][info][gc,phases     ] GC(5428)   Pre Evacuate Collection Set: 0.1ms
[2026-07-26T09:05:46.343+0200][245497.506s][info][gc,phases     ] GC(5428)   Evacuate Collection Set: 9.8ms
[2026-07-26T09:05:46.343+0200][245497.506s][info][gc,phases     ] GC(5428)   Post Evacuate Collection Set: 3.2ms
[2026-07-26T09:05:46.343+0200][245497.506s][info][gc,phases     ] GC(5428)   Other: 0.4ms
[2026-07-26T09:05:46.343+0200][245497.506s][info][gc,heap       ] GC(5428) Eden regions: 668->0(666)
[2026-07-26T09:05:46.343+0200][245497.506s][info][gc,heap       ] GC(5428) Survivor regions: 14->14(86)
[2026-07-26T09:05:46.343+0200][245497.506s][info][gc,heap       ] GC(5428) Old regions: 1693->1693
[2026-07-26T09:05:46.343+0200][245497.506s][info][gc,heap       ] GC(5428) Humongous regions: 16->16
[2026-07-26T09:05:46.343+0200][245497.506s][info][gc,metaspace  ] GC(5428) Metaspace: 740182K(890496K)->740182K(890496K) NonClass: 654496K(792320K)->654496K(792320K) Class: 85685K(98176K)->85685K(98176K)
[2026-07-26T09:05:46.343+0200][245497.506s][info][gc            ] GC(5428) Pause Young (Normal) (G1 Evacuation Pause) 2390M->1721M(2681M) 13.681ms
[2026-07-26T09:05:46.343+0200][245497.506s][info][gc,cpu        ] GC(5428) User=0.13s Sys=0.00s Real=0.01s
[2026-07-26T09:05:47.164+0200][245498.327s][info][gc,start      ] GC(5429) Pause Young (Normal) (G1 Evacuation Pause)
[2026-07-26T09:05:47.164+0200][245498.327s][info][gc,task       ] GC(5429) Using 13 workers of 13 for evacuation
[2026-07-26T09:05:47.175+0200][245498.339s][info][gc,phases     ] GC(5429)   Pre Evacuate Collection Set: 0.1ms
[2026-07-26T09:05:47.175+0200][245498.339s][info][gc,phases     ] GC(5429)   Evacuate Collection Set: 8.1ms
[2026-07-26T09:05:47.175+0200][245498.339s][info][gc,phases     ] GC(5429)   Post Evacuate Collection Set: 2.8ms
[2026-07-26T09:05:47.175+0200][245498.339s][info][gc,phases     ] GC(5429)   Other: 0.4ms
[2026-07-26T09:05:47.175+0200][245498.339s][info][gc,heap       ] GC(5429) Eden regions: 666->0(669)
[2026-07-26T09:05:47.175+0200][245498.339s][info][gc,heap       ] GC(5429) Survivor regions: 14->12(85)
[2026-07-26T09:05:47.175+0200][245498.339s][info][gc,heap       ] GC(5429) Old regions: 1693->1693
[2026-07-26T09:05:47.175+0200][245498.339s][info][gc,heap       ] GC(5429) Humongous regions: 16->16
[2026-07-26T09:05:47.175+0200][245498.339s][info][gc,metaspace  ] GC(5429) Metaspace: 740182K(890496K)->740182K(890496K) NonClass: 654496K(792320K)->654496K(792320K) Class: 85685K(98176K)->85685K(98176K)
[2026-07-26T09:05:47.175+0200][245498.339s][info][gc            ] GC(5429) Pause Young (Normal) (G1 Evacuation Pause) 2387M->1719M(2681M) 11.708ms
[2026-07-26T09:05:47.176+0200][245498.339s][info][gc,cpu        ] GC(5429) User=0.08s Sys=0.02s Real=0.02s
[2026-07-26T09:10:15.356+0200][245766.520s][info][gc,start      ] GC(5430) Pause Young (Normal) (G1 Evacuation Pause)
[2026-07-26T09:10:15.356+0200][245766.520s][info][gc,task       ] GC(5430) Using 13 workers of 13 for evacuation
[2026-07-26T09:10:15.367+0200][245766.531s][info][gc,phases     ] GC(5430)   Pre Evacuate Collection Set: 0.3ms
[2026-07-26T09:10:15.367+0200][245766.531s][info][gc,phases     ] GC(5430)   Evacuate Collection Set: 5.8ms
[2026-07-26T09:10:15.367+0200][245766.531s][info][gc,phases     ] GC(5430)   Post Evacuate Collection Set: 4.1ms
[2026-07-26T09:10:15.367+0200][245766.531s][info][gc,phases     ] GC(5430)   Other: 0.9ms
[2026-07-26T09:10:15.367+0200][245766.531s][info][gc,heap       ] GC(5430) Eden regions: 669->0(678)
[2026-07-26T09:10:15.367+0200][245766.531s][info][gc,heap       ] GC(5430) Survivor regions: 12->7(86)
[2026-07-26T09:10:15.367+0200][245766.531s][info][gc,heap       ] GC(5430) Old regions: 1693->1693
[2026-07-26T09:10:15.367+0200][245766.531s][info][gc,heap       ] GC(5430) Humongous regions: 16->16
[2026-07-26T09:10:15.367+0200][245766.531s][info][gc,metaspace  ] GC(5430) Metaspace: 740183K(890496K)->740183K(890496K) NonClass: 654497K(792320K)->654497K(792320K) Class: 85685K(98176K)->85685K(98176K)
[2026-07-26T09:10:15.368+0200][245766.531s][info][gc            ] GC(5430) Pause Young (Normal) (G1 Evacuation Pause) 2388M->1715M(2681M) 11.341ms
[2026-07-26T09:10:15.368+0200][245766.531s][info][gc,cpu        ] GC(5430) User=0.07s Sys=0.00s Real=0.01s
[2026-07-26T09:12:14.800+0200][245885.964s][info][gc,start      ] GC(5431) Pause Young (Normal) (G1 Evacuation Pause)
[2026-07-26T09:12:14.800+0200][245885.964s][info][gc,task       ] GC(5431) Using 13 workers of 13 for evacuation
[2026-07-26T09:12:14.817+0200][245885.980s][info][gc,phases     ] GC(5431)   Pre Evacuate Collection Set: 0.3ms
[2026-07-26T09:12:14.817+0200][245885.980s][info][gc,phases     ] GC(5431)   Evacuate Collection Set: 8.0ms
[2026-07-26T09:12:14.817+0200][245885.980s][info][gc,phases     ] GC(5431)   Post Evacuate Collection Set: 7.4ms
[2026-07-26T09:12:14.817+0200][245885.980s][info][gc,phases     ] GC(5431)   Other: 0.9ms
[2026-07-26T09:12:14.817+0200][245885.981s][info][gc,heap       ] GC(5431) Eden regions: 678->0(675)
[2026-07-26T09:12:14.817+0200][245885.981s][info][gc,heap       ] GC(5431) Survivor regions: 7->10(86)
[2026-07-26T09:12:14.817+0200][245885.981s][info][gc,heap       ] GC(5431) Old regions: 1693->1693
[2026-07-26T09:12:14.817+0200][245885.981s][info][gc,heap       ] GC(5431) Humongous regions: 16->16
[2026-07-26T09:12:14.817+0200][245885.981s][info][gc,metaspace  ] GC(5431) Metaspace: 740183K(890496K)->740183K(890496K) NonClass: 654497K(792320K)->654497K(792320K) Class: 85685K(98176K)->85685K(98176K)
[2026-07-26T09:12:14.817+0200][245885.981s][info][gc            ] GC(5431) Pause Young (Normal) (G1 Evacuation Pause) 2393M->1718M(2681M) 16.858ms
[2026-07-26T09:12:14.817+0200][245885.981s][info][gc,cpu        ] GC(5431) User=0.11s Sys=0.00s Real=0.02s
[2026-07-26T09:13:22.031+0200][245953.194s][info][gc,start      ] GC(5432) Pause Young (Normal) (G1 Evacuation Pause)
[2026-07-26T09:13:22.031+0200][245953.194s][info][gc,task       ] GC(5432) Using 13 workers of 13 for evacuation
[2026-07-26T09:13:22.043+0200][245953.206s][info][gc,phases     ] GC(5432)   Pre Evacuate Collection Set: 0.1ms
[2026-07-26T09:13:22.043+0200][245953.206s][info][gc,phases     ] GC(5432)   Evacuate Collection Set: 8.0ms
[2026-07-26T09:13:22.043+0200][245953.206s][info][gc,phases     ] GC(5432)   Post Evacuate Collection Set: 3.4ms
[2026-07-26T09:13:22.043+0200][245953.206s][info][gc,phases     ] GC(5432)   Other: 0.5ms
[2026-07-26T09:13:22.043+0200][245953.206s][info][gc,heap       ] GC(5432) Eden regions: 675->0(673)
[2026-07-26T09:13:22.043+0200][245953.206s][info][gc,heap       ] GC(5432) Survivor regions: 10->11(86)
[2026-07-26T09:13:22.043+0200][245953.206s][info][gc,heap       ] GC(5432) Old regions: 1693->1693
[2026-07-26T09:13:22.043+0200][245953.206s][info][gc,heap       ] GC(5432) Humongous regions: 16->16
[2026-07-26T09:13:22.043+0200][245953.206s][info][gc,metaspace  ] GC(5432) Metaspace: 740184K(890496K)->740184K(890496K) NonClass: 654498K(792320K)->654498K(792320K) Class: 85685K(98176K)->85685K(98176K)
[2026-07-26T09:13:22.043+0200][245953.206s][info][gc            ] GC(5432) Pause Young (Normal) (G1 Evacuation Pause) 2393M->1719M(2681M) 12.150ms
[2026-07-26T09:13:22.043+0200][245953.206s][info][gc,cpu        ] GC(5432) User=0.10s Sys=0.00s Real=0.01s
[2026-07-26T09:13:55.819+0200][245986.982s][info][gc,start      ] GC(5433) Pause Young (Normal) (G1 Evacuation Pause)
[2026-07-26T09:13:55.819+0200][245986.982s][info][gc,task       ] GC(5433) Using 13 workers of 13 for evacuation
[2026-07-26T09:13:55.829+0200][245986.993s][info][gc,phases     ] GC(5433)   Pre Evacuate Collection Set: 0.1ms
[2026-07-26T09:13:55.829+0200][245986.993s][info][gc,phases     ] GC(5433)   Evacuate Collection Set: 5.9ms
[2026-07-26T09:13:55.829+0200][245986.993s][info][gc,phases     ] GC(5433)   Post Evacuate Collection Set: 3.9ms
[2026-07-26T09:13:55.829+0200][245986.993s][info][gc,phases     ] GC(5433)   Other: 0.4ms
[2026-07-26T09:13:55.829+0200][245986.993s][info][gc,heap       ] GC(5433) Eden regions: 673->0(679)
[2026-07-26T09:13:55.829+0200][245986.993s][info][gc,heap       ] GC(5433) Survivor regions: 11->7(86)
[2026-07-26T09:13:55.829+0200][245986.993s][info][gc,heap       ] GC(5433) Old regions: 1693->1693
[2026-07-26T09:13:55.829+0200][245986.993s][info][gc,heap       ] GC(5433) Humongous regions: 16->16
[2026-07-26T09:13:55.829+0200][245986.993s][info][gc,metaspace  ] GC(5433) Metaspace: 740184K(890496K)->740184K(890496K) NonClass: 654498K(792320K)->654498K(792320K) Class: 85685K(98176K)->85685K(98176K)
[2026-07-26T09:13:55.830+0200][245986.993s][info][gc            ] GC(5433) Pause Young (Normal) (G1 Evacuation Pause) 2392M->1714M(2681M) 10.521ms
[2026-07-26T09:13:55.830+0200][245986.993s][info][gc,cpu        ] GC(5433) User=0.07s Sys=0.00s Real=0.01s
[2026-07-26T09:19:10.838+0200][246302.002s][info][gc,start      ] GC(5434) Pause Young (Normal) (G1 Evacuation Pause)
[2026-07-26T09:19:10.838+0200][246302.002s][info][gc,task       ] GC(5434) Using 13 workers of 13 for evacuation
[2026-07-26T09:19:10.851+0200][246302.015s][info][gc,phases     ] GC(5434)   Pre Evacuate Collection Set: 0.2ms
[2026-07-26T09:19:10.851+0200][246302.015s][info][gc,phases     ] GC(5434)   Evacuate Collection Set: 7.9ms
[2026-07-26T09:19:10.851+0200][246302.015s][info][gc,phases     ] GC(5434)   Post Evacuate Collection Set: 4.5ms
[2026-07-26T09:19:10.851+0200][246302.015s][info][gc,phases     ] GC(5434)   Other: 0.6ms
[2026-07-26T09:19:10.851+0200][246302.015s][info][gc,heap       ] GC(5434) Eden regions: 679->0(675)
[2026-07-26T09:19:10.851+0200][246302.015s][info][gc,heap       ] GC(5434) Survivor regions: 7->11(86)
[2026-07-26T09:19:10.852+0200][246302.015s][info][gc,heap       ] GC(5434) Old regions: 1693->1693
[2026-07-26T09:19:10.852+0200][246302.015s][info][gc,heap       ] GC(5434) Humongous regions: 16->16
[2026-07-26T09:19:10.852+0200][246302.015s][info][gc,metaspace  ] GC(5434) Metaspace: 740184K(890496K)->740184K(890496K) NonClass: 654498K(792320K)->654498K(792320K) Class: 85685K(98176K)->85685K(98176K)
[2026-07-26T09:19:10.852+0200][246302.015s][info][gc            ] GC(5434) Pause Young (Normal) (G1 Evacuation Pause) 2393M->1719M(2681M) 13.402ms
[2026-07-26T09:19:10.852+0200][246302.015s][info][gc,cpu        ] GC(5434) User=0.11s Sys=0.00s Real=0.01s
[2026-07-26T09:19:11.994+0200][246303.158s][info][gc,start      ] GC(5435) Pause Young (Normal) (G1 Evacuation Pause)
[2026-07-26T09:19:11.994+0200][246303.158s][info][gc,task       ] GC(5435) Using 13 workers of 13 for evacuation
[2026-07-26T09:19:12.006+0200][246303.170s][info][gc,phases     ] GC(5435)   Pre Evacuate Collection Set: 0.2ms
[2026-07-26T09:19:12.006+0200][246303.170s][info][gc,phases     ] GC(5435)   Evacuate Collection Set: 6.8ms
[2026-07-26T09:19:12.006+0200][246303.170s][info][gc,phases     ] GC(5435)   Post Evacuate Collection Set: 4.7ms
[2026-07-26T09:19:12.006+0200][246303.170s][info][gc,phases     ] GC(5435)   Other: 0.4ms
[2026-07-26T09:19:12.007+0200][246303.170s][info][gc,heap       ] GC(5435) Eden regions: 675->0(677)
[2026-07-26T09:19:12.007+0200][246303.170s][info][gc,heap       ] GC(5435) Survivor regions: 11->10(86)
[2026-07-26T09:19:12.007+0200][246303.170s][info][gc,heap       ] GC(5435) Old regions: 1693->1693
[2026-07-26T09:19:12.007+0200][246303.170s][info][gc,heap       ] GC(5435) Humongous regions: 16->16
[2026-07-26T09:19:12.007+0200][246303.170s][info][gc,metaspace  ] GC(5435) Metaspace: 740184K(890496K)->740184K(890496K) NonClass: 654498K(792320K)->654498K(792320K) Class: 85685K(98176K)->85685K(98176K)
[2026-07-26T09:19:12.007+0200][246303.170s][info][gc            ] GC(5435) Pause Young (Normal) (G1 Evacuation Pause) 2394M->1718M(2681M) 12.327ms
[2026-07-26T09:19:12.007+0200][246303.170s][info][gc,cpu        ] GC(5435) User=0.10s Sys=0.00s Real=0.02s
[2026-07-26T09:20:23.196+0200][246374.360s][info][gc,start      ] GC(5436) Pause Young (Normal) (G1 Evacuation Pause)
[2026-07-26T09:20:23.196+0200][246374.360s][info][gc,task       ] GC(5436) Using 13 workers of 13 for evacuation
[2026-07-26T09:20:23.242+0200][246374.405s][info][gc,phases     ] GC(5436)   Pre Evacuate Collection Set: 0.3ms
[2026-07-26T09:20:23.242+0200][246374.405s][info][gc,phases     ] GC(5436)   Evacuate Collection Set: 38.1ms
[2026-07-26T09:20:23.242+0200][246374.405s][info][gc,phases     ] GC(5436)   Post Evacuate Collection Set: 6.0ms
[2026-07-26T09:20:23.242+0200][246374.405s][info][gc,phases     ] GC(5436)   Other: 1.0ms
[2026-07-26T09:20:23.242+0200][246374.405s][info][gc,heap       ] GC(5436) Eden regions: 677->0(674)
[2026-07-26T09:20:23.242+0200][246374.405s][info][gc,heap       ] GC(5436) Survivor regions: 10->11(86)
[2026-07-26T09:20:23.242+0200][246374.405s][info][gc,heap       ] GC(5436) Old regions: 1693->1693
[2026-07-26T09:20:23.242+0200][246374.405s][info][gc,heap       ] GC(5436) Humongous regions: 16->16
[2026-07-26T09:20:23.242+0200][246374.405s][info][gc,metaspace  ] GC(5436) Metaspace: 740184K(890496K)->740184K(890496K) NonClass: 654498K(792320K)->654498K(792320K) Class: 85685K(98176K)->85685K(98176K)
[2026-07-26T09:20:23.242+0200][246374.405s][info][gc            ] GC(5436) Pause Young (Normal) (G1 Evacuation Pause) 2395M->1719M(2681M) 45.650ms
[2026-07-26T09:20:23.242+0200][246374.405s][info][gc,cpu        ] GC(5436) User=0.36s Sys=0.00s Real=0.04s
[2026-07-26T09:20:27.170+0200][246378.333s][info][gc,start      ] GC(5437) Pause Young (Normal) (G1 Evacuation Pause)
[2026-07-26T09:20:27.170+0200][246378.334s][info][gc,task       ] GC(5437) Using 13 workers of 13 for evacuation
[2026-07-26T09:20:27.197+0200][246378.361s][info][gc,phases     ] GC(5437)   Pre Evacuate Collection Set: 0.3ms
[2026-07-26T09:20:27.197+0200][246378.361s][info][gc,phases     ] GC(5437)   Evacuate Collection Set: 10.7ms
[2026-07-26T09:20:27.197+0200][246378.361s][info][gc,phases     ] GC(5437)   Post Evacuate Collection Set: 15.6ms
[2026-07-26T09:20:27.198+0200][246378.361s][info][gc,phases     ] GC(5437)   Other: 0.8ms
[2026-07-26T09:20:27.198+0200][246378.361s][info][gc,heap       ] GC(5437) Eden regions: 674->0(674)
[2026-07-26T09:20:27.198+0200][246378.361s][info][gc,heap       ] GC(5437) Survivor regions: 11->11(86)
[2026-07-26T09:20:27.198+0200][246378.361s][info][gc,heap       ] GC(5437) Old regions: 1693->1693
[2026-07-26T09:20:27.198+0200][246378.361s][info][gc,heap       ] GC(5437) Humongous regions: 16->16
[2026-07-26T09:20:27.198+0200][246378.361s][info][gc,metaspace  ] GC(5437) Metaspace: 740184K(890496K)->740184K(890496K) NonClass: 654498K(792320K)->654498K(792320K) Class: 85685K(98176K)->85685K(98176K)
[2026-07-26T09:20:27.198+0200][246378.361s][info][gc            ] GC(5437) Pause Young (Normal) (G1 Evacuation Pause) 2393M->1719M(2681M) 27.619ms
[2026-07-26T09:20:27.198+0200][246378.361s][info][gc,cpu        ] GC(5437) User=0.21s Sys=0.00s Real=0.03s
[2026-07-26T09:20:28.575+0200][246379.739s][info][gc,start      ] GC(5438) Pause Young (Normal) (G1 Evacuation Pause)
[2026-07-26T09:20:28.575+0200][246379.739s][info][gc,task       ] GC(5438) Using 13 workers of 13 for evacuation
[2026-07-26T09:20:28.588+0200][246379.752s][info][gc,phases     ] GC(5438)   Pre Evacuate Collection Set: 0.2ms
[2026-07-26T09:20:28.588+0200][246379.752s][info][gc,phases     ] GC(5438)   Evacuate Collection Set: 8.2ms
[2026-07-26T09:20:28.588+0200][246379.752s][info][gc,phases     ] GC(5438)   Post Evacuate Collection Set: 3.9ms
[2026-07-26T09:20:28.588+0200][246379.752s][info][gc,phases     ] GC(5438)   Other: 0.6ms
[2026-07-26T09:20:28.588+0200][246379.752s][info][gc,heap       ] GC(5438) Eden regions: 674->0(675)
[2026-07-26T09:20:28.588+0200][246379.752s][info][gc,heap       ] GC(5438) Survivor regions: 11->8(86)
[2026-07-26T09:20:28.588+0200][246379.752s][info][gc,heap       ] GC(5438) Old regions: 1693->1696
[2026-07-26T09:20:28.589+0200][246379.752s][info][gc,heap       ] GC(5438) Humongous regions: 16->16
[2026-07-26T09:20:28.589+0200][246379.752s][info][gc,metaspace  ] GC(5438) Metaspace: 740184K(890496K)->740184K(890496K) NonClass: 654498K(792320K)->654498K(792320K) Class: 85685K(98176K)->85685K(98176K)
[2026-07-26T09:20:28.589+0200][246379.752s][info][gc            ] GC(5438) Pause Young (Normal) (G1 Evacuation Pause) 2393M->1718M(2681M) 13.207ms
[2026-07-26T09:20:28.589+0200][246379.752s][info][gc,cpu        ] GC(5438) User=0.10s Sys=0.01s Real=0.01s
[2026-07-26T09:20:33.715+0200][246384.879s][info][gc,start      ] GC(5439) Pause Young (Normal) (G1 Evacuation Pause)
[2026-07-26T09:20:33.716+0200][246384.879s][info][gc,task       ] GC(5439) Using 13 workers of 13 for evacuation
[2026-07-26T09:20:33.729+0200][246384.893s][info][gc,phases     ] GC(5439)   Pre Evacuate Collection Set: 0.2ms
[2026-07-26T09:20:33.729+0200][246384.893s][info][gc,phases     ] GC(5439)   Evacuate Collection Set: 8.3ms
[2026-07-26T09:20:33.729+0200][246384.893s][info][gc,phases     ] GC(5439)   Post Evacuate Collection Set: 4.4ms
[2026-07-26T09:20:33.729+0200][246384.893s][info][gc,phases     ] GC(5439)   Other: 0.8ms
[2026-07-26T09:20:33.729+0200][246384.893s][info][gc,heap       ] GC(5439) Eden regions: 675->0(675)
[2026-07-26T09:20:33.729+0200][246384.893s][info][gc,heap       ] GC(5439) Survivor regions: 8->6(86)
[2026-07-26T09:20:33.730+0200][246384.893s][info][gc,heap       ] GC(5439) Old regions: 1696->1697
[2026-07-26T09:20:33.730+0200][246384.893s][info][gc,heap       ] GC(5439) Humongous regions: 16->16
[2026-07-26T09:20:33.730+0200][246384.893s][info][gc,metaspace  ] GC(5439) Metaspace: 740184K(890496K)->740184K(890496K) NonClass: 654498K(792320K)->654498K(792320K) Class: 85685K(98176K)->85685K(98176K)
[2026-07-26T09:20:33.730+0200][246384.893s][info][gc            ] GC(5439) Pause Young (Normal) (G1 Evacuation Pause) 2393M->1718M(2681M) 14.142ms
[2026-07-26T09:20:33.730+0200][246384.893s][info][gc,cpu        ] GC(5439) User=0.07s Sys=0.01s Real=0.01s
[2026-07-26T09:22:13.267+0200][246484.430s][info][gc,start      ] GC(5440) Pause Young (Normal) (G1 Evacuation Pause)
[2026-07-26T09:22:13.267+0200][246484.430s][info][gc,task       ] GC(5440) Using 13 workers of 13 for evacuation
[2026-07-26T09:22:13.277+0200][246484.440s][info][gc,phases     ] GC(5440)   Pre Evacuate Collection Set: 0.2ms
[2026-07-26T09:22:13.277+0200][246484.440s][info][gc,phases     ] GC(5440)   Evacuate Collection Set: 6.4ms
[2026-07-26T09:22:13.277+0200][246484.440s][info][gc,phases     ] GC(5440)   Post Evacuate Collection Set: 3.1ms
[2026-07-26T09:22:13.277+0200][246484.440s][info][gc,phases     ] GC(5440)   Other: 0.5ms
[2026-07-26T09:22:13.277+0200][246484.440s][info][gc,heap       ] GC(5440) Eden regions: 675->0(673)
[2026-07-26T09:22:13.277+0200][246484.440s][info][gc,heap       ] GC(5440) Survivor regions: 6->7(86)
[2026-07-26T09:22:13.277+0200][246484.440s][info][gc,heap       ] GC(5440) Old regions: 1697->1698
[2026-07-26T09:22:13.277+0200][246484.440s][info][gc,heap       ] GC(5440) Humongous regions: 16->16
[2026-07-26T09:22:13.277+0200][246484.440s][info][gc,metaspace  ] GC(5440) Metaspace: 740184K(890496K)->740184K(890496K) NonClass: 654498K(792320K)->654498K(792320K) Class: 85685K(98176K)->85685K(98176K)
[2026-07-26T09:22:13.277+0200][246484.440s][info][gc            ] GC(5440) Pause Young (Normal) (G1 Evacuation Pause) 2393M->1719M(2681M) 10.461ms
[2026-07-26T09:22:13.277+0200][246484.441s][info][gc,cpu        ] GC(5440) User=0.09s Sys=0.01s Real=0.01s
[2026-07-26T09:22:33.916+0200][246505.080s][info][gc,start      ] GC(5441) Pause Young (Normal) (G1 Evacuation Pause)
[2026-07-26T09:22:33.916+0200][246505.080s][info][gc,task       ] GC(5441) Using 13 workers of 13 for evacuation
[2026-07-26T09:22:33.925+0200][246505.088s][info][gc,phases     ] GC(5441)   Pre Evacuate Collection Set: 0.2ms
[2026-07-26T09:22:33.925+0200][246505.088s][info][gc,phases     ] GC(5441)   Evacuate Collection Set: 5.1ms
[2026-07-26T09:22:33.925+0200][246505.088s][info][gc,phases     ] GC(5441)   Post Evacuate Collection Set: 2.7ms
[2026-07-26T09:22:33.925+0200][246505.088s][info][gc,phases     ] GC(5441)   Other: 0.5ms
[2026-07-26T09:22:33.925+0200][246505.088s][info][gc,heap       ] GC(5441) Eden regions: 673->0(673)
[2026-07-26T09:22:33.925+0200][246505.088s][info][gc,heap       ] GC(5441) Survivor regions: 7->6(85)
[2026-07-26T09:22:33.925+0200][246505.088s][info][gc,heap       ] GC(5441) Old regions: 1698->1698
[2026-07-26T09:22:33.925+0200][246505.089s][info][gc,heap       ] GC(5441) Humongous regions: 16->16
[2026-07-26T09:22:33.925+0200][246505.089s][info][gc,metaspace  ] GC(5441) Metaspace: 740184K(890496K)->740184K(890496K) NonClass: 654498K(792320K)->654498K(792320K) Class: 85686K(98176K)->85686K(98176K)
[2026-07-26T09:22:33.925+0200][246505.089s][info][gc            ] GC(5441) Pause Young (Normal) (G1 Evacuation Pause) 2392M->1719M(2681M) 8.732ms
[2026-07-26T09:22:33.925+0200][246505.089s][info][gc,cpu        ] GC(5441) User=0.06s Sys=0.01s Real=0.01s
[2026-07-26T09:22:34.813+0200][246505.976s][info][gc,start      ] GC(5442) Pause Young (Normal) (G1 Evacuation Pause)
[2026-07-26T09:22:34.813+0200][246505.976s][info][gc,task       ] GC(5442) Using 13 workers of 13 for evacuation
[2026-07-26T09:22:34.827+0200][246505.990s][info][gc,phases     ] GC(5442)   Pre Evacuate Collection Set: 0.1ms
[2026-07-26T09:22:34.827+0200][246505.990s][info][gc,phases     ] GC(5442)   Evacuate Collection Set: 10.5ms
[2026-07-26T09:22:34.827+0200][246505.990s][info][gc,phases     ] GC(5442)   Post Evacuate Collection Set: 3.1ms
[2026-07-26T09:22:34.827+0200][246505.990s][info][gc,phases     ] GC(5442)   Other: 0.4ms
[2026-07-26T09:22:34.827+0200][246505.990s][info][gc,heap       ] GC(5442) Eden regions: 673->0(674)
[2026-07-26T09:22:34.827+0200][246505.990s][info][gc,heap       ] GC(5442) Survivor regions: 6->6(85)
[2026-07-26T09:22:34.827+0200][246505.990s][info][gc,heap       ] GC(5442) Old regions: 1698->1698
[2026-07-26T09:22:34.827+0200][246505.990s][info][gc,heap       ] GC(5442) Humongous regions: 16->16
[2026-07-26T09:22:34.827+0200][246505.990s][info][gc,metaspace  ] GC(5442) Metaspace: 740184K(890496K)->740184K(890496K) NonClass: 654498K(792320K)->654498K(792320K) Class: 85686K(98176K)->85686K(98176K)
[2026-07-26T09:22:34.827+0200][246505.991s][info][gc            ] GC(5442) Pause Young (Normal) (G1 Evacuation Pause) 2392M->1718M(2681M) 14.371ms
[2026-07-26T09:22:34.827+0200][246505.991s][info][gc,cpu        ] GC(5442) User=0.10s Sys=0.00s Real=0.02s
[2026-07-26T09:22:38.963+0200][246510.127s][info][gc,start      ] GC(5443) Pause Young (Normal) (G1 Evacuation Pause)
[2026-07-26T09:22:38.963+0200][246510.127s][info][gc,task       ] GC(5443) Using 13 workers of 13 for evacuation
[2026-07-26T09:22:38.981+0200][246510.145s][info][gc,phases     ] GC(5443)   Pre Evacuate Collection Set: 0.1ms
[2026-07-26T09:22:38.982+0200][246510.145s][info][gc,phases     ] GC(5443)   Evacuate Collection Set: 8.9ms
[2026-07-26T09:22:38.982+0200][246510.145s][info][gc,phases     ] GC(5443)   Post Evacuate Collection Set: 8.9ms
[2026-07-26T09:22:38.982+0200][246510.145s][info][gc,phases     ] GC(5443)   Other: 0.4ms
[2026-07-26T09:22:38.982+0200][246510.145s][info][gc,heap       ] GC(5443) Eden regions: 674->0(672)
[2026-07-26T09:22:38.982+0200][246510.145s][info][gc,heap       ] GC(5443) Survivor regions: 6->7(85)
[2026-07-26T09:22:38.982+0200][246510.145s][info][gc,heap       ] GC(5443) Old regions: 1698->1698
[2026-07-26T09:22:38.982+0200][246510.145s][info][gc,heap       ] GC(5443) Humongous regions: 16->16
[2026-07-26T09:22:38.982+0200][246510.145s][info][gc,metaspace  ] GC(5443) Metaspace: 740184K(890496K)->740184K(890496K) NonClass: 654498K(792320K)->654498K(792320K) Class: 85686K(98176K)->85686K(98176K)
[2026-07-26T09:22:38.982+0200][246510.145s][info][gc            ] GC(5443) Pause Young (Normal) (G1 Evacuation Pause) 2392M->1719M(2681M) 18.508ms
[2026-07-26T09:22:38.982+0200][246510.145s][info][gc,cpu        ] GC(5443) User=0.14s Sys=0.00s Real=0.02s
[2026-07-26T09:22:58.366+0200][246529.529s][info][gc,start      ] GC(5444) Pause Young (Normal) (G1 Evacuation Pause)
[2026-07-26T09:22:58.366+0200][246529.530s][info][gc,task       ] GC(5444) Using 13 workers of 13 for evacuation
[2026-07-26T09:22:58.374+0200][246529.537s][info][gc,phases     ] GC(5444)   Pre Evacuate Collection Set: 0.1ms
[2026-07-26T09:22:58.374+0200][246529.537s][info][gc,phases     ] GC(5444)   Evacuate Collection Set: 4.4ms
[2026-07-26T09:22:58.374+0200][246529.537s][info][gc,phases     ] GC(5444)   Post Evacuate Collection Set: 3.0ms
[2026-07-26T09:22:58.374+0200][246529.537s][info][gc,phases     ] GC(5444)   Other: 0.4ms
[2026-07-26T09:22:58.374+0200][246529.537s][info][gc,heap       ] GC(5444) Eden regions: 672->0(676)
[2026-07-26T09:22:58.374+0200][246529.537s][info][gc,heap       ] GC(5444) Survivor regions: 7->4(85)
[2026-07-26T09:22:58.374+0200][246529.537s][info][gc,heap       ] GC(5444) Old regions: 1698->1698
[2026-07-26T09:22:58.374+0200][246529.537s][info][gc,heap       ] GC(5444) Humongous regions: 16->16
[2026-07-26T09:22:58.374+0200][246529.538s][info][gc,metaspace  ] GC(5444) Metaspace: 740184K(890496K)->740184K(890496K) NonClass: 654498K(792320K)->654498K(792320K) Class: 85686K(98176K)->85686K(98176K)
[2026-07-26T09:22:58.374+0200][246529.538s][info][gc            ] GC(5444) Pause Young (Normal) (G1 Evacuation Pause) 2391M->1717M(2681M) 8.077ms
[2026-07-26T09:22:58.374+0200][246529.538s][info][gc,cpu        ] GC(5444) User=0.05s Sys=0.00s Real=0.00s
[2026-07-26T09:23:02.698+0200][246533.861s][info][gc,start      ] GC(5445) Pause Young (Normal) (G1 Evacuation Pause)
[2026-07-26T09:23:02.698+0200][246533.861s][info][gc,task       ] GC(5445) Using 13 workers of 13 for evacuation
[2026-07-26T09:23:02.708+0200][246533.871s][info][gc,phases     ] GC(5445)   Pre Evacuate Collection Set: 0.1ms
[2026-07-26T09:23:02.708+0200][246533.871s][info][gc,phases     ] GC(5445)   Evacuate Collection Set: 6.0ms
[2026-07-26T09:23:02.708+0200][246533.871s][info][gc,phases     ] GC(5445)   Post Evacuate Collection Set: 3.4ms
[2026-07-26T09:23:02.708+0200][246533.871s][info][gc,phases     ] GC(5445)   Other: 0.4ms
[2026-07-26T09:23:02.708+0200][246533.871s][info][gc,heap       ] GC(5445) Eden regions: 676->0(675)
[2026-07-26T09:23:02.708+0200][246533.871s][info][gc,heap       ] GC(5445) Survivor regions: 4->5(85)
[2026-07-26T09:23:02.708+0200][246533.871s][info][gc,heap       ] GC(5445) Old regions: 1698->1698
[2026-07-26T09:23:02.708+0200][246533.871s][info][gc,heap       ] GC(5445) Humongous regions: 16->16
[2026-07-26T09:23:02.708+0200][246533.871s][info][gc,metaspace  ] GC(5445) Metaspace: 740184K(890496K)->740184K(890496K) NonClass: 654498K(792320K)->654498K(792320K) Class: 85686K(98176K)->85686K(98176K)
[2026-07-26T09:23:02.708+0200][246533.871s][info][gc            ] GC(5445) Pause Young (Normal) (G1 Evacuation Pause) 2393M->1718M(2681M) 10.067ms
[2026-07-26T09:23:02.708+0200][246533.871s][info][gc,cpu        ] GC(5445) User=0.06s Sys=0.00s Real=0.01s
[2026-07-26T09:23:55.777+0200][246586.940s][info][gc,start      ] GC(5446) Pause Young (Normal) (G1 Evacuation Pause)
[2026-07-26T09:23:55.777+0200][246586.940s][info][gc,task       ] GC(5446) Using 13 workers of 13 for evacuation
[2026-07-26T09:23:55.786+0200][246586.950s][info][gc,phases     ] GC(5446)   Pre Evacuate Collection Set: 0.2ms
[2026-07-26T09:23:55.786+0200][246586.950s][info][gc,phases     ] GC(5446)   Evacuate Collection Set: 5.8ms
[2026-07-26T09:23:55.786+0200][246586.950s][info][gc,phases     ] GC(5446)   Post Evacuate Collection Set: 3.0ms
[2026-07-26T09:23:55.786+0200][246586.950s][info][gc,phases     ] GC(5446)   Other: 0.6ms
[2026-07-26T09:23:55.786+0200][246586.950s][info][gc,heap       ] GC(5446) Eden regions: 675->0(674)
[2026-07-26T09:23:55.786+0200][246586.950s][info][gc,heap       ] GC(5446) Survivor regions: 5->6(85)
[2026-07-26T09:23:55.786+0200][246586.950s][info][gc,heap       ] GC(5446) Old regions: 1698->1698
[2026-07-26T09:23:55.786+0200][246586.950s][info][gc,heap       ] GC(5446) Humongous regions: 16->16
[2026-07-26T09:23:55.786+0200][246586.950s][info][gc,metaspace  ] GC(5446) Metaspace: 740184K(890496K)->740184K(890496K) NonClass: 654498K(792320K)->654498K(792320K) Class: 85686K(98176K)->85686K(98176K)
[2026-07-26T09:23:55.786+0200][246586.950s][info][gc            ] GC(5446) Pause Young (Normal) (G1 Evacuation Pause) 2393M->1719M(2681M) 9.764ms
[2026-07-26T09:23:55.786+0200][246586.950s][info][gc,cpu        ] GC(5446) User=0.06s Sys=0.01s Real=0.01s
[2026-07-26T09:23:57.991+0200][246589.154s][info][gc,start      ] GC(5447) Pause Young (Normal) (G1 Evacuation Pause)
[2026-07-26T09:23:57.991+0200][246589.154s][info][gc,task       ] GC(5447) Using 13 workers of 13 for evacuation
[2026-07-26T09:23:57.999+0200][246589.163s][info][gc,phases     ] GC(5447)   Pre Evacuate Collection Set: 0.1ms
[2026-07-26T09:23:57.999+0200][246589.163s][info][gc,phases     ] GC(5447)   Evacuate Collection Set: 5.3ms
[2026-07-26T09:23:57.999+0200][246589.163s][info][gc,phases     ] GC(5447)   Post Evacuate Collection Set: 2.9ms
[2026-07-26T09:23:57.999+0200][246589.163s][info][gc,phases     ] GC(5447)   Other: 0.4ms
[2026-07-26T09:23:57.999+0200][246589.163s][info][gc,heap       ] GC(5447) Eden regions: 674->0(672)
[2026-07-26T09:23:57.999+0200][246589.163s][info][gc,heap       ] GC(5447) Survivor regions: 6->6(85)
[2026-07-26T09:23:58.000+0200][246589.163s][info][gc,heap       ] GC(5447) Old regions: 1698->1699
[2026-07-26T09:23:58.000+0200][246589.163s][info][gc,heap       ] GC(5447) Humongous regions: 16->16
[2026-07-26T09:23:58.000+0200][246589.163s][info][gc,metaspace  ] GC(5447) Metaspace: 740184K(890496K)->740184K(890496K) NonClass: 654498K(792320K)->654498K(792320K) Class: 85686K(98176K)->85686K(98176K)
[2026-07-26T09:23:58.000+0200][246589.163s][info][gc            ] GC(5447) Pause Young (Normal) (G1 Evacuation Pause) 2393M->1719M(2681M) 8.925ms
[2026-07-26T09:23:58.000+0200][246589.163s][info][gc,cpu        ] GC(5447) User=0.07s Sys=0.00s Real=0.01s
[2026-07-26T09:24:10.708+0200][246601.872s][info][gc,start      ] GC(5448) Pause Young (Normal) (G1 Evacuation Pause)
[2026-07-26T09:24:10.708+0200][246601.872s][info][gc,task       ] GC(5448) Using 13 workers of 13 for evacuation
[2026-07-26T09:24:10.725+0200][246601.889s][info][gc,phases     ] GC(5448)   Pre Evacuate Collection Set: 0.1ms
[2026-07-26T09:24:10.725+0200][246601.889s][info][gc,phases     ] GC(5448)   Evacuate Collection Set: 6.5ms
[2026-07-26T09:24:10.725+0200][246601.889s][info][gc,phases     ] GC(5448)   Post Evacuate Collection Set: 10.0ms
[2026-07-26T09:24:10.725+0200][246601.889s][info][gc,phases     ] GC(5448)   Other: 0.5ms
[2026-07-26T09:24:10.725+0200][246601.889s][info][gc,heap       ] GC(5448) Eden regions: 672->0(676)
[2026-07-26T09:24:10.725+0200][246601.889s][info][gc,heap       ] GC(5448) Survivor regions: 6->4(85)
[2026-07-26T09:24:10.725+0200][246601.889s][info][gc,heap       ] GC(5448) Old regions: 1699->1699
[2026-07-26T09:24:10.725+0200][246601.889s][info][gc,heap       ] GC(5448) Humongous regions: 16->16
[2026-07-26T09:24:10.725+0200][246601.889s][info][gc,metaspace  ] GC(5448) Metaspace: 740184K(890496K)->740184K(890496K) NonClass: 654498K(792320K)->654498K(792320K) Class: 85686K(98176K)->85686K(98176K)
[2026-07-26T09:24:10.726+0200][246601.889s][info][gc            ] GC(5448) Pause Young (Normal) (G1 Evacuation Pause) 2391M->1717M(2681M) 17.306ms
[2026-07-26T09:24:10.726+0200][246601.889s][info][gc,cpu        ] GC(5448) User=0.10s Sys=0.01s Real=0.02s
[2026-07-26T09:28:55.820+0200][246886.984s][info][gc,start      ] GC(5449) Pause Young (Normal) (G1 Evacuation Pause)
[2026-07-26T09:28:55.820+0200][246886.984s][info][gc,task       ] GC(5449) Using 13 workers of 13 for evacuation
[2026-07-26T09:28:55.829+0200][246886.992s][info][gc,phases     ] GC(5449)   Pre Evacuate Collection Set: 0.1ms
[2026-07-26T09:28:55.829+0200][246886.992s][info][gc,phases     ] GC(5449)   Evacuate Collection Set: 3.0ms
[2026-07-26T09:28:55.829+0200][246886.992s][info][gc,phases     ] GC(5449)   Post Evacuate Collection Set: 4.8ms
[2026-07-26T09:28:55.829+0200][246886.992s][info][gc,phases     ] GC(5449)   Other: 0.5ms
[2026-07-26T09:28:55.829+0200][246886.992s][info][gc,heap       ] GC(5449) Eden regions: 676->0(680)
[2026-07-26T09:28:55.829+0200][246886.992s][info][gc,heap       ] GC(5449) Survivor regions: 4->2(85)
[2026-07-26T09:28:55.829+0200][246886.992s][info][gc,heap       ] GC(5449) Old regions: 1699->1699
[2026-07-26T09:28:55.829+0200][246886.992s][info][gc,heap       ] GC(5449) Humongous regions: 16->16
[2026-07-26T09:28:55.829+0200][246886.992s][info][gc,metaspace  ] GC(5449) Metaspace: 740184K(890496K)->740184K(890496K) NonClass: 654498K(792320K)->654498K(792320K) Class: 85686K(98176K)->85686K(98176K)
[2026-07-26T09:28:55.829+0200][246886.992s][info][gc            ] GC(5449) Pause Young (Normal) (G1 Evacuation Pause) 2393M->1716M(2681M) 8.556ms
[2026-07-26T09:28:55.829+0200][246886.992s][info][gc,cpu        ] GC(5449) User=0.05s Sys=0.00s Real=0.01s
[2026-07-26T09:39:15.381+0200][247506.545s][info][gc,start      ] GC(5450) Pause Young (Normal) (G1 Evacuation Pause)
[2026-07-26T09:39:15.381+0200][247506.545s][info][gc,task       ] GC(5450) Using 13 workers of 13 for evacuation
[2026-07-26T09:39:15.391+0200][247506.555s][info][gc,phases     ] GC(5450)   Pre Evacuate Collection Set: 0.1ms
[2026-07-26T09:39:15.392+0200][247506.555s][info][gc,phases     ] GC(5450)   Evacuate Collection Set: 3.5ms
[2026-07-26T09:39:15.392+0200][247506.555s][info][gc,phases     ] GC(5450)   Post Evacuate Collection Set: 5.9ms
[2026-07-26T09:39:15.392+0200][247506.555s][info][gc,phases     ] GC(5450)   Other: 0.6ms
[2026-07-26T09:39:15.392+0200][247506.555s][info][gc,heap       ] GC(5450) Eden regions: 680->0(681)
[2026-07-26T09:39:15.392+0200][247506.555s][info][gc,heap       ] GC(5450) Survivor regions: 2->3(86)
[2026-07-26T09:39:15.392+0200][247506.555s][info][gc,heap       ] GC(5450) Old regions: 1699->1699
[2026-07-26T09:39:15.392+0200][247506.555s][info][gc,heap       ] GC(5450) Humongous regions: 16->16
[2026-07-26T09:39:15.392+0200][247506.555s][info][gc,metaspace  ] GC(5450) Metaspace: 740184K(890496K)->740184K(890496K) NonClass: 654498K(792320K)->654498K(792320K) Class: 85686K(98176K)->85686K(98176K)
[2026-07-26T09:39:15.392+0200][247506.555s][info][gc            ] GC(5450) Pause Young (Normal) (G1 Evacuation Pause) 2396M->1716M(2681M) 10.353ms
[2026-07-26T09:39:15.392+0200][247506.555s][info][gc,cpu        ] GC(5450) User=0.07s Sys=0.00s Real=0.01s
[2026-07-26T09:42:36.697+0200][247707.861s][info][gc,start      ] GC(5451) Pause Young (Normal) (G1 Evacuation Pause)
[2026-07-26T09:42:36.698+0200][247707.861s][info][gc,task       ] GC(5451) Using 13 workers of 13 for evacuation
[2026-07-26T09:42:36.706+0200][247707.870s][info][gc,phases     ] GC(5451)   Pre Evacuate Collection Set: 0.2ms
[2026-07-26T09:42:36.706+0200][247707.870s][info][gc,phases     ] GC(5451)   Evacuate Collection Set: 3.6ms
[2026-07-26T09:42:36.706+0200][247707.870s][info][gc,phases     ] GC(5451)   Post Evacuate Collection Set: 4.6ms
[2026-07-26T09:42:36.706+0200][247707.870s][info][gc,phases     ] GC(5451)   Other: 0.6ms
[2026-07-26T09:42:36.706+0200][247707.870s][info][gc,heap       ] GC(5451) Eden regions: 681->0(682)
[2026-07-26T09:42:36.707+0200][247707.870s][info][gc,heap       ] GC(5451) Survivor regions: 3->3(86)
[2026-07-26T09:42:36.707+0200][247707.870s][info][gc,heap       ] GC(5451) Old regions: 1699->1699
[2026-07-26T09:42:36.707+0200][247707.870s][info][gc,heap       ] GC(5451) Humongous regions: 16->16
[2026-07-26T09:42:36.707+0200][247707.870s][info][gc,metaspace  ] GC(5451) Metaspace: 740184K(890496K)->740184K(890496K) NonClass: 654498K(792320K)->654498K(792320K) Class: 85686K(98176K)->85686K(98176K)
[2026-07-26T09:42:36.707+0200][247707.870s][info][gc            ] GC(5451) Pause Young (Normal) (G1 Evacuation Pause) 2397M->1716M(2681M) 9.113ms
[2026-07-26T09:42:36.707+0200][247707.870s][info][gc,cpu        ] GC(5451) User=0.05s Sys=0.01s Real=0.01s
[2026-07-26T09:44:59.682+0200][247850.845s][info][gc,start      ] GC(5452) Pause Young (Normal) (G1 Evacuation Pause)
[2026-07-26T09:44:59.682+0200][247850.845s][info][gc,task       ] GC(5452) Using 13 workers of 13 for evacuation
[2026-07-26T09:44:59.694+0200][247850.857s][info][gc,phases     ] GC(5452)   Pre Evacuate Collection Set: 0.1ms
[2026-07-26T09:44:59.694+0200][247850.857s][info][gc,phases     ] GC(5452)   Evacuate Collection Set: 5.5ms
[2026-07-26T09:44:59.694+0200][247850.857s][info][gc,phases     ] GC(5452)   Post Evacuate Collection Set: 5.8ms
[2026-07-26T09:44:59.694+0200][247850.857s][info][gc,phases     ] GC(5452)   Other: 0.5ms
[2026-07-26T09:44:59.694+0200][247850.857s][info][gc,heap       ] GC(5452) Eden regions: 682->0(680)
[2026-07-26T09:44:59.694+0200][247850.857s][info][gc,heap       ] GC(5452) Survivor regions: 3->5(86)
[2026-07-26T09:44:59.694+0200][247850.857s][info][gc,heap       ] GC(5452) Old regions: 1699->1699
[2026-07-26T09:44:59.694+0200][247850.857s][info][gc,heap       ] GC(5452) Humongous regions: 16->16
[2026-07-26T09:44:59.694+0200][247850.857s][info][gc,metaspace  ] GC(5452) Metaspace: 740184K(890496K)->740184K(890496K) NonClass: 654498K(792320K)->654498K(792320K) Class: 85686K(98176K)->85686K(98176K)
[2026-07-26T09:44:59.694+0200][247850.857s][info][gc            ] GC(5452) Pause Young (Normal) (G1 Evacuation Pause) 2398M->1719M(2681M) 12.078ms
[2026-07-26T09:44:59.694+0200][247850.857s][info][gc,cpu        ] GC(5452) User=0.08s Sys=0.00s Real=0.01s
[2026-07-26T09:45:05.277+0200][247856.440s][info][gc,start      ] GC(5453) Pause Young (Normal) (G1 Evacuation Pause)
[2026-07-26T09:45:05.277+0200][247856.440s][info][gc,task       ] GC(5453) Using 13 workers of 13 for evacuation
[2026-07-26T09:45:05.295+0200][247856.458s][info][gc,phases     ] GC(5453)   Pre Evacuate Collection Set: 0.3ms
[2026-07-26T09:45:05.295+0200][247856.458s][info][gc,phases     ] GC(5453)   Evacuate Collection Set: 9.0ms
[2026-07-26T09:45:05.295+0200][247856.458s][info][gc,phases     ] GC(5453)   Post Evacuate Collection Set: 7.6ms
[2026-07-26T09:45:05.295+0200][247856.458s][info][gc,phases     ] GC(5453)   Other: 0.9ms
[2026-07-26T09:45:05.295+0200][247856.458s][info][gc,heap       ] GC(5453) Eden regions: 680->0(666)
[2026-07-26T09:45:05.295+0200][247856.458s][info][gc,heap       ] GC(5453) Survivor regions: 5->12(86)
[2026-07-26T09:45:05.295+0200][247856.458s][info][gc,heap       ] GC(5453) Old regions: 1699->1699
[2026-07-26T09:45:05.295+0200][247856.458s][info][gc,heap       ] GC(5453) Humongous regions: 16->16
[2026-07-26T09:45:05.295+0200][247856.458s][info][gc,metaspace  ] GC(5453) Metaspace: 740184K(890496K)->740184K(890496K) NonClass: 654498K(792320K)->654498K(792320K) Class: 85686K(98176K)->85686K(98176K)
[2026-07-26T09:45:05.295+0200][247856.458s][info][gc            ] GC(5453) Pause Young (Normal) (G1 Evacuation Pause) 2399M->1725M(2681M) 18.163ms
[2026-07-26T09:45:05.295+0200][247856.458s][info][gc,cpu        ] GC(5453) User=0.13s Sys=0.00s Real=0.02s
[2026-07-26T09:45:06.013+0200][247857.176s][info][gc,start      ] GC(5454) Pause Young (Normal) (G1 Evacuation Pause)
[2026-07-26T09:45:06.013+0200][247857.176s][info][gc,task       ] GC(5454) Using 13 workers of 13 for evacuation
[2026-07-26T09:45:06.027+0200][247857.190s][info][gc,phases     ] GC(5454)   Pre Evacuate Collection Set: 0.2ms
[2026-07-26T09:45:06.027+0200][247857.190s][info][gc,phases     ] GC(5454)   Evacuate Collection Set: 9.8ms
[2026-07-26T09:45:06.027+0200][247857.190s][info][gc,phases     ] GC(5454)   Post Evacuate Collection Set: 3.5ms
[2026-07-26T09:45:06.027+0200][247857.190s][info][gc,phases     ] GC(5454)   Other: 0.5ms
[2026-07-26T09:45:06.027+0200][247857.190s][info][gc,heap       ] GC(5454) Eden regions: 666->0(666)
[2026-07-26T09:45:06.027+0200][247857.190s][info][gc,heap       ] GC(5454) Survivor regions: 12->11(85)
[2026-07-26T09:45:06.027+0200][247857.190s][info][gc,heap       ] GC(5454) Old regions: 1699->1699
[2026-07-26T09:45:06.027+0200][247857.190s][info][gc,heap       ] GC(5454) Humongous regions: 16->16
[2026-07-26T09:45:06.027+0200][247857.190s][info][gc,metaspace  ] GC(5454) Metaspace: 740187K(890496K)->740187K(890496K) NonClass: 654500K(792320K)->654500K(792320K) Class: 85687K(98176K)->85687K(98176K)
[2026-07-26T09:45:06.027+0200][247857.190s][info][gc            ] GC(5454) Pause Young (Normal) (G1 Evacuation Pause) 2391M->1725M(2681M) 14.252ms
[2026-07-26T09:45:06.027+0200][247857.190s][info][gc,cpu        ] GC(5454) User=0.11s Sys=0.00s Real=0.02s
[2026-07-26T09:45:08.409+0200][247859.573s][info][gc,start      ] GC(5455) Pause Young (Normal) (G1 Evacuation Pause)
[2026-07-26T09:45:08.409+0200][247859.573s][info][gc,task       ] GC(5455) Using 13 workers of 13 for evacuation
[2026-07-26T09:45:08.422+0200][247859.585s][info][gc,phases     ] GC(5455)   Pre Evacuate Collection Set: 0.2ms
[2026-07-26T09:45:08.422+0200][247859.585s][info][gc,phases     ] GC(5455)   Evacuate Collection Set: 6.7ms
[2026-07-26T09:45:08.422+0200][247859.585s][info][gc,phases     ] GC(5455)   Post Evacuate Collection Set: 4.9ms
[2026-07-26T09:45:08.422+0200][247859.585s][info][gc,phases     ] GC(5455)   Other: 0.5ms
[2026-07-26T09:45:08.422+0200][247859.585s][info][gc,heap       ] GC(5455) Eden regions: 666->0(670)
[2026-07-26T09:45:08.422+0200][247859.585s][info][gc,heap       ] GC(5455) Survivor regions: 11->7(85)
[2026-07-26T09:45:08.422+0200][247859.585s][info][gc,heap       ] GC(5455) Old regions: 1699->1699
[2026-07-26T09:45:08.422+0200][247859.585s][info][gc,heap       ] GC(5455) Humongous regions: 16->16
[2026-07-26T09:45:08.422+0200][247859.585s][info][gc,metaspace  ] GC(5455) Metaspace: 740189K(890496K)->740189K(890496K) NonClass: 654501K(792320K)->654501K(792320K) Class: 85687K(98176K)->85687K(98176K)
[2026-07-26T09:45:08.422+0200][247859.585s][info][gc            ] GC(5455) Pause Young (Normal) (G1 Evacuation Pause) 2391M->1720M(2681M) 12.574ms
[2026-07-26T09:45:08.422+0200][247859.585s][info][gc,cpu        ] GC(5455) User=0.10s Sys=0.00s Real=0.01s
[2026-07-26T09:45:09.560+0200][247860.724s][info][gc,start      ] GC(5456) Pause Young (Normal) (G1 Evacuation Pause)
[2026-07-26T09:45:09.560+0200][247860.724s][info][gc,task       ] GC(5456) Using 13 workers of 13 for evacuation
[2026-07-26T09:45:09.571+0200][247860.735s][info][gc,phases     ] GC(5456)   Pre Evacuate Collection Set: 0.2ms
[2026-07-26T09:45:09.571+0200][247860.735s][info][gc,phases     ] GC(5456)   Evacuate Collection Set: 6.2ms
[2026-07-26T09:45:09.571+0200][247860.735s][info][gc,phases     ] GC(5456)   Post Evacuate Collection Set: 4.1ms
[2026-07-26T09:45:09.571+0200][247860.735s][info][gc,phases     ] GC(5456)   Other: 0.7ms
[2026-07-26T09:45:09.571+0200][247860.735s][info][gc,heap       ] GC(5456) Eden regions: 670->0(669)
[2026-07-26T09:45:09.571+0200][247860.735s][info][gc,heap       ] GC(5456) Survivor regions: 7->8(85)
[2026-07-26T09:45:09.571+0200][247860.735s][info][gc,heap       ] GC(5456) Old regions: 1699->1699
[2026-07-26T09:45:09.571+0200][247860.735s][info][gc,heap       ] GC(5456) Humongous regions: 16->16
[2026-07-26T09:45:09.572+0200][247860.735s][info][gc,metaspace  ] GC(5456) Metaspace: 740189K(890496K)->740189K(890496K) NonClass: 654501K(792320K)->654501K(792320K) Class: 85687K(98176K)->85687K(98176K)
[2026-07-26T09:45:09.572+0200][247860.735s][info][gc            ] GC(5456) Pause Young (Normal) (G1 Evacuation Pause) 2390M->1721M(2681M) 11.430ms
[2026-07-26T09:45:09.572+0200][247860.735s][info][gc,cpu        ] GC(5456) User=0.08s Sys=0.00s Real=0.01s
[2026-07-26T09:52:39.843+0200][248311.006s][info][gc,start      ] GC(5457) Pause Young (Normal) (G1 Evacuation Pause)
[2026-07-26T09:52:39.843+0200][248311.006s][info][gc,task       ] GC(5457) Using 13 workers of 13 for evacuation
[2026-07-26T09:52:39.851+0200][248311.014s][info][gc,phases     ] GC(5457)   Pre Evacuate Collection Set: 0.1ms
[2026-07-26T09:52:39.851+0200][248311.014s][info][gc,phases     ] GC(5457)   Evacuate Collection Set: 4.4ms
[2026-07-26T09:52:39.851+0200][248311.014s][info][gc,phases     ] GC(5457)   Post Evacuate Collection Set: 3.1ms
[2026-07-26T09:52:39.851+0200][248311.014s][info][gc,phases     ] GC(5457)   Other: 0.4ms
[2026-07-26T09:52:39.851+0200][248311.014s][info][gc,heap       ] GC(5457) Eden regions: 669->0(672)
[2026-07-26T09:52:39.851+0200][248311.014s][info][gc,heap       ] GC(5457) Survivor regions: 8->6(85)
[2026-07-26T09:52:39.851+0200][248311.014s][info][gc,heap       ] GC(5457) Old regions: 1699->1699
[2026-07-26T09:52:39.851+0200][248311.014s][info][gc,heap       ] GC(5457) Humongous regions: 16->16
[2026-07-26T09:52:39.851+0200][248311.014s][info][gc,metaspace  ] GC(5457) Metaspace: 740189K(890496K)->740189K(890496K) NonClass: 654501K(792320K)->654501K(792320K) Class: 85687K(98176K)->85687K(98176K)
[2026-07-26T09:52:39.851+0200][248311.014s][info][gc            ] GC(5457) Pause Young (Normal) (G1 Evacuation Pause) 2390M->1719M(2681M) 8.165ms
[2026-07-26T09:52:39.851+0200][248311.014s][info][gc,cpu        ] GC(5457) User=0.06s Sys=0.00s Real=0.01s
[2026-07-26T09:52:41.110+0200][248312.273s][info][gc,start      ] GC(5458) Pause Young (Normal) (G1 Evacuation Pause)
[2026-07-26T09:52:41.110+0200][248312.273s][info][gc,task       ] GC(5458) Using 13 workers of 13 for evacuation
[2026-07-26T09:52:41.120+0200][248312.283s][info][gc,phases     ] GC(5458)   Pre Evacuate Collection Set: 0.1ms
[2026-07-26T09:52:41.120+0200][248312.283s][info][gc,phases     ] GC(5458)   Evacuate Collection Set: 5.1ms
[2026-07-26T09:52:41.120+0200][248312.283s][info][gc,phases     ] GC(5458)   Post Evacuate Collection Set: 4.2ms
[2026-07-26T09:52:41.120+0200][248312.283s][info][gc,phases     ] GC(5458)   Other: 0.4ms
[2026-07-26T09:52:41.120+0200][248312.283s][info][gc,heap       ] GC(5458) Eden regions: 672->0(673)
[2026-07-26T09:52:41.120+0200][248312.283s][info][gc,heap       ] GC(5458) Survivor regions: 6->7(85)
[2026-07-26T09:52:41.120+0200][248312.283s][info][gc,heap       ] GC(5458) Old regions: 1699->1699
[2026-07-26T09:52:41.120+0200][248312.283s][info][gc,heap       ] GC(5458) Humongous regions: 16->16
[2026-07-26T09:52:41.120+0200][248312.283s][info][gc,metaspace  ] GC(5458) Metaspace: 740189K(890496K)->740189K(890496K) NonClass: 654501K(792320K)->654501K(792320K) Class: 85687K(98176K)->85687K(98176K)
[2026-07-26T09:52:41.120+0200][248312.283s][info][gc            ] GC(5458) Pause Young (Normal) (G1 Evacuation Pause) 2391M->1720M(2681M) 10.082ms
[2026-07-26T09:52:41.120+0200][248312.283s][info][gc,cpu        ] GC(5458) User=0.07s Sys=0.00s Real=0.01s
[2026-07-26T09:54:36.198+0200][248427.361s][info][gc,start      ] GC(5459) Pause Young (Normal) (G1 Evacuation Pause)
[2026-07-26T09:54:36.198+0200][248427.361s][info][gc,task       ] GC(5459) Using 13 workers of 13 for evacuation
[2026-07-26T09:54:36.210+0200][248427.374s][info][gc,phases     ] GC(5459)   Pre Evacuate Collection Set: 0.2ms
[2026-07-26T09:54:36.210+0200][248427.374s][info][gc,phases     ] GC(5459)   Evacuate Collection Set: 7.8ms
[2026-07-26T09:54:36.210+0200][248427.374s][info][gc,phases     ] GC(5459)   Post Evacuate Collection Set: 3.9ms
[2026-07-26T09:54:36.210+0200][248427.374s][info][gc,phases     ] GC(5459)   Other: 0.7ms
[2026-07-26T09:54:36.210+0200][248427.374s][info][gc,heap       ] GC(5459) Eden regions: 673->0(672)
[2026-07-26T09:54:36.210+0200][248427.374s][info][gc,heap       ] GC(5459) Survivor regions: 7->7(85)
[2026-07-26T09:54:36.211+0200][248427.374s][info][gc,heap       ] GC(5459) Old regions: 1699->1699
[2026-07-26T09:54:36.211+0200][248427.374s][info][gc,heap       ] GC(5459) Humongous regions: 16->16
[2026-07-26T09:54:36.211+0200][248427.374s][info][gc,metaspace  ] GC(5459) Metaspace: 740189K(890496K)->740189K(890496K) NonClass: 654501K(792320K)->654501K(792320K) Class: 85687K(98176K)->85687K(98176K)
[2026-07-26T09:54:36.211+0200][248427.374s][info][gc            ] GC(5459) Pause Young (Normal) (G1 Evacuation Pause) 2393M->1721M(2681M) 12.755ms
[2026-07-26T09:54:36.211+0200][248427.374s][info][gc,cpu        ] GC(5459) User=0.08s Sys=0.00s Real=0.01s
[2026-07-26T09:55:13.656+0200][248464.819s][info][gc,start      ] GC(5460) Pause Young (Normal) (G1 Evacuation Pause)
[2026-07-26T09:55:13.656+0200][248464.819s][info][gc,task       ] GC(5460) Using 13 workers of 13 for evacuation
[2026-07-26T09:55:13.679+0200][248464.842s][info][gc,phases     ] GC(5460)   Pre Evacuate Collection Set: 0.2ms
[2026-07-26T09:55:13.679+0200][248464.842s][info][gc,phases     ] GC(5460)   Evacuate Collection Set: 15.3ms
[2026-07-26T09:55:13.679+0200][248464.842s][info][gc,phases     ] GC(5460)   Post Evacuate Collection Set: 6.9ms
[2026-07-26T09:55:13.679+0200][248464.842s][info][gc,phases     ] GC(5460)   Other: 0.7ms
[2026-07-26T09:55:13.679+0200][248464.842s][info][gc,heap       ] GC(5460) Eden regions: 672->0(671)
[2026-07-26T09:55:13.679+0200][248464.842s][info][gc,heap       ] GC(5460) Survivor regions: 7->7(85)
[2026-07-26T09:55:13.679+0200][248464.843s][info][gc,heap       ] GC(5460) Old regions: 1699->1699
[2026-07-26T09:55:13.679+0200][248464.843s][info][gc,heap       ] GC(5460) Humongous regions: 16->16
[2026-07-26T09:55:13.679+0200][248464.843s][info][gc,metaspace  ] GC(5460) Metaspace: 740189K(890496K)->740189K(890496K) NonClass: 654501K(792320K)->654501K(792320K) Class: 85687K(98176K)->85687K(98176K)
[2026-07-26T09:55:13.679+0200][248464.843s][info][gc            ] GC(5460) Pause Young (Normal) (G1 Evacuation Pause) 2393M->1721M(2681M) 23.386ms
[2026-07-26T09:55:13.679+0200][248464.843s][info][gc,cpu        ] GC(5460) User=0.10s Sys=0.00s Real=0.02s
[2026-07-26T09:55:14.663+0200][248465.826s][info][gc,start      ] GC(5461) Pause Young (Normal) (G1 Evacuation Pause)
[2026-07-26T09:55:14.663+0200][248465.826s][info][gc,task       ] GC(5461) Using 13 workers of 13 for evacuation
[2026-07-26T09:55:14.674+0200][248465.837s][info][gc,phases     ] GC(5461)   Pre Evacuate Collection Set: 0.1ms
[2026-07-26T09:55:14.674+0200][248465.837s][info][gc,phases     ] GC(5461)   Evacuate Collection Set: 7.3ms
[2026-07-26T09:55:14.674+0200][248465.837s][info][gc,phases     ] GC(5461)   Post Evacuate Collection Set: 3.4ms
[2026-07-26T09:55:14.674+0200][248465.837s][info][gc,phases     ] GC(5461)   Other: 0.4ms
[2026-07-26T09:55:14.674+0200][248465.837s][info][gc,heap       ] GC(5461) Eden regions: 671->0(670)
[2026-07-26T09:55:14.674+0200][248465.837s][info][gc,heap       ] GC(5461) Survivor regions: 7->8(85)
[2026-07-26T09:55:14.674+0200][248465.837s][info][gc,heap       ] GC(5461) Old regions: 1699->1699
[2026-07-26T09:55:14.674+0200][248465.837s][info][gc,heap       ] GC(5461) Humongous regions: 16->16
[2026-07-26T09:55:14.674+0200][248465.837s][info][gc,metaspace  ] GC(5461) Metaspace: 740189K(890496K)->740189K(890496K) NonClass: 654501K(792320K)->654501K(792320K) Class: 85687K(98176K)->85687K(98176K)
[2026-07-26T09:55:14.674+0200][248465.837s][info][gc            ] GC(5461) Pause Young (Normal) (G1 Evacuation Pause) 2392M->1721M(2681M) 11.418ms
[2026-07-26T09:55:14.674+0200][248465.837s][info][gc,cpu        ] GC(5461) User=0.09s Sys=0.00s Real=0.01s
[2026-07-26T09:58:55.874+0200][248687.037s][info][gc,start      ] GC(5462) Pause Young (Normal) (G1 Evacuation Pause)
[2026-07-26T09:58:55.874+0200][248687.037s][info][gc,task       ] GC(5462) Using 13 workers of 13 for evacuation
[2026-07-26T09:58:55.881+0200][248687.045s][info][gc,phases     ] GC(5462)   Pre Evacuate Collection Set: 0.1ms
[2026-07-26T09:58:55.881+0200][248687.045s][info][gc,phases     ] GC(5462)   Evacuate Collection Set: 3.1ms
[2026-07-26T09:58:55.881+0200][248687.045s][info][gc,phases     ] GC(5462)   Post Evacuate Collection Set: 3.5ms
[2026-07-26T09:58:55.881+0200][248687.045s][info][gc,phases     ] GC(5462)   Other: 0.4ms
[2026-07-26T09:58:55.881+0200][248687.045s][info][gc,heap       ] GC(5462) Eden regions: 670->0(676)
[2026-07-26T09:58:55.881+0200][248687.045s][info][gc,heap       ] GC(5462) Survivor regions: 8->3(85)
[2026-07-26T09:58:55.881+0200][248687.045s][info][gc,heap       ] GC(5462) Old regions: 1699->1699
[2026-07-26T09:58:55.881+0200][248687.045s][info][gc,heap       ] GC(5462) Humongous regions: 16->16
[2026-07-26T09:58:55.881+0200][248687.045s][info][gc,metaspace  ] GC(5462) Metaspace: 740189K(890496K)->740189K(890496K) NonClass: 654501K(792320K)->654501K(792320K) Class: 85687K(98176K)->85687K(98176K)
[2026-07-26T09:58:55.881+0200][248687.045s][info][gc            ] GC(5462) Pause Young (Normal) (G1 Evacuation Pause) 2391M->1717M(2681M) 7.312ms
[2026-07-26T09:58:55.881+0200][248687.045s][info][gc,cpu        ] GC(5462) User=0.05s Sys=0.00s Real=0.01s
[2026-07-26T10:01:34.822+0200][248845.985s][info][gc,start      ] GC(5463) Pause Young (Normal) (G1 Evacuation Pause)
[2026-07-26T10:01:34.822+0200][248845.985s][info][gc,task       ] GC(5463) Using 13 workers of 13 for evacuation
[2026-07-26T10:01:34.834+0200][248845.998s][info][gc,phases     ] GC(5463)   Pre Evacuate Collection Set: 0.1ms
[2026-07-26T10:01:34.834+0200][248845.998s][info][gc,phases     ] GC(5463)   Evacuate Collection Set: 7.2ms
[2026-07-26T10:01:34.834+0200][248845.998s][info][gc,phases     ] GC(5463)   Post Evacuate Collection Set: 4.4ms
[2026-07-26T10:01:34.834+0200][248845.998s][info][gc,phases     ] GC(5463)   Other: 0.5ms
[2026-07-26T10:01:34.834+0200][248845.998s][info][gc,heap       ] GC(5463) Eden regions: 676->0(673)
[2026-07-26T10:01:34.834+0200][248845.998s][info][gc,heap       ] GC(5463) Survivor regions: 3->7(85)
[2026-07-26T10:01:34.834+0200][248845.998s][info][gc,heap       ] GC(5463) Old regions: 1699->1699
[2026-07-26T10:01:34.834+0200][248845.998s][info][gc,heap       ] GC(5463) Humongous regions: 16->16
[2026-07-26T10:01:34.834+0200][248845.998s][info][gc,metaspace  ] GC(5463) Metaspace: 740189K(890496K)->740189K(890496K) NonClass: 654501K(792320K)->654501K(792320K) Class: 85687K(98176K)->85687K(98176K)
[2026-07-26T10:01:34.834+0200][248845.998s][info][gc            ] GC(5463) Pause Young (Normal) (G1 Evacuation Pause) 2393M->1720M(2681M) 12.443ms
[2026-07-26T10:01:34.834+0200][248845.998s][info][gc,cpu        ] GC(5463) User=0.07s Sys=0.00s Real=0.01s
[2026-07-26T10:01:38.156+0200][248849.320s][info][gc,start      ] GC(5464) Pause Young (Normal) (G1 Evacuation Pause)
[2026-07-26T10:01:38.156+0200][248849.320s][info][gc,task       ] GC(5464) Using 13 workers of 13 for evacuation
[2026-07-26T10:01:38.166+0200][248849.329s][info][gc,phases     ] GC(5464)   Pre Evacuate Collection Set: 0.1ms
[2026-07-26T10:01:38.166+0200][248849.329s][info][gc,phases     ] GC(5464)   Evacuate Collection Set: 5.5ms
[2026-07-26T10:01:38.166+0200][248849.329s][info][gc,phases     ] GC(5464)   Post Evacuate Collection Set: 3.4ms
[2026-07-26T10:01:38.166+0200][248849.329s][info][gc,phases     ] GC(5464)   Other: 0.4ms
[2026-07-26T10:01:38.166+0200][248849.329s][info][gc,heap       ] GC(5464) Eden regions: 673->0(672)
[2026-07-26T10:01:38.166+0200][248849.329s][info][gc,heap       ] GC(5464) Survivor regions: 7->7(85)
[2026-07-26T10:01:38.166+0200][248849.329s][info][gc,heap       ] GC(5464) Old regions: 1699->1699
[2026-07-26T10:01:38.166+0200][248849.329s][info][gc,heap       ] GC(5464) Humongous regions: 16->16
[2026-07-26T10:01:38.166+0200][248849.329s][info][gc,metaspace  ] GC(5464) Metaspace: 740189K(890496K)->740189K(890496K) NonClass: 654501K(792320K)->654501K(792320K) Class: 85687K(98176K)->85687K(98176K)
[2026-07-26T10:01:38.166+0200][248849.329s][info][gc            ] GC(5464) Pause Young (Normal) (G1 Evacuation Pause) 2393M->1720M(2681M) 9.588ms
[2026-07-26T10:01:38.166+0200][248849.329s][info][gc,cpu        ] GC(5464) User=0.07s Sys=0.00s Real=0.01s
[2026-07-26T10:01:40.584+0200][248851.748s][info][gc,start      ] GC(5465) Pause Young (Normal) (G1 Evacuation Pause)
[2026-07-26T10:01:40.584+0200][248851.748s][info][gc,task       ] GC(5465) Using 13 workers of 13 for evacuation
[2026-07-26T10:01:40.594+0200][248851.758s][info][gc,phases     ] GC(5465)   Pre Evacuate Collection Set: 0.1ms
[2026-07-26T10:01:40.594+0200][248851.758s][info][gc,phases     ] GC(5465)   Evacuate Collection Set: 5.7ms
[2026-07-26T10:01:40.594+0200][248851.758s][info][gc,phases     ] GC(5465)   Post Evacuate Collection Set: 3.5ms
[2026-07-26T10:01:40.594+0200][248851.758s][info][gc,phases     ] GC(5465)   Other: 0.4ms
[2026-07-26T10:01:40.594+0200][248851.758s][info][gc,heap       ] GC(5465) Eden regions: 672->0(671)
[2026-07-26T10:01:40.594+0200][248851.758s][info][gc,heap       ] GC(5465) Survivor regions: 7->7(85)
[2026-07-26T10:01:40.594+0200][248851.758s][info][gc,heap       ] GC(5465) Old regions: 1699->1699
[2026-07-26T10:01:40.594+0200][248851.758s][info][gc,heap       ] GC(5465) Humongous regions: 16->16
[2026-07-26T10:01:40.594+0200][248851.758s][info][gc,metaspace  ] GC(5465) Metaspace: 740189K(890496K)->740189K(890496K) NonClass: 654501K(792320K)->654501K(792320K) Class: 85687K(98176K)->85687K(98176K)
[2026-07-26T10:01:40.594+0200][248851.758s][info][gc            ] GC(5465) Pause Young (Normal) (G1 Evacuation Pause) 2392M->1721M(2681M) 9.974ms
[2026-07-26T10:01:40.594+0200][248851.758s][info][gc,cpu        ] GC(5465) User=0.04s Sys=0.03s Real=0.01s
[2026-07-26T10:01:54.424+0200][248865.588s][info][gc,start      ] GC(5466) Pause Young (Normal) (G1 Evacuation Pause)
[2026-07-26T10:01:54.424+0200][248865.588s][info][gc,task       ] GC(5466) Using 13 workers of 13 for evacuation
[2026-07-26T10:01:54.434+0200][248865.598s][info][gc,phases     ] GC(5466)   Pre Evacuate Collection Set: 0.2ms
[2026-07-26T10:01:54.434+0200][248865.598s][info][gc,phases     ] GC(5466)   Evacuate Collection Set: 5.7ms
[2026-07-26T10:01:54.434+0200][248865.598s][info][gc,phases     ] GC(5466)   Post Evacuate Collection Set: 3.8ms
[2026-07-26T10:01:54.434+0200][248865.598s][info][gc,phases     ] GC(5466)   Other: 0.6ms
[2026-07-26T10:01:54.434+0200][248865.598s][info][gc,heap       ] GC(5466) Eden regions: 671->0(672)
[2026-07-26T10:01:54.434+0200][248865.598s][info][gc,heap       ] GC(5466) Survivor regions: 7->5(85)
[2026-07-26T10:01:54.434+0200][248865.598s][info][gc,heap       ] GC(5466) Old regions: 1699->1700
[2026-07-26T10:01:54.434+0200][248865.598s][info][gc,heap       ] GC(5466) Humongous regions: 16->16
[2026-07-26T10:01:54.435+0200][248865.598s][info][gc,metaspace  ] GC(5466) Metaspace: 740189K(890496K)->740189K(890496K) NonClass: 654501K(792320K)->654501K(792320K) Class: 85687K(98176K)->85687K(98176K)
[2026-07-26T10:01:54.435+0200][248865.598s][info][gc            ] GC(5466) Pause Young (Normal) (G1 Evacuation Pause) 2392M->1720M(2681M) 10.327ms
[2026-07-26T10:01:54.435+0200][248865.598s][info][gc,cpu        ] GC(5466) User=0.02s Sys=0.04s Real=0.01s
[2026-07-26T10:06:08.555+0200][249119.718s][info][gc,start      ] GC(5467) Pause Young (Normal) (G1 Evacuation Pause)
[2026-07-26T10:06:08.555+0200][249119.718s][info][gc,task       ] GC(5467) Using 13 workers of 13 for evacuation
[2026-07-26T10:06:08.562+0200][249119.726s][info][gc,phases     ] GC(5467)   Pre Evacuate Collection Set: 0.2ms
[2026-07-26T10:06:08.563+0200][249119.726s][info][gc,phases     ] GC(5467)   Evacuate Collection Set: 4.0ms
[2026-07-26T10:06:08.563+0200][249119.726s][info][gc,phases     ] GC(5467)   Post Evacuate Collection Set: 2.9ms
[2026-07-26T10:06:08.563+0200][249119.726s][info][gc,phases     ] GC(5467)   Other: 0.5ms
[2026-07-26T10:06:08.563+0200][249119.726s][info][gc,heap       ] GC(5467) Eden regions: 672->0(676)
[2026-07-26T10:06:08.563+0200][249119.726s][info][gc,heap       ] GC(5467) Survivor regions: 5->3(85)
[2026-07-26T10:06:08.563+0200][249119.726s][info][gc,heap       ] GC(5467) Old regions: 1700->1700
[2026-07-26T10:06:08.563+0200][249119.726s][info][gc,heap       ] GC(5467) Humongous regions: 16->16
[2026-07-26T10:06:08.563+0200][249119.726s][info][gc,metaspace  ] GC(5467) Metaspace: 740189K(890496K)->740189K(890496K) NonClass: 654501K(792320K)->654501K(792320K) Class: 85687K(98176K)->85687K(98176K)
[2026-07-26T10:06:08.563+0200][249119.726s][info][gc            ] GC(5467) Pause Young (Normal) (G1 Evacuation Pause) 2392M->1718M(2681M) 7.854ms
[2026-07-26T10:06:08.563+0200][249119.726s][info][gc,cpu        ] GC(5467) User=0.05s Sys=0.01s Real=0.01s
[2026-07-26T10:06:17.727+0200][249128.890s][info][gc,start      ] GC(5468) Pause Young (Normal) (G1 Evacuation Pause)
[2026-07-26T10:06:17.727+0200][249128.890s][info][gc,task       ] GC(5468) Using 13 workers of 13 for evacuation
[2026-07-26T10:06:17.740+0200][249128.903s][info][gc,phases     ] GC(5468)   Pre Evacuate Collection Set: 0.1ms
[2026-07-26T10:06:17.740+0200][249128.903s][info][gc,phases     ] GC(5468)   Evacuate Collection Set: 7.8ms
[2026-07-26T10:06:17.740+0200][249128.903s][info][gc,phases     ] GC(5468)   Post Evacuate Collection Set: 4.5ms
[2026-07-26T10:06:17.740+0200][249128.903s][info][gc,phases     ] GC(5468)   Other: 0.4ms
[2026-07-26T10:06:17.740+0200][249128.903s][info][gc,heap       ] GC(5468) Eden regions: 676->0(673)
[2026-07-26T10:06:17.740+0200][249128.903s][info][gc,heap       ] GC(5468) Survivor regions: 3->6(85)
[2026-07-26T10:06:17.740+0200][249128.903s][info][gc,heap       ] GC(5468) Old regions: 1700->1700
[2026-07-26T10:06:17.740+0200][249128.903s][info][gc,heap       ] GC(5468) Humongous regions: 16->16
[2026-07-26T10:06:17.740+0200][249128.903s][info][gc,metaspace  ] GC(5468) Metaspace: 740189K(890496K)->740189K(890496K) NonClass: 654501K(792320K)->654501K(792320K) Class: 85687K(98176K)->85687K(98176K)
[2026-07-26T10:06:17.740+0200][249128.903s][info][gc            ] GC(5468) Pause Young (Normal) (G1 Evacuation Pause) 2394M->1720M(2681M) 13.006ms
[2026-07-26T10:06:17.740+0200][249128.903s][info][gc,cpu        ] GC(5468) User=0.09s Sys=0.00s Real=0.01s
[2026-07-26T10:06:18.783+0200][249129.946s][info][gc,start      ] GC(5469) Pause Young (Normal) (G1 Evacuation Pause)
[2026-07-26T10:06:18.783+0200][249129.946s][info][gc,task       ] GC(5469) Using 13 workers of 13 for evacuation
[2026-07-26T10:06:18.793+0200][249129.956s][info][gc,phases     ] GC(5469)   Pre Evacuate Collection Set: 0.1ms
[2026-07-26T10:06:18.793+0200][249129.956s][info][gc,phases     ] GC(5469)   Evacuate Collection Set: 5.6ms
[2026-07-26T10:06:18.793+0200][249129.956s][info][gc,phases     ] GC(5469)   Post Evacuate Collection Set: 3.5ms
[2026-07-26T10:06:18.793+0200][249129.956s][info][gc,phases     ] GC(5469)   Other: 0.4ms
[2026-07-26T10:06:18.793+0200][249129.956s][info][gc,heap       ] GC(5469) Eden regions: 673->0(673)
[2026-07-26T10:06:18.793+0200][249129.956s][info][gc,heap       ] GC(5469) Survivor regions: 6->6(85)
[2026-07-26T10:06:18.793+0200][249129.956s][info][gc,heap       ] GC(5469) Old regions: 1700->1700
[2026-07-26T10:06:18.793+0200][249129.956s][info][gc,heap       ] GC(5469) Humongous regions: 16->16
[2026-07-26T10:06:18.793+0200][249129.956s][info][gc,metaspace  ] GC(5469) Metaspace: 740189K(890496K)->740189K(890496K) NonClass: 654501K(792320K)->654501K(792320K) Class: 85687K(98176K)->85687K(98176K)
[2026-07-26T10:06:18.793+0200][249129.956s][info][gc            ] GC(5469) Pause Young (Normal) (G1 Evacuation Pause) 2393M->1721M(2681M) 9.794ms
[2026-07-26T10:06:18.793+0200][249129.956s][info][gc,cpu        ] GC(5469) User=0.07s Sys=0.00s Real=0.01s
[2026-07-26T10:10:16.813+0200][249367.976s][info][gc,start      ] GC(5470) Pause Young (Normal) (G1 Evacuation Pause)
[2026-07-26T10:10:16.813+0200][249367.976s][info][gc,task       ] GC(5470) Using 13 workers of 13 for evacuation
[2026-07-26T10:10:16.832+0200][249367.996s][info][gc,phases     ] GC(5470)   Pre Evacuate Collection Set: 0.3ms
[2026-07-26T10:10:16.832+0200][249367.996s][info][gc,phases     ] GC(5470)   Evacuate Collection Set: 13.6ms
[2026-07-26T10:10:16.832+0200][249367.996s][info][gc,phases     ] GC(5470)   Post Evacuate Collection Set: 4.4ms
[2026-07-26T10:10:16.832+0200][249367.996s][info][gc,phases     ] GC(5470)   Other: 0.9ms
[2026-07-26T10:10:16.832+0200][249367.996s][info][gc,heap       ] GC(5470) Eden regions: 673->0(679)
[2026-07-26T10:10:16.832+0200][249367.996s][info][gc,heap       ] GC(5470) Survivor regions: 6->2(85)
[2026-07-26T10:10:16.832+0200][249367.996s][info][gc,heap       ] GC(5470) Old regions: 1700->1700
[2026-07-26T10:10:16.832+0200][249367.996s][info][gc,heap       ] GC(5470) Humongous regions: 16->16
[2026-07-26T10:10:16.832+0200][249367.996s][info][gc,metaspace  ] GC(5470) Metaspace: 740189K(890496K)->740189K(890496K) NonClass: 654501K(792320K)->654501K(792320K) Class: 85687K(98176K)->85687K(98176K)
[2026-07-26T10:10:16.832+0200][249367.996s][info][gc            ] GC(5470) Pause Young (Normal) (G1 Evacuation Pause) 2394M->1717M(2681M) 19.436ms
[2026-07-26T10:10:16.832+0200][249367.996s][info][gc,cpu        ] GC(5470) User=0.12s Sys=0.01s Real=0.02s
[2026-07-26T10:13:55.576+0200][249586.739s][info][gc,start      ] GC(5471) Pause Young (Normal) (G1 Evacuation Pause)
[2026-07-26T10:13:55.576+0200][249586.739s][info][gc,task       ] GC(5471) Using 13 workers of 13 for evacuation
[2026-07-26T10:13:55.583+0200][249586.747s][info][gc,phases     ] GC(5471)   Pre Evacuate Collection Set: 0.1ms
[2026-07-26T10:13:55.583+0200][249586.747s][info][gc,phases     ] GC(5471)   Evacuate Collection Set: 4.1ms
[2026-07-26T10:13:55.583+0200][249586.747s][info][gc,phases     ] GC(5471)   Post Evacuate Collection Set: 3.0ms
[2026-07-26T10:13:55.583+0200][249586.747s][info][gc,phases     ] GC(5471)   Other: 0.4ms
[2026-07-26T10:13:55.583+0200][249586.747s][info][gc,heap       ] GC(5471) Eden regions: 679->0(683)
[2026-07-26T10:13:55.583+0200][249586.747s][info][gc,heap       ] GC(5471) Survivor regions: 2->1(86)
[2026-07-26T10:13:55.583+0200][249586.747s][info][gc,heap       ] GC(5471) Old regions: 1700->1700
[2026-07-26T10:13:55.583+0200][249586.747s][info][gc,heap       ] GC(5471) Humongous regions: 16->16
[2026-07-26T10:13:55.583+0200][249586.747s][info][gc,metaspace  ] GC(5471) Metaspace: 740189K(890496K)->740189K(890496K) NonClass: 654501K(792320K)->654501K(792320K) Class: 85687K(98176K)->85687K(98176K)
[2026-07-26T10:13:55.583+0200][249586.747s][info][gc            ] GC(5471) Pause Young (Normal) (G1 Evacuation Pause) 2396M->1716M(2681M) 7.805ms
[2026-07-26T10:13:55.583+0200][249586.747s][info][gc,cpu        ] GC(5471) User=0.04s Sys=0.00s Real=0.00s
[2026-07-26T10:17:37.360+0200][249808.524s][info][gc,start      ] GC(5472) Pause Young (Normal) (G1 Evacuation Pause)
[2026-07-26T10:17:37.360+0200][249808.524s][info][gc,task       ] GC(5472) Using 13 workers of 13 for evacuation
[2026-07-26T10:17:37.369+0200][249808.533s][info][gc,phases     ] GC(5472)   Pre Evacuate Collection Set: 0.2ms
[2026-07-26T10:17:37.369+0200][249808.533s][info][gc,phases     ] GC(5472)   Evacuate Collection Set: 5.3ms
[2026-07-26T10:17:37.369+0200][249808.533s][info][gc,phases     ] GC(5472)   Post Evacuate Collection Set: 3.1ms
[2026-07-26T10:17:37.369+0200][249808.533s][info][gc,phases     ] GC(5472)   Other: 0.5ms
[2026-07-26T10:17:37.369+0200][249808.533s][info][gc,heap       ] GC(5472) Eden regions: 683->0(678)
[2026-07-26T10:17:37.369+0200][249808.533s][info][gc,heap       ] GC(5472) Survivor regions: 1->5(86)
[2026-07-26T10:17:37.369+0200][249808.533s][info][gc,heap       ] GC(5472) Old regions: 1700->1700
[2026-07-26T10:17:37.369+0200][249808.533s][info][gc,heap       ] GC(5472) Humongous regions: 16->16
[2026-07-26T10:17:37.369+0200][249808.533s][info][gc,metaspace  ] GC(5472) Metaspace: 740189K(890496K)->740189K(890496K) NonClass: 654501K(792320K)->654501K(792320K) Class: 85687K(98176K)->85687K(98176K)
[2026-07-26T10:17:37.369+0200][249808.533s][info][gc            ] GC(5472) Pause Young (Normal) (G1 Evacuation Pause) 2399M->1720M(2681M) 9.267ms
[2026-07-26T10:17:37.369+0200][249808.533s][info][gc,cpu        ] GC(5472) User=0.07s Sys=0.00s Real=0.01s
[2026-07-26T10:17:38.118+0200][249809.282s][info][gc,start      ] GC(5473) Pause Young (Normal) (G1 Evacuation Pause)
[2026-07-26T10:17:38.118+0200][249809.282s][info][gc,task       ] GC(5473) Using 13 workers of 13 for evacuation
[2026-07-26T10:17:38.128+0200][249809.292s][info][gc,phases     ] GC(5473)   Pre Evacuate Collection Set: 0.2ms
[2026-07-26T10:17:38.129+0200][249809.292s][info][gc,phases     ] GC(5473)   Evacuate Collection Set: 5.4ms
[2026-07-26T10:17:38.129+0200][249809.292s][info][gc,phases     ] GC(5473)   Post Evacuate Collection Set: 4.2ms
[2026-07-26T10:17:38.129+0200][249809.292s][info][gc,phases     ] GC(5473)   Other: 0.4ms
[2026-07-26T10:17:38.129+0200][249809.292s][info][gc,heap       ] GC(5473) Eden regions: 678->0(674)
[2026-07-26T10:17:38.129+0200][249809.292s][info][gc,heap       ] GC(5473) Survivor regions: 5->7(86)
[2026-07-26T10:17:38.129+0200][249809.292s][info][gc,heap       ] GC(5473) Old regions: 1700->1700
[2026-07-26T10:17:38.129+0200][249809.292s][info][gc,heap       ] GC(5473) Humongous regions: 16->16
[2026-07-26T10:17:38.129+0200][249809.292s][info][gc,metaspace  ] GC(5473) Metaspace: 740189K(890496K)->740189K(890496K) NonClass: 654501K(792320K)->654501K(792320K) Class: 85687K(98176K)->85687K(98176K)
[2026-07-26T10:17:38.129+0200][249809.292s][info][gc            ] GC(5473) Pause Young (Normal) (G1 Evacuation Pause) 2398M->1722M(2681M) 10.379ms
[2026-07-26T10:17:38.129+0200][249809.292s][info][gc,cpu        ] GC(5473) User=0.07s Sys=0.00s Real=0.01s
[2026-07-26T10:17:38.690+0200][249809.854s][info][gc,start      ] GC(5474) Pause Young (Normal) (G1 Evacuation Pause)
[2026-07-26T10:17:38.690+0200][249809.854s][info][gc,task       ] GC(5474) Using 13 workers of 13 for evacuation
[2026-07-26T10:17:38.702+0200][249809.866s][info][gc,phases     ] GC(5474)   Pre Evacuate Collection Set: 0.1ms
[2026-07-26T10:17:38.702+0200][249809.866s][info][gc,phases     ] GC(5474)   Evacuate Collection Set: 8.0ms
[2026-07-26T10:17:38.702+0200][249809.866s][info][gc,phases     ] GC(5474)   Post Evacuate Collection Set: 3.2ms
[2026-07-26T10:17:38.702+0200][249809.866s][info][gc,phases     ] GC(5474)   Other: 0.4ms
[2026-07-26T10:17:38.702+0200][249809.866s][info][gc,heap       ] GC(5474) Eden regions: 674->0(666)
[2026-07-26T10:17:38.702+0200][249809.866s][info][gc,heap       ] GC(5474) Survivor regions: 7->12(86)
[2026-07-26T10:17:38.702+0200][249809.866s][info][gc,heap       ] GC(5474) Old regions: 1700->1700
[2026-07-26T10:17:38.702+0200][249809.866s][info][gc,heap       ] GC(5474) Humongous regions: 16->16
[2026-07-26T10:17:38.702+0200][249809.866s][info][gc,metaspace  ] GC(5474) Metaspace: 740190K(890496K)->740190K(890496K) NonClass: 654502K(792320K)->654502K(792320K) Class: 85687K(98176K)->85687K(98176K)
[2026-07-26T10:17:38.702+0200][249809.866s][info][gc            ] GC(5474) Pause Young (Normal) (G1 Evacuation Pause) 2396M->1726M(2681M) 11.901ms
[2026-07-26T10:17:38.702+0200][249809.866s][info][gc,cpu        ] GC(5474) User=0.10s Sys=0.00s Real=0.01s
[2026-07-26T10:17:39.223+0200][249810.387s][info][gc,start      ] GC(5475) Pause Young (Normal) (G1 Evacuation Pause)
[2026-07-26T10:17:39.223+0200][249810.387s][info][gc,task       ] GC(5475) Using 13 workers of 13 for evacuation
[2026-07-26T10:17:39.232+0200][249810.395s][info][gc,phases     ] GC(5475)   Pre Evacuate Collection Set: 0.1ms
[2026-07-26T10:17:39.232+0200][249810.395s][info][gc,phases     ] GC(5475)   Evacuate Collection Set: 5.1ms
[2026-07-26T10:17:39.232+0200][249810.395s][info][gc,phases     ] GC(5475)   Post Evacuate Collection Set: 3.1ms
[2026-07-26T10:17:39.232+0200][249810.395s][info][gc,phases     ] GC(5475)   Other: 0.4ms
[2026-07-26T10:17:39.232+0200][249810.395s][info][gc,heap       ] GC(5475) Eden regions: 666->0(674)
[2026-07-26T10:17:39.232+0200][249810.395s][info][gc,heap       ] GC(5475) Survivor regions: 12->7(85)
[2026-07-26T10:17:39.232+0200][249810.395s][info][gc,heap       ] GC(5475) Old regions: 1700->1700
[2026-07-26T10:17:39.232+0200][249810.395s][info][gc,heap       ] GC(5475) Humongous regions: 16->16
[2026-07-26T10:17:39.232+0200][249810.396s][info][gc,metaspace  ] GC(5475) Metaspace: 740190K(890496K)->740190K(890496K) NonClass: 654502K(792320K)->654502K(792320K) Class: 85687K(98176K)->85687K(98176K)
[2026-07-26T10:17:39.232+0200][249810.396s][info][gc            ] GC(5475) Pause Young (Normal) (G1 Evacuation Pause) 2392M->1722M(2681M) 8.947ms
[2026-07-26T10:17:39.232+0200][249810.396s][info][gc,cpu        ] GC(5475) User=0.07s Sys=0.00s Real=0.01s
[2026-07-26T10:19:32.219+0200][249923.382s][info][gc,start      ] GC(5476) Pause Young (Normal) (G1 Evacuation Pause)
[2026-07-26T10:19:32.219+0200][249923.382s][info][gc,task       ] GC(5476) Using 13 workers of 13 for evacuation
[2026-07-26T10:19:32.228+0200][249923.391s][info][gc,phases     ] GC(5476)   Pre Evacuate Collection Set: 0.1ms
[2026-07-26T10:19:32.228+0200][249923.391s][info][gc,phases     ] GC(5476)   Evacuate Collection Set: 5.2ms
[2026-07-26T10:19:32.228+0200][249923.391s][info][gc,phases     ] GC(5476)   Post Evacuate Collection Set: 3.0ms
[2026-07-26T10:19:32.228+0200][249923.391s][info][gc,phases     ] GC(5476)   Other: 0.4ms
[2026-07-26T10:19:32.228+0200][249923.391s][info][gc,heap       ] GC(5476) Eden regions: 674->0(673)
[2026-07-26T10:19:32.228+0200][249923.391s][info][gc,heap       ] GC(5476) Survivor regions: 7->6(86)
[2026-07-26T10:19:32.228+0200][249923.391s][info][gc,heap       ] GC(5476) Old regions: 1700->1700
[2026-07-26T10:19:32.228+0200][249923.391s][info][gc,heap       ] GC(5476) Humongous regions: 16->16
[2026-07-26T10:19:32.228+0200][249923.391s][info][gc,metaspace  ] GC(5476) Metaspace: 740193K(890496K)->740193K(890496K) NonClass: 654504K(792320K)->654504K(792320K) Class: 85688K(98176K)->85688K(98176K)
[2026-07-26T10:19:32.228+0200][249923.391s][info][gc            ] GC(5476) Pause Young (Normal) (G1 Evacuation Pause) 2396M->1721M(2681M) 9.029ms
[2026-07-26T10:19:32.228+0200][249923.391s][info][gc,cpu        ] GC(5476) User=0.07s Sys=0.00s Real=0.01s
[2026-07-26T10:19:33.168+0200][249924.332s][info][gc,start      ] GC(5477) Pause Young (Normal) (G1 Evacuation Pause)
[2026-07-26T10:19:33.169+0200][249924.332s][info][gc,task       ] GC(5477) Using 13 workers of 13 for evacuation
[2026-07-26T10:19:33.177+0200][249924.340s][info][gc,phases     ] GC(5477)   Pre Evacuate Collection Set: 0.2ms
[2026-07-26T10:19:33.177+0200][249924.340s][info][gc,phases     ] GC(5477)   Evacuate Collection Set: 5.1ms
[2026-07-26T10:19:33.177+0200][249924.341s][info][gc,phases     ] GC(5477)   Post Evacuate Collection Set: 3.0ms
[2026-07-26T10:19:33.177+0200][249924.341s][info][gc,phases     ] GC(5477)   Other: 0.4ms
[2026-07-26T10:19:33.177+0200][249924.341s][info][gc,heap       ] GC(5477) Eden regions: 673->0(672)
[2026-07-26T10:19:33.177+0200][249924.341s][info][gc,heap       ] GC(5477) Survivor regions: 6->7(85)
[2026-07-26T10:19:33.177+0200][249924.341s][info][gc,heap       ] GC(5477) Old regions: 1700->1700
[2026-07-26T10:19:33.177+0200][249924.341s][info][gc,heap       ] GC(5477) Humongous regions: 16->16
[2026-07-26T10:19:33.177+0200][249924.341s][info][gc,metaspace  ] GC(5477) Metaspace: 740193K(890496K)->740193K(890496K) NonClass: 654504K(792320K)->654504K(792320K) Class: 85688K(98176K)->85688K(98176K)
[2026-07-26T10:19:33.177+0200][249924.341s][info][gc            ] GC(5477) Pause Young (Normal) (G1 Evacuation Pause) 2394M->1721M(2681M) 8.765ms
[2026-07-26T10:19:33.177+0200][249924.341s][info][gc,cpu        ] GC(5477) User=0.06s Sys=0.00s Real=0.01s
[2026-07-26T10:19:56.222+0200][249947.385s][info][gc,start      ] GC(5478) Pause Young (Normal) (G1 Evacuation Pause)
[2026-07-26T10:19:56.222+0200][249947.385s][info][gc,task       ] GC(5478) Using 13 workers of 13 for evacuation
[2026-07-26T10:19:56.231+0200][249947.394s][info][gc,phases     ] GC(5478)   Pre Evacuate Collection Set: 0.1ms
[2026-07-26T10:19:56.231+0200][249947.394s][info][gc,phases     ] GC(5478)   Evacuate Collection Set: 5.3ms
[2026-07-26T10:19:56.231+0200][249947.394s][info][gc,phases     ] GC(5478)   Post Evacuate Collection Set: 3.1ms
[2026-07-26T10:19:56.231+0200][249947.394s][info][gc,phases     ] GC(5478)   Other: 0.5ms
[2026-07-26T10:19:56.231+0200][249947.394s][info][gc,heap       ] GC(5478) Eden regions: 672->0(672)
[2026-07-26T10:19:56.231+0200][249947.394s][info][gc,heap       ] GC(5478) Survivor regions: 7->6(85)
[2026-07-26T10:19:56.231+0200][249947.394s][info][gc,heap       ] GC(5478) Old regions: 1700->1700
[2026-07-26T10:19:56.231+0200][249947.394s][info][gc,heap       ] GC(5478) Humongous regions: 16->16
[2026-07-26T10:19:56.231+0200][249947.394s][info][gc,metaspace  ] GC(5478) Metaspace: 740193K(890496K)->740193K(890496K) NonClass: 654504K(792320K)->654504K(792320K) Class: 85688K(98176K)->85688K(98176K)
[2026-07-26T10:19:56.231+0200][249947.394s][info][gc            ] GC(5478) Pause Young (Normal) (G1 Evacuation Pause) 2393M->1721M(2681M) 9.198ms
[2026-07-26T10:19:56.231+0200][249947.394s][info][gc,cpu        ] GC(5478) User=0.07s Sys=0.00s Real=0.01s
[2026-07-26T10:24:15.354+0200][250206.517s][info][gc,start      ] GC(5479) Pause Young (Normal) (G1 Evacuation Pause)
[2026-07-26T10:24:15.354+0200][250206.517s][info][gc,task       ] GC(5479) Using 13 workers of 13 for evacuation
[2026-07-26T10:24:15.360+0200][250206.524s][info][gc,phases     ] GC(5479)   Pre Evacuate Collection Set: 0.1ms
[2026-07-26T10:24:15.360+0200][250206.524s][info][gc,phases     ] GC(5479)   Evacuate Collection Set: 3.1ms
[2026-07-26T10:24:15.360+0200][250206.524s][info][gc,phases     ] GC(5479)   Post Evacuate Collection Set: 3.0ms
[2026-07-26T10:24:15.360+0200][250206.524s][info][gc,phases     ] GC(5479)   Other: 0.5ms
[2026-07-26T10:24:15.360+0200][250206.524s][info][gc,heap       ] GC(5479) Eden regions: 672->0(679)
[2026-07-26T10:24:15.361+0200][250206.524s][info][gc,heap       ] GC(5479) Survivor regions: 6->2(85)
[2026-07-26T10:24:15.361+0200][250206.524s][info][gc,heap       ] GC(5479) Old regions: 1700->1700
[2026-07-26T10:24:15.361+0200][250206.524s][info][gc,heap       ] GC(5479) Humongous regions: 16->16
[2026-07-26T10:24:15.361+0200][250206.524s][info][gc,metaspace  ] GC(5479) Metaspace: 740193K(890496K)->740193K(890496K) NonClass: 654504K(792320K)->654504K(792320K) Class: 85688K(98176K)->85688K(98176K)
[2026-07-26T10:24:15.361+0200][250206.524s][info][gc            ] GC(5479) Pause Young (Normal) (G1 Evacuation Pause) 2393M->1717M(2681M) 6.837ms
[2026-07-26T10:24:15.361+0200][250206.524s][info][gc,cpu        ] GC(5479) User=0.03s Sys=0.00s Real=0.01s
[2026-07-26T10:28:54.016+0200][250485.180s][info][gc,start      ] GC(5480) Pause Young (Normal) (G1 Evacuation Pause)
[2026-07-26T10:28:54.016+0200][250485.180s][info][gc,task       ] GC(5480) Using 13 workers of 13 for evacuation
[2026-07-26T10:28:54.026+0200][250485.189s][info][gc,phases     ] GC(5480)   Pre Evacuate Collection Set: 0.1ms
[2026-07-26T10:28:54.026+0200][250485.189s][info][gc,phases     ] GC(5480)   Evacuate Collection Set: 4.3ms
[2026-07-26T10:28:54.026+0200][250485.189s][info][gc,phases     ] GC(5480)   Post Evacuate Collection Set: 4.8ms
[2026-07-26T10:28:54.026+0200][250485.189s][info][gc,phases     ] GC(5480)   Other: 0.5ms
[2026-07-26T10:28:54.026+0200][250485.189s][info][gc,heap       ] GC(5480) Eden regions: 679->0(676)
[2026-07-26T10:28:54.026+0200][250485.189s][info][gc,heap       ] GC(5480) Survivor regions: 2->5(86)
[2026-07-26T10:28:54.026+0200][250485.189s][info][gc,heap       ] GC(5480) Old regions: 1700->1700
[2026-07-26T10:28:54.026+0200][250485.189s][info][gc,heap       ] GC(5480) Humongous regions: 16->16
[2026-07-26T10:28:54.026+0200][250485.189s][info][gc,metaspace  ] GC(5480) Metaspace: 740194K(890496K)->740194K(890496K) NonClass: 654506K(792320K)->654506K(792320K) Class: 85688K(98176K)->85688K(98176K)
[2026-07-26T10:28:54.026+0200][250485.189s][info][gc            ] GC(5480) Pause Young (Normal) (G1 Evacuation Pause) 2396M->1720M(2681M) 9.906ms
[2026-07-26T10:28:54.026+0200][250485.189s][info][gc,cpu        ] GC(5480) User=0.06s Sys=0.00s Real=0.01s
[2026-07-26T10:30:03.512+0200][250554.675s][info][gc,start      ] GC(5481) Pause Young (Normal) (G1 Evacuation Pause)
[2026-07-26T10:30:03.512+0200][250554.675s][info][gc,task       ] GC(5481) Using 13 workers of 13 for evacuation
[2026-07-26T10:30:03.527+0200][250554.690s][info][gc,phases     ] GC(5481)   Pre Evacuate Collection Set: 0.3ms
[2026-07-26T10:30:03.527+0200][250554.691s][info][gc,phases     ] GC(5481)   Evacuate Collection Set: 9.5ms
[2026-07-26T10:30:03.527+0200][250554.691s][info][gc,phases     ] GC(5481)   Post Evacuate Collection Set: 4.5ms
[2026-07-26T10:30:03.527+0200][250554.691s][info][gc,phases     ] GC(5481)   Other: 0.9ms
[2026-07-26T10:30:03.527+0200][250554.691s][info][gc,heap       ] GC(5481) Eden regions: 676->0(673)
[2026-07-26T10:30:03.527+0200][250554.691s][info][gc,heap       ] GC(5481) Survivor regions: 5->6(86)
[2026-07-26T10:30:03.527+0200][250554.691s][info][gc,heap       ] GC(5481) Old regions: 1700->1700
[2026-07-26T10:30:03.527+0200][250554.691s][info][gc,heap       ] GC(5481) Humongous regions: 16->16
[2026-07-26T10:30:03.527+0200][250554.691s][info][gc,metaspace  ] GC(5481) Metaspace: 740194K(890496K)->740194K(890496K) NonClass: 654506K(792320K)->654506K(792320K) Class: 85688K(98176K)->85688K(98176K)
[2026-07-26T10:30:03.527+0200][250554.691s][info][gc            ] GC(5481) Pause Young (Normal) (G1 Evacuation Pause) 2396M->1721M(2681M) 15.408ms
[2026-07-26T10:30:03.527+0200][250554.691s][info][gc,cpu        ] GC(5481) User=0.08s Sys=0.01s Real=0.02s
[2026-07-26T10:30:08.238+0200][250559.402s][info][gc,start      ] GC(5482) Pause Young (Normal) (G1 Evacuation Pause)
[2026-07-26T10:30:08.238+0200][250559.402s][info][gc,task       ] GC(5482) Using 13 workers of 13 for evacuation
[2026-07-26T10:30:08.247+0200][250559.411s][info][gc,phases     ] GC(5482)   Pre Evacuate Collection Set: 0.1ms
[2026-07-26T10:30:08.247+0200][250559.411s][info][gc,phases     ] GC(5482)   Evacuate Collection Set: 3.9ms
[2026-07-26T10:30:08.247+0200][250559.411s][info][gc,phases     ] GC(5482)   Post Evacuate Collection Set: 4.5ms
[2026-07-26T10:30:08.247+0200][250559.411s][info][gc,phases     ] GC(5482)   Other: 0.4ms
[2026-07-26T10:30:08.247+0200][250559.411s][info][gc,heap       ] GC(5482) Eden regions: 673->0(678)
[2026-07-26T10:30:08.247+0200][250559.411s][info][gc,heap       ] GC(5482) Survivor regions: 6->3(85)
[2026-07-26T10:30:08.247+0200][250559.411s][info][gc,heap       ] GC(5482) Old regions: 1700->1700
[2026-07-26T10:30:08.247+0200][250559.411s][info][gc,heap       ] GC(5482) Humongous regions: 16->16
[2026-07-26T10:30:08.247+0200][250559.411s][info][gc,metaspace  ] GC(5482) Metaspace: 740194K(890496K)->740194K(890496K) NonClass: 654506K(792320K)->654506K(792320K) Class: 85688K(98176K)->85688K(98176K)
[2026-07-26T10:30:08.247+0200][250559.411s][info][gc            ] GC(5482) Pause Young (Normal) (G1 Evacuation Pause) 2394M->1718M(2681M) 9.145ms
[2026-07-26T10:30:08.247+0200][250559.411s][info][gc,cpu        ] GC(5482) User=0.05s Sys=0.00s Real=0.01s
[2026-07-26T10:30:09.766+0200][250560.929s][info][gc,start      ] GC(5483) Pause Young (Normal) (G1 Evacuation Pause)
[2026-07-26T10:30:09.766+0200][250560.929s][info][gc,task       ] GC(5483) Using 13 workers of 13 for evacuation
[2026-07-26T10:30:09.779+0200][250560.943s][info][gc,phases     ] GC(5483)   Pre Evacuate Collection Set: 0.3ms
[2026-07-26T10:30:09.779+0200][250560.943s][info][gc,phases     ] GC(5483)   Evacuate Collection Set: 7.4ms
[2026-07-26T10:30:09.780+0200][250560.943s][info][gc,phases     ] GC(5483)   Post Evacuate Collection Set: 5.1ms
[2026-07-26T10:30:09.780+0200][250560.943s][info][gc,phases     ] GC(5483)   Other: 0.9ms
[2026-07-26T10:30:09.780+0200][250560.943s][info][gc,heap       ] GC(5483) Eden regions: 678->0(675)
[2026-07-26T10:30:09.780+0200][250560.943s][info][gc,heap       ] GC(5483) Survivor regions: 3->6(86)
[2026-07-26T10:30:09.780+0200][250560.943s][info][gc,heap       ] GC(5483) Old regions: 1700->1700
[2026-07-26T10:30:09.780+0200][250560.943s][info][gc,heap       ] GC(5483) Humongous regions: 16->16
[2026-07-26T10:30:09.780+0200][250560.943s][info][gc,metaspace  ] GC(5483) Metaspace: 740194K(890496K)->740194K(890496K) NonClass: 654506K(792320K)->654506K(792320K) Class: 85688K(98176K)->85688K(98176K)
[2026-07-26T10:30:09.780+0200][250560.943s][info][gc            ] GC(5483) Pause Young (Normal) (G1 Evacuation Pause) 2396M->1721M(2681M) 13.937ms
[2026-07-26T10:30:09.780+0200][250560.943s][info][gc,cpu        ] GC(5483) User=0.07s Sys=0.00s Real=0.01s
[2026-07-26T10:35:04.653+0200][250855.817s][info][gc,start      ] GC(5484) Pause Young (Normal) (G1 Evacuation Pause)
[2026-07-26T10:35:04.654+0200][250855.817s][info][gc,task       ] GC(5484) Using 13 workers of 13 for evacuation
[2026-07-26T10:35:04.668+0200][250855.832s][info][gc,phases     ] GC(5484)   Pre Evacuate Collection Set: 0.3ms
[2026-07-26T10:35:04.668+0200][250855.832s][info][gc,phases     ] GC(5484)   Evacuate Collection Set: 8.1ms
[2026-07-26T10:35:04.668+0200][250855.832s][info][gc,phases     ] GC(5484)   Post Evacuate Collection Set: 5.6ms
[2026-07-26T10:35:04.668+0200][250855.832s][info][gc,phases     ] GC(5484)   Other: 0.7ms
[2026-07-26T10:35:04.668+0200][250855.832s][info][gc,heap       ] GC(5484) Eden regions: 675->0(669)
[2026-07-26T10:35:04.668+0200][250855.832s][info][gc,heap       ] GC(5484) Survivor regions: 6->8(86)
[2026-07-26T10:35:04.668+0200][250855.832s][info][gc,heap       ] GC(5484) Old regions: 1700->1700
[2026-07-26T10:35:04.668+0200][250855.832s][info][gc,heap       ] GC(5484) Humongous regions: 16->16
[2026-07-26T10:35:04.668+0200][250855.832s][info][gc,metaspace  ] GC(5484) Metaspace: 740199K(890496K)->740199K(890496K) NonClass: 654511K(792320K)->654511K(792320K) Class: 85688K(98176K)->85688K(98176K)
[2026-07-26T10:35:04.668+0200][250855.832s][info][gc            ] GC(5484) Pause Young (Normal) (G1 Evacuation Pause) 2396M->1723M(2681M) 14.856ms
[2026-07-26T10:35:04.668+0200][250855.832s][info][gc,cpu        ] GC(5484) User=0.09s Sys=0.00s Real=0.02s
[2026-07-26T10:35:06.145+0200][250857.309s][info][gc,start      ] GC(5485) Pause Young (Normal) (G1 Evacuation Pause)
[2026-07-26T10:35:06.145+0200][250857.309s][info][gc,task       ] GC(5485) Using 13 workers of 13 for evacuation
[2026-07-26T10:35:06.158+0200][250857.321s][info][gc,phases     ] GC(5485)   Pre Evacuate Collection Set: 0.2ms
[2026-07-26T10:35:06.158+0200][250857.321s][info][gc,phases     ] GC(5485)   Evacuate Collection Set: 7.0ms
[2026-07-26T10:35:06.158+0200][250857.321s][info][gc,phases     ] GC(5485)   Post Evacuate Collection Set: 4.8ms
[2026-07-26T10:35:06.158+0200][250857.321s][info][gc,phases     ] GC(5485)   Other: 0.6ms
[2026-07-26T10:35:06.158+0200][250857.321s][info][gc,heap       ] GC(5485) Eden regions: 669->0(670)
[2026-07-26T10:35:06.158+0200][250857.321s][info][gc,heap       ] GC(5485) Survivor regions: 8->8(85)
[2026-07-26T10:35:06.158+0200][250857.321s][info][gc,heap       ] GC(5485) Old regions: 1700->1700
[2026-07-26T10:35:06.158+0200][250857.321s][info][gc,heap       ] GC(5485) Humongous regions: 16->16
[2026-07-26T10:35:06.158+0200][250857.321s][info][gc,metaspace  ] GC(5485) Metaspace: 740199K(890496K)->740199K(890496K) NonClass: 654511K(792320K)->654511K(792320K) Class: 85688K(98176K)->85688K(98176K)
[2026-07-26T10:35:06.158+0200][250857.321s][info][gc            ] GC(5485) Pause Young (Normal) (G1 Evacuation Pause) 2392M->1723M(2681M) 12.651ms
[2026-07-26T10:35:06.158+0200][250857.321s][info][gc,cpu        ] GC(5485) User=0.07s Sys=0.01s Real=0.01s
[2026-07-26T10:43:02.300+0200][251333.464s][info][gc,start      ] GC(5486) Pause Young (Normal) (G1 Evacuation Pause)
[2026-07-26T10:43:02.300+0200][251333.464s][info][gc,task       ] GC(5486) Using 13 workers of 13 for evacuation
[2026-07-26T10:43:02.310+0200][251333.473s][info][gc,phases     ] GC(5486)   Pre Evacuate Collection Set: 0.1ms
[2026-07-26T10:43:02.310+0200][251333.473s][info][gc,phases     ] GC(5486)   Evacuate Collection Set: 5.5ms
[2026-07-26T10:43:02.310+0200][251333.473s][info][gc,phases     ] GC(5486)   Post Evacuate Collection Set: 3.7ms
[2026-07-26T10:43:02.310+0200][251333.473s][info][gc,phases     ] GC(5486)   Other: 0.5ms
[2026-07-26T10:43:02.310+0200][251333.473s][info][gc,heap       ] GC(5486) Eden regions: 670->0(673)
[2026-07-26T10:43:02.310+0200][251333.473s][info][gc,heap       ] GC(5486) Survivor regions: 8->6(85)
[2026-07-26T10:43:02.310+0200][251333.474s][info][gc,heap       ] GC(5486) Old regions: 1700->1700
[2026-07-26T10:43:02.310+0200][251333.474s][info][gc,heap       ] GC(5486) Humongous regions: 16->16
[2026-07-26T10:43:02.310+0200][251333.474s][info][gc,metaspace  ] GC(5486) Metaspace: 740199K(890496K)->740199K(890496K) NonClass: 654511K(792320K)->654511K(792320K) Class: 85688K(98176K)->85688K(98176K)
[2026-07-26T10:43:02.310+0200][251333.474s][info][gc            ] GC(5486) Pause Young (Normal) (G1 Evacuation Pause) 2393M->1721M(2681M) 9.984ms
[2026-07-26T10:43:02.310+0200][251333.474s][info][gc,cpu        ] GC(5486) User=0.05s Sys=0.00s Real=0.01s
[2026-07-26T10:43:55.390+0200][251386.554s][info][gc,start      ] GC(5487) Pause Young (Normal) (G1 Evacuation Pause)
[2026-07-26T10:43:55.390+0200][251386.554s][info][gc,task       ] GC(5487) Using 13 workers of 13 for evacuation
[2026-07-26T10:43:55.397+0200][251386.560s][info][gc,phases     ] GC(5487)   Pre Evacuate Collection Set: 0.1ms
[2026-07-26T10:43:55.397+0200][251386.560s][info][gc,phases     ] GC(5487)   Evacuate Collection Set: 3.4ms
[2026-07-26T10:43:55.397+0200][251386.560s][info][gc,phases     ] GC(5487)   Post Evacuate Collection Set: 2.6ms
[2026-07-26T10:43:55.397+0200][251386.560s][info][gc,phases     ] GC(5487)   Other: 0.4ms
[2026-07-26T10:43:55.397+0200][251386.560s][info][gc,heap       ] GC(5487) Eden regions: 673->0(678)
[2026-07-26T10:43:55.397+0200][251386.560s][info][gc,heap       ] GC(5487) Survivor regions: 6->4(85)
[2026-07-26T10:43:55.397+0200][251386.561s][info][gc,heap       ] GC(5487) Old regions: 1700->1700
[2026-07-26T10:43:55.397+0200][251386.561s][info][gc,heap       ] GC(5487) Humongous regions: 16->16
[2026-07-26T10:43:55.397+0200][251386.561s][info][gc,metaspace  ] GC(5487) Metaspace: 740199K(890496K)->740199K(890496K) NonClass: 654511K(792320K)->654511K(792320K) Class: 85688K(98176K)->85688K(98176K)
[2026-07-26T10:43:55.397+0200][251386.561s][info][gc            ] GC(5487) Pause Young (Normal) (G1 Evacuation Pause) 2394M->1719M(2681M) 6.699ms
[2026-07-26T10:43:55.397+0200][251386.561s][info][gc,cpu        ] GC(5487) User=0.05s Sys=0.00s Real=0.01s
[2026-07-26T10:50:21.526+0200][251772.689s][info][gc,start      ] GC(5488) Pause Young (Normal) (G1 Evacuation Pause)
[2026-07-26T10:50:21.526+0200][251772.689s][info][gc,task       ] GC(5488) Using 13 workers of 13 for evacuation
[2026-07-26T10:50:21.534+0200][251772.698s][info][gc,phases     ] GC(5488)   Pre Evacuate Collection Set: 0.3ms
[2026-07-26T10:50:21.534+0200][251772.698s][info][gc,phases     ] GC(5488)   Evacuate Collection Set: 4.1ms
[2026-07-26T10:50:21.534+0200][251772.698s][info][gc,phases     ] GC(5488)   Post Evacuate Collection Set: 3.3ms
[2026-07-26T10:50:21.534+0200][251772.698s][info][gc,phases     ] GC(5488)   Other: 0.9ms
[2026-07-26T10:50:21.534+0200][251772.698s][info][gc,heap       ] GC(5488) Eden regions: 678->0(679)
[2026-07-26T10:50:21.534+0200][251772.698s][info][gc,heap       ] GC(5488) Survivor regions: 4->5(86)
[2026-07-26T10:50:21.534+0200][251772.698s][info][gc,heap       ] GC(5488) Old regions: 1700->1700
[2026-07-26T10:50:21.535+0200][251772.698s][info][gc,heap       ] GC(5488) Humongous regions: 16->16
[2026-07-26T10:50:21.535+0200][251772.698s][info][gc,metaspace  ] GC(5488) Metaspace: 740199K(890496K)->740199K(890496K) NonClass: 654511K(792320K)->654511K(792320K) Class: 85688K(98176K)->85688K(98176K)
[2026-07-26T10:50:21.535+0200][251772.698s][info][gc            ] GC(5488) Pause Young (Normal) (G1 Evacuation Pause) 2397M->1720M(2681M) 8.700ms
[2026-07-26T10:50:21.535+0200][251772.698s][info][gc,cpu        ] GC(5488) User=0.06s Sys=0.00s Real=0.00s
[2026-07-26T10:54:25.343+0200][252016.507s][info][gc,start      ] GC(5489) Pause Young (Normal) (G1 Evacuation Pause)
[2026-07-26T10:54:25.343+0200][252016.507s][info][gc,task       ] GC(5489) Using 13 workers of 13 for evacuation
[2026-07-26T10:54:25.352+0200][252016.516s][info][gc,phases     ] GC(5489)   Pre Evacuate Collection Set: 0.2ms
[2026-07-26T10:54:25.352+0200][252016.516s][info][gc,phases     ] GC(5489)   Evacuate Collection Set: 3.9ms
[2026-07-26T10:54:25.352+0200][252016.516s][info][gc,phases     ] GC(5489)   Post Evacuate Collection Set: 4.4ms
[2026-07-26T10:54:25.352+0200][252016.516s][info][gc,phases     ] GC(5489)   Other: 0.5ms
[2026-07-26T10:54:25.352+0200][252016.516s][info][gc,heap       ] GC(5489) Eden regions: 679->0(681)
[2026-07-26T10:54:25.352+0200][252016.516s][info][gc,heap       ] GC(5489) Survivor regions: 5->4(86)
[2026-07-26T10:54:25.352+0200][252016.516s][info][gc,heap       ] GC(5489) Old regions: 1700->1701
[2026-07-26T10:54:25.352+0200][252016.516s][info][gc,heap       ] GC(5489) Humongous regions: 16->16
[2026-07-26T10:54:25.352+0200][252016.516s][info][gc,metaspace  ] GC(5489) Metaspace: 740199K(890496K)->740199K(890496K) NonClass: 654511K(792320K)->654511K(792320K) Class: 85688K(98176K)->85688K(98176K)
[2026-07-26T10:54:25.353+0200][252016.516s][info][gc            ] GC(5489) Pause Young (Normal) (G1 Evacuation Pause) 2399M->1719M(2681M) 9.129ms
[2026-07-26T10:54:25.353+0200][252016.516s][info][gc,cpu        ] GC(5489) User=0.05s Sys=0.00s Real=0.01s
[2026-07-26T10:54:45.380+0200][252036.544s][info][gc,start      ] GC(5490) Pause Young (Normal) (G1 Evacuation Pause)
[2026-07-26T10:54:45.381+0200][252036.544s][info][gc,task       ] GC(5490) Using 13 workers of 13 for evacuation
[2026-07-26T10:54:45.389+0200][252036.553s][info][gc,phases     ] GC(5490)   Pre Evacuate Collection Set: 0.1ms
[2026-07-26T10:54:45.389+0200][252036.553s][info][gc,phases     ] GC(5490)   Evacuate Collection Set: 5.3ms
[2026-07-26T10:54:45.389+0200][252036.553s][info][gc,phases     ] GC(5490)   Post Evacuate Collection Set: 2.9ms
[2026-07-26T10:54:45.389+0200][252036.553s][info][gc,phases     ] GC(5490)   Other: 0.4ms
[2026-07-26T10:54:45.389+0200][252036.553s][info][gc,heap       ] GC(5490) Eden regions: 681->0(678)
[2026-07-26T10:54:45.389+0200][252036.553s][info][gc,heap       ] GC(5490) Survivor regions: 4->6(86)
[2026-07-26T10:54:45.389+0200][252036.553s][info][gc,heap       ] GC(5490) Old regions: 1701->1701
[2026-07-26T10:54:45.389+0200][252036.553s][info][gc,heap       ] GC(5490) Humongous regions: 16->16
[2026-07-26T10:54:45.389+0200][252036.553s][info][gc,metaspace  ] GC(5490) Metaspace: 740199K(890496K)->740199K(890496K) NonClass: 654511K(792320K)->654511K(792320K) Class: 85688K(98176K)->85688K(98176K)
[2026-07-26T10:54:45.389+0200][252036.553s][info][gc            ] GC(5490) Pause Young (Normal) (G1 Evacuation Pause) 2400M->1721M(2681M) 8.940ms
[2026-07-26T10:54:45.389+0200][252036.553s][info][gc,cpu        ] GC(5490) User=0.07s Sys=0.00s Real=0.01s
[2026-07-26T10:58:08.024+0200][252239.188s][info][gc,start      ] GC(5491) Pause Young (Normal) (G1 Evacuation Pause)
[2026-07-26T10:58:08.024+0200][252239.188s][info][gc,task       ] GC(5491) Using 13 workers of 13 for evacuation
[2026-07-26T10:58:08.040+0200][252239.203s][info][gc,phases     ] GC(5491)   Pre Evacuate Collection Set: 0.1ms
[2026-07-26T10:58:08.040+0200][252239.203s][info][gc,phases     ] GC(5491)   Evacuate Collection Set: 7.6ms
[2026-07-26T10:58:08.040+0200][252239.203s][info][gc,phases     ] GC(5491)   Post Evacuate Collection Set: 6.8ms
[2026-07-26T10:58:08.040+0200][252239.203s][info][gc,phases     ] GC(5491)   Other: 0.7ms
[2026-07-26T10:58:08.040+0200][252239.203s][info][gc,heap       ] GC(5491) Eden regions: 678->0(673)
[2026-07-26T10:58:08.040+0200][252239.203s][info][gc,heap       ] GC(5491) Survivor regions: 6->9(86)
[2026-07-26T10:58:08.040+0200][252239.203s][info][gc,heap       ] GC(5491) Old regions: 1701->1701
[2026-07-26T10:58:08.040+0200][252239.203s][info][gc,heap       ] GC(5491) Humongous regions: 16->16
[2026-07-26T10:58:08.040+0200][252239.203s][info][gc,metaspace  ] GC(5491) Metaspace: 740199K(890496K)->740199K(890496K) NonClass: 654511K(792320K)->654511K(792320K) Class: 85688K(98176K)->85688K(98176K)
[2026-07-26T10:58:08.040+0200][252239.203s][info][gc            ] GC(5491) Pause Young (Normal) (G1 Evacuation Pause) 2399M->1724M(2681M) 15.440ms
[2026-07-26T10:58:08.040+0200][252239.203s][info][gc,cpu        ] GC(5491) User=0.10s Sys=0.00s Real=0.02s
[2026-07-26T10:58:55.799+0200][252286.962s][info][gc,start      ] GC(5492) Pause Young (Normal) (G1 Evacuation Pause)
[2026-07-26T10:58:55.799+0200][252286.962s][info][gc,task       ] GC(5492) Using 13 workers of 13 for evacuation
[2026-07-26T10:58:55.809+0200][252286.972s][info][gc,phases     ] GC(5492)   Pre Evacuate Collection Set: 0.3ms
[2026-07-26T10:58:55.809+0200][252286.972s][info][gc,phases     ] GC(5492)   Evacuate Collection Set: 6.2ms
[2026-07-26T10:58:55.809+0200][252286.972s][info][gc,phases     ] GC(5492)   Post Evacuate Collection Set: 2.8ms
[2026-07-26T10:58:55.809+0200][252286.972s][info][gc,phases     ] GC(5492)   Other: 0.7ms
[2026-07-26T10:58:55.809+0200][252286.972s][info][gc,heap       ] GC(5492) Eden regions: 673->0(679)
[2026-07-26T10:58:55.809+0200][252286.973s][info][gc,heap       ] GC(5492) Survivor regions: 9->4(86)
[2026-07-26T10:58:55.809+0200][252286.973s][info][gc,heap       ] GC(5492) Old regions: 1701->1701
[2026-07-26T10:58:55.809+0200][252286.973s][info][gc,heap       ] GC(5492) Humongous regions: 16->16
[2026-07-26T10:58:55.809+0200][252286.973s][info][gc,metaspace  ] GC(5492) Metaspace: 740202K(890496K)->740202K(890496K) NonClass: 654513K(792320K)->654513K(792320K) Class: 85688K(98176K)->85688K(98176K)
[2026-07-26T10:58:55.809+0200][252286.973s][info][gc            ] GC(5492) Pause Young (Normal) (G1 Evacuation Pause) 2397M->1720M(2681M) 10.149ms
[2026-07-26T10:58:55.809+0200][252286.973s][info][gc,cpu        ] GC(5492) User=0.06s Sys=0.00s Real=0.01s
[2026-07-26T11:08:55.802+0200][252886.965s][info][gc,start      ] GC(5493) Pause Young (Normal) (G1 Evacuation Pause)
[2026-07-26T11:08:55.802+0200][252886.965s][info][gc,task       ] GC(5493) Using 13 workers of 13 for evacuation
[2026-07-26T11:08:55.810+0200][252886.973s][info][gc,phases     ] GC(5493)   Pre Evacuate Collection Set: 0.3ms
[2026-07-26T11:08:55.810+0200][252886.973s][info][gc,phases     ] GC(5493)   Evacuate Collection Set: 4.2ms
[2026-07-26T11:08:55.810+0200][252886.973s][info][gc,phases     ] GC(5493)   Post Evacuate Collection Set: 3.3ms
[2026-07-26T11:08:55.810+0200][252886.973s][info][gc,phases     ] GC(5493)   Other: 0.5ms
[2026-07-26T11:08:55.810+0200][252886.973s][info][gc,heap       ] GC(5493) Eden regions: 679->0(679)
[2026-07-26T11:08:55.810+0200][252886.973s][info][gc,heap       ] GC(5493) Survivor regions: 4->5(86)
[2026-07-26T11:08:55.810+0200][252886.973s][info][gc,heap       ] GC(5493) Old regions: 1701->1701
[2026-07-26T11:08:55.810+0200][252886.973s][info][gc,heap       ] GC(5493) Humongous regions: 16->16
[2026-07-26T11:08:55.810+0200][252886.973s][info][gc,metaspace  ] GC(5493) Metaspace: 740202K(890496K)->740202K(890496K) NonClass: 654513K(792320K)->654513K(792320K) Class: 85688K(98176K)->85688K(98176K)
[2026-07-26T11:08:55.810+0200][252886.973s][info][gc            ] GC(5493) Pause Young (Normal) (G1 Evacuation Pause) 2399M->1720M(2681M) 8.403ms
[2026-07-26T11:08:55.810+0200][252886.973s][info][gc,cpu        ] GC(5493) User=0.06s Sys=0.00s Real=0.01s
[2026-07-26T11:13:09.631+0200][253140.795s][info][gc,start      ] GC(5494) Pause Young (Normal) (G1 Evacuation Pause)
[2026-07-26T11:13:09.631+0200][253140.795s][info][gc,task       ] GC(5494) Using 13 workers of 13 for evacuation
[2026-07-26T11:13:09.641+0200][253140.804s][info][gc,phases     ] GC(5494)   Pre Evacuate Collection Set: 0.2ms
[2026-07-26T11:13:09.641+0200][253140.804s][info][gc,phases     ] GC(5494)   Evacuate Collection Set: 3.9ms
[2026-07-26T11:13:09.641+0200][253140.804s][info][gc,phases     ] GC(5494)   Post Evacuate Collection Set: 4.8ms
[2026-07-26T11:13:09.641+0200][253140.804s][info][gc,phases     ] GC(5494)   Other: 0.6ms
[2026-07-26T11:13:09.641+0200][253140.804s][info][gc,heap       ] GC(5494) Eden regions: 679->0(679)
[2026-07-26T11:13:09.641+0200][253140.804s][info][gc,heap       ] GC(5494) Survivor regions: 5->5(86)
[2026-07-26T11:13:09.641+0200][253140.804s][info][gc,heap       ] GC(5494) Old regions: 1701->1701
[2026-07-26T11:13:09.641+0200][253140.804s][info][gc,heap       ] GC(5494) Humongous regions: 16->16
[2026-07-26T11:13:09.641+0200][253140.804s][info][gc,metaspace  ] GC(5494) Metaspace: 740202K(890496K)->740202K(890496K) NonClass: 654513K(792320K)->654513K(792320K) Class: 85688K(98176K)->85688K(98176K)
[2026-07-26T11:13:09.641+0200][253140.804s][info][gc            ] GC(5494) Pause Young (Normal) (G1 Evacuation Pause) 2399M->1720M(2681M) 9.652ms
[2026-07-26T11:13:09.641+0200][253140.804s][info][gc,cpu        ] GC(5494) User=0.06s Sys=0.00s Real=0.01s
[2026-07-26T11:14:15.378+0200][253206.541s][info][gc,start      ] GC(5495) Pause Young (Normal) (G1 Evacuation Pause)
[2026-07-26T11:14:15.378+0200][253206.541s][info][gc,task       ] GC(5495) Using 13 workers of 13 for evacuation
[2026-07-26T11:14:15.386+0200][253206.549s][info][gc,phases     ] GC(5495)   Pre Evacuate Collection Set: 0.2ms
[2026-07-26T11:14:15.386+0200][253206.549s][info][gc,phases     ] GC(5495)   Evacuate Collection Set: 4.6ms
[2026-07-26T11:14:15.386+0200][253206.550s][info][gc,phases     ] GC(5495)   Post Evacuate Collection Set: 3.2ms
[2026-07-26T11:14:15.386+0200][253206.550s][info][gc,phases     ] GC(5495)   Other: 0.5ms
[2026-07-26T11:14:15.386+0200][253206.550s][info][gc,heap       ] GC(5495) Eden regions: 679->0(681)
[2026-07-26T11:14:15.386+0200][253206.550s][info][gc,heap       ] GC(5495) Survivor regions: 5->4(86)
[2026-07-26T11:14:15.386+0200][253206.550s][info][gc,heap       ] GC(5495) Old regions: 1701->1701
[2026-07-26T11:14:15.386+0200][253206.550s][info][gc,heap       ] GC(5495) Humongous regions: 16->16
[2026-07-26T11:14:15.386+0200][253206.550s][info][gc,metaspace  ] GC(5495) Metaspace: 740202K(890496K)->740202K(890496K) NonClass: 654513K(792320K)->654513K(792320K) Class: 85688K(98176K)->85688K(98176K)
[2026-07-26T11:14:15.386+0200][253206.550s][info][gc            ] GC(5495) Pause Young (Normal) (G1 Evacuation Pause) 2399M->1719M(2681M) 8.626ms
[2026-07-26T11:14:15.386+0200][253206.550s][info][gc,cpu        ] GC(5495) User=0.05s Sys=0.00s Real=0.01s
[2026-07-26T11:15:38.869+0200][253290.032s][info][gc,start      ] GC(5496) Pause Young (Normal) (G1 Evacuation Pause)
[2026-07-26T11:15:38.869+0200][253290.032s][info][gc,task       ] GC(5496) Using 13 workers of 13 for evacuation
[2026-07-26T11:15:38.883+0200][253290.046s][info][gc,phases     ] GC(5496)   Pre Evacuate Collection Set: 0.2ms
[2026-07-26T11:15:38.883+0200][253290.046s][info][gc,phases     ] GC(5496)   Evacuate Collection Set: 6.5ms
[2026-07-26T11:15:38.883+0200][253290.046s][info][gc,phases     ] GC(5496)   Post Evacuate Collection Set: 6.3ms
[2026-07-26T11:15:38.883+0200][253290.046s][info][gc,phases     ] GC(5496)   Other: 0.6ms
[2026-07-26T11:15:38.883+0200][253290.046s][info][gc,heap       ] GC(5496) Eden regions: 681->0(676)
[2026-07-26T11:15:38.883+0200][253290.046s][info][gc,heap       ] GC(5496) Survivor regions: 4->8(86)
[2026-07-26T11:15:38.883+0200][253290.046s][info][gc,heap       ] GC(5496) Old regions: 1701->1701
[2026-07-26T11:15:38.883+0200][253290.046s][info][gc,heap       ] GC(5496) Humongous regions: 16->16
[2026-07-26T11:15:38.883+0200][253290.046s][info][gc,metaspace  ] GC(5496) Metaspace: 740202K(890496K)->740202K(890496K) NonClass: 654513K(792320K)->654513K(792320K) Class: 85688K(98176K)->85688K(98176K)
[2026-07-26T11:15:38.883+0200][253290.046s][info][gc            ] GC(5496) Pause Young (Normal) (G1 Evacuation Pause) 2400M->1723M(2681M) 13.753ms
[2026-07-26T11:15:38.883+0200][253290.046s][info][gc,cpu        ] GC(5496) User=0.10s Sys=0.00s Real=0.01s
[2026-07-26T11:16:58.147+0200][253369.311s][info][gc,start      ] GC(5497) Pause Young (Normal) (G1 Evacuation Pause)
[2026-07-26T11:16:58.147+0200][253369.311s][info][gc,task       ] GC(5497) Using 13 workers of 13 for evacuation
[2026-07-26T11:16:58.158+0200][253369.321s][info][gc,phases     ] GC(5497)   Pre Evacuate Collection Set: 0.1ms
[2026-07-26T11:16:58.158+0200][253369.321s][info][gc,phases     ] GC(5497)   Evacuate Collection Set: 6.9ms
[2026-07-26T11:16:58.158+0200][253369.321s][info][gc,phases     ] GC(5497)   Post Evacuate Collection Set: 3.2ms
[2026-07-26T11:16:58.158+0200][253369.321s][info][gc,phases     ] GC(5497)   Other: 0.5ms
[2026-07-26T11:16:58.158+0200][253369.321s][info][gc,heap       ] GC(5497) Eden regions: 676->0(672)
[2026-07-26T11:16:58.158+0200][253369.321s][info][gc,heap       ] GC(5497) Survivor regions: 8->9(86)
[2026-07-26T11:16:58.158+0200][253369.322s][info][gc,heap       ] GC(5497) Old regions: 1701->1701
[2026-07-26T11:16:58.158+0200][253369.322s][info][gc,heap       ] GC(5497) Humongous regions: 16->16
[2026-07-26T11:16:58.158+0200][253369.322s][info][gc,metaspace  ] GC(5497) Metaspace: 740202K(890496K)->740202K(890496K) NonClass: 654513K(792320K)->654513K(792320K) Class: 85688K(98176K)->85688K(98176K)
[2026-07-26T11:16:58.158+0200][253369.322s][info][gc            ] GC(5497) Pause Young (Normal) (G1 Evacuation Pause) 2399M->1724M(2681M) 10.881ms
[2026-07-26T11:16:58.158+0200][253369.322s][info][gc,cpu        ] GC(5497) User=0.08s Sys=0.01s Real=0.01s
[2026-07-26T11:20:47.878+0200][253599.041s][info][gc,start      ] GC(5498) Pause Young (Normal) (G1 Evacuation Pause)
[2026-07-26T11:20:47.878+0200][253599.041s][info][gc,task       ] GC(5498) Using 13 workers of 13 for evacuation
[2026-07-26T11:20:47.891+0200][253599.055s][info][gc,phases     ] GC(5498)   Pre Evacuate Collection Set: 0.2ms
[2026-07-26T11:20:47.891+0200][253599.055s][info][gc,phases     ] GC(5498)   Evacuate Collection Set: 9.8ms
[2026-07-26T11:20:47.891+0200][253599.055s][info][gc,phases     ] GC(5498)   Post Evacuate Collection Set: 3.1ms
[2026-07-26T11:20:47.891+0200][253599.055s][info][gc,phases     ] GC(5498)   Other: 0.5ms
[2026-07-26T11:20:47.891+0200][253599.055s][info][gc,heap       ] GC(5498) Eden regions: 672->0(675)
[2026-07-26T11:20:47.891+0200][253599.055s][info][gc,heap       ] GC(5498) Survivor regions: 9->7(86)
[2026-07-26T11:20:47.891+0200][253599.055s][info][gc,heap       ] GC(5498) Old regions: 1701->1701
[2026-07-26T11:20:47.891+0200][253599.055s][info][gc,heap       ] GC(5498) Humongous regions: 16->16
[2026-07-26T11:20:47.891+0200][253599.055s][info][gc,metaspace  ] GC(5498) Metaspace: 740202K(890496K)->740202K(890496K) NonClass: 654513K(792320K)->654513K(792320K) Class: 85688K(98176K)->85688K(98176K)
[2026-07-26T11:20:47.891+0200][253599.055s][info][gc            ] GC(5498) Pause Young (Normal) (G1 Evacuation Pause) 2396M->1722M(2681M) 13.728ms
[2026-07-26T11:20:47.891+0200][253599.055s][info][gc,cpu        ] GC(5498) User=0.10s Sys=0.00s Real=0.01s
[2026-07-26T11:20:49.153+0200][253600.317s][info][gc,start      ] GC(5499) Pause Young (Normal) (G1 Evacuation Pause)
[2026-07-26T11:20:49.153+0200][253600.317s][info][gc,task       ] GC(5499) Using 13 workers of 13 for evacuation
[2026-07-26T11:20:49.164+0200][253600.327s][info][gc,phases     ] GC(5499)   Pre Evacuate Collection Set: 0.1ms
[2026-07-26T11:20:49.164+0200][253600.327s][info][gc,phases     ] GC(5499)   Evacuate Collection Set: 5.7ms
[2026-07-26T11:20:49.164+0200][253600.328s][info][gc,phases     ] GC(5499)   Post Evacuate Collection Set: 4.5ms
[2026-07-26T11:20:49.164+0200][253600.328s][info][gc,phases     ] GC(5499)   Other: 0.4ms
[2026-07-26T11:20:49.164+0200][253600.328s][info][gc,heap       ] GC(5499) Eden regions: 675->0(674)
[2026-07-26T11:20:49.164+0200][253600.328s][info][gc,heap       ] GC(5499) Survivor regions: 7->7(86)
[2026-07-26T11:20:49.164+0200][253600.328s][info][gc,heap       ] GC(5499) Old regions: 1701->1702
[2026-07-26T11:20:49.164+0200][253600.328s][info][gc,heap       ] GC(5499) Humongous regions: 16->16
[2026-07-26T11:20:49.164+0200][253600.328s][info][gc,metaspace  ] GC(5499) Metaspace: 740202K(890496K)->740202K(890496K) NonClass: 654513K(792320K)->654513K(792320K) Class: 85688K(98176K)->85688K(98176K)
[2026-07-26T11:20:49.164+0200][253600.328s][info][gc            ] GC(5499) Pause Young (Normal) (G1 Evacuation Pause) 2397M->1723M(2681M) 10.991ms
[2026-07-26T11:20:49.164+0200][253600.328s][info][gc,cpu        ] GC(5499) User=0.08s Sys=0.00s Real=0.01s
[2026-07-26T11:23:09.882+0200][253741.045s][info][gc,start      ] GC(5500) Pause Young (Normal) (G1 Evacuation Pause)
[2026-07-26T11:23:09.882+0200][253741.045s][info][gc,task       ] GC(5500) Using 13 workers of 13 for evacuation
[2026-07-26T11:23:09.892+0200][253741.055s][info][gc,phases     ] GC(5500)   Pre Evacuate Collection Set: 0.2ms
[2026-07-26T11:23:09.892+0200][253741.055s][info][gc,phases     ] GC(5500)   Evacuate Collection Set: 5.6ms
[2026-07-26T11:23:09.892+0200][253741.055s][info][gc,phases     ] GC(5500)   Post Evacuate Collection Set: 3.7ms
[2026-07-26T11:23:09.892+0200][253741.055s][info][gc,phases     ] GC(5500)   Other: 0.5ms
[2026-07-26T11:23:09.892+0200][253741.055s][info][gc,heap       ] GC(5500) Eden regions: 674->0(673)
[2026-07-26T11:23:09.892+0200][253741.055s][info][gc,heap       ] GC(5500) Survivor regions: 7->7(86)
[2026-07-26T11:23:09.892+0200][253741.055s][info][gc,heap       ] GC(5500) Old regions: 1702->1702
[2026-07-26T11:23:09.892+0200][253741.055s][info][gc,heap       ] GC(5500) Humongous regions: 16->16
[2026-07-26T11:23:09.892+0200][253741.055s][info][gc,metaspace  ] GC(5500) Metaspace: 740202K(890496K)->740202K(890496K) NonClass: 654513K(792320K)->654513K(792320K) Class: 85688K(98176K)->85688K(98176K)
[2026-07-26T11:23:09.892+0200][253741.055s][info][gc            ] GC(5500) Pause Young (Normal) (G1 Evacuation Pause) 2397M->1724M(2681M) 10.126ms
[2026-07-26T11:23:09.892+0200][253741.055s][info][gc,cpu        ] GC(5500) User=0.06s Sys=0.00s Real=0.01s
[2026-07-26T11:26:11.589+0200][253922.752s][info][gc,start      ] GC(5501) Pause Young (Normal) (G1 Evacuation Pause)
[2026-07-26T11:26:11.589+0200][253922.752s][info][gc,task       ] GC(5501) Using 13 workers of 13 for evacuation
[2026-07-26T11:26:11.601+0200][253922.764s][info][gc,phases     ] GC(5501)   Pre Evacuate Collection Set: 0.1ms
[2026-07-26T11:26:11.601+0200][253922.764s][info][gc,phases     ] GC(5501)   Evacuate Collection Set: 7.8ms
[2026-07-26T11:26:11.601+0200][253922.764s][info][gc,phases     ] GC(5501)   Post Evacuate Collection Set: 3.5ms
[2026-07-26T11:26:11.601+0200][253922.764s][info][gc,phases     ] GC(5501)   Other: 0.5ms
[2026-07-26T11:26:11.601+0200][253922.764s][info][gc,heap       ] GC(5501) Eden regions: 673->0(665)
[2026-07-26T11:26:11.601+0200][253922.764s][info][gc,heap       ] GC(5501) Survivor regions: 7->10(85)
[2026-07-26T11:26:11.601+0200][253922.764s][info][gc,heap       ] GC(5501) Old regions: 1702->1702
[2026-07-26T11:26:11.601+0200][253922.764s][info][gc,heap       ] GC(5501) Humongous regions: 16->16
[2026-07-26T11:26:11.601+0200][253922.764s][info][gc,metaspace  ] GC(5501) Metaspace: 740206K(890496K)->740206K(890496K) NonClass: 654517K(792320K)->654517K(792320K) Class: 85689K(98176K)->85689K(98176K)
[2026-07-26T11:26:11.601+0200][253922.765s][info][gc            ] GC(5501) Pause Young (Normal) (G1 Evacuation Pause) 2397M->1726M(2681M) 12.130ms
[2026-07-26T11:26:11.601+0200][253922.765s][info][gc,cpu        ] GC(5501) User=0.10s Sys=0.00s Real=0.01s
[2026-07-26T11:30:20.591+0200][254171.754s][info][gc,start      ] GC(5502) Pause Young (Normal) (G1 Evacuation Pause)
[2026-07-26T11:30:20.591+0200][254171.754s][info][gc,task       ] GC(5502) Using 13 workers of 13 for evacuation
[2026-07-26T11:30:20.603+0200][254171.766s][info][gc,phases     ] GC(5502)   Pre Evacuate Collection Set: 0.1ms
[2026-07-26T11:30:20.603+0200][254171.766s][info][gc,phases     ] GC(5502)   Evacuate Collection Set: 7.6ms
[2026-07-26T11:30:20.603+0200][254171.766s][info][gc,phases     ] GC(5502)   Post Evacuate Collection Set: 4.0ms
[2026-07-26T11:30:20.603+0200][254171.766s][info][gc,phases     ] GC(5502)   Other: 0.5ms
[2026-07-26T11:30:20.603+0200][254171.766s][info][gc,heap       ] GC(5502) Eden regions: 665->0(668)
[2026-07-26T11:30:20.603+0200][254171.766s][info][gc,heap       ] GC(5502) Survivor regions: 10->10(85)
[2026-07-26T11:30:20.603+0200][254171.766s][info][gc,heap       ] GC(5502) Old regions: 1702->1702
[2026-07-26T11:30:20.603+0200][254171.766s][info][gc,heap       ] GC(5502) Humongous regions: 16->16
[2026-07-26T11:30:20.603+0200][254171.766s][info][gc,metaspace  ] GC(5502) Metaspace: 740206K(890496K)->740206K(890496K) NonClass: 654517K(792320K)->654517K(792320K) Class: 85689K(98176K)->85689K(98176K)
[2026-07-26T11:30:20.603+0200][254171.767s][info][gc            ] GC(5502) Pause Young (Normal) (G1 Evacuation Pause) 2391M->1727M(2681M) 12.498ms
[2026-07-26T11:30:20.603+0200][254171.767s][info][gc,cpu        ] GC(5502) User=0.10s Sys=0.00s Real=0.01s
[2026-07-26T11:31:31.872+0200][254243.036s][info][gc,start      ] GC(5503) Pause Young (Normal) (G1 Evacuation Pause)
[2026-07-26T11:31:31.872+0200][254243.036s][info][gc,task       ] GC(5503) Using 13 workers of 13 for evacuation
[2026-07-26T11:31:31.887+0200][254243.051s][info][gc,phases     ] GC(5503)   Pre Evacuate Collection Set: 0.2ms
[2026-07-26T11:31:31.887+0200][254243.051s][info][gc,phases     ] GC(5503)   Evacuate Collection Set: 9.3ms
[2026-07-26T11:31:31.887+0200][254243.051s][info][gc,phases     ] GC(5503)   Post Evacuate Collection Set: 4.8ms
[2026-07-26T11:31:31.887+0200][254243.051s][info][gc,phases     ] GC(5503)   Other: 0.7ms
[2026-07-26T11:31:31.887+0200][254243.051s][info][gc,heap       ] GC(5503) Eden regions: 668->0(664)
[2026-07-26T11:31:31.887+0200][254243.051s][info][gc,heap       ] GC(5503) Survivor regions: 10->13(85)
[2026-07-26T11:31:31.887+0200][254243.051s][info][gc,heap       ] GC(5503) Old regions: 1702->1702
[2026-07-26T11:31:31.887+0200][254243.051s][info][gc,heap       ] GC(5503) Humongous regions: 16->16
[2026-07-26T11:31:31.887+0200][254243.051s][info][gc,metaspace  ] GC(5503) Metaspace: 740206K(890496K)->740206K(890496K) NonClass: 654517K(792320K)->654517K(792320K) Class: 85689K(98176K)->85689K(98176K)
[2026-07-26T11:31:31.887+0200][254243.051s][info][gc            ] GC(5503) Pause Young (Normal) (G1 Evacuation Pause) 2395M->1730M(2681M) 15.266ms
[2026-07-26T11:31:31.887+0200][254243.051s][info][gc,cpu        ] GC(5503) User=0.13s Sys=0.00s Real=0.02s
[2026-07-26T11:34:15.356+0200][254406.520s][info][gc,start      ] GC(5504) Pause Young (Normal) (G1 Evacuation Pause)
[2026-07-26T11:34:15.356+0200][254406.520s][info][gc,task       ] GC(5504) Using 13 workers of 13 for evacuation
[2026-07-26T11:34:15.369+0200][254406.532s][info][gc,phases     ] GC(5504)   Pre Evacuate Collection Set: 0.2ms
[2026-07-26T11:34:15.369+0200][254406.532s][info][gc,phases     ] GC(5504)   Evacuate Collection Set: 8.2ms
[2026-07-26T11:34:15.369+0200][254406.532s][info][gc,phases     ] GC(5504)   Post Evacuate Collection Set: 3.5ms
[2026-07-26T11:34:15.369+0200][254406.532s][info][gc,phases     ] GC(5504)   Other: 0.5ms
[2026-07-26T11:34:15.369+0200][254406.532s][info][gc,heap       ] GC(5504) Eden regions: 664->0(669)
[2026-07-26T11:34:15.369+0200][254406.532s][info][gc,heap       ] GC(5504) Survivor regions: 13->11(85)
[2026-07-26T11:34:15.369+0200][254406.532s][info][gc,heap       ] GC(5504) Old regions: 1702->1702
[2026-07-26T11:34:15.369+0200][254406.532s][info][gc,heap       ] GC(5504) Humongous regions: 16->16
[2026-07-26T11:34:15.369+0200][254406.532s][info][gc,metaspace  ] GC(5504) Metaspace: 740206K(890496K)->740206K(890496K) NonClass: 654517K(792320K)->654517K(792320K) Class: 85689K(98176K)->85689K(98176K)
[2026-07-26T11:34:15.369+0200][254406.532s][info][gc            ] GC(5504) Pause Young (Normal) (G1 Evacuation Pause) 2394M->1728M(2681M) 12.504ms
[2026-07-26T11:34:15.369+0200][254406.532s][info][gc,cpu        ] GC(5504) User=0.10s Sys=0.00s Real=0.01s
[2026-07-26T11:39:40.766+0200][254731.930s][info][gc,start      ] GC(5505) Pause Young (Normal) (G1 Evacuation Pause)
[2026-07-26T11:39:40.766+0200][254731.930s][info][gc,task       ] GC(5505) Using 13 workers of 13 for evacuation
[2026-07-26T11:39:40.783+0200][254731.946s][info][gc,phases     ] GC(5505)   Pre Evacuate Collection Set: 0.1ms
[2026-07-26T11:39:40.783+0200][254731.946s][info][gc,phases     ] GC(5505)   Evacuate Collection Set: 11.5ms
[2026-07-26T11:39:40.783+0200][254731.946s][info][gc,phases     ] GC(5505)   Post Evacuate Collection Set: 4.7ms
[2026-07-26T11:39:40.783+0200][254731.946s][info][gc,phases     ] GC(5505)   Other: 0.5ms
[2026-07-26T11:39:40.783+0200][254731.946s][info][gc,heap       ] GC(5505) Eden regions: 669->0(667)
[2026-07-26T11:39:40.783+0200][254731.947s][info][gc,heap       ] GC(5505) Survivor regions: 11->12(85)
[2026-07-26T11:39:40.783+0200][254731.947s][info][gc,heap       ] GC(5505) Old regions: 1702->1702
[2026-07-26T11:39:40.783+0200][254731.947s][info][gc,heap       ] GC(5505) Humongous regions: 16->16
[2026-07-26T11:39:40.783+0200][254731.947s][info][gc,metaspace  ] GC(5505) Metaspace: 740206K(890496K)->740206K(890496K) NonClass: 654517K(792320K)->654517K(792320K) Class: 85689K(98176K)->85689K(98176K)
[2026-07-26T11:39:40.783+0200][254731.947s][info][gc            ] GC(5505) Pause Young (Normal) (G1 Evacuation Pause) 2397M->1729M(2681M) 16.974ms
[2026-07-26T11:39:40.783+0200][254731.947s][info][gc,cpu        ] GC(5505) User=0.11s Sys=0.00s Real=0.01s
[2026-07-26T11:40:28.610+0200][254779.773s][info][gc,start      ] GC(5506) Pause Young (Normal) (G1 Evacuation Pause)
[2026-07-26T11:40:28.610+0200][254779.774s][info][gc,task       ] GC(5506) Using 13 workers of 13 for evacuation
[2026-07-26T11:40:28.627+0200][254779.790s][info][gc,phases     ] GC(5506)   Pre Evacuate Collection Set: 0.2ms
[2026-07-26T11:40:28.627+0200][254779.790s][info][gc,phases     ] GC(5506)   Evacuate Collection Set: 11.6ms
[2026-07-26T11:40:28.627+0200][254779.790s][info][gc,phases     ] GC(5506)   Post Evacuate Collection Set: 4.1ms
[2026-07-26T11:40:28.627+0200][254779.790s][info][gc,phases     ] GC(5506)   Other: 0.9ms
[2026-07-26T11:40:28.627+0200][254779.790s][info][gc,heap       ] GC(5506) Eden regions: 667->0(664)
[2026-07-26T11:40:28.627+0200][254779.790s][info][gc,heap       ] GC(5506) Survivor regions: 12->14(85)
[2026-07-26T11:40:28.627+0200][254779.790s][info][gc,heap       ] GC(5506) Old regions: 1702->1702
[2026-07-26T11:40:28.627+0200][254779.790s][info][gc,heap       ] GC(5506) Humongous regions: 16->16
[2026-07-26T11:40:28.627+0200][254779.790s][info][gc,metaspace  ] GC(5506) Metaspace: 740207K(890496K)->740207K(890496K) NonClass: 654517K(792320K)->654517K(792320K) Class: 85689K(98176K)->85689K(98176K)
[2026-07-26T11:40:28.627+0200][254779.790s][info][gc            ] GC(5506) Pause Young (Normal) (G1 Evacuation Pause) 2396M->1731M(2681M) 16.934ms
[2026-07-26T11:40:28.627+0200][254779.790s][info][gc,cpu        ] GC(5506) User=0.14s Sys=0.00s Real=0.02s
[2026-07-26T11:40:29.941+0200][254781.105s][info][gc,start      ] GC(5507) Pause Young (Normal) (G1 Evacuation Pause)
[2026-07-26T11:40:29.941+0200][254781.105s][info][gc,task       ] GC(5507) Using 13 workers of 13 for evacuation
[2026-07-26T11:40:29.960+0200][254781.123s][info][gc,phases     ] GC(5507)   Pre Evacuate Collection Set: 0.1ms
[2026-07-26T11:40:29.960+0200][254781.123s][info][gc,phases     ] GC(5507)   Evacuate Collection Set: 13.2ms
[2026-07-26T11:40:29.960+0200][254781.123s][info][gc,phases     ] GC(5507)   Post Evacuate Collection Set: 4.8ms
[2026-07-26T11:40:29.960+0200][254781.124s][info][gc,phases     ] GC(5507)   Other: 0.5ms
[2026-07-26T11:40:29.960+0200][254781.124s][info][gc,heap       ] GC(5507) Eden regions: 664->0(664)
[2026-07-26T11:40:29.960+0200][254781.124s][info][gc,heap       ] GC(5507) Survivor regions: 14->14(85)
[2026-07-26T11:40:29.960+0200][254781.124s][info][gc,heap       ] GC(5507) Old regions: 1702->1702
[2026-07-26T11:40:29.960+0200][254781.124s][info][gc,heap       ] GC(5507) Humongous regions: 16->16
[2026-07-26T11:40:29.960+0200][254781.124s][info][gc,metaspace  ] GC(5507) Metaspace: 740207K(890496K)->740207K(890496K) NonClass: 654517K(792320K)->654517K(792320K) Class: 85689K(98176K)->85689K(98176K)
[2026-07-26T11:40:29.960+0200][254781.124s][info][gc            ] GC(5507) Pause Young (Normal) (G1 Evacuation Pause) 2395M->1731M(2681M) 18.903ms
[2026-07-26T11:40:29.960+0200][254781.124s][info][gc,cpu        ] GC(5507) User=0.14s Sys=0.00s Real=0.02s
[2026-07-26T11:43:05.412+0200][254936.575s][info][gc,start      ] GC(5508) Pause Young (Normal) (G1 Evacuation Pause)
[2026-07-26T11:43:05.412+0200][254936.575s][info][gc,task       ] GC(5508) Using 13 workers of 13 for evacuation
[2026-07-26T11:43:05.423+0200][254936.586s][info][gc,phases     ] GC(5508)   Pre Evacuate Collection Set: 0.1ms
[2026-07-26T11:43:05.423+0200][254936.587s][info][gc,phases     ] GC(5508)   Evacuate Collection Set: 7.2ms
[2026-07-26T11:43:05.423+0200][254936.587s][info][gc,phases     ] GC(5508)   Post Evacuate Collection Set: 3.8ms
[2026-07-26T11:43:05.423+0200][254936.587s][info][gc,phases     ] GC(5508)   Other: 0.5ms
[2026-07-26T11:43:05.423+0200][254936.587s][info][gc,heap       ] GC(5508) Eden regions: 664->0(669)
[2026-07-26T11:43:05.423+0200][254936.587s][info][gc,heap       ] GC(5508) Survivor regions: 14->11(85)
[2026-07-26T11:43:05.423+0200][254936.587s][info][gc,heap       ] GC(5508) Old regions: 1702->1702
[2026-07-26T11:43:05.423+0200][254936.587s][info][gc,heap       ] GC(5508) Humongous regions: 16->16
[2026-07-26T11:43:05.423+0200][254936.587s][info][gc,metaspace  ] GC(5508) Metaspace: 740207K(890496K)->740207K(890496K) NonClass: 654517K(792320K)->654517K(792320K) Class: 85689K(98176K)->85689K(98176K)
[2026-07-26T11:43:05.423+0200][254936.587s][info][gc            ] GC(5508) Pause Young (Normal) (G1 Evacuation Pause) 2395M->1728M(2681M) 11.733ms
[2026-07-26T11:43:05.423+0200][254936.587s][info][gc,cpu        ] GC(5508) User=0.09s Sys=0.00s Real=0.01s
[2026-07-26T11:43:25.045+0200][254956.209s][info][gc,start      ] GC(5509) Pause Young (Normal) (G1 Evacuation Pause)
[2026-07-26T11:43:25.045+0200][254956.209s][info][gc,task       ] GC(5509) Using 13 workers of 13 for evacuation
[2026-07-26T11:43:25.059+0200][254956.222s][info][gc,phases     ] GC(5509)   Pre Evacuate Collection Set: 0.2ms
[2026-07-26T11:43:25.059+0200][254956.222s][info][gc,phases     ] GC(5509)   Evacuate Collection Set: 8.9ms
[2026-07-26T11:43:25.059+0200][254956.222s][info][gc,phases     ] GC(5509)   Post Evacuate Collection Set: 3.8ms
[2026-07-26T11:43:25.059+0200][254956.222s][info][gc,phases     ] GC(5509)   Other: 0.6ms
[2026-07-26T11:43:25.059+0200][254956.222s][info][gc,heap       ] GC(5509) Eden regions: 669->0(666)
[2026-07-26T11:43:25.059+0200][254956.222s][info][gc,heap       ] GC(5509) Survivor regions: 11->12(85)
[2026-07-26T11:43:25.059+0200][254956.222s][info][gc,heap       ] GC(5509) Old regions: 1702->1703
[2026-07-26T11:43:25.059+0200][254956.222s][info][gc,heap       ] GC(5509) Humongous regions: 16->16
[2026-07-26T11:43:25.059+0200][254956.222s][info][gc,metaspace  ] GC(5509) Metaspace: 740207K(890496K)->740207K(890496K) NonClass: 654517K(792320K)->654517K(792320K) Class: 85689K(98176K)->85689K(98176K)
[2026-07-26T11:43:25.059+0200][254956.222s][info][gc            ] GC(5509) Pause Young (Normal) (G1 Evacuation Pause) 2397M->1730M(2681M) 13.670ms
[2026-07-26T11:43:25.059+0200][254956.222s][info][gc,cpu        ] GC(5509) User=0.11s Sys=0.01s Real=0.01s
[2026-07-26T11:43:28.726+0200][254959.890s][info][gc,start      ] GC(5510) Pause Young (Normal) (G1 Evacuation Pause)
[2026-07-26T11:43:28.726+0200][254959.890s][info][gc,task       ] GC(5510) Using 13 workers of 13 for evacuation
[2026-07-26T11:43:28.738+0200][254959.901s][info][gc,phases     ] GC(5510)   Pre Evacuate Collection Set: 0.2ms
[2026-07-26T11:43:28.738+0200][254959.901s][info][gc,phases     ] GC(5510)   Evacuate Collection Set: 7.2ms
[2026-07-26T11:43:28.738+0200][254959.901s][info][gc,phases     ] GC(5510)   Post Evacuate Collection Set: 3.6ms
[2026-07-26T11:43:28.738+0200][254959.901s][info][gc,phases     ] GC(5510)   Other: 0.6ms
[2026-07-26T11:43:28.738+0200][254959.901s][info][gc,heap       ] GC(5510) Eden regions: 666->0(669)
[2026-07-26T11:43:28.738+0200][254959.901s][info][gc,heap       ] GC(5510) Survivor regions: 12->10(85)
[2026-07-26T11:43:28.738+0200][254959.901s][info][gc,heap       ] GC(5510) Old regions: 1703->1703
[2026-07-26T11:43:28.738+0200][254959.901s][info][gc,heap       ] GC(5510) Humongous regions: 16->16
[2026-07-26T11:43:28.738+0200][254959.901s][info][gc,metaspace  ] GC(5510) Metaspace: 740207K(890496K)->740207K(890496K) NonClass: 654517K(792320K)->654517K(792320K) Class: 85689K(98176K)->85689K(98176K)
[2026-07-26T11:43:28.738+0200][254959.901s][info][gc            ] GC(5510) Pause Young (Normal) (G1 Evacuation Pause) 2396M->1728M(2681M) 11.705ms
[2026-07-26T11:43:28.738+0200][254959.901s][info][gc,cpu        ] GC(5510) User=0.09s Sys=0.01s Real=0.01s
[2026-07-26T11:44:27.275+0200][255018.439s][info][gc,start      ] GC(5511) Pause Young (Normal) (G1 Evacuation Pause)
[2026-07-26T11:44:27.275+0200][255018.439s][info][gc,task       ] GC(5511) Using 13 workers of 13 for evacuation
[2026-07-26T11:44:27.289+0200][255018.452s][info][gc,phases     ] GC(5511)   Pre Evacuate Collection Set: 0.2ms
[2026-07-26T11:44:27.289+0200][255018.452s][info][gc,phases     ] GC(5511)   Evacuate Collection Set: 9.7ms
[2026-07-26T11:44:27.289+0200][255018.452s][info][gc,phases     ] GC(5511)   Post Evacuate Collection Set: 2.9ms
[2026-07-26T11:44:27.289+0200][255018.452s][info][gc,phases     ] GC(5511)   Other: 0.5ms
[2026-07-26T11:44:27.289+0200][255018.452s][info][gc,heap       ] GC(5511) Eden regions: 669->0(666)
[2026-07-26T11:44:27.289+0200][255018.452s][info][gc,heap       ] GC(5511) Survivor regions: 10->11(85)
[2026-07-26T11:44:27.289+0200][255018.452s][info][gc,heap       ] GC(5511) Old regions: 1703->1704
[2026-07-26T11:44:27.289+0200][255018.452s][info][gc,heap       ] GC(5511) Humongous regions: 16->16
[2026-07-26T11:44:27.289+0200][255018.452s][info][gc,metaspace  ] GC(5511) Metaspace: 740207K(890496K)->740207K(890496K) NonClass: 654517K(792320K)->654517K(792320K) Class: 85689K(98176K)->85689K(98176K)
[2026-07-26T11:44:27.289+0200][255018.452s][info][gc            ] GC(5511) Pause Young (Normal) (G1 Evacuation Pause) 2397M->1730M(2681M) 13.452ms
[2026-07-26T11:44:27.289+0200][255018.452s][info][gc,cpu        ] GC(5511) User=0.12s Sys=0.00s Real=0.01s
[2026-07-26T11:45:13.400+0200][255064.563s][info][gc,start      ] GC(5512) Pause Young (Normal) (G1 Evacuation Pause)
[2026-07-26T11:45:13.400+0200][255064.563s][info][gc,task       ] GC(5512) Using 13 workers of 13 for evacuation
[2026-07-26T11:45:13.417+0200][255064.581s][info][gc,phases     ] GC(5512)   Pre Evacuate Collection Set: 0.2ms
[2026-07-26T11:45:13.417+0200][255064.581s][info][gc,phases     ] GC(5512)   Evacuate Collection Set: 12.4ms
[2026-07-26T11:45:13.417+0200][255064.581s][info][gc,phases     ] GC(5512)   Post Evacuate Collection Set: 4.4ms
[2026-07-26T11:45:13.417+0200][255064.581s][info][gc,phases     ] GC(5512)   Other: 0.7ms
[2026-07-26T11:45:13.417+0200][255064.581s][info][gc,heap       ] GC(5512) Eden regions: 666->0(658)
[2026-07-26T11:45:13.417+0200][255064.581s][info][gc,heap       ] GC(5512) Survivor regions: 11->15(85)
[2026-07-26T11:45:13.417+0200][255064.581s][info][gc,heap       ] GC(5512) Old regions: 1704->1704
[2026-07-26T11:45:13.418+0200][255064.581s][info][gc,heap       ] GC(5512) Humongous regions: 16->16
[2026-07-26T11:45:13.418+0200][255064.581s][info][gc,metaspace  ] GC(5512) Metaspace: 740207K(890496K)->740207K(890496K) NonClass: 654517K(792320K)->654517K(792320K) Class: 85689K(98176K)->85689K(98176K)
[2026-07-26T11:45:13.418+0200][255064.581s][info][gc            ] GC(5512) Pause Young (Normal) (G1 Evacuation Pause) 2396M->1733M(2681M) 18.030ms
[2026-07-26T11:45:13.418+0200][255064.581s][info][gc,cpu        ] GC(5512) User=0.14s Sys=0.00s Real=0.02s
[2026-07-26T11:45:14.660+0200][255065.823s][info][gc,start      ] GC(5513) Pause Young (Normal) (G1 Evacuation Pause)
[2026-07-26T11:45:14.660+0200][255065.823s][info][gc,task       ] GC(5513) Using 13 workers of 13 for evacuation
[2026-07-26T11:45:14.674+0200][255065.837s][info][gc,phases     ] GC(5513)   Pre Evacuate Collection Set: 0.2ms
[2026-07-26T11:45:14.674+0200][255065.837s][info][gc,phases     ] GC(5513)   Evacuate Collection Set: 10.2ms
[2026-07-26T11:45:14.674+0200][255065.837s][info][gc,phases     ] GC(5513)   Post Evacuate Collection Set: 3.2ms
[2026-07-26T11:45:14.674+0200][255065.837s][info][gc,phases     ] GC(5513)   Other: 0.4ms
[2026-07-26T11:45:14.674+0200][255065.837s][info][gc,heap       ] GC(5513) Eden regions: 658->0(661)
[2026-07-26T11:45:14.674+0200][255065.837s][info][gc,heap       ] GC(5513) Survivor regions: 15->13(85)
[2026-07-26T11:45:14.674+0200][255065.837s][info][gc,heap       ] GC(5513) Old regions: 1704->1704
[2026-07-26T11:45:14.674+0200][255065.837s][info][gc,heap       ] GC(5513) Humongous regions: 16->16
[2026-07-26T11:45:14.674+0200][255065.837s][info][gc,metaspace  ] GC(5513) Metaspace: 740207K(890496K)->740207K(890496K) NonClass: 654517K(792320K)->654517K(792320K) Class: 85689K(98176K)->85689K(98176K)
[2026-07-26T11:45:14.674+0200][255065.837s][info][gc            ] GC(5513) Pause Young (Normal) (G1 Evacuation Pause) 2391M->1732M(2681M) 14.094ms
[2026-07-26T11:45:14.674+0200][255065.837s][info][gc,cpu        ] GC(5513) User=0.13s Sys=0.00s Real=0.01s
[2026-07-26T11:45:33.479+0200][255084.642s][info][gc,start      ] GC(5514) Pause Young (Normal) (G1 Evacuation Pause)
[2026-07-26T11:45:33.479+0200][255084.642s][info][gc,task       ] GC(5514) Using 13 workers of 13 for evacuation
[2026-07-26T11:45:33.489+0200][255084.653s][info][gc,phases     ] GC(5514)   Pre Evacuate Collection Set: 0.1ms
[2026-07-26T11:45:33.489+0200][255084.653s][info][gc,phases     ] GC(5514)   Evacuate Collection Set: 7.0ms
[2026-07-26T11:45:33.489+0200][255084.653s][info][gc,phases     ] GC(5514)   Post Evacuate Collection Set: 2.9ms
[2026-07-26T11:45:33.490+0200][255084.653s][info][gc,phases     ] GC(5514)   Other: 0.4ms
[2026-07-26T11:45:33.490+0200][255084.653s][info][gc,heap       ] GC(5514) Eden regions: 661->0(669)
[2026-07-26T11:45:33.490+0200][255084.653s][info][gc,heap       ] GC(5514) Survivor regions: 13->8(85)
[2026-07-26T11:45:33.490+0200][255084.653s][info][gc,heap       ] GC(5514) Old regions: 1704->1704
[2026-07-26T11:45:33.490+0200][255084.653s][info][gc,heap       ] GC(5514) Humongous regions: 16->16
[2026-07-26T11:45:33.490+0200][255084.653s][info][gc,metaspace  ] GC(5514) Metaspace: 740207K(890496K)->740207K(890496K) NonClass: 654517K(792320K)->654517K(792320K) Class: 85689K(98176K)->85689K(98176K)
[2026-07-26T11:45:33.490+0200][255084.653s][info][gc            ] GC(5514) Pause Young (Normal) (G1 Evacuation Pause) 2393M->1726M(2681M) 10.617ms
[2026-07-26T11:45:33.490+0200][255084.653s][info][gc,cpu        ] GC(5514) User=0.08s Sys=0.00s Real=0.01s
[2026-07-26T11:46:17.393+0200][255128.557s][info][gc,start      ] GC(5515) Pause Young (Normal) (G1 Evacuation Pause)
[2026-07-26T11:46:17.393+0200][255128.557s][info][gc,task       ] GC(5515) Using 13 workers of 13 for evacuation
[2026-07-26T11:46:17.409+0200][255128.573s][info][gc,phases     ] GC(5515)   Pre Evacuate Collection Set: 0.2ms
[2026-07-26T11:46:17.409+0200][255128.573s][info][gc,phases     ] GC(5515)   Evacuate Collection Set: 12.0ms
[2026-07-26T11:46:17.409+0200][255128.573s][info][gc,phases     ] GC(5515)   Post Evacuate Collection Set: 3.5ms
[2026-07-26T11:46:17.409+0200][255128.573s][info][gc,phases     ] GC(5515)   Other: 0.5ms
[2026-07-26T11:46:17.409+0200][255128.573s][info][gc,heap       ] GC(5515) Eden regions: 669->0(659)
[2026-07-26T11:46:17.409+0200][255128.573s][info][gc,heap       ] GC(5515) Survivor regions: 8->15(85)
[2026-07-26T11:46:17.409+0200][255128.573s][info][gc,heap       ] GC(5515) Old regions: 1704->1704
[2026-07-26T11:46:17.409+0200][255128.573s][info][gc,heap       ] GC(5515) Humongous regions: 16->16
[2026-07-26T11:46:17.410+0200][255128.573s][info][gc,metaspace  ] GC(5515) Metaspace: 740207K(890496K)->740207K(890496K) NonClass: 654517K(792320K)->654517K(792320K) Class: 85689K(98176K)->85689K(98176K)
[2026-07-26T11:46:17.410+0200][255128.573s][info][gc            ] GC(5515) Pause Young (Normal) (G1 Evacuation Pause) 2395M->1733M(2681M) 16.345ms
[2026-07-26T11:46:17.410+0200][255128.573s][info][gc,cpu        ] GC(5515) User=0.14s Sys=0.00s Real=0.02s
[2026-07-26T11:46:18.377+0200][255129.540s][info][gc,start      ] GC(5516) Pause Young (Normal) (G1 Evacuation Pause)
[2026-07-26T11:46:18.377+0200][255129.540s][info][gc,task       ] GC(5516) Using 13 workers of 13 for evacuation
[2026-07-26T11:46:18.393+0200][255129.556s][info][gc,phases     ] GC(5516)   Pre Evacuate Collection Set: 0.1ms
[2026-07-26T11:46:18.393+0200][255129.556s][info][gc,phases     ] GC(5516)   Evacuate Collection Set: 12.0ms
[2026-07-26T11:46:18.393+0200][255129.556s][info][gc,phases     ] GC(5516)   Post Evacuate Collection Set: 3.3ms
[2026-07-26T11:46:18.393+0200][255129.556s][info][gc,phases     ] GC(5516)   Other: 0.4ms
[2026-07-26T11:46:18.393+0200][255129.556s][info][gc,heap       ] GC(5516) Eden regions: 659->0(660)
[2026-07-26T11:46:18.393+0200][255129.556s][info][gc,heap       ] GC(5516) Survivor regions: 15->8(85)
[2026-07-26T11:46:18.393+0200][255129.556s][info][gc,heap       ] GC(5516) Old regions: 1704->1710
[2026-07-26T11:46:18.393+0200][255129.556s][info][gc,heap       ] GC(5516) Humongous regions: 16->16
[2026-07-26T11:46:18.393+0200][255129.556s][info][gc,metaspace  ] GC(5516) Metaspace: 740207K(890496K)->740207K(890496K) NonClass: 654517K(792320K)->654517K(792320K) Class: 85689K(98176K)->85689K(98176K)
[2026-07-26T11:46:18.393+0200][255129.556s][info][gc            ] GC(5516) Pause Young (Normal) (G1 Evacuation Pause) 2392M->1732M(2681M) 16.086ms
[2026-07-26T11:46:18.393+0200][255129.556s][info][gc,cpu        ] GC(5516) User=0.14s Sys=0.00s Real=0.01s
[2026-07-26T11:46:21.369+0200][255132.532s][info][gc,start      ] GC(5517) Pause Young (Normal) (G1 Evacuation Pause)
[2026-07-26T11:46:21.369+0200][255132.532s][info][gc,task       ] GC(5517) Using 13 workers of 13 for evacuation
[2026-07-26T11:46:21.378+0200][255132.541s][info][gc,phases     ] GC(5517)   Pre Evacuate Collection Set: 0.1ms
[2026-07-26T11:46:21.378+0200][255132.541s][info][gc,phases     ] GC(5517)   Evacuate Collection Set: 4.9ms
[2026-07-26T11:46:21.378+0200][255132.541s][info][gc,phases     ] GC(5517)   Post Evacuate Collection Set: 3.2ms
[2026-07-26T11:46:21.378+0200][255132.541s][info][gc,phases     ] GC(5517)   Other: 1.1ms
[2026-07-26T11:46:21.378+0200][255132.541s][info][gc,heap       ] GC(5517) Eden regions: 660->0(663)
[2026-07-26T11:46:21.378+0200][255132.541s][info][gc,heap       ] GC(5517) Survivor regions: 8->5(84)
[2026-07-26T11:46:21.378+0200][255132.541s][info][gc,heap       ] GC(5517) Old regions: 1710->1710
[2026-07-26T11:46:21.378+0200][255132.541s][info][gc,heap       ] GC(5517) Humongous regions: 16->16
[2026-07-26T11:46:21.378+0200][255132.541s][info][gc,metaspace  ] GC(5517) Metaspace: 740207K(890496K)->740207K(890496K) NonClass: 654517K(792320K)->654517K(792320K) Class: 85689K(98176K)->85689K(98176K)
[2026-07-26T11:46:21.378+0200][255132.542s][info][gc            ] GC(5517) Pause Young (Normal) (G1 Evacuation Pause) 2392M->1730M(2681M) 9.436ms
[2026-07-26T11:46:21.378+0200][255132.542s][info][gc,cpu        ] GC(5517) User=0.06s Sys=0.00s Real=0.01s
[2026-07-26T11:46:24.961+0200][255136.125s][info][gc,start      ] GC(5518) Pause Young (Normal) (G1 Evacuation Pause)
[2026-07-26T11:46:24.961+0200][255136.125s][info][gc,task       ] GC(5518) Using 13 workers of 13 for evacuation
[2026-07-26T11:46:24.972+0200][255136.135s][info][gc,phases     ] GC(5518)   Pre Evacuate Collection Set: 0.2ms
[2026-07-26T11:46:24.972+0200][255136.135s][info][gc,phases     ] GC(5518)   Evacuate Collection Set: 5.4ms
[2026-07-26T11:46:24.972+0200][255136.135s][info][gc,phases     ] GC(5518)   Post Evacuate Collection Set: 4.3ms
[2026-07-26T11:46:24.972+0200][255136.135s][info][gc,phases     ] GC(5518)   Other: 0.6ms
[2026-07-26T11:46:24.972+0200][255136.135s][info][gc,heap       ] GC(5518) Eden regions: 663->0(665)
[2026-07-26T11:46:24.972+0200][255136.135s][info][gc,heap       ] GC(5518) Survivor regions: 5->4(84)
[2026-07-26T11:46:24.972+0200][255136.135s][info][gc,heap       ] GC(5518) Old regions: 1710->1710
[2026-07-26T11:46:24.972+0200][255136.135s][info][gc,heap       ] GC(5518) Humongous regions: 16->16
[2026-07-26T11:46:24.972+0200][255136.135s][info][gc,metaspace  ] GC(5518) Metaspace: 740207K(890496K)->740207K(890496K) NonClass: 654517K(792320K)->654517K(792320K) Class: 85689K(98176K)->85689K(98176K)
[2026-07-26T11:46:24.972+0200][255136.135s][info][gc            ] GC(5518) Pause Young (Normal) (G1 Evacuation Pause) 2393M->1729M(2681M) 10.817ms
[2026-07-26T11:46:24.972+0200][255136.135s][info][gc,cpu        ] GC(5518) User=0.06s Sys=0.00s Real=0.01s
[2026-07-26T11:47:39.718+0200][255210.881s][info][gc,start      ] GC(5519) Pause Young (Normal) (G1 Evacuation Pause)
[2026-07-26T11:47:39.718+0200][255210.881s][info][gc,task       ] GC(5519) Using 13 workers of 13 for evacuation
[2026-07-26T11:47:39.727+0200][255210.891s][info][gc,phases     ] GC(5519)   Pre Evacuate Collection Set: 0.1ms
[2026-07-26T11:47:39.727+0200][255210.891s][info][gc,phases     ] GC(5519)   Evacuate Collection Set: 2.9ms
[2026-07-26T11:47:39.727+0200][255210.891s][info][gc,phases     ] GC(5519)   Post Evacuate Collection Set: 6.0ms
[2026-07-26T11:47:39.727+0200][255210.891s][info][gc,phases     ] GC(5519)   Other: 0.6ms
[2026-07-26T11:47:39.728+0200][255210.891s][info][gc,heap       ] GC(5519) Eden regions: 665->0(670)
[2026-07-26T11:47:39.728+0200][255210.891s][info][gc,heap       ] GC(5519) Survivor regions: 4->2(84)
[2026-07-26T11:47:39.728+0200][255210.891s][info][gc,heap       ] GC(5519) Old regions: 1710->1710
[2026-07-26T11:47:39.728+0200][255210.891s][info][gc,heap       ] GC(5519) Humongous regions: 16->16
[2026-07-26T11:47:39.728+0200][255210.891s][info][gc,metaspace  ] GC(5519) Metaspace: 740207K(890496K)->740207K(890496K) NonClass: 654517K(792320K)->654517K(792320K) Class: 85689K(98176K)->85689K(98176K)
[2026-07-26T11:47:39.728+0200][255210.891s][info][gc            ] GC(5519) Pause Young (Normal) (G1 Evacuation Pause) 2394M->1727M(2681M) 9.835ms
[2026-07-26T11:47:39.728+0200][255210.891s][info][gc,cpu        ] GC(5519) User=0.07s Sys=0.00s Real=0.01s
[2026-07-26T11:53:15.379+0200][255546.542s][info][gc,start      ] GC(5520) Pause Young (Normal) (G1 Evacuation Pause)
[2026-07-26T11:53:15.379+0200][255546.542s][info][gc,task       ] GC(5520) Using 13 workers of 13 for evacuation
[2026-07-26T11:53:15.389+0200][255546.553s][info][gc,phases     ] GC(5520)   Pre Evacuate Collection Set: 0.2ms
[2026-07-26T11:53:15.389+0200][255546.553s][info][gc,phases     ] GC(5520)   Evacuate Collection Set: 5.1ms
[2026-07-26T11:53:15.389+0200][255546.553s][info][gc,phases     ] GC(5520)   Post Evacuate Collection Set: 5.1ms
[2026-07-26T11:53:15.389+0200][255546.553s][info][gc,phases     ] GC(5520)   Other: 0.5ms
[2026-07-26T11:53:15.389+0200][255546.553s][info][gc,heap       ] GC(5520) Eden regions: 670->0(668)
[2026-07-26T11:53:15.389+0200][255546.553s][info][gc,heap       ] GC(5520) Survivor regions: 2->4(84)
[2026-07-26T11:53:15.390+0200][255546.553s][info][gc,heap       ] GC(5520) Old regions: 1710->1711
[2026-07-26T11:53:15.390+0200][255546.553s][info][gc,heap       ] GC(5520) Humongous regions: 16->16
[2026-07-26T11:53:15.390+0200][255546.553s][info][gc,metaspace  ] GC(5520) Metaspace: 740207K(890496K)->740207K(890496K) NonClass: 654518K(792320K)->654518K(792320K) Class: 85689K(98176K)->85689K(98176K)
[2026-07-26T11:53:15.390+0200][255546.553s][info][gc            ] GC(5520) Pause Young (Normal) (G1 Evacuation Pause) 2397M->1729M(2681M) 10.978ms
[2026-07-26T11:53:15.390+0200][255546.553s][info][gc,cpu        ] GC(5520) User=0.07s Sys=0.00s Real=0.01s
[2026-07-26T11:54:02.801+0200][255593.964s][info][gc,start      ] GC(5521) Pause Young (Normal) (G1 Evacuation Pause)
[2026-07-26T11:54:02.801+0200][255593.964s][info][gc,task       ] GC(5521) Using 13 workers of 13 for evacuation
[2026-07-26T11:54:02.811+0200][255593.975s][info][gc,phases     ] GC(5521)   Pre Evacuate Collection Set: 0.2ms
[2026-07-26T11:54:02.811+0200][255593.975s][info][gc,phases     ] GC(5521)   Evacuate Collection Set: 5.0ms
[2026-07-26T11:54:02.811+0200][255593.975s][info][gc,phases     ] GC(5521)   Post Evacuate Collection Set: 4.8ms
[2026-07-26T11:54:02.811+0200][255593.975s][info][gc,phases     ] GC(5521)   Other: 0.5ms
[2026-07-26T11:54:02.811+0200][255593.975s][info][gc,heap       ] GC(5521) Eden regions: 668->0(664)
[2026-07-26T11:54:02.811+0200][255593.975s][info][gc,heap       ] GC(5521) Survivor regions: 4->6(84)
[2026-07-26T11:54:02.811+0200][255593.975s][info][gc,heap       ] GC(5521) Old regions: 1711->1711
[2026-07-26T11:54:02.811+0200][255593.975s][info][gc,heap       ] GC(5521) Humongous regions: 16->16
[2026-07-26T11:54:02.811+0200][255593.975s][info][gc,metaspace  ] GC(5521) Metaspace: 740207K(890496K)->740207K(890496K) NonClass: 654518K(792320K)->654518K(792320K) Class: 85689K(98176K)->85689K(98176K)
[2026-07-26T11:54:02.811+0200][255593.975s][info][gc            ] GC(5521) Pause Young (Normal) (G1 Evacuation Pause) 2397M->1731M(2681M) 10.589ms
[2026-07-26T11:54:02.811+0200][255593.975s][info][gc,cpu        ] GC(5521) User=0.07s Sys=0.00s Real=0.01s
[2026-07-26T11:54:55.358+0200][255646.522s][info][gc,start      ] GC(5522) Pause Young (Normal) (G1 Evacuation Pause)
[2026-07-26T11:54:55.358+0200][255646.522s][info][gc,task       ] GC(5522) Using 13 workers of 13 for evacuation
[2026-07-26T11:54:55.368+0200][255646.531s][info][gc,phases     ] GC(5522)   Pre Evacuate Collection Set: 0.2ms
[2026-07-26T11:54:55.368+0200][255646.531s][info][gc,phases     ] GC(5522)   Evacuate Collection Set: 4.9ms
[2026-07-26T11:54:55.368+0200][255646.531s][info][gc,phases     ] GC(5522)   Post Evacuate Collection Set: 3.6ms
[2026-07-26T11:54:55.368+0200][255646.531s][info][gc,phases     ] GC(5522)   Other: 0.6ms
[2026-07-26T11:54:55.368+0200][255646.531s][info][gc,heap       ] GC(5522) Eden regions: 664->0(663)
[2026-07-26T11:54:55.368+0200][255646.531s][info][gc,heap       ] GC(5522) Survivor regions: 6->6(84)
[2026-07-26T11:54:55.368+0200][255646.531s][info][gc,heap       ] GC(5522) Old regions: 1711->1711
[2026-07-26T11:54:55.368+0200][255646.531s][info][gc,heap       ] GC(5522) Humongous regions: 16->16
[2026-07-26T11:54:55.368+0200][255646.531s][info][gc,metaspace  ] GC(5522) Metaspace: 740207K(890496K)->740207K(890496K) NonClass: 654518K(792320K)->654518K(792320K) Class: 85689K(98176K)->85689K(98176K)
[2026-07-26T11:54:55.368+0200][255646.531s][info][gc            ] GC(5522) Pause Young (Normal) (G1 Evacuation Pause) 2395M->1731M(2681M) 9.495ms
[2026-07-26T11:54:55.368+0200][255646.531s][info][gc,cpu        ] GC(5522) User=0.05s Sys=0.01s Real=0.01s
[2026-07-26T11:55:22.824+0200][255673.987s][info][gc,start      ] GC(5523) Pause Young (Normal) (G1 Evacuation Pause)
[2026-07-26T11:55:22.824+0200][255673.988s][info][gc,task       ] GC(5523) Using 13 workers of 13 for evacuation
[2026-07-26T11:55:22.839+0200][255674.002s][info][gc,phases     ] GC(5523)   Pre Evacuate Collection Set: 0.2ms
[2026-07-26T11:55:22.839+0200][255674.002s][info][gc,phases     ] GC(5523)   Evacuate Collection Set: 7.8ms
[2026-07-26T11:55:22.839+0200][255674.002s][info][gc,phases     ] GC(5523)   Post Evacuate Collection Set: 5.9ms
[2026-07-26T11:55:22.839+0200][255674.002s][info][gc,phases     ] GC(5523)   Other: 0.7ms
[2026-07-26T11:55:22.839+0200][255674.002s][info][gc,heap       ] GC(5523) Eden regions: 663->0(664)
[2026-07-26T11:55:22.839+0200][255674.002s][info][gc,heap       ] GC(5523) Survivor regions: 6->5(84)
[2026-07-26T11:55:22.839+0200][255674.002s][info][gc,heap       ] GC(5523) Old regions: 1711->1711
[2026-07-26T11:55:22.839+0200][255674.002s][info][gc,heap       ] GC(5523) Humongous regions: 16->16
[2026-07-26T11:55:22.839+0200][255674.002s][info][gc,metaspace  ] GC(5523) Metaspace: 740207K(890496K)->740207K(890496K) NonClass: 654518K(792320K)->654518K(792320K) Class: 85689K(98176K)->85689K(98176K)
[2026-07-26T11:55:22.839+0200][255674.002s][info][gc            ] GC(5523) Pause Young (Normal) (G1 Evacuation Pause) 2394M->1730M(2681M) 14.857ms
[2026-07-26T11:55:22.839+0200][255674.002s][info][gc,cpu        ] GC(5523) User=0.08s Sys=0.00s Real=0.02s
[2026-07-26T11:58:55.889+0200][255887.052s][info][gc,start      ] GC(5524) Pause Young (Normal) (G1 Evacuation Pause)
[2026-07-26T11:58:55.889+0200][255887.052s][info][gc,task       ] GC(5524) Using 13 workers of 13 for evacuation
[2026-07-26T11:58:55.898+0200][255887.061s][info][gc,phases     ] GC(5524)   Pre Evacuate Collection Set: 0.2ms
[2026-07-26T11:58:55.898+0200][255887.061s][info][gc,phases     ] GC(5524)   Evacuate Collection Set: 2.9ms
[2026-07-26T11:58:55.898+0200][255887.061s][info][gc,phases     ] GC(5524)   Post Evacuate Collection Set: 5.5ms
[2026-07-26T11:58:55.898+0200][255887.061s][info][gc,phases     ] GC(5524)   Other: 0.5ms
[2026-07-26T11:58:55.898+0200][255887.061s][info][gc,heap       ] GC(5524) Eden regions: 664->0(670)
[2026-07-26T11:58:55.898+0200][255887.061s][info][gc,heap       ] GC(5524) Survivor regions: 5->2(84)
[2026-07-26T11:58:55.898+0200][255887.061s][info][gc,heap       ] GC(5524) Old regions: 1711->1711
[2026-07-26T11:58:55.898+0200][255887.061s][info][gc,heap       ] GC(5524) Humongous regions: 16->16
[2026-07-26T11:58:55.898+0200][255887.061s][info][gc,metaspace  ] GC(5524) Metaspace: 740207K(890496K)->740207K(890496K) NonClass: 654518K(792320K)->654518K(792320K) Class: 85689K(98176K)->85689K(98176K)
[2026-07-26T11:58:55.898+0200][255887.061s][info][gc            ] GC(5524) Pause Young (Normal) (G1 Evacuation Pause) 2394M->1727M(2681M) 9.164ms
[2026-07-26T11:58:55.898+0200][255887.061s][info][gc,cpu        ] GC(5524) User=0.05s Sys=0.00s Real=0.01s
[2026-07-26T12:01:38.962+0200][256050.125s][info][gc,start      ] GC(5525) Pause Young (Normal) (G1 Evacuation Pause)
[2026-07-26T12:01:38.962+0200][256050.125s][info][gc,task       ] GC(5525) Using 13 workers of 13 for evacuation
[2026-07-26T12:01:38.973+0200][256050.137s][info][gc,phases     ] GC(5525)   Pre Evacuate Collection Set: 0.3ms
[2026-07-26T12:01:38.973+0200][256050.137s][info][gc,phases     ] GC(5525)   Evacuate Collection Set: 5.9ms
[2026-07-26T12:01:38.973+0200][256050.137s][info][gc,phases     ] GC(5525)   Post Evacuate Collection Set: 4.6ms
[2026-07-26T12:01:38.973+0200][256050.137s][info][gc,phases     ] GC(5525)   Other: 0.5ms
[2026-07-26T12:01:38.973+0200][256050.137s][info][gc,heap       ] GC(5525) Eden regions: 670->0(664)
[2026-07-26T12:01:38.973+0200][256050.137s][info][gc,heap       ] GC(5525) Survivor regions: 2->6(84)
[2026-07-26T12:01:38.973+0200][256050.137s][info][gc,heap       ] GC(5525) Old regions: 1711->1711
[2026-07-26T12:01:38.973+0200][256050.137s][info][gc,heap       ] GC(5525) Humongous regions: 16->16
[2026-07-26T12:01:38.973+0200][256050.137s][info][gc,metaspace  ] GC(5525) Metaspace: 740207K(890496K)->740207K(890496K) NonClass: 654518K(792320K)->654518K(792320K) Class: 85689K(98176K)->85689K(98176K)
[2026-07-26T12:01:38.973+0200][256050.137s][info][gc            ] GC(5525) Pause Young (Normal) (G1 Evacuation Pause) 2397M->1731M(2681M) 11.561ms
[2026-07-26T12:01:38.973+0200][256050.137s][info][gc,cpu        ] GC(5525) User=0.08s Sys=0.00s Real=0.01s
[2026-07-26T12:01:46.866+0200][256058.030s][info][gc,start      ] GC(5526) Pause Young (Normal) (G1 Evacuation Pause)
[2026-07-26T12:01:46.866+0200][256058.030s][info][gc,task       ] GC(5526) Using 13 workers of 13 for evacuation
[2026-07-26T12:01:46.876+0200][256058.040s][info][gc,phases     ] GC(5526)   Pre Evacuate Collection Set: 0.2ms
[2026-07-26T12:01:46.876+0200][256058.040s][info][gc,phases     ] GC(5526)   Evacuate Collection Set: 6.0ms
[2026-07-26T12:01:46.876+0200][256058.040s][info][gc,phases     ] GC(5526)   Post Evacuate Collection Set: 3.5ms
[2026-07-26T12:01:46.876+0200][256058.040s][info][gc,phases     ] GC(5526)   Other: 0.5ms
[2026-07-26T12:01:46.876+0200][256058.040s][info][gc,heap       ] GC(5526) Eden regions: 664->0(662)
[2026-07-26T12:01:46.876+0200][256058.040s][info][gc,heap       ] GC(5526) Survivor regions: 6->6(84)
[2026-07-26T12:01:46.876+0200][256058.040s][info][gc,heap       ] GC(5526) Old regions: 1711->1711
[2026-07-26T12:01:46.876+0200][256058.040s][info][gc,heap       ] GC(5526) Humongous regions: 16->16
[2026-07-26T12:01:46.877+0200][256058.040s][info][gc,metaspace  ] GC(5526) Metaspace: 740207K(890496K)->740207K(890496K) NonClass: 654518K(792320K)->654518K(792320K) Class: 85689K(98176K)->85689K(98176K)
[2026-07-26T12:01:46.877+0200][256058.040s][info][gc            ] GC(5526) Pause Young (Normal) (G1 Evacuation Pause) 2395M->1731M(2681M) 10.303ms
[2026-07-26T12:01:46.877+0200][256058.040s][info][gc,cpu        ] GC(5526) User=0.08s Sys=0.01s Real=0.01s
[2026-07-26T12:01:47.800+0200][256058.963s][info][gc,start      ] GC(5527) Pause Young (Normal) (G1 Evacuation Pause)
[2026-07-26T12:01:47.800+0200][256058.963s][info][gc,task       ] GC(5527) Using 13 workers of 13 for evacuation
[2026-07-26T12:01:47.809+0200][256058.973s][info][gc,phases     ] GC(5527)   Pre Evacuate Collection Set: 0.1ms
[2026-07-26T12:01:47.809+0200][256058.973s][info][gc,phases     ] GC(5527)   Evacuate Collection Set: 5.7ms
[2026-07-26T12:01:47.809+0200][256058.973s][info][gc,phases     ] GC(5527)   Post Evacuate Collection Set: 3.2ms
[2026-07-26T12:01:47.809+0200][256058.973s][info][gc,phases     ] GC(5527)   Other: 0.4ms
[2026-07-26T12:01:47.809+0200][256058.973s][info][gc,heap       ] GC(5527) Eden regions: 662->0(661)
[2026-07-26T12:01:47.809+0200][256058.973s][info][gc,heap       ] GC(5527) Survivor regions: 6->7(84)
[2026-07-26T12:01:47.809+0200][256058.973s][info][gc,heap       ] GC(5527) Old regions: 1711->1711
[2026-07-26T12:01:47.809+0200][256058.973s][info][gc,heap       ] GC(5527) Humongous regions: 16->16
[2026-07-26T12:01:47.809+0200][256058.973s][info][gc,metaspace  ] GC(5527) Metaspace: 740207K(890496K)->740207K(890496K) NonClass: 654518K(792320K)->654518K(792320K) Class: 85689K(98176K)->85689K(98176K)
[2026-07-26T12:01:47.809+0200][256058.973s][info][gc            ] GC(5527) Pause Young (Normal) (G1 Evacuation Pause) 2393M->1732M(2681M) 9.684ms
[2026-07-26T12:01:47.809+0200][256058.973s][info][gc,cpu        ] GC(5527) User=0.08s Sys=0.00s Real=0.01s
[2026-07-26T12:07:32.271+0200][256403.435s][info][gc,start      ] GC(5528) Pause Young (Normal) (G1 Evacuation Pause)
[2026-07-26T12:07:32.271+0200][256403.435s][info][gc,task       ] GC(5528) Using 13 workers of 13 for evacuation
[2026-07-26T12:07:32.279+0200][256403.443s][info][gc,phases     ] GC(5528)   Pre Evacuate Collection Set: 0.2ms
[2026-07-26T12:07:32.279+0200][256403.443s][info][gc,phases     ] GC(5528)   Evacuate Collection Set: 4.4ms
[2026-07-26T12:07:32.279+0200][256403.443s][info][gc,phases     ] GC(5528)   Post Evacuate Collection Set: 2.9ms
[2026-07-26T12:07:32.279+0200][256403.443s][info][gc,phases     ] GC(5528)   Other: 0.5ms
[2026-07-26T12:07:32.280+0200][256403.443s][info][gc,heap       ] GC(5528) Eden regions: 661->0(667)
[2026-07-26T12:07:32.280+0200][256403.443s][info][gc,heap       ] GC(5528) Survivor regions: 7->3(84)
[2026-07-26T12:07:32.280+0200][256403.443s][info][gc,heap       ] GC(5528) Old regions: 1711->1711
[2026-07-26T12:07:32.280+0200][256403.443s][info][gc,heap       ] GC(5528) Humongous regions: 16->16
[2026-07-26T12:07:32.280+0200][256403.443s][info][gc,metaspace  ] GC(5528) Metaspace: 740207K(890496K)->740207K(890496K) NonClass: 654518K(792320K)->654518K(792320K) Class: 85689K(98176K)->85689K(98176K)
[2026-07-26T12:07:32.280+0200][256403.443s][info][gc            ] GC(5528) Pause Young (Normal) (G1 Evacuation Pause) 2393M->1728M(2681M) 8.183ms
[2026-07-26T12:07:32.280+0200][256403.443s][info][gc,cpu        ] GC(5528) User=0.04s Sys=0.00s Real=0.01s
[2026-07-26T12:12:56.590+0200][256727.754s][info][gc,start      ] GC(5529) Pause Young (Normal) (G1 Evacuation Pause)
[2026-07-26T12:12:56.590+0200][256727.754s][info][gc,task       ] GC(5529) Using 13 workers of 13 for evacuation
[2026-07-26T12:12:56.598+0200][256727.761s][info][gc,phases     ] GC(5529)   Pre Evacuate Collection Set: 0.2ms
[2026-07-26T12:12:56.598+0200][256727.761s][info][gc,phases     ] GC(5529)   Evacuate Collection Set: 3.4ms
[2026-07-26T12:12:56.598+0200][256727.761s][info][gc,phases     ] GC(5529)   Post Evacuate Collection Set: 3.7ms
[2026-07-26T12:12:56.598+0200][256727.761s][info][gc,phases     ] GC(5529)   Other: 0.4ms
[2026-07-26T12:12:56.598+0200][256727.761s][info][gc,heap       ] GC(5529) Eden regions: 667->0(667)
[2026-07-26T12:12:56.598+0200][256727.761s][info][gc,heap       ] GC(5529) Survivor regions: 3->4(84)
[2026-07-26T12:12:56.598+0200][256727.761s][info][gc,heap       ] GC(5529) Old regions: 1711->1711
[2026-07-26T12:12:56.598+0200][256727.761s][info][gc,heap       ] GC(5529) Humongous regions: 16->16
[2026-07-26T12:12:56.598+0200][256727.761s][info][gc,metaspace  ] GC(5529) Metaspace: 740207K(890496K)->740207K(890496K) NonClass: 654518K(792320K)->654518K(792320K) Class: 85689K(98176K)->85689K(98176K)
[2026-07-26T12:12:56.598+0200][256727.762s][info][gc            ] GC(5529) Pause Young (Normal) (G1 Evacuation Pause) 2395M->1729M(2681M) 7.784ms
[2026-07-26T12:12:56.598+0200][256727.762s][info][gc,cpu        ] GC(5529) User=0.05s Sys=0.01s Real=0.01s
[2026-07-26T12:13:38.092+0200][256769.255s][info][gc,start      ] GC(5530) Pause Young (Normal) (G1 Evacuation Pause)
[2026-07-26T12:13:38.092+0200][256769.255s][info][gc,task       ] GC(5530) Using 13 workers of 13 for evacuation
[2026-07-26T12:13:38.103+0200][256769.267s][info][gc,phases     ] GC(5530)   Pre Evacuate Collection Set: 0.1ms
[2026-07-26T12:13:38.103+0200][256769.267s][info][gc,phases     ] GC(5530)   Evacuate Collection Set: 4.9ms
[2026-07-26T12:13:38.103+0200][256769.267s][info][gc,phases     ] GC(5530)   Post Evacuate Collection Set: 6.3ms
[2026-07-26T12:13:38.103+0200][256769.267s][info][gc,phases     ] GC(5530)   Other: 0.4ms
[2026-07-26T12:13:38.103+0200][256769.267s][info][gc,heap       ] GC(5530) Eden regions: 667->0(669)
[2026-07-26T12:13:38.103+0200][256769.267s][info][gc,heap       ] GC(5530) Survivor regions: 4->3(84)
[2026-07-26T12:13:38.103+0200][256769.267s][info][gc,heap       ] GC(5530) Old regions: 1711->1711
[2026-07-26T12:13:38.103+0200][256769.267s][info][gc,heap       ] GC(5530) Humongous regions: 16->16
[2026-07-26T12:13:38.103+0200][256769.267s][info][gc,metaspace  ] GC(5530) Metaspace: 740207K(890496K)->740207K(890496K) NonClass: 654518K(792320K)->654518K(792320K) Class: 85689K(98176K)->85689K(98176K)
[2026-07-26T12:13:38.103+0200][256769.267s][info][gc            ] GC(5530) Pause Young (Normal) (G1 Evacuation Pause) 2396M->1728M(2681M) 11.902ms
[2026-07-26T12:13:38.103+0200][256769.267s][info][gc,cpu        ] GC(5530) User=0.07s Sys=0.00s Real=0.01s
[2026-07-26T12:15:24.099+0200][256875.263s][info][gc,start      ] GC(5531) Pause Young (Normal) (G1 Evacuation Pause)
[2026-07-26T12:15:24.099+0200][256875.263s][info][gc,task       ] GC(5531) Using 13 workers of 13 for evacuation
[2026-07-26T12:15:24.109+0200][256875.272s][info][gc,phases     ] GC(5531)   Pre Evacuate Collection Set: 0.2ms
[2026-07-26T12:15:24.109+0200][256875.272s][info][gc,phases     ] GC(5531)   Evacuate Collection Set: 5.7ms
[2026-07-26T12:15:24.109+0200][256875.272s][info][gc,phases     ] GC(5531)   Post Evacuate Collection Set: 3.3ms
[2026-07-26T12:15:24.109+0200][256875.272s][info][gc,phases     ] GC(5531)   Other: 0.5ms
[2026-07-26T12:15:24.109+0200][256875.272s][info][gc,heap       ] GC(5531) Eden regions: 669->0(663)
[2026-07-26T12:15:24.109+0200][256875.272s][info][gc,heap       ] GC(5531) Survivor regions: 3->7(84)
[2026-07-26T12:15:24.109+0200][256875.272s][info][gc,heap       ] GC(5531) Old regions: 1711->1711
[2026-07-26T12:15:24.109+0200][256875.272s][info][gc,heap       ] GC(5531) Humongous regions: 16->16
[2026-07-26T12:15:24.109+0200][256875.272s][info][gc,metaspace  ] GC(5531) Metaspace: 740207K(890496K)->740207K(890496K) NonClass: 654518K(792320K)->654518K(792320K) Class: 85689K(98176K)->85689K(98176K)
[2026-07-26T12:15:24.109+0200][256875.272s][info][gc            ] GC(5531) Pause Young (Normal) (G1 Evacuation Pause) 2397M->1733M(2681M) 9.846ms
[2026-07-26T12:15:24.109+0200][256875.272s][info][gc,cpu        ] GC(5531) User=0.08s Sys=0.00s Real=0.01s
[2026-07-26T12:15:25.039+0200][256876.203s][info][gc,start      ] GC(5532) Pause Young (Normal) (G1 Evacuation Pause)
[2026-07-26T12:15:25.039+0200][256876.203s][info][gc,task       ] GC(5532) Using 13 workers of 13 for evacuation
[2026-07-26T12:15:25.049+0200][256876.212s][info][gc,phases     ] GC(5532)   Pre Evacuate Collection Set: 0.1ms
[2026-07-26T12:15:25.049+0200][256876.212s][info][gc,phases     ] GC(5532)   Evacuate Collection Set: 5.7ms
[2026-07-26T12:15:25.049+0200][256876.212s][info][gc,phases     ] GC(5532)   Post Evacuate Collection Set: 3.5ms
[2026-07-26T12:15:25.049+0200][256876.212s][info][gc,phases     ] GC(5532)   Other: 0.4ms
[2026-07-26T12:15:25.049+0200][256876.212s][info][gc,heap       ] GC(5532) Eden regions: 663->0(662)
[2026-07-26T12:15:25.049+0200][256876.213s][info][gc,heap       ] GC(5532) Survivor regions: 7->8(84)
[2026-07-26T12:15:25.049+0200][256876.213s][info][gc,heap       ] GC(5532) Old regions: 1711->1711
[2026-07-26T12:15:25.049+0200][256876.213s][info][gc,heap       ] GC(5532) Humongous regions: 16->16
[2026-07-26T12:15:25.049+0200][256876.213s][info][gc,metaspace  ] GC(5532) Metaspace: 740207K(890496K)->740207K(890496K) NonClass: 654518K(792320K)->654518K(792320K) Class: 85689K(98176K)->85689K(98176K)
[2026-07-26T12:15:25.049+0200][256876.213s][info][gc            ] GC(5532) Pause Young (Normal) (G1 Evacuation Pause) 2396M->1733M(2681M) 9.902ms
[2026-07-26T12:15:25.049+0200][256876.213s][info][gc,cpu        ] GC(5532) User=0.08s Sys=0.00s Real=0.01s
[2026-07-26T12:19:26.265+0200][257117.428s][info][gc,start      ] GC(5533) Pause Young (Normal) (G1 Evacuation Pause)
[2026-07-26T12:19:26.265+0200][257117.428s][info][gc,task       ] GC(5533) Using 13 workers of 13 for evacuation
[2026-07-26T12:19:26.276+0200][257117.439s][info][gc,phases     ] GC(5533)   Pre Evacuate Collection Set: 0.2ms
[2026-07-26T12:19:26.276+0200][257117.439s][info][gc,phases     ] GC(5533)   Evacuate Collection Set: 4.6ms
[2026-07-26T12:19:26.276+0200][257117.439s][info][gc,phases     ] GC(5533)   Post Evacuate Collection Set: 6.1ms
[2026-07-26T12:19:26.276+0200][257117.439s][info][gc,phases     ] GC(5533)   Other: 0.4ms
[2026-07-26T12:19:26.276+0200][257117.439s][info][gc,heap       ] GC(5533) Eden regions: 662->0(667)
[2026-07-26T12:19:26.276+0200][257117.439s][info][gc,heap       ] GC(5533) Survivor regions: 8->4(84)
[2026-07-26T12:19:26.276+0200][257117.439s][info][gc,heap       ] GC(5533) Old regions: 1711->1711
[2026-07-26T12:19:26.276+0200][257117.439s][info][gc,heap       ] GC(5533) Humongous regions: 16->16
[2026-07-26T12:19:26.276+0200][257117.439s][info][gc,metaspace  ] GC(5533) Metaspace: 740207K(890496K)->740207K(890496K) NonClass: 654518K(792320K)->654518K(792320K) Class: 85689K(98176K)->85689K(98176K)
[2026-07-26T12:19:26.276+0200][257117.439s][info][gc            ] GC(5533) Pause Young (Normal) (G1 Evacuation Pause) 2395M->1730M(2681M) 11.361ms
[2026-07-26T12:19:26.276+0200][257117.439s][info][gc,cpu        ] GC(5533) User=0.06s Sys=0.00s Real=0.02s
[2026-07-26T12:23:05.134+0200][257336.297s][info][gc,start      ] GC(5534) Pause Young (Normal) (G1 Evacuation Pause)
[2026-07-26T12:23:05.134+0200][257336.297s][info][gc,task       ] GC(5534) Using 13 workers of 13 for evacuation
[2026-07-26T12:23:05.141+0200][257336.304s][info][gc,phases     ] GC(5534)   Pre Evacuate Collection Set: 0.2ms
[2026-07-26T12:23:05.141+0200][257336.304s][info][gc,phases     ] GC(5534)   Evacuate Collection Set: 3.3ms
[2026-07-26T12:23:05.141+0200][257336.304s][info][gc,phases     ] GC(5534)   Post Evacuate Collection Set: 3.2ms
[2026-07-26T12:23:05.141+0200][257336.304s][info][gc,phases     ] GC(5534)   Other: 0.5ms
[2026-07-26T12:23:05.141+0200][257336.304s][info][gc,heap       ] GC(5534) Eden regions: 667->0(668)
[2026-07-26T12:23:05.141+0200][257336.304s][info][gc,heap       ] GC(5534) Survivor regions: 4->4(84)
[2026-07-26T12:23:05.141+0200][257336.304s][info][gc,heap       ] GC(5534) Old regions: 1711->1711
[2026-07-26T12:23:05.141+0200][257336.305s][info][gc,heap       ] GC(5534) Humongous regions: 16->16
[2026-07-26T12:23:05.141+0200][257336.305s][info][gc,metaspace  ] GC(5534) Metaspace: 740207K(890496K)->740207K(890496K) NonClass: 654518K(792320K)->654518K(792320K) Class: 85689K(98176K)->85689K(98176K)
[2026-07-26T12:23:05.141+0200][257336.305s][info][gc            ] GC(5534) Pause Young (Normal) (G1 Evacuation Pause) 2397M->1729M(2681M) 7.380ms
[2026-07-26T12:23:05.141+0200][257336.305s][info][gc,cpu        ] GC(5534) User=0.04s Sys=0.00s Real=0.01s
[2026-07-26T12:26:42.377+0200][257553.540s][info][gc,start      ] GC(5535) Pause Young (Normal) (G1 Evacuation Pause)
[2026-07-26T12:26:42.377+0200][257553.541s][info][gc,task       ] GC(5535) Using 13 workers of 13 for evacuation
[2026-07-26T12:26:42.397+0200][257553.561s][info][gc,phases     ] GC(5535)   Pre Evacuate Collection Set: 0.2ms
[2026-07-26T12:26:42.397+0200][257553.561s][info][gc,phases     ] GC(5535)   Evacuate Collection Set: 10.3ms
[2026-07-26T12:26:42.397+0200][257553.561s][info][gc,phases     ] GC(5535)   Post Evacuate Collection Set: 9.1ms
[2026-07-26T12:26:42.397+0200][257553.561s][info][gc,phases     ] GC(5535)   Other: 0.6ms
[2026-07-26T12:26:42.397+0200][257553.561s][info][gc,heap       ] GC(5535) Eden regions: 668->0(662)
[2026-07-26T12:26:42.397+0200][257553.561s][info][gc,heap       ] GC(5535) Survivor regions: 4->7(84)
[2026-07-26T12:26:42.397+0200][257553.561s][info][gc,heap       ] GC(5535) Old regions: 1711->1711
[2026-07-26T12:26:42.397+0200][257553.561s][info][gc,heap       ] GC(5535) Humongous regions: 16->16
[2026-07-26T12:26:42.397+0200][257553.561s][info][gc,metaspace  ] GC(5535) Metaspace: 740207K(890496K)->740207K(890496K) NonClass: 654518K(792320K)->654518K(792320K) Class: 85689K(98176K)->85689K(98176K)
[2026-07-26T12:26:42.397+0200][257553.561s][info][gc            ] GC(5535) Pause Young (Normal) (G1 Evacuation Pause) 2397M->1733M(2681M) 20.488ms
[2026-07-26T12:26:42.398+0200][257553.561s][info][gc,cpu        ] GC(5535) User=0.14s Sys=0.01s Real=0.02s
[2026-07-26T12:26:44.831+0200][257555.994s][info][gc,start      ] GC(5536) Pause Young (Normal) (G1 Evacuation Pause)
[2026-07-26T12:26:44.831+0200][257555.994s][info][gc,task       ] GC(5536) Using 13 workers of 13 for evacuation
[2026-07-26T12:26:44.842+0200][257556.005s][info][gc,phases     ] GC(5536)   Pre Evacuate Collection Set: 0.1ms
[2026-07-26T12:26:44.842+0200][257556.005s][info][gc,phases     ] GC(5536)   Evacuate Collection Set: 6.5ms
[2026-07-26T12:26:44.842+0200][257556.005s][info][gc,phases     ] GC(5536)   Post Evacuate Collection Set: 3.6ms
[2026-07-26T12:26:44.842+0200][257556.005s][info][gc,phases     ] GC(5536)   Other: 0.4ms
[2026-07-26T12:26:44.842+0200][257556.005s][info][gc,heap       ] GC(5536) Eden regions: 662->0(662)
[2026-07-26T12:26:44.842+0200][257556.005s][info][gc,heap       ] GC(5536) Survivor regions: 7->6(84)
[2026-07-26T12:26:44.842+0200][257556.005s][info][gc,heap       ] GC(5536) Old regions: 1711->1711
[2026-07-26T12:26:44.842+0200][257556.005s][info][gc,heap       ] GC(5536) Humongous regions: 16->16
[2026-07-26T12:26:44.842+0200][257556.005s][info][gc,metaspace  ] GC(5536) Metaspace: 740207K(890496K)->740207K(890496K) NonClass: 654518K(792320K)->654518K(792320K) Class: 85689K(98176K)->85689K(98176K)
[2026-07-26T12:26:44.842+0200][257556.005s][info][gc            ] GC(5536) Pause Young (Normal) (G1 Evacuation Pause) 2395M->1732M(2681M) 10.792ms
[2026-07-26T12:26:44.842+0200][257556.005s][info][gc,cpu        ] GC(5536) User=0.07s Sys=0.00s Real=0.01s
[2026-07-26T12:26:45.777+0200][257556.941s][info][gc,start      ] GC(5537) Pause Young (Normal) (G1 Evacuation Pause)
[2026-07-26T12:26:45.777+0200][257556.941s][info][gc,task       ] GC(5537) Using 13 workers of 13 for evacuation
[2026-07-26T12:26:45.787+0200][257556.950s][info][gc,phases     ] GC(5537)   Pre Evacuate Collection Set: 0.1ms
[2026-07-26T12:26:45.787+0200][257556.950s][info][gc,phases     ] GC(5537)   Evacuate Collection Set: 5.3ms
[2026-07-26T12:26:45.787+0200][257556.950s][info][gc,phases     ] GC(5537)   Post Evacuate Collection Set: 3.5ms
[2026-07-26T12:26:45.787+0200][257556.950s][info][gc,phases     ] GC(5537)   Other: 0.4ms
[2026-07-26T12:26:45.787+0200][257556.950s][info][gc,heap       ] GC(5537) Eden regions: 662->0(661)
[2026-07-26T12:26:45.787+0200][257556.950s][info][gc,heap       ] GC(5537) Survivor regions: 6->7(84)
[2026-07-26T12:26:45.787+0200][257556.950s][info][gc,heap       ] GC(5537) Old regions: 1711->1711
[2026-07-26T12:26:45.787+0200][257556.950s][info][gc,heap       ] GC(5537) Humongous regions: 16->16
[2026-07-26T12:26:45.787+0200][257556.950s][info][gc,metaspace  ] GC(5537) Metaspace: 740207K(890496K)->740207K(890496K) NonClass: 654518K(792320K)->654518K(792320K) Class: 85689K(98176K)->85689K(98176K)
[2026-07-26T12:26:45.787+0200][257556.950s][info][gc            ] GC(5537) Pause Young (Normal) (G1 Evacuation Pause) 2394M->1732M(2681M) 9.459ms
[2026-07-26T12:26:45.787+0200][257556.950s][info][gc,cpu        ] GC(5537) User=0.07s Sys=0.00s Real=0.01s
[2026-07-26T12:28:43.537+0200][257674.700s][info][gc,start      ] GC(5538) Pause Young (Normal) (G1 Evacuation Pause)
[2026-07-26T12:28:43.537+0200][257674.700s][info][gc,task       ] GC(5538) Using 13 workers of 13 for evacuation
[2026-07-26T12:28:43.545+0200][257674.709s][info][gc,phases     ] GC(5538)   Pre Evacuate Collection Set: 0.2ms
[2026-07-26T12:28:43.545+0200][257674.709s][info][gc,phases     ] GC(5538)   Evacuate Collection Set: 4.7ms
[2026-07-26T12:28:43.545+0200][257674.709s][info][gc,phases     ] GC(5538)   Post Evacuate Collection Set: 3.0ms
[2026-07-26T12:28:43.545+0200][257674.709s][info][gc,phases     ] GC(5538)   Other: 0.4ms
[2026-07-26T12:28:43.545+0200][257674.709s][info][gc,heap       ] GC(5538) Eden regions: 661->0(663)
[2026-07-26T12:28:43.545+0200][257674.709s][info][gc,heap       ] GC(5538) Survivor regions: 7->5(84)
[2026-07-26T12:28:43.545+0200][257674.709s][info][gc,heap       ] GC(5538) Old regions: 1711->1711
[2026-07-26T12:28:43.545+0200][257674.709s][info][gc,heap       ] GC(5538) Humongous regions: 16->16
[2026-07-26T12:28:43.545+0200][257674.709s][info][gc,metaspace  ] GC(5538) Metaspace: 740222K(890496K)->740222K(890496K) NonClass: 654533K(792320K)->654533K(792320K) Class: 85689K(98176K)->85689K(98176K)
[2026-07-26T12:28:43.545+0200][257674.709s][info][gc            ] GC(5538) Pause Young (Normal) (G1 Evacuation Pause) 2393M->1731M(2681M) 8.508ms
[2026-07-26T12:28:43.545+0200][257674.709s][info][gc,cpu        ] GC(5538) User=0.05s Sys=0.00s Real=0.01s
[2026-07-26T12:28:44.358+0200][257675.521s][info][gc,start      ] GC(5539) Pause Young (Normal) (G1 Evacuation Pause)
[2026-07-26T12:28:44.358+0200][257675.521s][info][gc,task       ] GC(5539) Using 13 workers of 13 for evacuation
[2026-07-26T12:28:44.366+0200][257675.530s][info][gc,phases     ] GC(5539)   Pre Evacuate Collection Set: 0.1ms
[2026-07-26T12:28:44.366+0200][257675.530s][info][gc,phases     ] GC(5539)   Evacuate Collection Set: 4.7ms
[2026-07-26T12:28:44.366+0200][257675.530s][info][gc,phases     ] GC(5539)   Post Evacuate Collection Set: 3.4ms
[2026-07-26T12:28:44.366+0200][257675.530s][info][gc,phases     ] GC(5539)   Other: 0.4ms
[2026-07-26T12:28:44.366+0200][257675.530s][info][gc,heap       ] GC(5539) Eden regions: 663->0(664)
[2026-07-26T12:28:44.366+0200][257675.530s][info][gc,heap       ] GC(5539) Survivor regions: 5->5(84)
[2026-07-26T12:28:44.366+0200][257675.530s][info][gc,heap       ] GC(5539) Old regions: 1711->1711
[2026-07-26T12:28:44.366+0200][257675.530s][info][gc,heap       ] GC(5539) Humongous regions: 16->16
[2026-07-26T12:28:44.366+0200][257675.530s][info][gc,metaspace  ] GC(5539) Metaspace: 740222K(890496K)->740222K(890496K) NonClass: 654533K(792320K)->654533K(792320K) Class: 85689K(98176K)->85689K(98176K)
[2026-07-26T12:28:44.366+0200][257675.530s][info][gc            ] GC(5539) Pause Young (Normal) (G1 Evacuation Pause) 2394M->1731M(2681M) 8.676ms
[2026-07-26T12:28:44.366+0200][257675.530s][info][gc,cpu        ] GC(5539) User=0.05s Sys=0.00s Real=0.01s
[2026-07-26T12:28:55.864+0200][257687.028s][info][gc,start      ] GC(5540) Pause Young (Normal) (G1 Evacuation Pause)
[2026-07-26T12:28:55.864+0200][257687.028s][info][gc,task       ] GC(5540) Using 13 workers of 13 for evacuation
[2026-07-26T12:28:55.871+0200][257687.035s][info][gc,phases     ] GC(5540)   Pre Evacuate Collection Set: 0.1ms
[2026-07-26T12:28:55.871+0200][257687.035s][info][gc,phases     ] GC(5540)   Evacuate Collection Set: 3.0ms
[2026-07-26T12:28:55.871+0200][257687.035s][info][gc,phases     ] GC(5540)   Post Evacuate Collection Set: 3.5ms
[2026-07-26T12:28:55.871+0200][257687.035s][info][gc,phases     ] GC(5540)   Other: 0.4ms
[2026-07-26T12:28:55.871+0200][257687.035s][info][gc,heap       ] GC(5540) Eden regions: 664->0(670)
[2026-07-26T12:28:55.871+0200][257687.035s][info][gc,heap       ] GC(5540) Survivor regions: 5->2(84)
[2026-07-26T12:28:55.871+0200][257687.035s][info][gc,heap       ] GC(5540) Old regions: 1711->1711
[2026-07-26T12:28:55.871+0200][257687.035s][info][gc,heap       ] GC(5540) Humongous regions: 16->16
[2026-07-26T12:28:55.871+0200][257687.035s][info][gc,metaspace  ] GC(5540) Metaspace: 740222K(890496K)->740222K(890496K) NonClass: 654533K(792320K)->654533K(792320K) Class: 85689K(98176K)->85689K(98176K)
[2026-07-26T12:28:55.871+0200][257687.035s][info][gc            ] GC(5540) Pause Young (Normal) (G1 Evacuation Pause) 2395M->1727M(2681M) 7.216ms
[2026-07-26T12:28:55.871+0200][257687.035s][info][gc,cpu        ] GC(5540) User=0.01s Sys=0.02s Real=0.01s
[2026-07-26T12:29:06.345+0200][257697.508s][info][gc,start      ] GC(5541) Pause Young (Normal) (G1 Evacuation Pause)
[2026-07-26T12:29:06.345+0200][257697.508s][info][gc,task       ] GC(5541) Using 13 workers of 13 for evacuation
[2026-07-26T12:29:06.354+0200][257697.517s][info][gc,phases     ] GC(5541)   Pre Evacuate Collection Set: 0.1ms
[2026-07-26T12:29:06.354+0200][257697.517s][info][gc,phases     ] GC(5541)   Evacuate Collection Set: 5.4ms
[2026-07-26T12:29:06.354+0200][257697.517s][info][gc,phases     ] GC(5541)   Post Evacuate Collection Set: 3.3ms
[2026-07-26T12:29:06.354+0200][257697.517s][info][gc,phases     ] GC(5541)   Other: 0.4ms
[2026-07-26T12:29:06.354+0200][257697.517s][info][gc,heap       ] GC(5541) Eden regions: 670->0(666)
[2026-07-26T12:29:06.354+0200][257697.517s][info][gc,heap       ] GC(5541) Survivor regions: 2->5(84)
[2026-07-26T12:29:06.354+0200][257697.517s][info][gc,heap       ] GC(5541) Old regions: 1711->1711
[2026-07-26T12:29:06.354+0200][257697.517s][info][gc,heap       ] GC(5541) Humongous regions: 16->16
[2026-07-26T12:29:06.354+0200][257697.517s][info][gc,metaspace  ] GC(5541) Metaspace: 740222K(890496K)->740222K(890496K) NonClass: 654533K(792320K)->654533K(792320K) Class: 85689K(98176K)->85689K(98176K)
[2026-07-26T12:29:06.354+0200][257697.517s][info][gc            ] GC(5541) Pause Young (Normal) (G1 Evacuation Pause) 2397M->1731M(2681M) 9.449ms
[2026-07-26T12:29:06.354+0200][257697.517s][info][gc,cpu        ] GC(5541) User=0.06s Sys=0.01s Real=0.01s
[2026-07-26T12:29:16.973+0200][257708.136s][info][gc,start      ] GC(5542) Pause Young (Normal) (G1 Evacuation Pause)
[2026-07-26T12:29:16.973+0200][257708.136s][info][gc,task       ] GC(5542) Using 13 workers of 13 for evacuation
[2026-07-26T12:29:16.981+0200][257708.144s][info][gc,phases     ] GC(5542)   Pre Evacuate Collection Set: 0.1ms
[2026-07-26T12:29:16.981+0200][257708.144s][info][gc,phases     ] GC(5542)   Evacuate Collection Set: 4.5ms
[2026-07-26T12:29:16.981+0200][257708.144s][info][gc,phases     ] GC(5542)   Post Evacuate Collection Set: 2.7ms
[2026-07-26T12:29:16.981+0200][257708.144s][info][gc,phases     ] GC(5542)   Other: 0.4ms
[2026-07-26T12:29:16.981+0200][257708.144s][info][gc,heap       ] GC(5542) Eden regions: 666->0(665)
[2026-07-26T12:29:16.981+0200][257708.144s][info][gc,heap       ] GC(5542) Survivor regions: 5->5(84)
[2026-07-26T12:29:16.981+0200][257708.144s][info][gc,heap       ] GC(5542) Old regions: 1711->1711
[2026-07-26T12:29:16.981+0200][257708.144s][info][gc,heap       ] GC(5542) Humongous regions: 16->16
[2026-07-26T12:29:16.981+0200][257708.144s][info][gc,metaspace  ] GC(5542) Metaspace: 740222K(890496K)->740222K(890496K) NonClass: 654533K(792320K)->654533K(792320K) Class: 85689K(98176K)->85689K(98176K)
[2026-07-26T12:29:16.981+0200][257708.144s][info][gc            ] GC(5542) Pause Young (Normal) (G1 Evacuation Pause) 2397M->1730M(2681M) 8.005ms
[2026-07-26T12:29:16.981+0200][257708.144s][info][gc,cpu        ] GC(5542) User=0.06s Sys=0.01s Real=0.01s
[2026-07-26T12:33:55.342+0200][257986.506s][info][gc,start      ] GC(5543) Pause Young (Normal) (G1 Evacuation Pause)
[2026-07-26T12:33:55.343+0200][257986.506s][info][gc,task       ] GC(5543) Using 13 workers of 13 for evacuation
[2026-07-26T12:33:55.350+0200][257986.514s][info][gc,phases     ] GC(5543)   Pre Evacuate Collection Set: 0.3ms
[2026-07-26T12:33:55.350+0200][257986.514s][info][gc,phases     ] GC(5543)   Evacuate Collection Set: 4.0ms
[2026-07-26T12:33:55.350+0200][257986.514s][info][gc,phases     ] GC(5543)   Post Evacuate Collection Set: 3.0ms
[2026-07-26T12:33:55.350+0200][257986.514s][info][gc,phases     ] GC(5543)   Other: 0.5ms
[2026-07-26T12:33:55.350+0200][257986.514s][info][gc,heap       ] GC(5543) Eden regions: 665->0(669)
[2026-07-26T12:33:55.350+0200][257986.514s][info][gc,heap       ] GC(5543) Survivor regions: 5->3(84)
[2026-07-26T12:33:55.350+0200][257986.514s][info][gc,heap       ] GC(5543) Old regions: 1711->1711
[2026-07-26T12:33:55.350+0200][257986.514s][info][gc,heap       ] GC(5543) Humongous regions: 16->16
[2026-07-26T12:33:55.350+0200][257986.514s][info][gc,metaspace  ] GC(5543) Metaspace: 740222K(890496K)->740222K(890496K) NonClass: 654533K(792320K)->654533K(792320K) Class: 85689K(98176K)->85689K(98176K)
[2026-07-26T12:33:55.350+0200][257986.514s][info][gc            ] GC(5543) Pause Young (Normal) (G1 Evacuation Pause) 2395M->1728M(2681M) 7.964ms
[2026-07-26T12:33:55.350+0200][257986.514s][info][gc,cpu        ] GC(5543) User=0.06s Sys=0.00s Real=0.01s
[2026-07-26T12:40:33.065+0200][258384.229s][info][gc,start      ] GC(5544) Pause Young (Normal) (G1 Evacuation Pause)
[2026-07-26T12:40:33.065+0200][258384.229s][info][gc,task       ] GC(5544) Using 13 workers of 13 for evacuation
[2026-07-26T12:40:33.079+0200][258384.242s][info][gc,phases     ] GC(5544)   Pre Evacuate Collection Set: 0.2ms
[2026-07-26T12:40:33.079+0200][258384.242s][info][gc,phases     ] GC(5544)   Evacuate Collection Set: 6.3ms
[2026-07-26T12:40:33.079+0200][258384.242s][info][gc,phases     ] GC(5544)   Post Evacuate Collection Set: 6.5ms
[2026-07-26T12:40:33.079+0200][258384.242s][info][gc,phases     ] GC(5544)   Other: 0.6ms
[2026-07-26T12:40:33.079+0200][258384.242s][info][gc,heap       ] GC(5544) Eden regions: 669->0(664)
[2026-07-26T12:40:33.079+0200][258384.242s][info][gc,heap       ] GC(5544) Survivor regions: 3->6(84)
[2026-07-26T12:40:33.079+0200][258384.242s][info][gc,heap       ] GC(5544) Old regions: 1711->1711
[2026-07-26T12:40:33.079+0200][258384.242s][info][gc,heap       ] GC(5544) Humongous regions: 16->16
[2026-07-26T12:40:33.079+0200][258384.242s][info][gc,metaspace  ] GC(5544) Metaspace: 740222K(890496K)->740222K(890496K) NonClass: 654533K(792320K)->654533K(792320K) Class: 85689K(98176K)->85689K(98176K)
[2026-07-26T12:40:33.079+0200][258384.242s][info][gc            ] GC(5544) Pause Young (Normal) (G1 Evacuation Pause) 2397M->1732M(2681M) 13.709ms
[2026-07-26T12:40:33.079+0200][258384.242s][info][gc,cpu        ] GC(5544) User=0.09s Sys=0.00s Real=0.01s
[2026-07-26T12:40:36.490+0200][258387.654s][info][gc,start      ] GC(5545) Pause Young (Normal) (G1 Evacuation Pause)
[2026-07-26T12:40:36.490+0200][258387.654s][info][gc,task       ] GC(5545) Using 13 workers of 13 for evacuation
[2026-07-26T12:40:36.498+0200][258387.662s][info][gc,phases     ] GC(5545)   Pre Evacuate Collection Set: 0.1ms
[2026-07-26T12:40:36.498+0200][258387.662s][info][gc,phases     ] GC(5545)   Evacuate Collection Set: 4.2ms
[2026-07-26T12:40:36.498+0200][258387.662s][info][gc,phases     ] GC(5545)   Post Evacuate Collection Set: 3.4ms
[2026-07-26T12:40:36.498+0200][258387.662s][info][gc,phases     ] GC(5545)   Other: 0.4ms
[2026-07-26T12:40:36.498+0200][258387.662s][info][gc,heap       ] GC(5545) Eden regions: 664->0(667)
[2026-07-26T12:40:36.498+0200][258387.662s][info][gc,heap       ] GC(5545) Survivor regions: 6->4(84)
[2026-07-26T12:40:36.498+0200][258387.662s][info][gc,heap       ] GC(5545) Old regions: 1711->1711
[2026-07-26T12:40:36.498+0200][258387.662s][info][gc,heap       ] GC(5545) Humongous regions: 16->16
[2026-07-26T12:40:36.498+0200][258387.662s][info][gc,metaspace  ] GC(5545) Metaspace: 740222K(890496K)->740222K(890496K) NonClass: 654533K(792320K)->654533K(792320K) Class: 85689K(98176K)->85689K(98176K)
[2026-07-26T12:40:36.498+0200][258387.662s][info][gc            ] GC(5545) Pause Young (Normal) (G1 Evacuation Pause) 2396M->1730M(2681M) 8.323ms
[2026-07-26T12:40:36.498+0200][258387.662s][info][gc,cpu        ] GC(5545) User=0.06s Sys=0.00s Real=0.01s
[2026-07-26T12:42:37.180+0200][258508.343s][info][gc,start      ] GC(5546) Pause Young (Normal) (G1 Evacuation Pause)
[2026-07-26T12:42:37.180+0200][258508.343s][info][gc,task       ] GC(5546) Using 13 workers of 13 for evacuation
[2026-07-26T12:42:37.189+0200][258508.353s][info][gc,phases     ] GC(5546)   Pre Evacuate Collection Set: 0.2ms
[2026-07-26T12:42:37.189+0200][258508.353s][info][gc,phases     ] GC(5546)   Evacuate Collection Set: 5.3ms
[2026-07-26T12:42:37.189+0200][258508.353s][info][gc,phases     ] GC(5546)   Post Evacuate Collection Set: 3.7ms
[2026-07-26T12:42:37.189+0200][258508.353s][info][gc,phases     ] GC(5546)   Other: 0.5ms
[2026-07-26T12:42:37.189+0200][258508.353s][info][gc,heap       ] GC(5546) Eden regions: 667->0(663)
[2026-07-26T12:42:37.189+0200][258508.353s][info][gc,heap       ] GC(5546) Survivor regions: 4->6(84)
[2026-07-26T12:42:37.189+0200][258508.353s][info][gc,heap       ] GC(5546) Old regions: 1711->1711
[2026-07-26T12:42:37.189+0200][258508.353s][info][gc,heap       ] GC(5546) Humongous regions: 16->16
[2026-07-26T12:42:37.189+0200][258508.353s][info][gc,metaspace  ] GC(5546) Metaspace: 740222K(890496K)->740222K(890496K) NonClass: 654533K(792320K)->654533K(792320K) Class: 85689K(98176K)->85689K(98176K)
[2026-07-26T12:42:37.189+0200][258508.353s][info][gc            ] GC(5546) Pause Young (Normal) (G1 Evacuation Pause) 2397M->1732M(2681M) 9.832ms
[2026-07-26T12:42:37.189+0200][258508.353s][info][gc,cpu        ] GC(5546) User=0.08s Sys=0.00s Real=0.01s
[2026-07-26T12:43:55.495+0200][258586.658s][info][gc,start      ] GC(5547) Pause Young (Normal) (G1 Evacuation Pause)
[2026-07-26T12:43:55.495+0200][258586.658s][info][gc,task       ] GC(5547) Using 13 workers of 13 for evacuation
[2026-07-26T12:43:55.504+0200][258586.667s][info][gc,phases     ] GC(5547)   Pre Evacuate Collection Set: 0.1ms
[2026-07-26T12:43:55.504+0200][258586.667s][info][gc,phases     ] GC(5547)   Evacuate Collection Set: 4.1ms
[2026-07-26T12:43:55.504+0200][258586.667s][info][gc,phases     ] GC(5547)   Post Evacuate Collection Set: 4.3ms
[2026-07-26T12:43:55.504+0200][258586.667s][info][gc,phases     ] GC(5547)   Other: 0.5ms
[2026-07-26T12:43:55.504+0200][258586.667s][info][gc,heap       ] GC(5547) Eden regions: 663->0(670)
[2026-07-26T12:43:55.504+0200][258586.667s][info][gc,heap       ] GC(5547) Survivor regions: 6->2(84)
[2026-07-26T12:43:55.504+0200][258586.667s][info][gc,heap       ] GC(5547) Old regions: 1711->1711
[2026-07-26T12:43:55.504+0200][258586.667s][info][gc,heap       ] GC(5547) Humongous regions: 16->16
[2026-07-26T12:43:55.504+0200][258586.667s][info][gc,metaspace  ] GC(5547) Metaspace: 740222K(890496K)->740222K(890496K) NonClass: 654533K(792320K)->654533K(792320K) Class: 85689K(98176K)->85689K(98176K)
[2026-07-26T12:43:55.504+0200][258586.667s][info][gc            ] GC(5547) Pause Young (Normal) (G1 Evacuation Pause) 2395M->1727M(2681M) 9.202ms
[2026-07-26T12:43:55.504+0200][258586.667s][info][gc,cpu        ] GC(5547) User=0.06s Sys=0.00s Real=0.01s
[2026-07-26T12:45:37.370+0200][258688.533s][info][gc,start      ] GC(5548) Pause Young (Normal) (G1 Evacuation Pause)
[2026-07-26T12:45:37.370+0200][258688.533s][info][gc,task       ] GC(5548) Using 13 workers of 13 for evacuation
[2026-07-26T12:45:37.380+0200][258688.543s][info][gc,phases     ] GC(5548)   Pre Evacuate Collection Set: 0.1ms
[2026-07-26T12:45:37.380+0200][258688.543s][info][gc,phases     ] GC(5548)   Evacuate Collection Set: 5.5ms
[2026-07-26T12:45:37.380+0200][258688.543s][info][gc,phases     ] GC(5548)   Post Evacuate Collection Set: 3.7ms
[2026-07-26T12:45:37.380+0200][258688.543s][info][gc,phases     ] GC(5548)   Other: 0.5ms
[2026-07-26T12:45:37.380+0200][258688.543s][info][gc,heap       ] GC(5548) Eden regions: 670->0(664)
[2026-07-26T12:45:37.380+0200][258688.543s][info][gc,heap       ] GC(5548) Survivor regions: 2->6(84)
[2026-07-26T12:45:37.380+0200][258688.543s][info][gc,heap       ] GC(5548) Old regions: 1711->1711
[2026-07-26T12:45:37.380+0200][258688.543s][info][gc,heap       ] GC(5548) Humongous regions: 16->16
[2026-07-26T12:45:37.380+0200][258688.543s][info][gc,metaspace  ] GC(5548) Metaspace: 740222K(890496K)->740222K(890496K) NonClass: 654533K(792320K)->654533K(792320K) Class: 85689K(98176K)->85689K(98176K)
[2026-07-26T12:45:37.380+0200][258688.543s][info][gc            ] GC(5548) Pause Young (Normal) (G1 Evacuation Pause) 2397M->1732M(2681M) 9.932ms
[2026-07-26T12:45:37.380+0200][258688.543s][info][gc,cpu        ] GC(5548) User=0.08s Sys=0.00s Real=0.01s
[2026-07-26T12:45:40.376+0200][258691.539s][info][gc,start      ] GC(5549) Pause Young (Normal) (G1 Evacuation Pause)
[2026-07-26T12:45:40.376+0200][258691.539s][info][gc,task       ] GC(5549) Using 13 workers of 13 for evacuation
[2026-07-26T12:45:40.390+0200][258691.554s][info][gc,phases     ] GC(5549)   Pre Evacuate Collection Set: 0.1ms
[2026-07-26T12:45:40.390+0200][258691.554s][info][gc,phases     ] GC(5549)   Evacuate Collection Set: 9.0ms
[2026-07-26T12:45:40.390+0200][258691.554s][info][gc,phases     ] GC(5549)   Post Evacuate Collection Set: 5.0ms
[2026-07-26T12:45:40.390+0200][258691.554s][info][gc,phases     ] GC(5549)   Other: 0.4ms
[2026-07-26T12:45:40.390+0200][258691.554s][info][gc,heap       ] GC(5549) Eden regions: 664->0(663)
[2026-07-26T12:45:40.390+0200][258691.554s][info][gc,heap       ] GC(5549) Survivor regions: 6->6(84)
[2026-07-26T12:45:40.390+0200][258691.554s][info][gc,heap       ] GC(5549) Old regions: 1711->1711
[2026-07-26T12:45:40.390+0200][258691.554s][info][gc,heap       ] GC(5549) Humongous regions: 16->16
[2026-07-26T12:45:40.390+0200][258691.554s][info][gc,metaspace  ] GC(5549) Metaspace: 740222K(890496K)->740222K(890496K) NonClass: 654533K(792320K)->654533K(792320K) Class: 85689K(98176K)->85689K(98176K)
[2026-07-26T12:45:40.390+0200][258691.554s][info][gc            ] GC(5549) Pause Young (Normal) (G1 Evacuation Pause) 2396M->1732M(2681M) 14.793ms
[2026-07-26T12:45:40.390+0200][258691.554s][info][gc,cpu        ] GC(5549) User=0.08s Sys=0.00s Real=0.01s
[2026-07-26T12:45:41.270+0200][258692.433s][info][gc,start      ] GC(5550) Pause Young (Normal) (G1 Evacuation Pause)
[2026-07-26T12:45:41.270+0200][258692.434s][info][gc,task       ] GC(5550) Using 13 workers of 13 for evacuation
[2026-07-26T12:45:41.279+0200][258692.442s][info][gc,phases     ] GC(5550)   Pre Evacuate Collection Set: 0.2ms
[2026-07-26T12:45:41.279+0200][258692.442s][info][gc,phases     ] GC(5550)   Evacuate Collection Set: 5.1ms
[2026-07-26T12:45:41.279+0200][258692.442s][info][gc,phases     ] GC(5550)   Post Evacuate Collection Set: 3.1ms
[2026-07-26T12:45:41.279+0200][258692.442s][info][gc,phases     ] GC(5550)   Other: 0.4ms
[2026-07-26T12:45:41.279+0200][258692.442s][info][gc,heap       ] GC(5550) Eden regions: 663->0(663)
[2026-07-26T12:45:41.279+0200][258692.442s][info][gc,heap       ] GC(5550) Survivor regions: 6->6(84)
[2026-07-26T12:45:41.279+0200][258692.442s][info][gc,heap       ] GC(5550) Old regions: 1711->1711
[2026-07-26T12:45:41.279+0200][258692.442s][info][gc,heap       ] GC(5550) Humongous regions: 16->16
[2026-07-26T12:45:41.279+0200][258692.442s][info][gc,metaspace  ] GC(5550) Metaspace: 740222K(890496K)->740222K(890496K) NonClass: 654533K(792320K)->654533K(792320K) Class: 85689K(98176K)->85689K(98176K)
[2026-07-26T12:45:41.279+0200][258692.443s][info][gc            ] GC(5550) Pause Young (Normal) (G1 Evacuation Pause) 2395M->1732M(2681M) 9.009ms
[2026-07-26T12:45:41.279+0200][258692.443s][info][gc,cpu        ] GC(5550) User=0.07s Sys=0.00s Real=0.01s
[2026-07-26T12:46:37.015+0200][258748.179s][info][gc,start      ] GC(5551) Pause Young (Normal) (G1 Evacuation Pause)
[2026-07-26T12:46:37.015+0200][258748.179s][info][gc,task       ] GC(5551) Using 13 workers of 13 for evacuation
[2026-07-26T12:46:37.029+0200][258748.193s][info][gc,phases     ] GC(5551)   Pre Evacuate Collection Set: 0.2ms
[2026-07-26T12:46:37.029+0200][258748.193s][info][gc,phases     ] GC(5551)   Evacuate Collection Set: 9.4ms
[2026-07-26T12:46:37.029+0200][258748.193s][info][gc,phases     ] GC(5551)   Post Evacuate Collection Set: 3.5ms
[2026-07-26T12:46:37.029+0200][258748.193s][info][gc,phases     ] GC(5551)   Other: 0.8ms
[2026-07-26T12:46:37.029+0200][258748.193s][info][gc,heap       ] GC(5551) Eden regions: 663->0(653)
[2026-07-26T12:46:37.029+0200][258748.193s][info][gc,heap       ] GC(5551) Survivor regions: 6->10(84)
[2026-07-26T12:46:37.029+0200][258748.193s][info][gc,heap       ] GC(5551) Old regions: 1711->1711
[2026-07-26T12:46:37.029+0200][258748.193s][info][gc,heap       ] GC(5551) Humongous regions: 16->16
[2026-07-26T12:46:37.029+0200][258748.193s][info][gc,metaspace  ] GC(5551) Metaspace: 740222K(890496K)->740222K(890496K) NonClass: 654533K(792320K)->654533K(792320K) Class: 85689K(98176K)->85689K(98176K)
[2026-07-26T12:46:37.029+0200][258748.193s][info][gc            ] GC(5551) Pause Young (Normal) (G1 Evacuation Pause) 2395M->1736M(2681M) 14.245ms
[2026-07-26T12:46:37.030+0200][258748.193s][info][gc,cpu        ] GC(5551) User=0.11s Sys=0.00s Real=0.01s
[2026-07-26T12:46:38.041+0200][258749.205s][info][gc,start      ] GC(5552) Pause Young (Normal) (G1 Evacuation Pause)
[2026-07-26T12:46:38.041+0200][258749.205s][info][gc,task       ] GC(5552) Using 13 workers of 13 for evacuation
[2026-07-26T12:46:38.054+0200][258749.217s][info][gc,phases     ] GC(5552)   Pre Evacuate Collection Set: 0.1ms
[2026-07-26T12:46:38.054+0200][258749.217s][info][gc,phases     ] GC(5552)   Evacuate Collection Set: 9.2ms
[2026-07-26T12:46:38.054+0200][258749.217s][info][gc,phases     ] GC(5552)   Post Evacuate Collection Set: 3.0ms
[2026-07-26T12:46:38.054+0200][258749.217s][info][gc,phases     ] GC(5552)   Other: 0.4ms
[2026-07-26T12:46:38.054+0200][258749.217s][info][gc,heap       ] GC(5552) Eden regions: 653->0(651)
[2026-07-26T12:46:38.054+0200][258749.217s][info][gc,heap       ] GC(5552) Survivor regions: 10->10(83)
[2026-07-26T12:46:38.054+0200][258749.217s][info][gc,heap       ] GC(5552) Old regions: 1711->1711
[2026-07-26T12:46:38.054+0200][258749.217s][info][gc,heap       ] GC(5552) Humongous regions: 16->16
[2026-07-26T12:46:38.054+0200][258749.217s][info][gc,metaspace  ] GC(5552) Metaspace: 740222K(890496K)->740222K(890496K) NonClass: 654533K(792320K)->654533K(792320K) Class: 85689K(98176K)->85689K(98176K)
[2026-07-26T12:46:38.054+0200][258749.217s][info][gc            ] GC(5552) Pause Young (Normal) (G1 Evacuation Pause) 2389M->1736M(2681M) 12.868ms
[2026-07-26T12:46:38.054+0200][258749.217s][info][gc,cpu        ] GC(5552) User=0.10s Sys=0.00s Real=0.01s
[2026-07-26T12:46:38.778+0200][258749.941s][info][gc,start      ] GC(5553) Pause Young (Normal) (G1 Evacuation Pause)
[2026-07-26T12:46:38.778+0200][258749.941s][info][gc,task       ] GC(5553) Using 13 workers of 13 for evacuation
[2026-07-26T12:46:38.788+0200][258749.951s][info][gc,phases     ] GC(5553)   Pre Evacuate Collection Set: 0.1ms
[2026-07-26T12:46:38.788+0200][258749.951s][info][gc,phases     ] GC(5553)   Evacuate Collection Set: 6.2ms
[2026-07-26T12:46:38.788+0200][258749.951s][info][gc,phases     ] GC(5553)   Post Evacuate Collection Set: 2.9ms
[2026-07-26T12:46:38.788+0200][258749.951s][info][gc,phases     ] GC(5553)   Other: 0.4ms
[2026-07-26T12:46:38.788+0200][258749.951s][info][gc,heap       ] GC(5553) Eden regions: 651->0(655)
[2026-07-26T12:46:38.788+0200][258749.951s][info][gc,heap       ] GC(5553) Survivor regions: 10->9(83)
[2026-07-26T12:46:38.788+0200][258749.951s][info][gc,heap       ] GC(5553) Old regions: 1711->1711
[2026-07-26T12:46:38.788+0200][258749.951s][info][gc,heap       ] GC(5553) Humongous regions: 16->16
[2026-07-26T12:46:38.788+0200][258749.951s][info][gc,metaspace  ] GC(5553) Metaspace: 740222K(890496K)->740222K(890496K) NonClass: 654533K(792320K)->654533K(792320K) Class: 85689K(98176K)->85689K(98176K)
[2026-07-26T12:46:38.788+0200][258749.951s][info][gc            ] GC(5553) Pause Young (Normal) (G1 Evacuation Pause) 2387M->1735M(2681M) 9.826ms
[2026-07-26T12:46:38.788+0200][258749.951s][info][gc,cpu        ] GC(5553) User=0.08s Sys=0.00s Real=0.01s
[2026-07-26T12:46:42.858+0200][258754.022s][info][gc,start      ] GC(5554) Pause Young (Normal) (G1 Evacuation Pause)
[2026-07-26T12:46:42.858+0200][258754.022s][info][gc,task       ] GC(5554) Using 13 workers of 13 for evacuation
[2026-07-26T12:46:42.866+0200][258754.029s][info][gc,phases     ] GC(5554)   Pre Evacuate Collection Set: 0.1ms
[2026-07-26T12:46:42.866+0200][258754.029s][info][gc,phases     ] GC(5554)   Evacuate Collection Set: 4.1ms
[2026-07-26T12:46:42.866+0200][258754.029s][info][gc,phases     ] GC(5554)   Post Evacuate Collection Set: 2.9ms
[2026-07-26T12:46:42.866+0200][258754.029s][info][gc,phases     ] GC(5554)   Other: 0.4ms
[2026-07-26T12:46:42.866+0200][258754.029s][info][gc,heap       ] GC(5554) Eden regions: 655->0(660)
[2026-07-26T12:46:42.866+0200][258754.029s][info][gc,heap       ] GC(5554) Survivor regions: 9->4(83)
[2026-07-26T12:46:42.866+0200][258754.029s][info][gc,heap       ] GC(5554) Old regions: 1711->1711
[2026-07-26T12:46:42.866+0200][258754.029s][info][gc,heap       ] GC(5554) Humongous regions: 16->16
[2026-07-26T12:46:42.866+0200][258754.029s][info][gc,metaspace  ] GC(5554) Metaspace: 740222K(890496K)->740222K(890496K) NonClass: 654533K(792320K)->654533K(792320K) Class: 85689K(98176K)->85689K(98176K)
[2026-07-26T12:46:42.866+0200][258754.029s][info][gc            ] GC(5554) Pause Young (Normal) (G1 Evacuation Pause) 2390M->1730M(2681M) 7.716ms
[2026-07-26T12:46:42.866+0200][258754.029s][info][gc,cpu        ] GC(5554) User=0.05s Sys=0.00s Real=0.01s
[2026-07-26T12:47:32.895+0200][258804.058s][info][gc,start      ] GC(5555) Pause Young (Normal) (G1 Evacuation Pause)
[2026-07-26T12:47:32.895+0200][258804.059s][info][gc,task       ] GC(5555) Using 13 workers of 13 for evacuation
[2026-07-26T12:47:32.905+0200][258804.068s][info][gc,phases     ] GC(5555)   Pre Evacuate Collection Set: 0.2ms
[2026-07-26T12:47:32.905+0200][258804.069s][info][gc,phases     ] GC(5555)   Evacuate Collection Set: 6.1ms
[2026-07-26T12:47:32.905+0200][258804.069s][info][gc,phases     ] GC(5555)   Post Evacuate Collection Set: 3.2ms
[2026-07-26T12:47:32.905+0200][258804.069s][info][gc,phases     ] GC(5555)   Other: 0.6ms
[2026-07-26T12:47:32.905+0200][258804.069s][info][gc,heap       ] GC(5555) Eden regions: 660->0(654)
[2026-07-26T12:47:32.905+0200][258804.069s][info][gc,heap       ] GC(5555) Survivor regions: 4->9(83)
[2026-07-26T12:47:32.905+0200][258804.069s][info][gc,heap       ] GC(5555) Old regions: 1711->1711
[2026-07-26T12:47:32.905+0200][258804.069s][info][gc,heap       ] GC(5555) Humongous regions: 16->16
[2026-07-26T12:47:32.905+0200][258804.069s][info][gc,metaspace  ] GC(5555) Metaspace: 740222K(890496K)->740222K(890496K) NonClass: 654533K(792320K)->654533K(792320K) Class: 85689K(98176K)->85689K(98176K)
[2026-07-26T12:47:32.905+0200][258804.069s][info][gc            ] GC(5555) Pause Young (Normal) (G1 Evacuation Pause) 2390M->1735M(2681M) 10.234ms
[2026-07-26T12:47:32.905+0200][258804.069s][info][gc,cpu        ] GC(5555) User=0.07s Sys=0.02s Real=0.01s
[2026-07-26T12:47:33.794+0200][258804.958s][info][gc,start      ] GC(5556) Pause Young (Normal) (G1 Evacuation Pause)
[2026-07-26T12:47:33.794+0200][258804.958s][info][gc,task       ] GC(5556) Using 13 workers of 13 for evacuation
[2026-07-26T12:47:33.804+0200][258804.968s][info][gc,phases     ] GC(5556)   Pre Evacuate Collection Set: 0.2ms
[2026-07-26T12:47:33.804+0200][258804.968s][info][gc,phases     ] GC(5556)   Evacuate Collection Set: 6.6ms
[2026-07-26T12:47:33.804+0200][258804.968s][info][gc,phases     ] GC(5556)   Post Evacuate Collection Set: 3.0ms
[2026-07-26T12:47:33.804+0200][258804.968s][info][gc,phases     ] GC(5556)   Other: 0.4ms
[2026-07-26T12:47:33.804+0200][258804.968s][info][gc,heap       ] GC(5556) Eden regions: 654->0(653)
[2026-07-26T12:47:33.805+0200][258804.968s][info][gc,heap       ] GC(5556) Survivor regions: 9->9(83)
[2026-07-26T12:47:33.805+0200][258804.968s][info][gc,heap       ] GC(5556) Old regions: 1711->1712
[2026-07-26T12:47:33.805+0200][258804.968s][info][gc,heap       ] GC(5556) Humongous regions: 16->16
[2026-07-26T12:47:33.805+0200][258804.968s][info][gc,metaspace  ] GC(5556) Metaspace: 740222K(890496K)->740222K(890496K) NonClass: 654533K(792320K)->654533K(792320K) Class: 85689K(98176K)->85689K(98176K)
[2026-07-26T12:47:33.805+0200][258804.968s][info][gc            ] GC(5556) Pause Young (Normal) (G1 Evacuation Pause) 2389M->1735M(2681M) 10.451ms
[2026-07-26T12:47:33.805+0200][258804.968s][info][gc,cpu        ] GC(5556) User=0.07s Sys=0.01s Real=0.01s
[2026-07-26T12:47:34.531+0200][258805.695s][info][gc,start      ] GC(5557) Pause Young (Normal) (G1 Evacuation Pause)
[2026-07-26T12:47:34.531+0200][258805.695s][info][gc,task       ] GC(5557) Using 13 workers of 13 for evacuation
[2026-07-26T12:47:34.540+0200][258805.703s][info][gc,phases     ] GC(5557)   Pre Evacuate Collection Set: 0.1ms
[2026-07-26T12:47:34.540+0200][258805.703s][info][gc,phases     ] GC(5557)   Evacuate Collection Set: 5.5ms
[2026-07-26T12:47:34.540+0200][258805.703s][info][gc,phases     ] GC(5557)   Post Evacuate Collection Set: 2.8ms
[2026-07-26T12:47:34.540+0200][258805.703s][info][gc,phases     ] GC(5557)   Other: 0.4ms
[2026-07-26T12:47:34.540+0200][258805.703s][info][gc,heap       ] GC(5557) Eden regions: 653->0(658)
[2026-07-26T12:47:34.540+0200][258805.703s][info][gc,heap       ] GC(5557) Survivor regions: 9->7(83)
[2026-07-26T12:47:34.540+0200][258805.703s][info][gc,heap       ] GC(5557) Old regions: 1712->1712
[2026-07-26T12:47:34.540+0200][258805.703s][info][gc,heap       ] GC(5557) Humongous regions: 16->16
[2026-07-26T12:47:34.540+0200][258805.703s][info][gc,metaspace  ] GC(5557) Metaspace: 740222K(890496K)->740222K(890496K) NonClass: 654533K(792320K)->654533K(792320K) Class: 85689K(98176K)->85689K(98176K)
[2026-07-26T12:47:34.540+0200][258805.704s][info][gc            ] GC(5557) Pause Young (Normal) (G1 Evacuation Pause) 2388M->1733M(2681M) 8.953ms
[2026-07-26T12:47:34.540+0200][258805.704s][info][gc,cpu        ] GC(5557) User=0.07s Sys=0.00s Real=0.01s
[2026-07-26T12:48:12.357+0200][258843.520s][info][gc,start      ] GC(5558) Pause Young (Normal) (G1 Evacuation Pause)
[2026-07-26T12:48:12.357+0200][258843.520s][info][gc,task       ] GC(5558) Using 13 workers of 13 for evacuation
[2026-07-26T12:48:12.365+0200][258843.528s][info][gc,phases     ] GC(5558)   Pre Evacuate Collection Set: 0.2ms
[2026-07-26T12:48:12.365+0200][258843.528s][info][gc,phases     ] GC(5558)   Evacuate Collection Set: 4.2ms
[2026-07-26T12:48:12.365+0200][258843.528s][info][gc,phases     ] GC(5558)   Post Evacuate Collection Set: 2.9ms
[2026-07-26T12:48:12.365+0200][258843.528s][info][gc,phases     ] GC(5558)   Other: 0.5ms
[2026-07-26T12:48:12.365+0200][258843.528s][info][gc,heap       ] GC(5558) Eden regions: 658->0(663)
[2026-07-26T12:48:12.365+0200][258843.528s][info][gc,heap       ] GC(5558) Survivor regions: 7->4(84)
[2026-07-26T12:48:12.365+0200][258843.528s][info][gc,heap       ] GC(5558) Old regions: 1712->1712
[2026-07-26T12:48:12.365+0200][258843.528s][info][gc,heap       ] GC(5558) Humongous regions: 16->16
[2026-07-26T12:48:12.365+0200][258843.528s][info][gc,metaspace  ] GC(5558) Metaspace: 740222K(890496K)->740222K(890496K) NonClass: 654533K(792320K)->654533K(792320K) Class: 85689K(98176K)->85689K(98176K)
[2026-07-26T12:48:12.365+0200][258843.528s][info][gc            ] GC(5558) Pause Young (Normal) (G1 Evacuation Pause) 2391M->1730M(2681M) 8.022ms
[2026-07-26T12:48:12.365+0200][258843.528s][info][gc,cpu        ] GC(5558) User=0.05s Sys=0.01s Real=0.00s
[2026-07-26T12:48:14.242+0200][258845.406s][info][gc,start      ] GC(5559) Pause Young (Normal) (G1 Evacuation Pause)
[2026-07-26T12:48:14.242+0200][258845.406s][info][gc,task       ] GC(5559) Using 13 workers of 13 for evacuation
[2026-07-26T12:48:14.252+0200][258845.416s][info][gc,phases     ] GC(5559)   Pre Evacuate Collection Set: 0.2ms
[2026-07-26T12:48:14.252+0200][258845.416s][info][gc,phases     ] GC(5559)   Evacuate Collection Set: 5.3ms
[2026-07-26T12:48:14.252+0200][258845.416s][info][gc,phases     ] GC(5559)   Post Evacuate Collection Set: 3.8ms
[2026-07-26T12:48:14.253+0200][258845.416s][info][gc,phases     ] GC(5559)   Other: 0.6ms
[2026-07-26T12:48:14.253+0200][258845.416s][info][gc,heap       ] GC(5559) Eden regions: 663->0(660)
[2026-07-26T12:48:14.253+0200][258845.416s][info][gc,heap       ] GC(5559) Survivor regions: 4->6(84)
[2026-07-26T12:48:14.253+0200][258845.416s][info][gc,heap       ] GC(5559) Old regions: 1712->1712
[2026-07-26T12:48:14.253+0200][258845.416s][info][gc,heap       ] GC(5559) Humongous regions: 16->16
[2026-07-26T12:48:14.253+0200][258845.416s][info][gc,metaspace  ] GC(5559) Metaspace: 740222K(890496K)->740222K(890496K) NonClass: 654533K(792320K)->654533K(792320K) Class: 85689K(98176K)->85689K(98176K)
[2026-07-26T12:48:14.253+0200][258845.416s][info][gc            ] GC(5559) Pause Young (Normal) (G1 Evacuation Pause) 2393M->1732M(2681M) 10.244ms
[2026-07-26T12:48:14.253+0200][258845.416s][info][gc,cpu        ] GC(5559) User=0.07s Sys=0.00s Real=0.01s
[2026-07-26T12:48:26.327+0200][258857.491s][info][gc,start      ] GC(5560) Pause Young (Normal) (G1 Evacuation Pause)
[2026-07-26T12:48:26.327+0200][258857.491s][info][gc,task       ] GC(5560) Using 13 workers of 13 for evacuation
[2026-07-26T12:48:26.338+0200][258857.501s][info][gc,phases     ] GC(5560)   Pre Evacuate Collection Set: 0.1ms
[2026-07-26T12:48:26.338+0200][258857.501s][info][gc,phases     ] GC(5560)   Evacuate Collection Set: 7.0ms
[2026-07-26T12:48:26.338+0200][258857.501s][info][gc,phases     ] GC(5560)   Post Evacuate Collection Set: 2.9ms
[2026-07-26T12:48:26.338+0200][258857.501s][info][gc,phases     ] GC(5560)   Other: 0.4ms
[2026-07-26T12:48:26.338+0200][258857.501s][info][gc,heap       ] GC(5560) Eden regions: 660->0(657)
[2026-07-26T12:48:26.338+0200][258857.501s][info][gc,heap       ] GC(5560) Survivor regions: 6->7(84)
[2026-07-26T12:48:26.338+0200][258857.501s][info][gc,heap       ] GC(5560) Old regions: 1712->1712
[2026-07-26T12:48:26.338+0200][258857.501s][info][gc,heap       ] GC(5560) Humongous regions: 16->16
[2026-07-26T12:48:26.338+0200][258857.501s][info][gc,metaspace  ] GC(5560) Metaspace: 740222K(890496K)->740222K(890496K) NonClass: 654533K(792320K)->654533K(792320K) Class: 85689K(98176K)->85689K(98176K)
[2026-07-26T12:48:26.338+0200][258857.501s][info][gc            ] GC(5560) Pause Young (Normal) (G1 Evacuation Pause) 2392M->1733M(2681M) 10.579ms
[2026-07-26T12:48:26.338+0200][258857.501s][info][gc,cpu        ] GC(5560) User=0.09s Sys=0.00s Real=0.01s
[2026-07-26T12:48:27.247+0200][258858.411s][info][gc,start      ] GC(5561) Pause Young (Normal) (G1 Evacuation Pause)
[2026-07-26T12:48:27.247+0200][258858.411s][info][gc,task       ] GC(5561) Using 13 workers of 13 for evacuation
[2026-07-26T12:48:27.257+0200][258858.421s][info][gc,phases     ] GC(5561)   Pre Evacuate Collection Set: 0.2ms
[2026-07-26T12:48:27.257+0200][258858.421s][info][gc,phases     ] GC(5561)   Evacuate Collection Set: 6.2ms
[2026-07-26T12:48:27.257+0200][258858.421s][info][gc,phases     ] GC(5561)   Post Evacuate Collection Set: 3.0ms
[2026-07-26T12:48:27.257+0200][258858.421s][info][gc,phases     ] GC(5561)   Other: 0.4ms
[2026-07-26T12:48:27.257+0200][258858.421s][info][gc,heap       ] GC(5561) Eden regions: 657->0(656)
[2026-07-26T12:48:27.257+0200][258858.421s][info][gc,heap       ] GC(5561) Survivor regions: 7->8(83)
[2026-07-26T12:48:27.257+0200][258858.421s][info][gc,heap       ] GC(5561) Old regions: 1712->1712
[2026-07-26T12:48:27.257+0200][258858.421s][info][gc,heap       ] GC(5561) Humongous regions: 16->16
[2026-07-26T12:48:27.257+0200][258858.421s][info][gc,metaspace  ] GC(5561) Metaspace: 740222K(890496K)->740222K(890496K) NonClass: 654533K(792320K)->654533K(792320K) Class: 85689K(98176K)->85689K(98176K)
[2026-07-26T12:48:27.257+0200][258858.421s][info][gc            ] GC(5561) Pause Young (Normal) (G1 Evacuation Pause) 2390M->1734M(2681M) 10.049ms
[2026-07-26T12:48:27.258+0200][258858.421s][info][gc,cpu        ] GC(5561) User=0.08s Sys=0.00s Real=0.01s
[2026-07-26T12:48:28.081+0200][258859.245s][info][gc,start      ] GC(5562) Pause Young (Normal) (G1 Evacuation Pause)
[2026-07-26T12:48:28.081+0200][258859.245s][info][gc,task       ] GC(5562) Using 13 workers of 13 for evacuation
[2026-07-26T12:48:28.101+0200][258859.264s][info][gc,phases     ] GC(5562)   Pre Evacuate Collection Set: 0.3ms
[2026-07-26T12:48:28.101+0200][258859.265s][info][gc,phases     ] GC(5562)   Evacuate Collection Set: 13.8ms
[2026-07-26T12:48:28.101+0200][258859.265s][info][gc,phases     ] GC(5562)   Post Evacuate Collection Set: 4.9ms
[2026-07-26T12:48:28.101+0200][258859.265s][info][gc,phases     ] GC(5562)   Other: 1.0ms
[2026-07-26T12:48:28.101+0200][258859.265s][info][gc,heap       ] GC(5562) Eden regions: 656->0(657)
[2026-07-26T12:48:28.101+0200][258859.265s][info][gc,heap       ] GC(5562) Survivor regions: 8->9(83)
[2026-07-26T12:48:28.101+0200][258859.265s][info][gc,heap       ] GC(5562) Old regions: 1712->1712
[2026-07-26T12:48:28.101+0200][258859.265s][info][gc,heap       ] GC(5562) Humongous regions: 16->16
[2026-07-26T12:48:28.101+0200][258859.265s][info][gc,metaspace  ] GC(5562) Metaspace: 740222K(890496K)->740222K(890496K) NonClass: 654533K(792320K)->654533K(792320K) Class: 85689K(98176K)->85689K(98176K)
[2026-07-26T12:48:28.101+0200][258859.265s][info][gc            ] GC(5562) Pause Young (Normal) (G1 Evacuation Pause) 2390M->1735M(2681M) 20.296ms
[2026-07-26T12:48:28.102+0200][258859.265s][info][gc,cpu        ] GC(5562) User=0.12s Sys=0.00s Real=0.02s
[2026-07-26T12:48:31.568+0200][258862.731s][info][gc,start      ] GC(5563) Pause Young (Normal) (G1 Evacuation Pause)
[2026-07-26T12:48:31.568+0200][258862.731s][info][gc,task       ] GC(5563) Using 13 workers of 13 for evacuation
[2026-07-26T12:48:31.577+0200][258862.741s][info][gc,phases     ] GC(5563)   Pre Evacuate Collection Set: 0.1ms
[2026-07-26T12:48:31.577+0200][258862.741s][info][gc,phases     ] GC(5563)   Evacuate Collection Set: 5.8ms
[2026-07-26T12:48:31.577+0200][258862.741s][info][gc,phases     ] GC(5563)   Post Evacuate Collection Set: 2.9ms
[2026-07-26T12:48:31.577+0200][258862.741s][info][gc,phases     ] GC(5563)   Other: 0.4ms
[2026-07-26T12:48:31.577+0200][258862.741s][info][gc,heap       ] GC(5563) Eden regions: 657->0(656)
[2026-07-26T12:48:31.577+0200][258862.741s][info][gc,heap       ] GC(5563) Survivor regions: 9->8(84)
[2026-07-26T12:48:31.577+0200][258862.741s][info][gc,heap       ] GC(5563) Old regions: 1712->1712
[2026-07-26T12:48:31.577+0200][258862.741s][info][gc,heap       ] GC(5563) Humongous regions: 16->16
[2026-07-26T12:48:31.577+0200][258862.741s][info][gc,metaspace  ] GC(5563) Metaspace: 740222K(890496K)->740222K(890496K) NonClass: 654533K(792320K)->654533K(792320K) Class: 85689K(98176K)->85689K(98176K)
[2026-07-26T12:48:31.577+0200][258862.741s][info][gc            ] GC(5563) Pause Young (Normal) (G1 Evacuation Pause) 2392M->1734M(2681M) 9.395ms
[2026-07-26T12:48:31.577+0200][258862.741s][info][gc,cpu        ] GC(5563) User=0.08s Sys=0.00s Real=0.01s
[2026-07-26T12:48:32.385+0200][258863.548s][info][gc,start      ] GC(5564) Pause Young (Normal) (G1 Evacuation Pause)
[2026-07-26T12:48:32.385+0200][258863.548s][info][gc,task       ] GC(5564) Using 13 workers of 13 for evacuation
[2026-07-26T12:48:32.394+0200][258863.557s][info][gc,phases     ] GC(5564)   Pre Evacuate Collection Set: 0.1ms
[2026-07-26T12:48:32.394+0200][258863.557s][info][gc,phases     ] GC(5564)   Evacuate Collection Set: 5.5ms
[2026-07-26T12:48:32.394+0200][258863.557s][info][gc,phases     ] GC(5564)   Post Evacuate Collection Set: 2.7ms
[2026-07-26T12:48:32.394+0200][258863.557s][info][gc,phases     ] GC(5564)   Other: 0.4ms
[2026-07-26T12:48:32.394+0200][258863.557s][info][gc,heap       ] GC(5564) Eden regions: 656->0(657)
[2026-07-26T12:48:32.394+0200][258863.557s][info][gc,heap       ] GC(5564) Survivor regions: 8->7(83)
[2026-07-26T12:48:32.394+0200][258863.557s][info][gc,heap       ] GC(5564) Old regions: 1712->1712
[2026-07-26T12:48:32.394+0200][258863.557s][info][gc,heap       ] GC(5564) Humongous regions: 16->16
[2026-07-26T12:48:32.394+0200][258863.557s][info][gc,metaspace  ] GC(5564) Metaspace: 740222K(890496K)->740222K(890496K) NonClass: 654533K(792320K)->654533K(792320K) Class: 85689K(98176K)->85689K(98176K)
[2026-07-26T12:48:32.394+0200][258863.557s][info][gc            ] GC(5564) Pause Young (Normal) (G1 Evacuation Pause) 2390M->1733M(2681M) 8.897ms
[2026-07-26T12:48:32.394+0200][258863.557s][info][gc,cpu        ] GC(5564) User=0.07s Sys=0.00s Real=0.00s
[2026-07-26T12:48:46.815+0200][258877.978s][info][gc,start      ] GC(5565) Pause Young (Normal) (G1 Evacuation Pause)
[2026-07-26T12:48:46.815+0200][258877.978s][info][gc,task       ] GC(5565) Using 13 workers of 13 for evacuation
[2026-07-26T12:48:46.823+0200][258877.986s][info][gc,phases     ] GC(5565)   Pre Evacuate Collection Set: 0.1ms
[2026-07-26T12:48:46.823+0200][258877.986s][info][gc,phases     ] GC(5565)   Evacuate Collection Set: 5.0ms
[2026-07-26T12:48:46.823+0200][258877.986s][info][gc,phases     ] GC(5565)   Post Evacuate Collection Set: 2.8ms
[2026-07-26T12:48:46.823+0200][258877.986s][info][gc,phases     ] GC(5565)   Other: 0.5ms
[2026-07-26T12:48:46.823+0200][258877.986s][info][gc,heap       ] GC(5565) Eden regions: 657->0(657)
[2026-07-26T12:48:46.823+0200][258877.986s][info][gc,heap       ] GC(5565) Survivor regions: 7->7(83)
[2026-07-26T12:48:46.823+0200][258877.986s][info][gc,heap       ] GC(5565) Old regions: 1712->1712
[2026-07-26T12:48:46.823+0200][258877.986s][info][gc,heap       ] GC(5565) Humongous regions: 16->16
[2026-07-26T12:48:46.823+0200][258877.986s][info][gc,metaspace  ] GC(5565) Metaspace: 740222K(890496K)->740222K(890496K) NonClass: 654533K(792320K)->654533K(792320K) Class: 85689K(98176K)->85689K(98176K)
[2026-07-26T12:48:46.823+0200][258877.986s][info][gc            ] GC(5565) Pause Young (Normal) (G1 Evacuation Pause) 2390M->1733M(2681M) 8.472ms
[2026-07-26T12:48:46.823+0200][258877.986s][info][gc,cpu        ] GC(5565) User=0.06s Sys=0.01s Real=0.01s
[2026-07-26T12:49:16.319+0200][258907.483s][info][gc,start      ] GC(5566) Pause Young (Normal) (G1 Evacuation Pause)
[2026-07-26T12:49:16.320+0200][258907.483s][info][gc,task       ] GC(5566) Using 13 workers of 13 for evacuation
[2026-07-26T12:49:16.328+0200][258907.492s][info][gc,phases     ] GC(5566)   Pre Evacuate Collection Set: 0.1ms
[2026-07-26T12:49:16.328+0200][258907.492s][info][gc,phases     ] GC(5566)   Evacuate Collection Set: 5.5ms
[2026-07-26T12:49:16.328+0200][258907.492s][info][gc,phases     ] GC(5566)   Post Evacuate Collection Set: 2.7ms
[2026-07-26T12:49:16.328+0200][258907.492s][info][gc,phases     ] GC(5566)   Other: 0.4ms
[2026-07-26T12:49:16.328+0200][258907.492s][info][gc,heap       ] GC(5566) Eden regions: 657->0(660)
[2026-07-26T12:49:16.328+0200][258907.492s][info][gc,heap       ] GC(5566) Survivor regions: 7->4(83)
[2026-07-26T12:49:16.328+0200][258907.492s][info][gc,heap       ] GC(5566) Old regions: 1712->1712
[2026-07-26T12:49:16.328+0200][258907.492s][info][gc,heap       ] GC(5566) Humongous regions: 16->16
[2026-07-26T12:49:16.328+0200][258907.492s][info][gc,metaspace  ] GC(5566) Metaspace: 740222K(890496K)->740222K(890496K) NonClass: 654533K(792320K)->654533K(792320K) Class: 85689K(98176K)->85689K(98176K)
[2026-07-26T12:49:16.328+0200][258907.492s][info][gc            ] GC(5566) Pause Young (Normal) (G1 Evacuation Pause) 2390M->1731M(2681M) 8.997ms
[2026-07-26T12:49:16.329+0200][258907.492s][info][gc,cpu        ] GC(5566) User=0.06s Sys=0.00s Real=0.01s
[2026-07-26T12:50:25.774+0200][258976.938s][info][gc,start      ] GC(5567) Pause Young (Normal) (G1 Evacuation Pause)
[2026-07-26T12:50:25.774+0200][258976.938s][info][gc,task       ] GC(5567) Using 13 workers of 13 for evacuation
[2026-07-26T12:50:25.783+0200][258976.947s][info][gc,phases     ] GC(5567)   Pre Evacuate Collection Set: 0.3ms
[2026-07-26T12:50:25.783+0200][258976.947s][info][gc,phases     ] GC(5567)   Evacuate Collection Set: 3.5ms
[2026-07-26T12:50:25.784+0200][258976.947s][info][gc,phases     ] GC(5567)   Post Evacuate Collection Set: 4.6ms
[2026-07-26T12:50:25.784+0200][258976.947s][info][gc,phases     ] GC(5567)   Other: 0.9ms
[2026-07-26T12:50:25.784+0200][258976.947s][info][gc,heap       ] GC(5567) Eden regions: 660->0(665)
[2026-07-26T12:50:25.784+0200][258976.947s][info][gc,heap       ] GC(5567) Survivor regions: 4->2(83)
[2026-07-26T12:50:25.784+0200][258976.947s][info][gc,heap       ] GC(5567) Old regions: 1712->1712
[2026-07-26T12:50:25.784+0200][258976.947s][info][gc,heap       ] GC(5567) Humongous regions: 16->16
[2026-07-26T12:50:25.784+0200][258976.947s][info][gc,metaspace  ] GC(5567) Metaspace: 740222K(890496K)->740222K(890496K) NonClass: 654533K(792320K)->654533K(792320K) Class: 85689K(98176K)->85689K(98176K)
[2026-07-26T12:50:25.784+0200][258976.947s][info][gc            ] GC(5567) Pause Young (Normal) (G1 Evacuation Pause) 2391M->1728M(2681M) 9.549ms
[2026-07-26T12:50:25.784+0200][258976.947s][info][gc,cpu        ] GC(5567) User=0.04s Sys=0.00s Real=0.01s
[2026-07-26T12:55:23.522+0200][259274.686s][info][gc,start      ] GC(5568) Pause Young (Normal) (G1 Evacuation Pause)
[2026-07-26T12:55:23.522+0200][259274.686s][info][gc,task       ] GC(5568) Using 13 workers of 13 for evacuation
[2026-07-26T12:55:23.535+0200][259274.699s][info][gc,phases     ] GC(5568)   Pre Evacuate Collection Set: 0.1ms
[2026-07-26T12:55:23.535+0200][259274.699s][info][gc,phases     ] GC(5568)   Evacuate Collection Set: 5.9ms
[2026-07-26T12:55:23.535+0200][259274.699s][info][gc,phases     ] GC(5568)   Post Evacuate Collection Set: 6.5ms
[2026-07-26T12:55:23.535+0200][259274.699s][info][gc,phases     ] GC(5568)   Other: 0.5ms
[2026-07-26T12:55:23.535+0200][259274.699s][info][gc,heap       ] GC(5568) Eden regions: 665->0(660)
[2026-07-26T12:55:23.535+0200][259274.699s][info][gc,heap       ] GC(5568) Survivor regions: 2->6(84)
[2026-07-26T12:55:23.536+0200][259274.699s][info][gc,heap       ] GC(5568) Old regions: 1712->1712
[2026-07-26T12:55:23.536+0200][259274.699s][info][gc,heap       ] GC(5568) Humongous regions: 17->16
[2026-07-26T12:55:23.536+0200][259274.699s][info][gc,metaspace  ] GC(5568) Metaspace: 740360K(890496K)->740360K(890496K) NonClass: 654667K(792320K)->654667K(792320K) Class: 85693K(98176K)->85693K(98176K)
[2026-07-26T12:55:23.536+0200][259274.699s][info][gc            ] GC(5568) Pause Young (Normal) (G1 Evacuation Pause) 2394M->1732M(2681M) 13.228ms
[2026-07-26T12:55:23.536+0200][259274.699s][info][gc,cpu        ] GC(5568) User=0.07s Sys=0.00s Real=0.02s
[2026-07-26T12:57:04.824+0200][259375.987s][info][gc,start      ] GC(5569) Pause Young (Normal) (G1 Evacuation Pause)
[2026-07-26T12:57:04.824+0200][259375.987s][info][gc,task       ] GC(5569) Using 13 workers of 13 for evacuation
[2026-07-26T12:57:04.833+0200][259375.997s][info][gc,phases     ] GC(5569)   Pre Evacuate Collection Set: 0.1ms
[2026-07-26T12:57:04.833+0200][259375.997s][info][gc,phases     ] GC(5569)   Evacuate Collection Set: 5.9ms
[2026-07-26T12:57:04.833+0200][259375.997s][info][gc,phases     ] GC(5569)   Post Evacuate Collection Set: 3.1ms
[2026-07-26T12:57:04.833+0200][259375.997s][info][gc,phases     ] GC(5569)   Other: 0.5ms
[2026-07-26T12:57:04.833+0200][259375.997s][info][gc,heap       ] GC(5569) Eden regions: 660->0(658)
[2026-07-26T12:57:04.833+0200][259375.997s][info][gc,heap       ] GC(5569) Survivor regions: 6->7(84)
[2026-07-26T12:57:04.833+0200][259375.997s][info][gc,heap       ] GC(5569) Old regions: 1712->1712
[2026-07-26T12:57:04.833+0200][259375.997s][info][gc,heap       ] GC(5569) Humongous regions: 16->16
[2026-07-26T12:57:04.833+0200][259375.997s][info][gc,metaspace  ] GC(5569) Metaspace: 740360K(890496K)->740360K(890496K) NonClass: 654667K(792320K)->654667K(792320K) Class: 85693K(98176K)->85693K(98176K)
[2026-07-26T12:57:04.834+0200][259375.997s][info][gc            ] GC(5569) Pause Young (Normal) (G1 Evacuation Pause) 2392M->1733M(2681M) 9.833ms
[2026-07-26T12:57:04.834+0200][259375.997s][info][gc,cpu        ] GC(5569) User=0.08s Sys=0.00s Real=0.01s
[2026-07-26T12:57:07.224+0200][259378.387s][info][gc,start      ] GC(5570) Pause Young (Normal) (G1 Evacuation Pause)
[2026-07-26T12:57:07.224+0200][259378.387s][info][gc,task       ] GC(5570) Using 13 workers of 13 for evacuation
[2026-07-26T12:57:07.232+0200][259378.396s][info][gc,phases     ] GC(5570)   Pre Evacuate Collection Set: 0.1ms
[2026-07-26T12:57:07.232+0200][259378.396s][info][gc,phases     ] GC(5570)   Evacuate Collection Set: 4.5ms
[2026-07-26T12:57:07.232+0200][259378.396s][info][gc,phases     ] GC(5570)   Post Evacuate Collection Set: 3.4ms
[2026-07-26T12:57:07.232+0200][259378.396s][info][gc,phases     ] GC(5570)   Other: 0.4ms
[2026-07-26T12:57:07.232+0200][259378.396s][info][gc,heap       ] GC(5570) Eden regions: 658->0(662)
[2026-07-26T12:57:07.232+0200][259378.396s][info][gc,heap       ] GC(5570) Survivor regions: 7->5(84)
[2026-07-26T12:57:07.232+0200][259378.396s][info][gc,heap       ] GC(5570) Old regions: 1712->1712
[2026-07-26T12:57:07.232+0200][259378.396s][info][gc,heap       ] GC(5570) Humongous regions: 16->16
[2026-07-26T12:57:07.232+0200][259378.396s][info][gc,metaspace  ] GC(5570) Metaspace: 740360K(890496K)->740360K(890496K) NonClass: 654667K(792320K)->654667K(792320K) Class: 85693K(98176K)->85693K(98176K)
[2026-07-26T12:57:07.232+0200][259378.396s][info][gc            ] GC(5570) Pause Young (Normal) (G1 Evacuation Pause) 2391M->1731M(2681M) 8.614ms
[2026-07-26T12:57:07.232+0200][259378.396s][info][gc,cpu        ] GC(5570) User=0.06s Sys=0.00s Real=0.01s
[2026-07-26T12:57:44.249+0200][259415.412s][info][gc,start      ] GC(5571) Pause Young (Normal) (G1 Evacuation Pause)
[2026-07-26T12:57:44.249+0200][259415.412s][info][gc,task       ] GC(5571) Using 13 workers of 13 for evacuation
[2026-07-26T12:57:44.260+0200][259415.424s][info][gc,phases     ] GC(5571)   Pre Evacuate Collection Set: 0.2ms
[2026-07-26T12:57:44.260+0200][259415.424s][info][gc,phases     ] GC(5571)   Evacuate Collection Set: 5.5ms
[2026-07-26T12:57:44.260+0200][259415.424s][info][gc,phases     ] GC(5571)   Post Evacuate Collection Set: 5.5ms
[2026-07-26T12:57:44.260+0200][259415.424s][info][gc,phases     ] GC(5571)   Other: 0.5ms
[2026-07-26T12:57:44.260+0200][259415.424s][info][gc,heap       ] GC(5571) Eden regions: 662->0(660)
[2026-07-26T12:57:44.260+0200][259415.424s][info][gc,heap       ] GC(5571) Survivor regions: 5->6(84)
[2026-07-26T12:57:44.260+0200][259415.424s][info][gc,heap       ] GC(5571) Old regions: 1712->1712
[2026-07-26T12:57:44.260+0200][259415.424s][info][gc,heap       ] GC(5571) Humongous regions: 16->16
[2026-07-26T12:57:44.260+0200][259415.424s][info][gc,metaspace  ] GC(5571) Metaspace: 740360K(890496K)->740360K(890496K) NonClass: 654667K(792320K)->654667K(792320K) Class: 85693K(98176K)->85693K(98176K)
[2026-07-26T12:57:44.260+0200][259415.424s][info][gc            ] GC(5571) Pause Young (Normal) (G1 Evacuation Pause) 2393M->1733M(2681M) 11.742ms
[2026-07-26T12:57:44.260+0200][259415.424s][info][gc,cpu        ] GC(5571) User=0.09s Sys=0.01s Real=0.01s
[2026-07-26T12:58:55.943+0200][259487.106s][info][gc,start      ] GC(5572) Pause Young (Normal) (G1 Evacuation Pause)
[2026-07-26T12:58:55.943+0200][259487.107s][info][gc,task       ] GC(5572) Using 13 workers of 13 for evacuation
[2026-07-26T12:58:55.951+0200][259487.114s][info][gc,phases     ] GC(5572)   Pre Evacuate Collection Set: 0.1ms
[2026-07-26T12:58:55.951+0200][259487.114s][info][gc,phases     ] GC(5572)   Evacuate Collection Set: 4.0ms
[2026-07-26T12:58:55.951+0200][259487.114s][info][gc,phases     ] GC(5572)   Post Evacuate Collection Set: 3.1ms
[2026-07-26T12:58:55.951+0200][259487.114s][info][gc,phases     ] GC(5572)   Other: 0.4ms
[2026-07-26T12:58:55.951+0200][259487.114s][info][gc,heap       ] GC(5572) Eden regions: 660->0(667)
[2026-07-26T12:58:55.951+0200][259487.114s][info][gc,heap       ] GC(5572) Survivor regions: 6->3(84)
[2026-07-26T12:58:55.951+0200][259487.114s][info][gc,heap       ] GC(5572) Old regions: 1712->1712
[2026-07-26T12:58:55.951+0200][259487.114s][info][gc,heap       ] GC(5572) Humongous regions: 16->16
[2026-07-26T12:58:55.951+0200][259487.114s][info][gc,metaspace  ] GC(5572) Metaspace: 740360K(890496K)->740360K(890496K) NonClass: 654667K(792320K)->654667K(792320K) Class: 85693K(98176K)->85693K(98176K)
[2026-07-26T12:58:55.951+0200][259487.114s][info][gc            ] GC(5572) Pause Young (Normal) (G1 Evacuation Pause) 2393M->1729M(2681M) 7.810ms
[2026-07-26T12:58:55.951+0200][259487.114s][info][gc,cpu        ] GC(5572) User=0.04s Sys=0.00s Real=0.01s
[2026-07-26T13:05:35.865+0200][259887.028s][info][gc,start      ] GC(5573) Pause Young (Normal) (G1 Evacuation Pause)
[2026-07-26T13:05:35.865+0200][259887.028s][info][gc,task       ] GC(5573) Using 13 workers of 13 for evacuation
[2026-07-26T13:05:35.873+0200][259887.037s][info][gc,phases     ] GC(5573)   Pre Evacuate Collection Set: 0.1ms
[2026-07-26T13:05:35.873+0200][259887.037s][info][gc,phases     ] GC(5573)   Evacuate Collection Set: 3.6ms
[2026-07-26T13:05:35.873+0200][259887.037s][info][gc,phases     ] GC(5573)   Post Evacuate Collection Set: 4.1ms
[2026-07-26T13:05:35.873+0200][259887.037s][info][gc,phases     ] GC(5573)   Other: 0.5ms
[2026-07-26T13:05:35.873+0200][259887.037s][info][gc,heap       ] GC(5573) Eden regions: 667->0(665)
[2026-07-26T13:05:35.873+0200][259887.037s][info][gc,heap       ] GC(5573) Survivor regions: 3->5(84)
[2026-07-26T13:05:35.873+0200][259887.037s][info][gc,heap       ] GC(5573) Old regions: 1712->1712
[2026-07-26T13:05:35.873+0200][259887.037s][info][gc,heap       ] GC(5573) Humongous regions: 16->16
[2026-07-26T13:05:35.873+0200][259887.037s][info][gc,metaspace  ] GC(5573) Metaspace: 740455K(890752K)->740455K(890752K) NonClass: 654750K(792576K)->654750K(792576K) Class: 85704K(98176K)->85704K(98176K)
[2026-07-26T13:05:35.873+0200][259887.037s][info][gc            ] GC(5573) Pause Young (Normal) (G1 Evacuation Pause) 2396M->1732M(2681M) 8.488ms
[2026-07-26T13:05:35.874+0200][259887.037s][info][gc,cpu        ] GC(5573) User=0.05s Sys=0.01s Real=0.00s
[2026-07-26T13:07:32.165+0200][260003.328s][info][gc,start      ] GC(5574) Pause Young (Normal) (G1 Evacuation Pause)
[2026-07-26T13:07:32.165+0200][260003.328s][info][gc,task       ] GC(5574) Using 13 workers of 13 for evacuation
[2026-07-26T13:07:32.176+0200][260003.339s][info][gc,phases     ] GC(5574)   Pre Evacuate Collection Set: 0.1ms
[2026-07-26T13:07:32.176+0200][260003.339s][info][gc,phases     ] GC(5574)   Evacuate Collection Set: 6.1ms
[2026-07-26T13:07:32.176+0200][260003.339s][info][gc,phases     ] GC(5574)   Post Evacuate Collection Set: 4.6ms
[2026-07-26T13:07:32.176+0200][260003.339s][info][gc,phases     ] GC(5574)   Other: 0.5ms
[2026-07-26T13:07:32.176+0200][260003.339s][info][gc,heap       ] GC(5574) Eden regions: 665->0(661)
[2026-07-26T13:07:32.176+0200][260003.339s][info][gc,heap       ] GC(5574) Survivor regions: 5->7(84)
[2026-07-26T13:07:32.176+0200][260003.339s][info][gc,heap       ] GC(5574) Old regions: 1712->1712
[2026-07-26T13:07:32.176+0200][260003.339s][info][gc,heap       ] GC(5574) Humongous regions: 16->16
[2026-07-26T13:07:32.176+0200][260003.339s][info][gc,metaspace  ] GC(5574) Metaspace: 740455K(890752K)->740455K(890752K) NonClass: 654750K(792576K)->654750K(792576K) Class: 85704K(98176K)->85704K(98176K)
[2026-07-26T13:07:32.176+0200][260003.340s][info][gc            ] GC(5574) Pause Young (Normal) (G1 Evacuation Pause) 2397M->1733M(2681M) 11.534ms
[2026-07-26T13:07:32.176+0200][260003.340s][info][gc,cpu        ] GC(5574) User=0.07s Sys=0.02s Real=0.02s
[2026-07-26T13:07:36.533+0200][260007.696s][info][gc,start      ] GC(5575) Pause Young (Normal) (G1 Evacuation Pause)
[2026-07-26T13:07:36.533+0200][260007.696s][info][gc,task       ] GC(5575) Using 13 workers of 13 for evacuation
[2026-07-26T13:07:36.543+0200][260007.706s][info][gc,phases     ] GC(5575)   Pre Evacuate Collection Set: 0.1ms
[2026-07-26T13:07:36.543+0200][260007.706s][info][gc,phases     ] GC(5575)   Evacuate Collection Set: 6.6ms
[2026-07-26T13:07:36.543+0200][260007.706s][info][gc,phases     ] GC(5575)   Post Evacuate Collection Set: 3.2ms
[2026-07-26T13:07:36.543+0200][260007.706s][info][gc,phases     ] GC(5575)   Other: 0.4ms
[2026-07-26T13:07:36.543+0200][260007.706s][info][gc,heap       ] GC(5575) Eden regions: 661->0(660)
[2026-07-26T13:07:36.543+0200][260007.706s][info][gc,heap       ] GC(5575) Survivor regions: 7->7(84)
[2026-07-26T13:07:36.543+0200][260007.706s][info][gc,heap       ] GC(5575) Old regions: 1712->1712
[2026-07-26T13:07:36.543+0200][260007.706s][info][gc,heap       ] GC(5575) Humongous regions: 16->16
[2026-07-26T13:07:36.543+0200][260007.706s][info][gc,metaspace  ] GC(5575) Metaspace: 740455K(890752K)->740455K(890752K) NonClass: 654750K(792576K)->654750K(792576K) Class: 85704K(98176K)->85704K(98176K)
[2026-07-26T13:07:36.543+0200][260007.707s][info][gc            ] GC(5575) Pause Young (Normal) (G1 Evacuation Pause) 2394M->1734M(2681M) 10.569ms
[2026-07-26T13:07:36.543+0200][260007.707s][info][gc,cpu        ] GC(5575) User=0.08s Sys=0.00s Real=0.01s
[2026-07-26T13:07:48.759+0200][260019.922s][info][gc,start      ] GC(5576) Pause Young (Normal) (G1 Evacuation Pause)
[2026-07-26T13:07:48.759+0200][260019.922s][info][gc,task       ] GC(5576) Using 13 workers of 13 for evacuation
[2026-07-26T13:07:48.766+0200][260019.929s][info][gc,phases     ] GC(5576)   Pre Evacuate Collection Set: 0.2ms
[2026-07-26T13:07:48.766+0200][260019.929s][info][gc,phases     ] GC(5576)   Evacuate Collection Set: 3.2ms
[2026-07-26T13:07:48.766+0200][260019.929s][info][gc,phases     ] GC(5576)   Post Evacuate Collection Set: 3.4ms
[2026-07-26T13:07:48.766+0200][260019.929s][info][gc,phases     ] GC(5576)   Other: 0.4ms
[2026-07-26T13:07:48.766+0200][260019.929s][info][gc,heap       ] GC(5576) Eden regions: 660->0(667)
[2026-07-26T13:07:48.766+0200][260019.929s][info][gc,heap       ] GC(5576) Survivor regions: 7->3(84)
[2026-07-26T13:07:48.766+0200][260019.929s][info][gc,heap       ] GC(5576) Old regions: 1712->1712
[2026-07-26T13:07:48.766+0200][260019.929s][info][gc,heap       ] GC(5576) Humongous regions: 16->16
[2026-07-26T13:07:48.766+0200][260019.929s][info][gc,metaspace  ] GC(5576) Metaspace: 740455K(890752K)->740455K(890752K) NonClass: 654750K(792576K)->654750K(792576K) Class: 85704K(98176K)->85704K(98176K)
[2026-07-26T13:07:48.766+0200][260019.929s][info][gc            ] GC(5576) Pause Young (Normal) (G1 Evacuation Pause) 2394M->1729M(2681M) 7.365ms
[2026-07-26T13:07:48.766+0200][260019.929s][info][gc,cpu        ] GC(5576) User=0.04s Sys=0.00s Real=0.01s
[2026-07-26T13:14:55.343+0200][260446.506s][info][gc,start      ] GC(5577) Pause Young (Normal) (G1 Evacuation Pause)
[2026-07-26T13:14:55.343+0200][260446.506s][info][gc,task       ] GC(5577) Using 13 workers of 13 for evacuation
[2026-07-26T13:14:55.350+0200][260446.513s][info][gc,phases     ] GC(5577)   Pre Evacuate Collection Set: 0.2ms
[2026-07-26T13:14:55.350+0200][260446.513s][info][gc,phases     ] GC(5577)   Evacuate Collection Set: 3.5ms
[2026-07-26T13:14:55.350+0200][260446.513s][info][gc,phases     ] GC(5577)   Post Evacuate Collection Set: 2.8ms
[2026-07-26T13:14:55.350+0200][260446.513s][info][gc,phases     ] GC(5577)   Other: 0.5ms
[2026-07-26T13:14:55.350+0200][260446.513s][info][gc,heap       ] GC(5577) Eden regions: 667->0(669)
[2026-07-26T13:14:55.350+0200][260446.513s][info][gc,heap       ] GC(5577) Survivor regions: 3->3(84)
[2026-07-26T13:14:55.350+0200][260446.513s][info][gc,heap       ] GC(5577) Old regions: 1712->1712
[2026-07-26T13:14:55.350+0200][260446.513s][info][gc,heap       ] GC(5577) Humongous regions: 16->16
[2026-07-26T13:14:55.350+0200][260446.513s][info][gc,metaspace  ] GC(5577) Metaspace: 740455K(890752K)->740455K(890752K) NonClass: 654750K(792576K)->654750K(792576K) Class: 85704K(98176K)->85704K(98176K)
[2026-07-26T13:14:55.350+0200][260446.513s][info][gc            ] GC(5577) Pause Young (Normal) (G1 Evacuation Pause) 2396M->1730M(2681M) 7.055ms
[2026-07-26T13:14:55.350+0200][260446.513s][info][gc,cpu        ] GC(5577) User=0.05s Sys=0.00s Real=0.01s
[2026-07-26T13:20:21.448+0200][260772.612s][info][gc,start      ] GC(5578) Pause Young (Normal) (G1 Evacuation Pause)
[2026-07-26T13:20:21.449+0200][260772.612s][info][gc,task       ] GC(5578) Using 13 workers of 13 for evacuation
[2026-07-26T13:20:21.467+0200][260772.630s][info][gc,phases     ] GC(5578)   Pre Evacuate Collection Set: 0.2ms
[2026-07-26T13:20:21.467+0200][260772.630s][info][gc,phases     ] GC(5578)   Evacuate Collection Set: 8.0ms
[2026-07-26T13:20:21.467+0200][260772.630s][info][gc,phases     ] GC(5578)   Post Evacuate Collection Set: 9.5ms
[2026-07-26T13:20:21.467+0200][260772.630s][info][gc,phases     ] GC(5578)   Other: 0.7ms
[2026-07-26T13:20:21.467+0200][260772.630s][info][gc,heap       ] GC(5578) Eden regions: 669->0(663)
[2026-07-26T13:20:21.467+0200][260772.630s][info][gc,heap       ] GC(5578) Survivor regions: 3->7(84)
[2026-07-26T13:20:21.467+0200][260772.630s][info][gc,heap       ] GC(5578) Old regions: 1712->1712
[2026-07-26T13:20:21.467+0200][260772.630s][info][gc,heap       ] GC(5578) Humongous regions: 16->16
[2026-07-26T13:20:21.467+0200][260772.630s][info][gc,metaspace  ] GC(5578) Metaspace: 740455K(890752K)->740455K(890752K) NonClass: 654750K(792576K)->654750K(792576K) Class: 85704K(98176K)->85704K(98176K)
[2026-07-26T13:20:21.467+0200][260772.631s][info][gc            ] GC(5578) Pause Young (Normal) (G1 Evacuation Pause) 2399M->1733M(2681M) 18.627ms
[2026-07-26T13:20:21.467+0200][260772.631s][info][gc,cpu        ] GC(5578) User=0.11s Sys=0.00s Real=0.02s
[2026-07-26T13:25:32.435+0200][261083.599s][info][gc,start      ] GC(5579) Pause Young (Normal) (G1 Evacuation Pause)
[2026-07-26T13:25:32.435+0200][261083.599s][info][gc,task       ] GC(5579) Using 13 workers of 13 for evacuation
[2026-07-26T13:25:32.443+0200][261083.606s][info][gc,phases     ] GC(5579)   Pre Evacuate Collection Set: 0.2ms
[2026-07-26T13:25:32.443+0200][261083.607s][info][gc,phases     ] GC(5579)   Evacuate Collection Set: 3.9ms
[2026-07-26T13:25:32.443+0200][261083.607s][info][gc,phases     ] GC(5579)   Post Evacuate Collection Set: 3.0ms
[2026-07-26T13:25:32.443+0200][261083.607s][info][gc,phases     ] GC(5579)   Other: 0.5ms
[2026-07-26T13:25:32.443+0200][261083.607s][info][gc,heap       ] GC(5579) Eden regions: 663->0(667)
[2026-07-26T13:25:32.443+0200][261083.607s][info][gc,heap       ] GC(5579) Survivor regions: 7->4(84)
[2026-07-26T13:25:32.443+0200][261083.607s][info][gc,heap       ] GC(5579) Old regions: 1712->1712
[2026-07-26T13:25:32.443+0200][261083.607s][info][gc,heap       ] GC(5579) Humongous regions: 16->16
[2026-07-26T13:25:32.443+0200][261083.607s][info][gc,metaspace  ] GC(5579) Metaspace: 740455K(890752K)->740455K(890752K) NonClass: 654750K(792576K)->654750K(792576K) Class: 85704K(98176K)->85704K(98176K)
[2026-07-26T13:25:32.443+0200][261083.607s][info][gc            ] GC(5579) Pause Young (Normal) (G1 Evacuation Pause) 2396M->1731M(2681M) 7.783ms
[2026-07-26T13:25:32.443+0200][261083.607s][info][gc,cpu        ] GC(5579) User=0.05s Sys=0.01s Real=0.00s
[2026-07-26T13:27:39.953+0200][261211.116s][info][gc,start      ] GC(5580) Pause Young (Normal) (G1 Evacuation Pause)
[2026-07-26T13:27:39.953+0200][261211.116s][info][gc,task       ] GC(5580) Using 13 workers of 13 for evacuation
[2026-07-26T13:27:39.971+0200][261211.134s][info][gc,phases     ] GC(5580)   Pre Evacuate Collection Set: 0.1ms
[2026-07-26T13:27:39.971+0200][261211.134s][info][gc,phases     ] GC(5580)   Evacuate Collection Set: 11.6ms
[2026-07-26T13:27:39.971+0200][261211.134s][info][gc,phases     ] GC(5580)   Post Evacuate Collection Set: 5.8ms
[2026-07-26T13:27:39.971+0200][261211.134s][info][gc,phases     ] GC(5580)   Other: 0.5ms
[2026-07-26T13:27:39.971+0200][261211.134s][info][gc,heap       ] GC(5580) Eden regions: 667->0(655)
[2026-07-26T13:27:39.971+0200][261211.134s][info][gc,heap       ] GC(5580) Survivor regions: 4->11(84)
[2026-07-26T13:27:39.971+0200][261211.134s][info][gc,heap       ] GC(5580) Old regions: 1712->1712
[2026-07-26T13:27:39.971+0200][261211.134s][info][gc,heap       ] GC(5580) Humongous regions: 16->16
[2026-07-26T13:27:39.971+0200][261211.134s][info][gc,metaspace  ] GC(5580) Metaspace: 740455K(890752K)->740455K(890752K) NonClass: 654750K(792576K)->654750K(792576K) Class: 85704K(98176K)->85704K(98176K)
[2026-07-26T13:27:39.971+0200][261211.134s][info][gc            ] GC(5580) Pause Young (Normal) (G1 Evacuation Pause) 2398M->1737M(2681M) 18.172ms
[2026-07-26T13:27:39.971+0200][261211.134s][info][gc,cpu        ] GC(5580) User=0.15s Sys=0.00s Real=0.02s
[2026-07-26T13:28:54.536+0200][261285.700s][info][gc,start      ] GC(5581) Pause Young (Normal) (G1 Evacuation Pause)
[2026-07-26T13:28:54.536+0200][261285.700s][info][gc,task       ] GC(5581) Using 13 workers of 13 for evacuation
[2026-07-26T13:28:54.546+0200][261285.710s][info][gc,phases     ] GC(5581)   Pre Evacuate Collection Set: 0.2ms
[2026-07-26T13:28:54.546+0200][261285.710s][info][gc,phases     ] GC(5581)   Evacuate Collection Set: 6.2ms
[2026-07-26T13:28:54.547+0200][261285.710s][info][gc,phases     ] GC(5581)   Post Evacuate Collection Set: 3.2ms
[2026-07-26T13:28:54.547+0200][261285.710s][info][gc,phases     ] GC(5581)   Other: 0.5ms
[2026-07-26T13:28:54.547+0200][261285.710s][info][gc,heap       ] GC(5581) Eden regions: 655->0(656)
[2026-07-26T13:28:54.547+0200][261285.710s][info][gc,heap       ] GC(5581) Survivor regions: 11->8(84)
[2026-07-26T13:28:54.547+0200][261285.710s][info][gc,heap       ] GC(5581) Old regions: 1712->1712
[2026-07-26T13:28:54.547+0200][261285.710s][info][gc,heap       ] GC(5581) Humongous regions: 16->16
[2026-07-26T13:28:54.547+0200][261285.710s][info][gc,metaspace  ] GC(5581) Metaspace: 740455K(890752K)->740455K(890752K) NonClass: 654750K(792576K)->654750K(792576K) Class: 85704K(98176K)->85704K(98176K)
[2026-07-26T13:28:54.547+0200][261285.710s][info][gc            ] GC(5581) Pause Young (Normal) (G1 Evacuation Pause) 2392M->1735M(2681M) 10.255ms
[2026-07-26T13:28:54.547+0200][261285.710s][info][gc,cpu        ] GC(5581) User=0.09s Sys=0.01s Real=0.01s
[2026-07-26T13:28:55.481+0200][261286.645s][info][gc,start      ] GC(5582) Pause Young (Normal) (G1 Evacuation Pause)
[2026-07-26T13:28:55.481+0200][261286.645s][info][gc,task       ] GC(5582) Using 13 workers of 13 for evacuation
[2026-07-26T13:28:55.488+0200][261286.652s][info][gc,phases     ] GC(5582)   Pre Evacuate Collection Set: 0.1ms
[2026-07-26T13:28:55.488+0200][261286.652s][info][gc,phases     ] GC(5582)   Evacuate Collection Set: 3.4ms
[2026-07-26T13:28:55.488+0200][261286.652s][info][gc,phases     ] GC(5582)   Post Evacuate Collection Set: 3.2ms
[2026-07-26T13:28:55.488+0200][261286.652s][info][gc,phases     ] GC(5582)   Other: 0.4ms
[2026-07-26T13:28:55.488+0200][261286.652s][info][gc,heap       ] GC(5582) Eden regions: 656->0(665)
[2026-07-26T13:28:55.488+0200][261286.652s][info][gc,heap       ] GC(5582) Survivor regions: 8->3(83)
[2026-07-26T13:28:55.488+0200][261286.652s][info][gc,heap       ] GC(5582) Old regions: 1712->1712
[2026-07-26T13:28:55.488+0200][261286.652s][info][gc,heap       ] GC(5582) Humongous regions: 16->16
[2026-07-26T13:28:55.488+0200][261286.652s][info][gc,metaspace  ] GC(5582) Metaspace: 740455K(890752K)->740455K(890752K) NonClass: 654750K(792576K)->654750K(792576K) Class: 85704K(98176K)->85704K(98176K)
[2026-07-26T13:28:55.488+0200][261286.652s][info][gc            ] GC(5582) Pause Young (Normal) (G1 Evacuation Pause) 2391M->1730M(2681M) 7.310ms
[2026-07-26T13:28:55.488+0200][261286.652s][info][gc,cpu        ] GC(5582) User=0.04s Sys=0.00s Real=0.01s
[2026-07-26T13:29:12.760+0200][261303.924s][info][gc,start      ] GC(5583) Pause Young (Normal) (G1 Evacuation Pause)
[2026-07-26T13:29:12.760+0200][261303.924s][info][gc,task       ] GC(5583) Using 13 workers of 13 for evacuation
[2026-07-26T13:29:12.770+0200][261303.933s][info][gc,phases     ] GC(5583)   Pre Evacuate Collection Set: 0.2ms
[2026-07-26T13:29:12.770+0200][261303.933s][info][gc,phases     ] GC(5583)   Evacuate Collection Set: 5.4ms
[2026-07-26T13:29:12.770+0200][261303.933s][info][gc,phases     ] GC(5583)   Post Evacuate Collection Set: 3.4ms
[2026-07-26T13:29:12.770+0200][261303.933s][info][gc,phases     ] GC(5583)   Other: 0.5ms
[2026-07-26T13:29:12.770+0200][261303.933s][info][gc,heap       ] GC(5583) Eden regions: 665->0(662)
[2026-07-26T13:29:12.770+0200][261303.933s][info][gc,heap       ] GC(5583) Survivor regions: 3->5(84)
[2026-07-26T13:29:12.770+0200][261303.933s][info][gc,heap       ] GC(5583) Old regions: 1712->1713
[2026-07-26T13:29:12.770+0200][261303.933s][info][gc,heap       ] GC(5583) Humongous regions: 16->16
[2026-07-26T13:29:12.770+0200][261303.933s][info][gc,metaspace  ] GC(5583) Metaspace: 740455K(890752K)->740455K(890752K) NonClass: 654750K(792576K)->654750K(792576K) Class: 85704K(98176K)->85704K(98176K)
[2026-07-26T13:29:12.770+0200][261303.933s][info][gc            ] GC(5583) Pause Young (Normal) (G1 Evacuation Pause) 2395M->1733M(2681M) 9.639ms
[2026-07-26T13:29:12.770+0200][261303.933s][info][gc,cpu        ] GC(5583) User=0.08s Sys=0.00s Real=0.01s
[2026-07-26T13:29:18.984+0200][261310.148s][info][gc,start      ] GC(5584) Pause Young (Normal) (G1 Evacuation Pause)
[2026-07-26T13:29:18.984+0200][261310.148s][info][gc,task       ] GC(5584) Using 13 workers of 13 for evacuation
[2026-07-26T13:29:18.996+0200][261310.159s][info][gc,phases     ] GC(5584)   Pre Evacuate Collection Set: 0.3ms
[2026-07-26T13:29:18.996+0200][261310.159s][info][gc,phases     ] GC(5584)   Evacuate Collection Set: 6.3ms
[2026-07-26T13:29:18.996+0200][261310.159s][info][gc,phases     ] GC(5584)   Post Evacuate Collection Set: 4.1ms
[2026-07-26T13:29:18.996+0200][261310.159s][info][gc,phases     ] GC(5584)   Other: 0.8ms
[2026-07-26T13:29:18.996+0200][261310.159s][info][gc,heap       ] GC(5584) Eden regions: 662->0(659)
[2026-07-26T13:29:18.996+0200][261310.159s][info][gc,heap       ] GC(5584) Survivor regions: 5->7(84)
[2026-07-26T13:29:18.996+0200][261310.159s][info][gc,heap       ] GC(5584) Old regions: 1713->1713
[2026-07-26T13:29:18.996+0200][261310.159s][info][gc,heap       ] GC(5584) Humongous regions: 16->16
[2026-07-26T13:29:18.996+0200][261310.159s][info][gc,metaspace  ] GC(5584) Metaspace: 740455K(890752K)->740455K(890752K) NonClass: 654750K(792576K)->654750K(792576K) Class: 85704K(98176K)->85704K(98176K)
[2026-07-26T13:29:18.996+0200][261310.159s][info][gc            ] GC(5584) Pause Young (Normal) (G1 Evacuation Pause) 2395M->1734M(2681M) 11.672ms
[2026-07-26T13:29:18.996+0200][261310.160s][info][gc,cpu        ] GC(5584) User=0.07s Sys=0.00s Real=0.02s
[2026-07-26T13:29:26.301+0200][261317.464s][info][gc,start      ] GC(5585) Pause Young (Normal) (G1 Evacuation Pause)
[2026-07-26T13:29:26.301+0200][261317.465s][info][gc,task       ] GC(5585) Using 13 workers of 13 for evacuation
[2026-07-26T13:29:26.310+0200][261317.473s][info][gc,phases     ] GC(5585)   Pre Evacuate Collection Set: 0.2ms
[2026-07-26T13:29:26.310+0200][261317.473s][info][gc,phases     ] GC(5585)   Evacuate Collection Set: 5.2ms
[2026-07-26T13:29:26.310+0200][261317.473s][info][gc,phases     ] GC(5585)   Post Evacuate Collection Set: 2.8ms
[2026-07-26T13:29:26.310+0200][261317.473s][info][gc,phases     ] GC(5585)   Other: 0.4ms
[2026-07-26T13:29:26.310+0200][261317.473s][info][gc,heap       ] GC(5585) Eden regions: 659->0(659)
[2026-07-26T13:29:26.310+0200][261317.473s][info][gc,heap       ] GC(5585) Survivor regions: 7->6(84)
[2026-07-26T13:29:26.310+0200][261317.473s][info][gc,heap       ] GC(5585) Old regions: 1713->1713
[2026-07-26T13:29:26.310+0200][261317.473s][info][gc,heap       ] GC(5585) Humongous regions: 16->16
[2026-07-26T13:29:26.310+0200][261317.473s][info][gc,metaspace  ] GC(5585) Metaspace: 740455K(890752K)->740455K(890752K) NonClass: 654750K(792576K)->654750K(792576K) Class: 85704K(98176K)->85704K(98176K)
[2026-07-26T13:29:26.310+0200][261317.473s][info][gc            ] GC(5585) Pause Young (Normal) (G1 Evacuation Pause) 2393M->1733M(2681M) 8.774ms
[2026-07-26T13:29:26.310+0200][261317.473s][info][gc,cpu        ] GC(5585) User=0.07s Sys=0.00s Real=0.01s
[2026-07-26T13:29:27.161+0200][261318.324s][info][gc,start      ] GC(5586) Pause Young (Normal) (G1 Evacuation Pause)
[2026-07-26T13:29:27.161+0200][261318.324s][info][gc,task       ] GC(5586) Using 13 workers of 13 for evacuation
[2026-07-26T13:29:27.170+0200][261318.333s][info][gc,phases     ] GC(5586)   Pre Evacuate Collection Set: 0.1ms
[2026-07-26T13:29:27.170+0200][261318.333s][info][gc,phases     ] GC(5586)   Evacuate Collection Set: 5.7ms
[2026-07-26T13:29:27.170+0200][261318.334s][info][gc,phases     ] GC(5586)   Post Evacuate Collection Set: 2.9ms
[2026-07-26T13:29:27.170+0200][261318.334s][info][gc,phases     ] GC(5586)   Other: 0.4ms
[2026-07-26T13:29:27.170+0200][261318.334s][info][gc,heap       ] GC(5586) Eden regions: 659->0(658)
[2026-07-26T13:29:27.170+0200][261318.334s][info][gc,heap       ] GC(5586) Survivor regions: 6->7(84)
[2026-07-26T13:29:27.170+0200][261318.334s][info][gc,heap       ] GC(5586) Old regions: 1713->1713
[2026-07-26T13:29:27.170+0200][261318.334s][info][gc,heap       ] GC(5586) Humongous regions: 16->16
[2026-07-26T13:29:27.170+0200][261318.334s][info][gc,metaspace  ] GC(5586) Metaspace: 740455K(890752K)->740455K(890752K) NonClass: 654750K(792576K)->654750K(792576K) Class: 85704K(98176K)->85704K(98176K)
[2026-07-26T13:29:27.170+0200][261318.334s][info][gc            ] GC(5586) Pause Young (Normal) (G1 Evacuation Pause) 2392M->1735M(2681M) 9.283ms
[2026-07-26T13:29:27.170+0200][261318.334s][info][gc,cpu        ] GC(5586) User=0.08s Sys=0.00s Real=0.01s
[2026-07-26T13:29:29.488+0200][261320.651s][info][gc,start      ] GC(5587) Pause Young (Normal) (G1 Evacuation Pause)
[2026-07-26T13:29:29.488+0200][261320.651s][info][gc,task       ] GC(5587) Using 13 workers of 13 for evacuation
[2026-07-26T13:29:29.496+0200][261320.659s][info][gc,phases     ] GC(5587)   Pre Evacuate Collection Set: 0.1ms
[2026-07-26T13:29:29.496+0200][261320.659s][info][gc,phases     ] GC(5587)   Evacuate Collection Set: 4.7ms
[2026-07-26T13:29:29.496+0200][261320.659s][info][gc,phases     ] GC(5587)   Post Evacuate Collection Set: 3.2ms
[2026-07-26T13:29:29.496+0200][261320.660s][info][gc,phases     ] GC(5587)   Other: 0.4ms
[2026-07-26T13:29:29.496+0200][261320.660s][info][gc,heap       ] GC(5587) Eden regions: 658->0(659)
[2026-07-26T13:29:29.496+0200][261320.660s][info][gc,heap       ] GC(5587) Survivor regions: 7->6(84)
[2026-07-26T13:29:29.496+0200][261320.660s][info][gc,heap       ] GC(5587) Old regions: 1713->1713
[2026-07-26T13:29:29.496+0200][261320.660s][info][gc,heap       ] GC(5587) Humongous regions: 16->16
[2026-07-26T13:29:29.496+0200][261320.660s][info][gc,metaspace  ] GC(5587) Metaspace: 740455K(890752K)->740455K(890752K) NonClass: 654750K(792576K)->654750K(792576K) Class: 85704K(98176K)->85704K(98176K)
[2026-07-26T13:29:29.496+0200][261320.660s][info][gc            ] GC(5587) Pause Young (Normal) (G1 Evacuation Pause) 2393M->1734M(2681M) 8.647ms
[2026-07-26T13:29:29.496+0200][261320.660s][info][gc,cpu        ] GC(5587) User=0.06s Sys=0.00s Real=0.01s
[2026-07-26T13:31:23.929+0200][261435.092s][info][gc,start      ] GC(5588) Pause Young (Normal) (G1 Evacuation Pause)
[2026-07-26T13:31:23.929+0200][261435.092s][info][gc,task       ] GC(5588) Using 13 workers of 13 for evacuation
[2026-07-26T13:31:23.938+0200][261435.102s][info][gc,phases     ] GC(5588)   Pre Evacuate Collection Set: 0.2ms
[2026-07-26T13:31:23.938+0200][261435.102s][info][gc,phases     ] GC(5588)   Evacuate Collection Set: 5.8ms
[2026-07-26T13:31:23.938+0200][261435.102s][info][gc,phases     ] GC(5588)   Post Evacuate Collection Set: 3.0ms
[2026-07-26T13:31:23.938+0200][261435.102s][info][gc,phases     ] GC(5588)   Other: 0.5ms
[2026-07-26T13:31:23.938+0200][261435.102s][info][gc,heap       ] GC(5588) Eden regions: 659->0(657)
[2026-07-26T13:31:23.938+0200][261435.102s][info][gc,heap       ] GC(5588) Survivor regions: 6->7(84)
[2026-07-26T13:31:23.938+0200][261435.102s][info][gc,heap       ] GC(5588) Old regions: 1713->1713
[2026-07-26T13:31:23.938+0200][261435.102s][info][gc,heap       ] GC(5588) Humongous regions: 16->16
[2026-07-26T13:31:23.938+0200][261435.102s][info][gc,metaspace  ] GC(5588) Metaspace: 740455K(890752K)->740455K(890752K) NonClass: 654750K(792576K)->654750K(792576K) Class: 85704K(98176K)->85704K(98176K)
[2026-07-26T13:31:23.938+0200][261435.102s][info][gc            ] GC(5588) Pause Young (Normal) (G1 Evacuation Pause) 2393M->1734M(2681M) 9.731ms
[2026-07-26T13:31:23.938+0200][261435.102s][info][gc,cpu        ] GC(5588) User=0.07s Sys=0.00s Real=0.01s
[2026-07-26T13:31:24.792+0200][261435.956s][info][gc,start      ] GC(5589) Pause Young (Normal) (G1 Evacuation Pause)
[2026-07-26T13:31:24.792+0200][261435.956s][info][gc,task       ] GC(5589) Using 13 workers of 13 for evacuation
[2026-07-26T13:31:24.801+0200][261435.965s][info][gc,phases     ] GC(5589)   Pre Evacuate Collection Set: 0.1ms
[2026-07-26T13:31:24.801+0200][261435.965s][info][gc,phases     ] GC(5589)   Evacuate Collection Set: 5.6ms
[2026-07-26T13:31:24.801+0200][261435.965s][info][gc,phases     ] GC(5589)   Post Evacuate Collection Set: 2.9ms
[2026-07-26T13:31:24.802+0200][261435.965s][info][gc,phases     ] GC(5589)   Other: 0.5ms
[2026-07-26T13:31:24.802+0200][261435.965s][info][gc,heap       ] GC(5589) Eden regions: 657->0(658)
[2026-07-26T13:31:24.802+0200][261435.965s][info][gc,heap       ] GC(5589) Survivor regions: 7->7(83)
[2026-07-26T13:31:24.802+0200][261435.965s][info][gc,heap       ] GC(5589) Old regions: 1713->1713
[2026-07-26T13:31:24.802+0200][261435.965s][info][gc,heap       ] GC(5589) Humongous regions: 16->16
[2026-07-26T13:31:24.802+0200][261435.965s][info][gc,metaspace  ] GC(5589) Metaspace: 740455K(890752K)->740455K(890752K) NonClass: 654750K(792576K)->654750K(792576K) Class: 85704K(98176K)->85704K(98176K)
[2026-07-26T13:31:24.802+0200][261435.965s][info][gc            ] GC(5589) Pause Young (Normal) (G1 Evacuation Pause) 2391M->1735M(2681M) 9.273ms
[2026-07-26T13:31:24.802+0200][261435.965s][info][gc,cpu        ] GC(5589) User=0.07s Sys=0.00s Real=0.01s
[2026-07-26T13:41:47.247+0200][262058.410s][info][gc,start      ] GC(5590) Pause Young (Normal) (G1 Evacuation Pause)
[2026-07-26T13:41:47.247+0200][262058.410s][info][gc,task       ] GC(5590) Using 13 workers of 13 for evacuation
[2026-07-26T13:41:47.254+0200][262058.418s][info][gc,phases     ] GC(5590)   Pre Evacuate Collection Set: 0.2ms
[2026-07-26T13:41:47.254+0200][262058.418s][info][gc,phases     ] GC(5590)   Evacuate Collection Set: 3.6ms
[2026-07-26T13:41:47.254+0200][262058.418s][info][gc,phases     ] GC(5590)   Post Evacuate Collection Set: 3.1ms
[2026-07-26T13:41:47.254+0200][262058.418s][info][gc,phases     ] GC(5590)   Other: 0.6ms
[2026-07-26T13:41:47.254+0200][262058.418s][info][gc,heap       ] GC(5590) Eden regions: 658->0(664)
[2026-07-26T13:41:47.254+0200][262058.418s][info][gc,heap       ] GC(5590) Survivor regions: 7->3(84)
[2026-07-26T13:41:47.254+0200][262058.418s][info][gc,heap       ] GC(5590) Old regions: 1713->1713
[2026-07-26T13:41:47.254+0200][262058.418s][info][gc,heap       ] GC(5590) Humongous regions: 16->16
[2026-07-26T13:41:47.254+0200][262058.418s][info][gc,metaspace  ] GC(5590) Metaspace: 740455K(890752K)->740455K(890752K) NonClass: 654750K(792576K)->654750K(792576K) Class: 85704K(98176K)->85704K(98176K)
[2026-07-26T13:41:47.254+0200][262058.418s][info][gc            ] GC(5590) Pause Young (Normal) (G1 Evacuation Pause) 2393M->1731M(2681M) 7.582ms
[2026-07-26T13:41:47.255+0200][262058.418s][info][gc,cpu        ] GC(5590) User=0.04s Sys=0.01s Real=0.00s
[2026-07-26T13:43:22.070+0200][262153.234s][info][gc,start      ] GC(5591) Pause Young (Normal) (G1 Evacuation Pause)
[2026-07-26T13:43:22.070+0200][262153.234s][info][gc,task       ] GC(5591) Using 13 workers of 13 for evacuation
[2026-07-26T13:43:22.083+0200][262153.246s][info][gc,phases     ] GC(5591)   Pre Evacuate Collection Set: 0.1ms
[2026-07-26T13:43:22.083+0200][262153.246s][info][gc,phases     ] GC(5591)   Evacuate Collection Set: 7.6ms
[2026-07-26T13:43:22.083+0200][262153.246s][info][gc,phases     ] GC(5591)   Post Evacuate Collection Set: 4.3ms
[2026-07-26T13:43:22.083+0200][262153.246s][info][gc,phases     ] GC(5591)   Other: 0.4ms
[2026-07-26T13:43:22.083+0200][262153.246s][info][gc,heap       ] GC(5591) Eden regions: 664->0(657)
[2026-07-26T13:43:22.083+0200][262153.246s][info][gc,heap       ] GC(5591) Survivor regions: 3->8(84)
[2026-07-26T13:43:22.083+0200][262153.246s][info][gc,heap       ] GC(5591) Old regions: 1713->1713
[2026-07-26T13:43:22.083+0200][262153.246s][info][gc,heap       ] GC(5591) Humongous regions: 16->16
[2026-07-26T13:43:22.083+0200][262153.246s][info][gc,metaspace  ] GC(5591) Metaspace: 740455K(890752K)->740455K(890752K) NonClass: 654750K(792576K)->654750K(792576K) Class: 85704K(98176K)->85704K(98176K)
[2026-07-26T13:43:22.083+0200][262153.246s][info][gc            ] GC(5591) Pause Young (Normal) (G1 Evacuation Pause) 2395M->1736M(2681M) 12.538ms
[2026-07-26T13:43:22.083+0200][262153.246s][info][gc,cpu        ] GC(5591) User=0.07s Sys=0.00s Real=0.01s
[2026-07-26T13:43:24.988+0200][262156.151s][info][gc,start      ] GC(5592) Pause Young (Normal) (G1 Evacuation Pause)
[2026-07-26T13:43:24.988+0200][262156.151s][info][gc,task       ] GC(5592) Using 13 workers of 13 for evacuation
[2026-07-26T13:43:24.997+0200][262156.160s][info][gc,phases     ] GC(5592)   Pre Evacuate Collection Set: 0.1ms
[2026-07-26T13:43:24.997+0200][262156.160s][info][gc,phases     ] GC(5592)   Evacuate Collection Set: 5.5ms
[2026-07-26T13:43:24.997+0200][262156.160s][info][gc,phases     ] GC(5592)   Post Evacuate Collection Set: 3.0ms
[2026-07-26T13:43:24.997+0200][262156.160s][info][gc,phases     ] GC(5592)   Other: 0.4ms
[2026-07-26T13:43:24.997+0200][262156.160s][info][gc,heap       ] GC(5592) Eden regions: 657->0(655)
[2026-07-26T13:43:24.997+0200][262156.160s][info][gc,heap       ] GC(5592) Survivor regions: 8->8(84)
[2026-07-26T13:43:24.997+0200][262156.160s][info][gc,heap       ] GC(5592) Old regions: 1713->1713
[2026-07-26T13:43:24.997+0200][262156.160s][info][gc,heap       ] GC(5592) Humongous regions: 16->16
[2026-07-26T13:43:24.997+0200][262156.160s][info][gc,metaspace  ] GC(5592) Metaspace: 740455K(890752K)->740455K(890752K) NonClass: 654750K(792576K)->654750K(792576K) Class: 85704K(98176K)->85704K(98176K)
[2026-07-26T13:43:24.997+0200][262156.160s][info][gc            ] GC(5592) Pause Young (Normal) (G1 Evacuation Pause) 2393M->1735M(2681M) 9.154ms
[2026-07-26T13:43:24.997+0200][262156.161s][info][gc,cpu        ] GC(5592) User=0.07s Sys=0.01s Real=0.01s
[2026-07-26T13:43:25.580+0200][262156.744s][info][gc,start      ] GC(5593) Pause Young (Normal) (G1 Evacuation Pause)
[2026-07-26T13:43:25.580+0200][262156.744s][info][gc,task       ] GC(5593) Using 13 workers of 13 for evacuation
[2026-07-26T13:43:25.588+0200][262156.751s][info][gc,phases     ] GC(5593)   Pre Evacuate Collection Set: 0.1ms
[2026-07-26T13:43:25.588+0200][262156.751s][info][gc,phases     ] GC(5593)   Evacuate Collection Set: 4.4ms
[2026-07-26T13:43:25.588+0200][262156.751s][info][gc,phases     ] GC(5593)   Post Evacuate Collection Set: 2.8ms
[2026-07-26T13:43:25.588+0200][262156.751s][info][gc,phases     ] GC(5593)   Other: 0.4ms
[2026-07-26T13:43:25.588+0200][262156.751s][info][gc,heap       ] GC(5593) Eden regions: 655->0(661)
[2026-07-26T13:43:25.588+0200][262156.752s][info][gc,heap       ] GC(5593) Survivor regions: 8->5(83)
[2026-07-26T13:43:25.588+0200][262156.752s][info][gc,heap       ] GC(5593) Old regions: 1713->1713
[2026-07-26T13:43:25.588+0200][262156.752s][info][gc,heap       ] GC(5593) Humongous regions: 16->16
[2026-07-26T13:43:25.588+0200][262156.752s][info][gc,metaspace  ] GC(5593) Metaspace: 740455K(890752K)->740455K(890752K) NonClass: 654750K(792576K)->654750K(792576K) Class: 85704K(98176K)->85704K(98176K)
[2026-07-26T13:43:25.588+0200][262156.752s][info][gc            ] GC(5593) Pause Young (Normal) (G1 Evacuation Pause) 2390M->1733M(2681M) 7.838ms
[2026-07-26T13:43:25.588+0200][262156.752s][info][gc,cpu        ] GC(5593) User=0.06s Sys=0.00s Real=0.01s
[2026-07-26T13:43:55.890+0200][262187.053s][info][gc,start      ] GC(5594) Pause Young (Normal) (G1 Evacuation Pause)
[2026-07-26T13:43:55.890+0200][262187.053s][info][gc,task       ] GC(5594) Using 13 workers of 13 for evacuation
[2026-07-26T13:43:55.896+0200][262187.059s][info][gc,phases     ] GC(5594)   Pre Evacuate Collection Set: 0.1ms
[2026-07-26T13:43:55.896+0200][262187.059s][info][gc,phases     ] GC(5594)   Evacuate Collection Set: 2.8ms
[2026-07-26T13:43:55.896+0200][262187.059s][info][gc,phases     ] GC(5594)   Post Evacuate Collection Set: 2.8ms
[2026-07-26T13:43:55.896+0200][262187.059s][info][gc,phases     ] GC(5594)   Other: 0.4ms
[2026-07-26T13:43:55.896+0200][262187.059s][info][gc,heap       ] GC(5594) Eden regions: 661->0(666)
[2026-07-26T13:43:55.896+0200][262187.059s][info][gc,heap       ] GC(5594) Survivor regions: 5->2(84)
[2026-07-26T13:43:55.896+0200][262187.059s][info][gc,heap       ] GC(5594) Old regions: 1713->1714
[2026-07-26T13:43:55.896+0200][262187.059s][info][gc,heap       ] GC(5594) Humongous regions: 16->16
[2026-07-26T13:43:55.896+0200][262187.059s][info][gc,metaspace  ] GC(5594) Metaspace: 740455K(890752K)->740455K(890752K) NonClass: 654750K(792576K)->654750K(792576K) Class: 85704K(98176K)->85704K(98176K)
[2026-07-26T13:43:55.896+0200][262187.059s][info][gc            ] GC(5594) Pause Young (Normal) (G1 Evacuation Pause) 2394M->1730M(2681M) 6.264ms
[2026-07-26T13:43:55.896+0200][262187.059s][info][gc,cpu        ] GC(5594) User=0.03s Sys=0.00s Real=0.01s
[2026-07-26T13:51:24.474+0200][262635.638s][info][gc,start      ] GC(5595) Pause Young (Normal) (G1 Evacuation Pause)
[2026-07-26T13:51:24.475+0200][262635.638s][info][gc,task       ] GC(5595) Using 13 workers of 13 for evacuation
[2026-07-26T13:51:24.486+0200][262635.649s][info][gc,phases     ] GC(5595)   Pre Evacuate Collection Set: 0.1ms
[2026-07-26T13:51:24.486+0200][262635.649s][info][gc,phases     ] GC(5595)   Evacuate Collection Set: 6.4ms
[2026-07-26T13:51:24.486+0200][262635.649s][info][gc,phases     ] GC(5595)   Post Evacuate Collection Set: 4.2ms
[2026-07-26T13:51:24.486+0200][262635.649s][info][gc,phases     ] GC(5595)   Other: 0.7ms
[2026-07-26T13:51:24.486+0200][262635.649s][info][gc,heap       ] GC(5595) Eden regions: 666->0(657)
[2026-07-26T13:51:24.486+0200][262635.649s][info][gc,heap       ] GC(5595) Survivor regions: 2->8(84)
[2026-07-26T13:51:24.486+0200][262635.649s][info][gc,heap       ] GC(5595) Old regions: 1714->1714
[2026-07-26T13:51:24.486+0200][262635.649s][info][gc,heap       ] GC(5595) Humongous regions: 16->16
[2026-07-26T13:51:24.486+0200][262635.650s][info][gc,metaspace  ] GC(5595) Metaspace: 740455K(890752K)->740455K(890752K) NonClass: 654750K(792576K)->654750K(792576K) Class: 85704K(98176K)->85704K(98176K)
[2026-07-26T13:51:24.486+0200][262635.650s][info][gc            ] GC(5595) Pause Young (Normal) (G1 Evacuation Pause) 2396M->1736M(2681M) 11.615ms
[2026-07-26T13:51:24.486+0200][262635.650s][info][gc,cpu        ] GC(5595) User=0.09s Sys=0.00s Real=0.02s
[2026-07-26T13:51:39.311+0200][262650.474s][info][gc,start      ] GC(5596) Pause Young (Normal) (G1 Evacuation Pause)
[2026-07-26T13:51:39.311+0200][262650.474s][info][gc,task       ] GC(5596) Using 13 workers of 13 for evacuation
[2026-07-26T13:51:39.322+0200][262650.485s][info][gc,phases     ] GC(5596)   Pre Evacuate Collection Set: 0.2ms
[2026-07-26T13:51:39.322+0200][262650.485s][info][gc,phases     ] GC(5596)   Evacuate Collection Set: 6.9ms
[2026-07-26T13:51:39.322+0200][262650.485s][info][gc,phases     ] GC(5596)   Post Evacuate Collection Set: 3.3ms
[2026-07-26T13:51:39.322+0200][262650.485s][info][gc,phases     ] GC(5596)   Other: 0.7ms
[2026-07-26T13:51:39.322+0200][262650.485s][info][gc,heap       ] GC(5596) Eden regions: 657->0(654)
[2026-07-26T13:51:39.322+0200][262650.485s][info][gc,heap       ] GC(5596) Survivor regions: 8->9(84)
[2026-07-26T13:51:39.322+0200][262650.485s][info][gc,heap       ] GC(5596) Old regions: 1714->1714
[2026-07-26T13:51:39.322+0200][262650.486s][info][gc,heap       ] GC(5596) Humongous regions: 16->16
[2026-07-26T13:51:39.322+0200][262650.486s][info][gc,metaspace  ] GC(5596) Metaspace: 740455K(890752K)->740455K(890752K) NonClass: 654750K(792576K)->654750K(792576K) Class: 85704K(98176K)->85704K(98176K)
[2026-07-26T13:51:39.322+0200][262650.486s][info][gc            ] GC(5596) Pause Young (Normal) (G1 Evacuation Pause) 2393M->1737M(2681M) 11.201ms
[2026-07-26T13:51:39.322+0200][262650.486s][info][gc,cpu        ] GC(5596) User=0.10s Sys=0.00s Real=0.01s
[2026-07-26T13:51:40.281+0200][262651.444s][info][gc,start      ] GC(5597) Pause Young (Normal) (G1 Evacuation Pause)
[2026-07-26T13:51:40.281+0200][262651.444s][info][gc,task       ] GC(5597) Using 13 workers of 13 for evacuation
[2026-07-26T13:51:40.292+0200][262651.455s][info][gc,phases     ] GC(5597)   Pre Evacuate Collection Set: 0.1ms
[2026-07-26T13:51:40.292+0200][262651.456s][info][gc,phases     ] GC(5597)   Evacuate Collection Set: 7.4ms
[2026-07-26T13:51:40.292+0200][262651.456s][info][gc,phases     ] GC(5597)   Post Evacuate Collection Set: 3.2ms
[2026-07-26T13:51:40.292+0200][262651.456s][info][gc,phases     ] GC(5597)   Other: 0.4ms
[2026-07-26T13:51:40.292+0200][262651.456s][info][gc,heap       ] GC(5597) Eden regions: 654->0(654)
[2026-07-26T13:51:40.292+0200][262651.456s][info][gc,heap       ] GC(5597) Survivor regions: 9->9(83)
[2026-07-26T13:51:40.292+0200][262651.456s][info][gc,heap       ] GC(5597) Old regions: 1714->1714
[2026-07-26T13:51:40.292+0200][262651.456s][info][gc,heap       ] GC(5597) Humongous regions: 16->16
[2026-07-26T13:51:40.292+0200][262651.456s][info][gc,metaspace  ] GC(5597) Metaspace: 740455K(890752K)->740455K(890752K) NonClass: 654750K(792576K)->654750K(792576K) Class: 85704K(98176K)->85704K(98176K)
[2026-07-26T13:51:40.292+0200][262651.456s][info][gc            ] GC(5597) Pause Young (Normal) (G1 Evacuation Pause) 2391M->1738M(2681M) 11.309ms
[2026-07-26T13:51:40.292+0200][262651.456s][info][gc,cpu        ] GC(5597) User=0.08s Sys=0.00s Real=0.01s
[2026-07-26T13:51:41.028+0200][262652.192s][info][gc,start      ] GC(5598) Pause Young (Normal) (G1 Evacuation Pause)
[2026-07-26T13:51:41.028+0200][262652.192s][info][gc,task       ] GC(5598) Using 13 workers of 13 for evacuation
[2026-07-26T13:51:41.039+0200][262652.203s][info][gc,phases     ] GC(5598)   Pre Evacuate Collection Set: 0.2ms
[2026-07-26T13:51:41.039+0200][262652.203s][info][gc,phases     ] GC(5598)   Evacuate Collection Set: 7.4ms
[2026-07-26T13:51:41.039+0200][262652.203s][info][gc,phases     ] GC(5598)   Post Evacuate Collection Set: 3.0ms
[2026-07-26T13:51:41.039+0200][262652.203s][info][gc,phases     ] GC(5598)   Other: 0.4ms
[2026-07-26T13:51:41.039+0200][262652.203s][info][gc,heap       ] GC(5598) Eden regions: 654->0(654)
[2026-07-26T13:51:41.039+0200][262652.203s][info][gc,heap       ] GC(5598) Survivor regions: 9->10(83)
[2026-07-26T13:51:41.039+0200][262652.203s][info][gc,heap       ] GC(5598) Old regions: 1714->1714
[2026-07-26T13:51:41.039+0200][262652.203s][info][gc,heap       ] GC(5598) Humongous regions: 16->16
[2026-07-26T13:51:41.039+0200][262652.203s][info][gc,metaspace  ] GC(5598) Metaspace: 740455K(890752K)->740455K(890752K) NonClass: 654750K(792576K)->654750K(792576K) Class: 85704K(98176K)->85704K(98176K)
[2026-07-26T13:51:41.039+0200][262652.203s][info][gc            ] GC(5598) Pause Young (Normal) (G1 Evacuation Pause) 2392M->1739M(2681M) 11.127ms
[2026-07-26T13:51:41.039+0200][262652.203s][info][gc,cpu        ] GC(5598) User=0.09s Sys=0.00s Real=0.01s
[2026-07-26T13:53:47.433+0200][262778.596s][info][gc,start      ] GC(5599) Pause Young (Normal) (G1 Evacuation Pause)
[2026-07-26T13:53:47.433+0200][262778.596s][info][gc,task       ] GC(5599) Using 13 workers of 13 for evacuation
[2026-07-26T13:53:47.440+0200][262778.603s][info][gc,phases     ] GC(5599)   Pre Evacuate Collection Set: 0.1ms
[2026-07-26T13:53:47.440+0200][262778.603s][info][gc,phases     ] GC(5599)   Evacuate Collection Set: 3.7ms
[2026-07-26T13:53:47.440+0200][262778.603s][info][gc,phases     ] GC(5599)   Post Evacuate Collection Set: 2.8ms
[2026-07-26T13:53:47.440+0200][262778.604s][info][gc,phases     ] GC(5599)   Other: 0.5ms
[2026-07-26T13:53:47.440+0200][262778.604s][info][gc,heap       ] GC(5599) Eden regions: 654->0(661)
[2026-07-26T13:53:47.440+0200][262778.604s][info][gc,heap       ] GC(5599) Survivor regions: 10->4(83)
[2026-07-26T13:53:47.440+0200][262778.604s][info][gc,heap       ] GC(5599) Old regions: 1714->1714
[2026-07-26T13:53:47.440+0200][262778.604s][info][gc,heap       ] GC(5599) Humongous regions: 16->16
[2026-07-26T13:53:47.440+0200][262778.604s][info][gc,metaspace  ] GC(5599) Metaspace: 740455K(890752K)->740455K(890752K) NonClass: 654750K(792576K)->654750K(792576K) Class: 85704K(98176K)->85704K(98176K)
[2026-07-26T13:53:47.440+0200][262778.604s][info][gc            ] GC(5599) Pause Young (Normal) (G1 Evacuation Pause) 2393M->1732M(2681M) 7.249ms
[2026-07-26T13:53:47.440+0200][262778.604s][info][gc,cpu        ] GC(5599) User=0.05s Sys=0.00s Real=0.01s
[2026-07-26T13:53:59.619+0200][262790.782s][info][gc,start      ] GC(5600) Pause Young (Normal) (G1 Evacuation Pause)
[2026-07-26T13:53:59.619+0200][262790.782s][info][gc,task       ] GC(5600) Using 13 workers of 13 for evacuation
[2026-07-26T13:53:59.628+0200][262790.792s][info][gc,phases     ] GC(5600)   Pre Evacuate Collection Set: 0.1ms
[2026-07-26T13:53:59.628+0200][262790.792s][info][gc,phases     ] GC(5600)   Evacuate Collection Set: 5.6ms
[2026-07-26T13:53:59.628+0200][262790.792s][info][gc,phases     ] GC(5600)   Post Evacuate Collection Set: 3.0ms
[2026-07-26T13:53:59.628+0200][262790.792s][info][gc,phases     ] GC(5600)   Other: 0.4ms
[2026-07-26T13:53:59.628+0200][262790.792s][info][gc,heap       ] GC(5600) Eden regions: 661->0(658)
[2026-07-26T13:53:59.628+0200][262790.792s][info][gc,heap       ] GC(5600) Survivor regions: 4->7(84)
[2026-07-26T13:53:59.628+0200][262790.792s][info][gc,heap       ] GC(5600) Old regions: 1714->1714
[2026-07-26T13:53:59.628+0200][262790.792s][info][gc,heap       ] GC(5600) Humongous regions: 16->16
[2026-07-26T13:53:59.628+0200][262790.792s][info][gc,metaspace  ] GC(5600) Metaspace: 740455K(890752K)->740455K(890752K) NonClass: 654750K(792576K)->654750K(792576K) Class: 85704K(98176K)->85704K(98176K)
[2026-07-26T13:53:59.628+0200][262790.792s][info][gc            ] GC(5600) Pause Young (Normal) (G1 Evacuation Pause) 2393M->1735M(2681M) 9.386ms
[2026-07-26T13:53:59.628+0200][262790.792s][info][gc,cpu        ] GC(5600) User=0.08s Sys=0.00s Real=0.01s
[2026-07-26T13:58:55.847+0200][263087.010s][info][gc,start      ] GC(5601) Pause Young (Normal) (G1 Evacuation Pause)
[2026-07-26T13:58:55.847+0200][263087.010s][info][gc,task       ] GC(5601) Using 13 workers of 13 for evacuation
[2026-07-26T13:58:55.856+0200][263087.019s][info][gc,phases     ] GC(5601)   Pre Evacuate Collection Set: 0.2ms
[2026-07-26T13:58:55.856+0200][263087.019s][info][gc,phases     ] GC(5601)   Evacuate Collection Set: 4.0ms
[2026-07-26T13:58:55.856+0200][263087.019s][info][gc,phases     ] GC(5601)   Post Evacuate Collection Set: 4.3ms
[2026-07-26T13:58:55.856+0200][263087.019s][info][gc,phases     ] GC(5601)   Other: 0.5ms
[2026-07-26T13:58:55.856+0200][263087.019s][info][gc,heap       ] GC(5601) Eden regions: 658->0(663)
[2026-07-26T13:58:55.856+0200][263087.019s][info][gc,heap       ] GC(5601) Survivor regions: 7->4(84)
[2026-07-26T13:58:55.856+0200][263087.019s][info][gc,heap       ] GC(5601) Old regions: 1714->1714
[2026-07-26T13:58:55.856+0200][263087.019s][info][gc,heap       ] GC(5601) Humongous regions: 16->16
[2026-07-26T13:58:55.856+0200][263087.019s][info][gc,metaspace  ] GC(5601) Metaspace: 740455K(890752K)->740455K(890752K) NonClass: 654750K(792576K)->654750K(792576K) Class: 85704K(98176K)->85704K(98176K)
[2026-07-26T13:58:55.856+0200][263087.019s][info][gc            ] GC(5601) Pause Young (Normal) (G1 Evacuation Pause) 2393M->1733M(2681M) 9.059ms
[2026-07-26T13:58:55.856+0200][263087.019s][info][gc,cpu        ] GC(5601) User=0.05s Sys=0.01s Real=0.01s
[2026-07-26T14:00:18.832+0200][263169.995s][info][gc,start      ] GC(5602) Pause Young (Normal) (G1 Evacuation Pause)
[2026-07-26T14:00:18.832+0200][263169.996s][info][gc,task       ] GC(5602) Using 13 workers of 13 for evacuation
[2026-07-26T14:00:18.850+0200][263170.013s][info][gc,phases     ] GC(5602)   Pre Evacuate Collection Set: 0.2ms
[2026-07-26T14:00:18.850+0200][263170.013s][info][gc,phases     ] GC(5602)   Evacuate Collection Set: 9.6ms
[2026-07-26T14:00:18.850+0200][263170.013s][info][gc,phases     ] GC(5602)   Post Evacuate Collection Set: 7.0ms
[2026-07-26T14:00:18.850+0200][263170.013s][info][gc,phases     ] GC(5602)   Other: 0.7ms
[2026-07-26T14:00:18.850+0200][263170.013s][info][gc,heap       ] GC(5602) Eden regions: 663->0(654)
[2026-07-26T14:00:18.850+0200][263170.013s][info][gc,heap       ] GC(5602) Survivor regions: 4->10(84)
[2026-07-26T14:00:18.850+0200][263170.013s][info][gc,heap       ] GC(5602) Old regions: 1714->1714
[2026-07-26T14:00:18.850+0200][263170.013s][info][gc,heap       ] GC(5602) Humongous regions: 16->16
[2026-07-26T14:00:18.850+0200][263170.013s][info][gc,metaspace  ] GC(5602) Metaspace: 740455K(890752K)->740455K(890752K) NonClass: 654750K(792576K)->654750K(792576K) Class: 85704K(98176K)->85704K(98176K)
[2026-07-26T14:00:18.850+0200][263170.013s][info][gc            ] GC(5602) Pause Young (Normal) (G1 Evacuation Pause) 2396M->1738M(2681M) 17.816ms
[2026-07-26T14:00:18.850+0200][263170.013s][info][gc,cpu        ] GC(5602) User=0.12s Sys=0.00s Real=0.02s
[2026-07-26T14:00:20.049+0200][263171.213s][info][gc,start      ] GC(5603) Pause Young (Normal) (G1 Evacuation Pause)
[2026-07-26T14:00:20.049+0200][263171.213s][info][gc,task       ] GC(5603) Using 13 workers of 13 for evacuation
[2026-07-26T14:00:20.063+0200][263171.227s][info][gc,phases     ] GC(5603)   Pre Evacuate Collection Set: 0.3ms
[2026-07-26T14:00:20.063+0200][263171.227s][info][gc,phases     ] GC(5603)   Evacuate Collection Set: 7.7ms
[2026-07-26T14:00:20.063+0200][263171.227s][info][gc,phases     ] GC(5603)   Post Evacuate Collection Set: 5.1ms
[2026-07-26T14:00:20.063+0200][263171.227s][info][gc,phases     ] GC(5603)   Other: 0.7ms
[2026-07-26T14:00:20.063+0200][263171.227s][info][gc,heap       ] GC(5603) Eden regions: 654->0(657)
[2026-07-26T14:00:20.063+0200][263171.227s][info][gc,heap       ] GC(5603) Survivor regions: 10->8(83)
[2026-07-26T14:00:20.063+0200][263171.227s][info][gc,heap       ] GC(5603) Old regions: 1714->1714
[2026-07-26T14:00:20.063+0200][263171.227s][info][gc,heap       ] GC(5603) Humongous regions: 16->16
[2026-07-26T14:00:20.063+0200][263171.227s][info][gc,metaspace  ] GC(5603) Metaspace: 740455K(890752K)->740455K(890752K) NonClass: 654750K(792576K)->654750K(792576K) Class: 85704K(98176K)->85704K(98176K)
[2026-07-26T14:00:20.063+0200][263171.227s][info][gc            ] GC(5603) Pause Young (Normal) (G1 Evacuation Pause) 2392M->1737M(2681M) 13.965ms
[2026-07-26T14:00:20.063+0200][263171.227s][info][gc,cpu        ] GC(5603) User=0.09s Sys=0.00s Real=0.01s
[2026-07-26T14:03:15.374+0200][263346.537s][info][gc,start      ] GC(5604) Pause Young (Normal) (G1 Evacuation Pause)
[2026-07-26T14:03:15.374+0200][263346.537s][info][gc,task       ] GC(5604) Using 13 workers of 13 for evacuation
[2026-07-26T14:03:15.380+0200][263346.544s][info][gc,phases     ] GC(5604)   Pre Evacuate Collection Set: 0.1ms
[2026-07-26T14:03:15.380+0200][263346.544s][info][gc,phases     ] GC(5604)   Evacuate Collection Set: 3.4ms
[2026-07-26T14:03:15.380+0200][263346.544s][info][gc,phases     ] GC(5604)   Post Evacuate Collection Set: 2.7ms
[2026-07-26T14:03:15.380+0200][263346.544s][info][gc,phases     ] GC(5604)   Other: 0.4ms
[2026-07-26T14:03:15.380+0200][263346.544s][info][gc,heap       ] GC(5604) Eden regions: 657->0(664)
[2026-07-26T14:03:15.380+0200][263346.544s][info][gc,heap       ] GC(5604) Survivor regions: 8->3(84)
[2026-07-26T14:03:15.380+0200][263346.544s][info][gc,heap       ] GC(5604) Old regions: 1714->1714
[2026-07-26T14:03:15.380+0200][263346.544s][info][gc,heap       ] GC(5604) Humongous regions: 16->16
[2026-07-26T14:03:15.380+0200][263346.544s][info][gc,metaspace  ] GC(5604) Metaspace: 740455K(890752K)->740455K(890752K) NonClass: 654750K(792576K)->654750K(792576K) Class: 85704K(98176K)->85704K(98176K)
[2026-07-26T14:03:15.380+0200][263346.544s][info][gc            ] GC(5604) Pause Young (Normal) (G1 Evacuation Pause) 2394M->1732M(2681M) 6.811ms
[2026-07-26T14:03:15.380+0200][263346.544s][info][gc,cpu        ] GC(5604) User=0.04s Sys=0.00s Real=0.01s
[2026-07-26T14:12:13.166+0200][263884.329s][info][gc,start      ] GC(5605) Pause Young (Normal) (G1 Evacuation Pause)
[2026-07-26T14:12:13.166+0200][263884.329s][info][gc,task       ] GC(5605) Using 13 workers of 13 for evacuation
[2026-07-26T14:12:13.180+0200][263884.344s][info][gc,phases     ] GC(5605)   Pre Evacuate Collection Set: 0.2ms
[2026-07-26T14:12:13.180+0200][263884.344s][info][gc,phases     ] GC(5605)   Evacuate Collection Set: 8.1ms
[2026-07-26T14:12:13.180+0200][263884.344s][info][gc,phases     ] GC(5605)   Post Evacuate Collection Set: 5.9ms
[2026-07-26T14:12:13.180+0200][263884.344s][info][gc,phases     ] GC(5605)   Other: 0.6ms
[2026-07-26T14:12:13.180+0200][263884.344s][info][gc,heap       ] GC(5605) Eden regions: 664->0(654)
[2026-07-26T14:12:13.180+0200][263884.344s][info][gc,heap       ] GC(5605) Survivor regions: 3->10(84)
[2026-07-26T14:12:13.180+0200][263884.344s][info][gc,heap       ] GC(5605) Old regions: 1714->1714
[2026-07-26T14:12:13.180+0200][263884.344s][info][gc,heap       ] GC(5605) Humongous regions: 16->16
[2026-07-26T14:12:13.180+0200][263884.344s][info][gc,metaspace  ] GC(5605) Metaspace: 740455K(890752K)->740455K(890752K) NonClass: 654750K(792576K)->654750K(792576K) Class: 85704K(98176K)->85704K(98176K)
[2026-07-26T14:12:13.181+0200][263884.344s][info][gc            ] GC(5605) Pause Young (Normal) (G1 Evacuation Pause) 2396M->1739M(2681M) 14.914ms
[2026-07-26T14:12:13.181+0200][263884.344s][info][gc,cpu        ] GC(5605) User=0.11s Sys=0.01s Real=0.01s
[2026-07-26T14:12:14.867+0200][263886.030s][info][gc,start      ] GC(5606) Pause Young (Normal) (G1 Evacuation Pause)
[2026-07-26T14:12:14.867+0200][263886.030s][info][gc,task       ] GC(5606) Using 13 workers of 13 for evacuation
[2026-07-26T14:12:14.882+0200][263886.045s][info][gc,phases     ] GC(5606)   Pre Evacuate Collection Set: 0.2ms
[2026-07-26T14:12:14.882+0200][263886.045s][info][gc,phases     ] GC(5606)   Evacuate Collection Set: 9.1ms
[2026-07-26T14:12:14.882+0200][263886.045s][info][gc,phases     ] GC(5606)   Post Evacuate Collection Set: 5.4ms
[2026-07-26T14:12:14.882+0200][263886.045s][info][gc,phases     ] GC(5606)   Other: 0.4ms
[2026-07-26T14:12:14.882+0200][263886.045s][info][gc,heap       ] GC(5606) Eden regions: 654->0(655)
[2026-07-26T14:12:14.882+0200][263886.045s][info][gc,heap       ] GC(5606) Survivor regions: 10->9(83)
[2026-07-26T14:12:14.882+0200][263886.045s][info][gc,heap       ] GC(5606) Old regions: 1714->1714
[2026-07-26T14:12:14.882+0200][263886.045s][info][gc,heap       ] GC(5606) Humongous regions: 16->16
[2026-07-26T14:12:14.882+0200][263886.045s][info][gc,metaspace  ] GC(5606) Metaspace: 740455K(890752K)->740455K(890752K) NonClass: 654750K(792576K)->654750K(792576K) Class: 85704K(98176K)->85704K(98176K)
[2026-07-26T14:12:14.882+0200][263886.045s][info][gc            ] GC(5606) Pause Young (Normal) (G1 Evacuation Pause) 2393M->1738M(2681M) 15.210ms
[2026-07-26T14:12:14.882+0200][263886.045s][info][gc,cpu        ] GC(5606) User=0.09s Sys=0.01s Real=0.01s
[2026-07-26T14:12:16.073+0200][263887.236s][info][gc,start      ] GC(5607) Pause Young (Normal) (G1 Evacuation Pause)
[2026-07-26T14:12:16.073+0200][263887.236s][info][gc,task       ] GC(5607) Using 13 workers of 13 for evacuation
[2026-07-26T14:12:16.088+0200][263887.251s][info][gc,phases     ] GC(5607)   Pre Evacuate Collection Set: 0.1ms
[2026-07-26T14:12:16.088+0200][263887.251s][info][gc,phases     ] GC(5607)   Evacuate Collection Set: 9.3ms
[2026-07-26T14:12:16.088+0200][263887.251s][info][gc,phases     ] GC(5607)   Post Evacuate Collection Set: 5.0ms
[2026-07-26T14:12:16.088+0200][263887.251s][info][gc,phases     ] GC(5607)   Other: 0.4ms
[2026-07-26T14:12:16.088+0200][263887.251s][info][gc,heap       ] GC(5607) Eden regions: 655->0(654)
[2026-07-26T14:12:16.088+0200][263887.251s][info][gc,heap       ] GC(5607) Survivor regions: 9->11(83)
[2026-07-26T14:12:16.088+0200][263887.251s][info][gc,heap       ] GC(5607) Old regions: 1714->1714
[2026-07-26T14:12:16.088+0200][263887.251s][info][gc,heap       ] GC(5607) Humongous regions: 16->16
[2026-07-26T14:12:16.088+0200][263887.251s][info][gc,metaspace  ] GC(5607) Metaspace: 740455K(890752K)->740455K(890752K) NonClass: 654750K(792576K)->654750K(792576K) Class: 85704K(98176K)->85704K(98176K)
[2026-07-26T14:12:16.088+0200][263887.252s][info][gc            ] GC(5607) Pause Young (Normal) (G1 Evacuation Pause) 2393M->1739M(2681M) 15.089ms
[2026-07-26T14:12:16.088+0200][263887.252s][info][gc,cpu        ] GC(5607) User=0.11s Sys=0.00s Real=0.02s
[2026-07-26T14:14:43.624+0200][264034.787s][info][gc,start      ] GC(5608) Pause Young (Normal) (G1 Evacuation Pause)
[2026-07-26T14:14:43.624+0200][264034.787s][info][gc,task       ] GC(5608) Using 13 workers of 13 for evacuation
[2026-07-26T14:14:43.631+0200][264034.795s][info][gc,phases     ] GC(5608)   Pre Evacuate Collection Set: 0.1ms
[2026-07-26T14:14:43.631+0200][264034.795s][info][gc,phases     ] GC(5608)   Evacuate Collection Set: 4.0ms
[2026-07-26T14:14:43.631+0200][264034.795s][info][gc,phases     ] GC(5608)   Post Evacuate Collection Set: 2.9ms
[2026-07-26T14:14:43.631+0200][264034.795s][info][gc,phases     ] GC(5608)   Other: 0.4ms
[2026-07-26T14:14:43.631+0200][264034.795s][info][gc,heap       ] GC(5608) Eden regions: 654->0(659)
[2026-07-26T14:14:43.631+0200][264034.795s][info][gc,heap       ] GC(5608) Survivor regions: 11->6(84)
[2026-07-26T14:14:43.631+0200][264034.795s][info][gc,heap       ] GC(5608) Old regions: 1714->1714
[2026-07-26T14:14:43.631+0200][264034.795s][info][gc,heap       ] GC(5608) Humongous regions: 16->16
[2026-07-26T14:14:43.631+0200][264034.795s][info][gc,metaspace  ] GC(5608) Metaspace: 740455K(890752K)->740455K(890752K) NonClass: 654750K(792576K)->654750K(792576K) Class: 85704K(98176K)->85704K(98176K)
[2026-07-26T14:14:43.631+0200][264034.795s][info][gc            ] GC(5608) Pause Young (Normal) (G1 Evacuation Pause) 2393M->1734M(2681M) 7.664ms
[2026-07-26T14:14:43.631+0200][264034.795s][info][gc,cpu        ] GC(5608) User=0.06s Sys=0.00s Real=0.01s
[2026-07-26T14:14:53.528+0200][264044.691s][info][gc,start      ] GC(5609) Pause Young (Normal) (G1 Evacuation Pause)
[2026-07-26T14:14:53.528+0200][264044.691s][info][gc,task       ] GC(5609) Using 13 workers of 13 for evacuation
[2026-07-26T14:14:53.539+0200][264044.702s][info][gc,phases     ] GC(5609)   Pre Evacuate Collection Set: 0.3ms
[2026-07-26T14:14:53.539+0200][264044.702s][info][gc,phases     ] GC(5609)   Evacuate Collection Set: 6.2ms
[2026-07-26T14:14:53.539+0200][264044.702s][info][gc,phases     ] GC(5609)   Post Evacuate Collection Set: 4.1ms
[2026-07-26T14:14:53.539+0200][264044.702s][info][gc,phases     ] GC(5609)   Other: 0.5ms
[2026-07-26T14:14:53.539+0200][264044.702s][info][gc,heap       ] GC(5609) Eden regions: 659->0(658)
[2026-07-26T14:14:53.539+0200][264044.702s][info][gc,heap       ] GC(5609) Survivor regions: 6->8(84)
[2026-07-26T14:14:53.539+0200][264044.702s][info][gc,heap       ] GC(5609) Old regions: 1714->1714
[2026-07-26T14:14:53.539+0200][264044.702s][info][gc,heap       ] GC(5609) Humongous regions: 16->16
[2026-07-26T14:14:53.539+0200][264044.702s][info][gc,metaspace  ] GC(5609) Metaspace: 740455K(890752K)->740455K(890752K) NonClass: 654750K(792576K)->654750K(792576K) Class: 85704K(98176K)->85704K(98176K)
[2026-07-26T14:14:53.539+0200][264044.702s][info][gc            ] GC(5609) Pause Young (Normal) (G1 Evacuation Pause) 2393M->1736M(2681M) 11.208ms
[2026-07-26T14:14:53.539+0200][264044.702s][info][gc,cpu        ] GC(5609) User=0.07s Sys=0.01s Real=0.01s
[2026-07-26T14:14:54.459+0200][264045.623s][info][gc,start      ] GC(5610) Pause Young (Normal) (G1 Evacuation Pause)
[2026-07-26T14:14:54.459+0200][264045.623s][info][gc,task       ] GC(5610) Using 13 workers of 13 for evacuation
[2026-07-26T14:14:54.470+0200][264045.633s][info][gc,phases     ] GC(5610)   Pre Evacuate Collection Set: 0.1ms
[2026-07-26T14:14:54.470+0200][264045.633s][info][gc,phases     ] GC(5610)   Evacuate Collection Set: 6.5ms
[2026-07-26T14:14:54.470+0200][264045.633s][info][gc,phases     ] GC(5610)   Post Evacuate Collection Set: 3.4ms
[2026-07-26T14:14:54.470+0200][264045.633s][info][gc,phases     ] GC(5610)   Other: 0.5ms
[2026-07-26T14:14:54.470+0200][264045.633s][info][gc,heap       ] GC(5610) Eden regions: 658->0(656)
[2026-07-26T14:14:54.470+0200][264045.633s][info][gc,heap       ] GC(5610) Survivor regions: 8->8(84)
[2026-07-26T14:14:54.470+0200][264045.633s][info][gc,heap       ] GC(5610) Old regions: 1714->1716
[2026-07-26T14:14:54.470+0200][264045.633s][info][gc,heap       ] GC(5610) Humongous regions: 16->16
[2026-07-26T14:14:54.470+0200][264045.633s][info][gc,metaspace  ] GC(5610) Metaspace: 740455K(890752K)->740455K(890752K) NonClass: 654750K(792576K)->654750K(792576K) Class: 85704K(98176K)->85704K(98176K)
[2026-07-26T14:14:54.470+0200][264045.633s][info][gc            ] GC(5610) Pause Young (Normal) (G1 Evacuation Pause) 2394M->1738M(2681M) 10.685ms
[2026-07-26T14:14:54.470+0200][264045.633s][info][gc,cpu        ] GC(5610) User=0.08s Sys=0.00s Real=0.01s
[2026-07-26T14:20:15.365+0200][264366.529s][info][gc,start      ] GC(5611) Pause Young (Normal) (G1 Evacuation Pause)
[2026-07-26T14:20:15.365+0200][264366.529s][info][gc,task       ] GC(5611) Using 13 workers of 13 for evacuation
[2026-07-26T14:20:15.375+0200][264366.538s][info][gc,phases     ] GC(5611)   Pre Evacuate Collection Set: 0.3ms
[2026-07-26T14:20:15.375+0200][264366.538s][info][gc,phases     ] GC(5611)   Evacuate Collection Set: 4.1ms
[2026-07-26T14:20:15.375+0200][264366.538s][info][gc,phases     ] GC(5611)   Post Evacuate Collection Set: 4.3ms
[2026-07-26T14:20:15.375+0200][264366.538s][info][gc,phases     ] GC(5611)   Other: 0.9ms
[2026-07-26T14:20:15.375+0200][264366.538s][info][gc,heap       ] GC(5611) Eden regions: 656->0(661)
[2026-07-26T14:20:15.375+0200][264366.538s][info][gc,heap       ] GC(5611) Survivor regions: 8->4(83)
[2026-07-26T14:20:15.375+0200][264366.538s][info][gc,heap       ] GC(5611) Old regions: 1716->1716
[2026-07-26T14:20:15.375+0200][264366.538s][info][gc,heap       ] GC(5611) Humongous regions: 16->16
[2026-07-26T14:20:15.375+0200][264366.538s][info][gc,metaspace  ] GC(5611) Metaspace: 740455K(890752K)->740455K(890752K) NonClass: 654750K(792576K)->654750K(792576K) Class: 85704K(98176K)->85704K(98176K)
[2026-07-26T14:20:15.375+0200][264366.538s][info][gc            ] GC(5611) Pause Young (Normal) (G1 Evacuation Pause) 2394M->1734M(2681M) 9.750ms
[2026-07-26T14:20:15.375+0200][264366.538s][info][gc,cpu        ] GC(5611) User=0.04s Sys=0.01s Real=0.01s
[2026-07-26T14:25:00.320+0200][264651.484s][info][gc,start      ] GC(5612) Pause Young (Normal) (G1 Evacuation Pause)
[2026-07-26T14:25:00.321+0200][264651.484s][info][gc,task       ] GC(5612) Using 13 workers of 13 for evacuation
[2026-07-26T14:25:00.331+0200][264651.495s][info][gc,phases     ] GC(5612)   Pre Evacuate Collection Set: 0.2ms
[2026-07-26T14:25:00.331+0200][264651.495s][info][gc,phases     ] GC(5612)   Evacuate Collection Set: 5.7ms
[2026-07-26T14:25:00.331+0200][264651.495s][info][gc,phases     ] GC(5612)   Post Evacuate Collection Set: 4.3ms
[2026-07-26T14:25:00.331+0200][264651.495s][info][gc,phases     ] GC(5612)   Other: 0.5ms
[2026-07-26T14:25:00.331+0200][264651.495s][info][gc,heap       ] GC(5612) Eden regions: 661->0(653)
[2026-07-26T14:25:00.331+0200][264651.495s][info][gc,heap       ] GC(5612) Survivor regions: 4->9(84)
[2026-07-26T14:25:00.331+0200][264651.495s][info][gc,heap       ] GC(5612) Old regions: 1716->1716
[2026-07-26T14:25:00.331+0200][264651.495s][info][gc,heap       ] GC(5612) Humongous regions: 16->16
[2026-07-26T14:25:00.331+0200][264651.495s][info][gc,metaspace  ] GC(5612) Metaspace: 740455K(890752K)->740455K(890752K) NonClass: 654750K(792576K)->654750K(792576K) Class: 85704K(98176K)->85704K(98176K)
[2026-07-26T14:25:00.331+0200][264651.495s][info][gc            ] GC(5612) Pause Young (Normal) (G1 Evacuation Pause) 2395M->1739M(2681M) 10.808ms
[2026-07-26T14:25:00.331+0200][264651.495s][info][gc,cpu        ] GC(5612) User=0.08s Sys=0.00s Real=0.01s
[2026-07-26T14:25:01.243+0200][264652.407s][info][gc,start      ] GC(5613) Pause Young (Normal) (G1 Evacuation Pause)
[2026-07-26T14:25:01.243+0200][264652.407s][info][gc,task       ] GC(5613) Using 13 workers of 13 for evacuation
[2026-07-26T14:25:01.253+0200][264652.417s][info][gc,phases     ] GC(5613)   Pre Evacuate Collection Set: 0.2ms
[2026-07-26T14:25:01.253+0200][264652.417s][info][gc,phases     ] GC(5613)   Evacuate Collection Set: 4.7ms
[2026-07-26T14:25:01.253+0200][264652.417s][info][gc,phases     ] GC(5613)   Post Evacuate Collection Set: 4.6ms
[2026-07-26T14:25:01.253+0200][264652.417s][info][gc,phases     ] GC(5613)   Other: 0.4ms
[2026-07-26T14:25:01.253+0200][264652.417s][info][gc,heap       ] GC(5613) Eden regions: 653->0(657)
[2026-07-26T14:25:01.253+0200][264652.417s][info][gc,heap       ] GC(5613) Survivor regions: 9->6(83)
[2026-07-26T14:25:01.253+0200][264652.417s][info][gc,heap       ] GC(5613) Old regions: 1716->1716
[2026-07-26T14:25:01.253+0200][264652.417s][info][gc,heap       ] GC(5613) Humongous regions: 16->16
[2026-07-26T14:25:01.253+0200][264652.417s][info][gc,metaspace  ] GC(5613) Metaspace: 740455K(890752K)->740455K(890752K) NonClass: 654750K(792576K)->654750K(792576K) Class: 85704K(98176K)->85704K(98176K)
[2026-07-26T14:25:01.253+0200][264652.417s][info][gc            ] GC(5613) Pause Young (Normal) (G1 Evacuation Pause) 2392M->1736M(2681M) 10.030ms
[2026-07-26T14:25:01.253+0200][264652.417s][info][gc,cpu        ] GC(5613) User=0.06s Sys=0.00s Real=0.01s
[2026-07-26T14:26:25.344+0200][264736.508s][info][gc,start      ] GC(5614) Pause Young (Normal) (G1 Evacuation Pause)
[2026-07-26T14:26:25.344+0200][264736.508s][info][gc,task       ] GC(5614) Using 13 workers of 13 for evacuation
[2026-07-26T14:26:25.353+0200][264736.516s][info][gc,phases     ] GC(5614)   Pre Evacuate Collection Set: 0.3ms
[2026-07-26T14:26:25.353+0200][264736.516s][info][gc,phases     ] GC(5614)   Evacuate Collection Set: 4.0ms
[2026-07-26T14:26:25.353+0200][264736.516s][info][gc,phases     ] GC(5614)   Post Evacuate Collection Set: 3.4ms
[2026-07-26T14:26:25.353+0200][264736.516s][info][gc,phases     ] GC(5614)   Other: 0.6ms
[2026-07-26T14:26:25.353+0200][264736.516s][info][gc,heap       ] GC(5614) Eden regions: 657->0(664)
[2026-07-26T14:26:25.353+0200][264736.516s][info][gc,heap       ] GC(5614) Survivor regions: 6->2(83)
[2026-07-26T14:26:25.353+0200][264736.516s][info][gc,heap       ] GC(5614) Old regions: 1716->1716
[2026-07-26T14:26:25.353+0200][264736.516s][info][gc,heap       ] GC(5614) Humongous regions: 16->16
[2026-07-26T14:26:25.353+0200][264736.516s][info][gc,metaspace  ] GC(5614) Metaspace: 740455K(890752K)->740455K(890752K) NonClass: 654750K(792576K)->654750K(792576K) Class: 85704K(98176K)->85704K(98176K)
[2026-07-26T14:26:25.353+0200][264736.516s][info][gc            ] GC(5614) Pause Young (Normal) (G1 Evacuation Pause) 2393M->1732M(2681M) 8.418ms
[2026-07-26T14:26:25.353+0200][264736.516s][info][gc,cpu        ] GC(5614) User=0.04s Sys=0.00s Real=0.01s
